#include <stdint.h>

#define YERBALLI_FRAME_COUNT 2
#define YERBALLI_PIXELS_PER_FRAME 3500
#define YERBALLI_FRAME_WIDTH 35
#define YERBALLI_FRAME_HEIGHT 100

static const uint16_t yerballi[2][3500] = {
  {
    0xF81F, 0xF81F, 0xF81F, 0xF81F, 0xF81F, 0xF81F, 0xF81F, 0xF81F, 0xF81F, 0xF81F, 0xF81F, 0xF81F,
    0xF81F, 0xF81F, 0xF81F, 0xF81F, 0xF81F, 0xF81F, 0xF81F, 0xF81F, 0xF81F, 0xF81F, 0xF81F, 0xF81F,
    0x0000, 0x0000, 0x0000, 0x0000, 0xF81F, 0xF81F, 0xF81F, 0xF81F, 0xF81F, 0xF81F, 0xF81F, 0xF81F,
    0xF81F, 0xF81F, 0xF81F, 0xF81F, 0xF81F, 0xF81F, 0xF81F, 0xF81F, 0xF81F, 0xF81F, 0xF81F, 0xF81F,
    0xF81F, 0xF81F, 0xF81F, 0xF81F, 0xF81F, 0xF81F, 0xF81F, 0xF81F, 0xF81F, 0xF81F, 0xF81F, 0x0000,
    0x0000, 0x0000, 0x0000, 0x0000, 0xF81F, 0xF81F, 0xF81F, 0xF81F, 0xF81F, 0xF81F, 0xF81F, 0xF81F,
    0xF81F, 0xF81F, 0xF81F, 0xF81F, 0xF81F, 0xF81F, 0xF81F, 0xF81F, 0xF81F, 0xF81F, 0xF81F, 0xF81F,
    0xF81F, 0xF81F, 0xF81F, 0xF81F, 0xF81F, 0xF81F, 0xF81F, 0xF81F, 0xF81F, 0xF81F, 0x0000, 0x0000,
    0x0000, 0x0000, 0x0000, 0xF81F, 0xF81F, 0xF81F, 0xF81F, 0xF81F, 0xF81F, 0xF81F, 0xF81F, 0xF81F,
    0xF81F, 0xF81F, 0xF81F, 0xF81F, 0xF81F, 0xF81F, 0xF81F, 0xF81F, 0xF81F, 0xF81F, 0xF81F, 0xF81F,
    0xF81F, 0xF81F, 0xF81F, 0xF81F, 0xF81F, 0xF81F, 0xF81F, 0xF81F, 0xF81F, 0x0000, 0x0000, 0x0000,
    0x0000, 0x0000, 0xF81F, 0xF81F, 0xF81F, 0xF81F, 0xF81F, 0xF81F, 0xF81F, 0xF81F, 0xF81F, 0xF81F,
    0xF81F, 0xF81F, 0xF81F, 0xF81F, 0xF81F, 0xF81F, 0xF81F, 0xF81F, 0xF81F, 0xF81F, 0xF81F, 0xF81F,
    0xF81F, 0xF81F, 0xF81F, 0xF81F, 0xF81F, 0xF81F, 0xF81F, 0xF81F, 0x0000, 0xFFFF, 0xFFFF, 0x0000,
    0x0000, 0xF81F, 0xF81F, 0xF81F, 0xF81F, 0xF81F, 0xF81F, 0xF81F, 0xF81F, 0xF81F, 0xF81F, 0x0000,
    0x0000, 0x0000, 0xF81F, 0xF81F, 0xF81F, 0xF81F, 0xF81F, 0xF81F, 0xF81F, 0xF81F, 0xF81F, 0xF81F,
    0xF81F, 0xF81F, 0xF81F, 0xF81F, 0xF81F, 0xF81F, 0xF81F, 0x0000, 0x0000, 0x0000, 0x0000, 0xF81F,
    0xF81F, 0xF81F, 0xF81F, 0xF81F, 0xF81F, 0xF81F, 0xF81F, 0xF81F, 0xF81F, 0x0000, 0x0000, 0x0000,
    0x0000, 0x0000, 0x0000, 0xF81F, 0xF81F, 0xF81F, 0xF81F, 0xF81F, 0xF81F, 0xF81F, 0xF81F, 0xF81F,
    0xF81F, 0xF81F, 0xF81F, 0xF81F, 0xF81F, 0xF81F, 0xFFFF, 0xFFFF, 0xFFFF, 0x0000, 0xF81F, 0xF81F,
    0xF81F, 0xF81F, 0xF81F, 0xF81F, 0xF81F, 0xF81F, 0xF81F, 0xF81F, 0x0000, 0x0000, 0x0000, 0x0000,
    0x0000, 0x0000, 0x0000, 0x0000, 0xF81F, 0xF81F, 0xF81F, 0xF81F, 0xF81F, 0xF81F, 0xF81F, 0xF81F,
    0xF81F, 0xF81F, 0xF81F, 0xF81F, 0xF81F, 0x0000, 0x0000, 0x0000, 0x0000, 0xF81F, 0xF81F, 0xF81F,
    0xF81F, 0xF81F, 0xF81F, 0xF81F, 0xF81F, 0xF81F, 0xF81F, 0xF81F, 0x0000, 0x0000, 0x0000, 0x0000,
    0x0000, 0x0000, 0x0000, 0x0000, 0xF81F, 0xF81F, 0xF81F, 0xF81F, 0xF81F, 0xF81F, 0xF81F, 0xF81F,
    0xF81F, 0xF81F, 0xF81F, 0xF81F, 0xFFFF, 0xFFFF, 0xFFFF, 0x0000, 0xF81F, 0xF81F, 0xF81F, 0xF81F,
    0xF81F, 0xF81F, 0xF81F, 0xF81F, 0xF81F, 0xF81F, 0xF81F, 0xF81F, 0xFFFF, 0xFFFF, 0x0000, 0x0000,
    0x0000, 0x0000, 0x0000, 0x0000, 0xF81F, 0xF81F, 0xF81F, 0xF81F, 0xF81F, 0xF81F, 0xF81F, 0xF81F,
    0xF81F, 0xF81F, 0xF81F, 0x0000, 0x0000, 0x0000, 0x0000, 0xF81F, 0xF81F, 0xF81F, 0xF81F, 0xF81F,
    0xF81F, 0xF81F, 0xF81F, 0xF81F, 0xF81F, 0xF81F, 0xF81F, 0xF81F, 0x0000, 0x0000, 0x0000, 0x0000,
    0x0000, 0x0000, 0x0000, 0xF81F, 0xF81F, 0xF81F, 0xF81F, 0xF81F, 0xF81F, 0xF81F, 0xF81F, 0xF81F,
    0xF81F, 0xF81F, 0xFFFF, 0xFFFF, 0xFFFF, 0x0000, 0xF81F, 0xF81F, 0xF81F, 0xF81F, 0xF81F, 0xF81F,
    0xF81F, 0xF81F, 0xF81F, 0xF81F, 0xF81F, 0xF81F, 0xF81F, 0xFFFF, 0xFFFF, 0x0000, 0x0000, 0x0000,
    0x0000, 0x0000, 0xF81F, 0xF81F, 0xF81F, 0xF81F, 0xF81F, 0xF81F, 0xF81F, 0xF81F, 0xF81F, 0xF81F,
    0xF81F, 0x0000, 0x0000, 0x0000, 0x0000, 0xF81F, 0xF81F, 0xF81F, 0xF81F, 0xF81F, 0xF81F, 0xF81F,
    0xF81F, 0xF81F, 0xF81F, 0xF81F, 0xF81F, 0xF81F, 0xF81F, 0x0000, 0x0000, 0x0000, 0x0000, 0x0000,
    0x0000, 0xF81F, 0xF81F, 0xF81F, 0xF81F, 0xF81F, 0xF81F, 0xF81F, 0xF81F, 0xF81F, 0xF81F, 0xF81F,
    0xFFFF, 0xFFFF, 0xFFFF, 0x0000, 0xF81F, 0xF81F, 0xF81F, 0xF81F, 0xF81F, 0xF81F, 0xF81F, 0xF81F,
    0xF81F, 0xF81F, 0xF81F, 0xF81F, 0xF81F, 0xF81F, 0xFFFF, 0xFFFF, 0x0000, 0x0000, 0x0000, 0xF81F,
    0xF81F, 0xF81F, 0xF81F, 0xF81F, 0xF81F, 0xF81F, 0xF81F, 0xF81F, 0xF81F, 0x0000, 0xFFFF, 0xFFFF,
    0xFFFF, 0xFFFF, 0xFFFF, 0xF81F, 0xF81F, 0xF81F, 0xF81F, 0xF81F, 0xF81F, 0xF81F, 0xF81F, 0xF81F,
    0xF81F, 0xF81F, 0xF81F, 0xF81F, 0xF81F, 0x0000, 0x0000, 0x0000, 0x0000, 0x0000, 0xF81F, 0xF81F,
    0xF81F, 0xF81F, 0xF81F, 0xF81F, 0xF81F, 0xF81F, 0xF81F, 0xF81F, 0xFFFF, 0xFFFF, 0x0000, 0x0000,
    0x0000, 0xFFFF, 0xF81F, 0xF81F, 0xF81F, 0xF81F, 0xF81F, 0xF81F, 0xF81F, 0xF81F, 0xF81F, 0xF81F,
    0xF81F, 0xF81F, 0xF81F, 0xFFFF, 0xFFFF, 0x0000, 0x0000, 0x0000, 0x0000, 0xF81F, 0xF81F, 0xF81F,
    0xF81F, 0xF81F, 0xF81F, 0xF81F, 0xF81F, 0xF81F, 0xF81F, 0xFFFF, 0x0000, 0x5C3C, 0x5C3C, 0x5C3C,
    0x0000, 0xF81F, 0xF81F, 0xF81F, 0xF81F, 0xF81F, 0xF81F, 0xF81F, 0xF81F, 0xF81F, 0xF81F, 0xF81F,
    0xF81F, 0xF81F, 0x0000, 0x0000, 0x0000, 0x0000, 0x0000, 0xF81F, 0xF81F, 0xF81F, 0xF81F, 0xF81F,
    0xF81F, 0xF81F, 0xF81F, 0xF81F, 0xF81F, 0xF81F, 0x0000, 0x5C3C, 0x5C3C, 0x5C3C, 0x5C3C, 0x0000,
    0xF81F, 0xF81F, 0xF81F, 0xF81F, 0xF81F, 0xF81F, 0xF81F, 0xF81F, 0xF81F, 0xF81F, 0xF81F, 0xF81F,
    0xF81F, 0xFFFF, 0xFFFF, 0xFFFF, 0x0000, 0x0000, 0xF81F, 0xF81F, 0xF81F, 0xF81F, 0xF81F, 0xF81F,
    0xF81F, 0xF81F, 0xF81F, 0xF81F, 0xF81F, 0x0000, 0x5C3C, 0x5C3C, 0x5C3C, 0x5C3C, 0x5C3C, 0x0000,
    0xF81F, 0xF81F, 0xF81F, 0xF81F, 0xF81F, 0xF81F, 0xF81F, 0xF81F, 0xF81F, 0xF81F, 0xF81F, 0xFFFF,
    0xFFFF, 0xFFFF, 0xFFFF, 0xFFFF, 0x0000, 0xF81F, 0xF81F, 0xF81F, 0xF81F, 0xF81F, 0xF81F, 0xF81F,
    0xF81F, 0xF81F, 0xF81F, 0x0000, 0x5C3C, 0x5C3C, 0x0000, 0x0000, 0x0000, 0x5C3C, 0x0000, 0xF81F,
    0xF81F, 0xF81F, 0xF81F, 0xF81F, 0xF81F, 0xF81F, 0xF81F, 0xF81F, 0xF81F, 0xF81F, 0xFFFF, 0x0000,
    0x0000, 0x0000, 0xFFFF, 0xFFFF, 0xF81F, 0xF81F, 0xF81F, 0xF81F, 0xF81F, 0xF81F, 0xF81F, 0xF81F,
    0xF81F, 0xF81F, 0x0000, 0x5C3C, 0x5C3C, 0x5C3C, 0x5C3C, 0x5C3C, 0x0000, 0x0000, 0xF81F, 0xF81F,
    0xF81F, 0xF81F, 0xF81F, 0xF81F, 0xF81F, 0xF81F, 0xF81F, 0xF81F, 0xF81F, 0x0000, 0x5C3C, 0x5C3C,
    0x5C3C, 0x0000, 0xFFFF, 0xF81F, 0xF81F, 0xF81F, 0xF81F, 0xF81F, 0xF81F, 0xF81F, 0xF81F, 0xF81F,
    0x0000, 0x5C3C, 0x5C3C, 0x5C3C, 0x5C3C, 0x5C3C, 0x5C3C, 0x5C3C, 0x0000, 0xF81F, 0xF81F, 0xF81F,
    0xF81F, 0xF81F, 0xF81F, 0xF81F, 0xF81F, 0xF81F, 0xF81F, 0x0000, 0x5C3C, 0x5C3C, 0x5C3C, 0x5C3C,
    0x5C3C, 0x0000, 0xF81F, 0xF81F, 0xF81F, 0xF81F, 0xF81F, 0xF81F, 0xF81F, 0xF81F, 0xF81F, 0x0000,
    0x5C3C, 0x5C3C, 0x5C3C, 0x5C3C, 0x5C3C, 0x5C3C, 0x5C3C, 0x0000, 0xF81F, 0xF81F, 0xF81F, 0xF81F,
    0xF81F, 0xF81F, 0xF81F, 0xF81F, 0xF81F, 0xF81F, 0x0000, 0x5C3C, 0x5C3C, 0x5C3C, 0x5C3C, 0x0000,
    0xF81F, 0xF81F, 0xF81F, 0xF81F, 0xF81F, 0xF81F, 0xF81F, 0xF81F, 0xF81F, 0x0000, 0x5C3C, 0x5C3C,
    0x5C3C, 0x5C3C, 0x5C3C, 0x5C3C, 0x5C3C, 0x5C3C, 0x0000, 0xF81F, 0xF81F, 0xF81F, 0xF81F, 0xF81F,
    0xF81F, 0xF81F, 0xF81F, 0xF81F, 0x0000, 0x5C3C, 0x5C3C, 0x5C3C, 0x5C3C, 0x0000, 0x5C3C, 0x0000,
    0xF81F, 0x0000, 0x0000, 0xF81F, 0xF81F, 0xF81F, 0xF81F, 0x0000, 0xFFFF, 0x0000, 0x5C3C, 0x5C3C,
    0x5C3C, 0x5C3C, 0x5C3C, 0x5C3C, 0x0000, 0xFFFF, 0x0000, 0xF81F, 0xF81F, 0xF81F, 0xF81F, 0xF81F,
    0xF81F, 0xF81F, 0xF81F, 0x0000, 0x5C3C, 0x0000, 0x5C3C, 0x5C3C, 0x5C3C, 0x5C3C, 0x5C3C, 0x0000,
    0xFFFF, 0xFFFF, 0x0000, 0xF81F, 0xF81F, 0xF81F, 0x0000, 0xFFFF, 0xFFFF, 0x0000, 0x0000, 0x5C3C,
    0x5C3C, 0x5C3C, 0x0000, 0xFFFF, 0xFFFF, 0x0000, 0xF81F, 0xF81F, 0xF81F, 0xF81F, 0xF81F, 0xF81F,
    0xF81F, 0xF81F, 0x0000, 0x0000, 0x5C3C, 0x5C3C, 0x5C3C, 0x5C3C, 0x5C3C, 0x5C3C, 0x0000, 0xFFFF,
    0x0000, 0xFFFF, 0x0000, 0xF81F, 0x0000, 0x0000, 0xFFFF, 0xFFFF, 0xFFFF, 0xFFFF, 0x0000, 0x0000,
    0x0000, 0xFFFF, 0xFFFF, 0xFFFF, 0x0000, 0xF81F, 0xF81F, 0xF81F, 0xF81F, 0xF81F, 0xF81F, 0xF81F,
    0xF81F, 0x0000, 0x5C3C, 0x5C3C, 0x5C3C, 0x5C3C, 0x5C3C, 0x5C3C, 0x0000, 0xFFFF, 0x0000, 0xFFFF,
    0x0000, 0xFFFF, 0x0000, 0x0000, 0xFFFF, 0x0000, 0xFFFF, 0xFFFF, 0xFFFF, 0xFFFF, 0xFFFF, 0xFFFF,
    0xFFFF, 0xFFFF, 0xFFFF, 0x0000, 0xF81F, 0xF81F, 0xF81F, 0xF81F, 0xF81F, 0xF81F, 0xF81F, 0xF81F,
    0x0000, 0x5C3C, 0x5C3C, 0x5C3C, 0x5C3C, 0x5C3C, 0x5C3C, 0x0000, 0xFFFF, 0xFFFF, 0x0000, 0xFFFF,
    0x0000, 0x0000, 0x0000, 0xFFFF, 0xFFFF, 0xFFFF, 0xFFFF, 0xFFFF, 0xFFFF, 0xFFFF, 0xFFFF, 0xFFFF,
    0xFFFF, 0xFFFF, 0x0000, 0xF81F, 0xF81F, 0xF81F, 0xF81F, 0xF81F, 0xF81F, 0xF81F, 0xF81F, 0xF81F,
    0x0000, 0x5C3C, 0x5C3C, 0x5C3C, 0x5C3C, 0x0000, 0xFFFF, 0xFFFF, 0x0000, 0xFFFF, 0x0000, 0x0000,
    0x0000, 0xFFFF, 0x0000, 0xFFFF, 0xFFFF, 0xFFFF, 0xFFFF, 0xFFFF, 0xFFFF, 0xFFFF, 0xFFFF, 0xFFFF,
    0x0000, 0xF81F, 0xF81F, 0xF81F, 0xF81F, 0xF81F, 0xF81F, 0xF81F, 0xF81F, 0xF81F, 0xF81F, 0x0000,
    0x5C3C, 0x5C3C, 0x5C3C, 0x0000, 0xFFFF, 0xFFFF, 0xFFFF, 0xFFFF, 0x0000, 0xFFFF, 0x0000, 0x0000,
    0x0000, 0xFFFF, 0xFFFF, 0xFFFF, 0xFFFF, 0xFFFF, 0xFFFF, 0xFFFF, 0xFFFF, 0xFFFF, 0xFFFF, 0x0000,
    0xF81F, 0xF81F, 0xF81F, 0xF81F, 0xF81F, 0xF81F, 0xF81F, 0xF81F, 0xF81F, 0xF81F, 0xF81F, 0x0000,
    0x0000, 0x0000, 0xFFFF, 0xFFFF, 0xFFFF, 0xFFFF, 0xFFFF, 0xFFFF, 0x0000, 0x0000, 0x0000, 0xFFFF,
    0x0000, 0xFFFF, 0xFFFF, 0xFFFF, 0xFFFF, 0xFFFF, 0xFFFF, 0xFFFF, 0xFFFF, 0xFFFF, 0x0000, 0xF81F,
    0xF81F, 0xF81F, 0xF81F, 0xF81F, 0xF81F, 0xF81F, 0xF81F, 0xF81F, 0xF81F, 0xF81F, 0x0000, 0xFFFF,
    0xFFFF, 0xFFFF, 0xFFFF, 0xFFFF, 0xFFFF, 0xFFFF, 0x0000, 0xFFFF, 0x0000, 0xFFFF, 0x0000, 0xFFFF,
    0x0000, 0xFFFF, 0xFFFF, 0xFFFF, 0xFFFF, 0xFFFF, 0xFFFF, 0xFFFF, 0x0000, 0x0000, 0xF81F, 0xF81F,
    0xF81F, 0xF81F, 0xF81F, 0xF81F, 0xF81F, 0xF81F, 0xF81F, 0xF81F, 0xF81F, 0x0000, 0xFFFF, 0xFFFF,
    0xFFFF, 0xFFFF, 0xFFFF, 0xFFFF, 0xFFFF, 0xFFFF, 0xFFFF, 0x0000, 0xFFFF, 0xFFFF, 0x0000, 0xFFFF,
    0x0000, 0xFFFF, 0xFFFF, 0xFFFF, 0xFFFF, 0xFFFF, 0xFFFF, 0x0000, 0xF81F, 0xF81F, 0xF81F, 0xF81F,
    0xF81F, 0xF81F, 0xF81F, 0xF81F, 0xF81F, 0xF81F, 0xF81F, 0xF81F, 0xF81F, 0x0000, 0xFFFF, 0xFFFF,
    0xFFFF, 0xFFFF, 0xFFFF, 0xFFFF, 0xFFFF, 0x0000, 0xFFFF, 0x0000, 0xFFFF, 0xFFFF, 0xFFFF, 0xFFFF,
    0xFFFF, 0xFFFF, 0xFFFF, 0xFFFF, 0xFFFF, 0x0000, 0x0000, 0xF81F, 0xF81F, 0xF81F, 0xF81F, 0xF81F,
    0xF81F, 0xF81F, 0xF81F, 0xF81F, 0xF81F, 0xF81F, 0xF81F, 0xF81F, 0x0000, 0xFFFF, 0xFFFF, 0xFFFF,
    0xFFFF, 0xFFFF, 0xFFFF, 0xFFFF, 0xFFFF, 0xFFFF, 0xFFFF, 0x0000, 0x0000, 0xFFFF, 0xFFFF, 0xFFFF,
    0xFFFF, 0xFFFF, 0xFFFF, 0xFFFF, 0x0000, 0x0000, 0xF81F, 0xF81F, 0xF81F, 0xF81F, 0xF81F, 0xF81F,
    0xF81F, 0xF81F, 0xF81F, 0xF81F, 0xF81F, 0xF81F, 0xF81F, 0xF81F, 0x0000, 0xFFFF, 0xFFFF, 0xFFFF,
    0xFFFF, 0xFFFF, 0xFFFF, 0xFFFF, 0xFFFF, 0xFFFF, 0xFFFF, 0xFFFF, 0xFFFF, 0xFFFF, 0xFFFF, 0xFFFF,
    0xFFFF, 0xFFFF, 0xFFFF, 0x0000, 0xF81F, 0xF81F, 0xF81F, 0xF81F, 0xF81F, 0xF81F, 0xF81F, 0xF81F,
    0xF81F, 0xF81F, 0xF81F, 0xF81F, 0xF81F, 0xF81F, 0xF81F, 0xF81F, 0x0000, 0xFFFF, 0xFFFF, 0xFFFF,
    0xFFFF, 0xFFFF, 0xFFFF, 0xFFFF, 0xFFFF, 0xFFFF, 0xFFFF, 0xFFFF, 0xFFFF, 0xFFFF, 0xFFFF, 0xFFFF,
    0xFFFF, 0x0000, 0x0000, 0xF81F, 0xF81F, 0xF81F, 0xF81F, 0xF81F, 0xF81F, 0xF81F, 0xF81F, 0xF81F,
    0xF81F, 0xF81F, 0xF81F, 0xF81F, 0xF81F, 0xF81F, 0xF81F, 0xF81F, 0x0000, 0xFFFF, 0xFFFF, 0xFFFF,
    0xFFFF, 0xFFFF, 0xFFFF, 0xFFFF, 0xFFFF, 0xFFFF, 0xFFFF, 0xFFFF, 0xFFFF, 0xFFFF, 0xFFFF, 0xFFFF,
    0x0000, 0x0000, 0xF81F, 0xF81F, 0xF81F, 0xF81F, 0xF81F, 0xF81F, 0xF81F, 0xF81F, 0xF81F, 0xF81F,
    0xF81F, 0xF81F, 0xF81F, 0xF81F, 0xF81F, 0xF81F, 0xF81F, 0x0000, 0xFFFF, 0xFFFF, 0xFFFF, 0xFFFF,
    0xFFFF, 0xFFFF, 0xFFFF, 0xFFFF, 0xFFFF, 0xFFFF, 0xFFFF, 0xFFFF, 0xFFFF, 0xFFFF, 0x0000, 0x0000,
    0xF81F, 0xF81F, 0xF81F, 0xF81F, 0xF81F, 0xF81F, 0xF81F, 0xF81F, 0xF81F, 0xF81F, 0xF81F, 0xF81F,
    0xF81F, 0xF81F, 0xF81F, 0xF81F, 0xF81F, 0xF81F, 0xF81F, 0x0000, 0xFFFF, 0xFFFF, 0x0000, 0x0000,
    0x0000, 0x0000, 0x0000, 0x0000, 0x0000, 0xFFFF, 0xFFFF, 0xFFFF, 0xFFFF, 0x0000, 0x0000, 0xF81F,
    0xF81F, 0xF81F, 0xF81F, 0xF81F, 0xF81F, 0xF81F, 0xF81F, 0xF81F, 0xF81F, 0xF81F, 0xF81F, 0xF81F,
    0xF81F, 0xF81F, 0xF81F, 0xF81F, 0xF81F, 0xF81F, 0x0000, 0x0000, 0x0000, 0xFFFF, 0x0000, 0xFFFF,
    0x0000, 0xFFFF, 0x0000, 0xFFFF, 0x0000, 0x0000, 0xFFFF, 0xFFFF, 0x0000, 0xF81F, 0xF81F, 0xF81F,
    0xF81F, 0xF81F, 0xF81F, 0xF81F, 0xF81F, 0xF81F, 0xF81F, 0xF81F, 0xF81F, 0xF81F, 0xF81F, 0xF81F,
    0xF81F, 0xF81F, 0xF81F, 0xF81F, 0xF81F, 0x0000, 0xFFFF, 0x0000, 0xFFFF, 0x0000, 0xFFFF, 0x0000,
    0xFFFF, 0x0000, 0xFFFF, 0x0000, 0xFFFF, 0x0000, 0x0000, 0x0000, 0xF81F, 0xF81F, 0xF81F, 0xF81F,
    0xF81F, 0xF81F, 0xF81F, 0xF81F, 0xF81F, 0xF81F, 0xF81F, 0x0000, 0xFBF1, 0xFBF1, 0xFBF1, 0xFBF1,
    0x0000, 0xF81F, 0xF81F, 0xF81F, 0x0000, 0xFFFF, 0x0000, 0x0000, 0x0000, 0x0000, 0x0000, 0x0000,
    0x0000, 0x0000, 0x0000, 0xFFFF, 0x0000, 0xFFFF, 0x0000, 0x0000, 0x0000, 0xF81F, 0xF81F, 0xF81F,
    0xF81F, 0xF81F, 0xF81F, 0xF81F, 0xF81F, 0x0000, 0xFBF1, 0xFBF1, 0xFBF1, 0xFBF1, 0xFBF1, 0xFBF1,
    0x0000, 0xF81F, 0xF81F, 0x0000, 0x0000, 0x0000, 0x5C3C, 0x5C3C, 0x5C3C, 0x5C3C, 0x5C3C, 0x5C3C,
    0x5C3C, 0x5C3C, 0x0000, 0x0000, 0x0000, 0x0000, 0x5C3C, 0x5C3C, 0x0000, 0xF81F, 0xF81F, 0xF81F,
    0xF81F, 0xF81F, 0xF81F, 0xF81F, 0x0000, 0xFBF1, 0xFBF1, 0xFBF1, 0xFBF1, 0xFBF1, 0xFBF1, 0xFBF1,
    0xF81F, 0xF81F, 0x0000, 0x5C3C, 0x5C3C, 0x5C3C, 0x5C3C, 0x0000, 0x5C3C, 0x5C3C, 0x5C3C, 0x5C3C,
    0x5C3C, 0x5C3C, 0x5C3C, 0x0000, 0x5C3C, 0x5C3C, 0x5C3C, 0x5C3C, 0x0000, 0xF81F, 0xF81F, 0xF81F,
    0xF81F, 0xF81F, 0xF81F, 0xFBF1, 0xFBF1, 0xFBF1, 0xFBF1, 0xFBF1, 0xFBF1, 0xFBF1, 0xFBF1, 0x0000,
    0x5C3C, 0x0000, 0x5C3C, 0x5C3C, 0x5C3C, 0x5C3C, 0x0000, 0x5C3C, 0x5C3C, 0x5C3C, 0x5C3C, 0x5C3C,
    0x5C3C, 0x0000, 0x5C3C, 0x5C3C, 0x5C3C, 0x5C3C, 0x5C3C, 0x0000, 0xF81F, 0xF81F, 0xF81F, 0xF81F,
    0xF81F, 0xF81F, 0xFBF1, 0xFFFF, 0xFBF1, 0xFBF1, 0xFBF1, 0xFBF1, 0xFBF1, 0xFBF1, 0x0000, 0x5C3C,
    0x0000, 0x5C3C, 0x5C3C, 0x5C3C, 0x5C3C, 0x5C3C, 0x5C3C, 0x5C3C, 0x5C3C, 0x5C3C, 0x5C3C, 0x0000,
    0x5C3C, 0x5C3C, 0x0000, 0x5C3C, 0x5C3C, 0x5C3C, 0x5C3C, 0x0000, 0xF81F, 0xF81F, 0xF81F, 0xF81F,
    0xF81F, 0xFBF1, 0xFFFF, 0xFBF1, 0xFBF1, 0xFBF1, 0xFBF1, 0xFBF1, 0xFBF1, 0x0000, 0x5C3C, 0x0000,
    0x5C3C, 0x5C3C, 0x5C3C, 0x5C3C, 0x5C3C, 0x5C3C, 0x5C3C, 0x5C3C, 0x5C3C, 0x5C3C, 0x0000, 0x5C3C,
    0x0000, 0x5C3C, 0x5C3C, 0x5C3C, 0x5C3C, 0x5C3C, 0x0000, 0xF81F, 0xF81F, 0xF81F, 0xF81F, 0xF81F,
    0xFBF1, 0xFFFF, 0xFFFF, 0xFBF1, 0xFBF1, 0xFBF1, 0xFBF1, 0x0000, 0x5C3C, 0x5C3C, 0x0000, 0x5C3C,
    0x5C3C, 0x5C3C, 0x5C3C, 0x5C3C, 0x5C3C, 0x5C3C, 0x5C3C, 0x5C3C, 0x0000, 0x5C3C, 0x5C3C, 0x0000,
    0x5C3C, 0x5C3C, 0x5C3C, 0x5C3C, 0x5C3C, 0x5C3C, 0x0000, 0xF81F, 0xF81F, 0xF81F, 0xF81F, 0xFBF1,
    0x0000, 0xFFFF, 0xFFFF, 0xFFFF, 0xFBF1, 0xFBF1, 0x0000, 0x5C3C, 0x5C3C, 0x5C3C, 0x0000, 0x5C3C,
    0x5C3C, 0x5C3C, 0x5C3C, 0x5C3C, 0x5C3C, 0x5C3C, 0x5C3C, 0x0000, 0x5C3C, 0x0000, 0x5C3C, 0x5C3C,
    0x5C3C, 0x5C3C, 0x5C3C, 0x5C3C, 0x5C3C, 0x0000, 0xF81F, 0xF81F, 0xF81F, 0xF81F, 0xFBF1, 0xFBF1,
    0x0000, 0xFBF1, 0xFBF1, 0xFBF1, 0x0000, 0xFBF1, 0xF81F, 0x0000, 0x5C3C, 0x0000, 0x5C3C, 0x5C3C,
    0x5C3C, 0x5C3C, 0x5C3C, 0x5C3C, 0x5C3C, 0x5C3C, 0x0000, 0x5C3C, 0x0000, 0x5C3C, 0x5C3C, 0x5C3C,
    0x5C3C, 0x0000, 0x5C3C, 0x5C3C, 0x0000, 0xF81F, 0xF81F, 0xF81F, 0xF81F, 0xF81F, 0xFBF1, 0xFBF1,
    0x0000, 0x0000, 0x0000, 0xFBF1, 0xF81F, 0xF81F, 0x0000, 0x5C3C, 0x0000, 0x5C3C, 0x5C3C, 0x5C3C,
    0x5C3C, 0x5C3C, 0x5C3C, 0x5C3C, 0x5C3C, 0x0000, 0x5C3C, 0x5C3C, 0x5C3C, 0x5C3C, 0x5C3C, 0x5C3C,
    0x0000, 0x5C3C, 0x5C3C, 0x0000, 0xF81F, 0xF81F, 0xF81F, 0xF81F, 0xF81F, 0xF81F, 0xFBF1, 0xFBF1,
    0xFBF1, 0xFBF1, 0xF81F, 0xF81F, 0x0000, 0x5C3C, 0x0000, 0x5C3C, 0x5C3C, 0x5C3C, 0x5C3C, 0x5C3C,
    0x5C3C, 0x5C3C, 0x5C3C, 0x5C3C, 0x0000, 0x5C3C, 0x5C3C, 0x5C3C, 0x5C3C, 0x5C3C, 0x5C3C, 0x0000,
    0x5C3C, 0x0000, 0xF81F, 0xF81F, 0xF81F, 0xF81F, 0xF81F, 0xF81F, 0xF81F, 0xF81F, 0xF81F, 0xF81F,
    0xF81F, 0xF81F, 0x0000, 0x5C3C, 0x5C3C, 0x0000, 0x5C3C, 0x5C3C, 0x5C3C, 0x5C3C, 0x5C3C, 0x5C3C,
    0x5C3C, 0x5C3C, 0x5C3C, 0x5C3C, 0x0000, 0x5C3C, 0x5C3C, 0x5C3C, 0x5C3C, 0x0000, 0x5C3C, 0x5C3C,
    0x0000, 0xF81F, 0xF81F, 0xF81F, 0xF81F, 0xF81F, 0xF81F, 0xF81F, 0xF81F, 0xF81F, 0xF81F, 0xF81F,
    0xF81F, 0x0000, 0x5C3C, 0x0000, 0x5C3C, 0x0000, 0x0000, 0x0000, 0x5C3C, 0x5C3C, 0x5C3C, 0x0000,
    0x0000, 0x0000, 0x0000, 0x0000, 0x5C3C, 0x5C3C, 0x5C3C, 0x5C3C, 0x0000, 0x5C3C, 0x5C3C, 0x5C3C,
    0x0000, 0xF81F, 0xF81F, 0xF81F, 0xF81F, 0xF81F, 0xF81F, 0xF81F, 0xF81F, 0xF81F, 0xF81F, 0x0000,
    0x5C3C, 0x5C3C, 0x0000, 0x5C3C, 0x5C3C, 0x5C3C, 0x5C3C, 0x0000, 0x5C3C, 0x0000, 0x5C3C, 0x5C3C,
    0x5C3C, 0x5C3C, 0x0000, 0x5C3C, 0x5C3C, 0x5C3C, 0x0000, 0x5C3C, 0x5C3C, 0x5C3C, 0x5C3C, 0x0000,
    0xF81F, 0xF81F, 0xF81F, 0xF81F, 0xF81F, 0xF81F, 0xF81F, 0xF81F, 0xF81F, 0xF81F, 0x0000, 0x5C3C,
    0x5C3C, 0x0000, 0x5C3C, 0x5C3C, 0x5C3C, 0x5C3C, 0x5C3C, 0x0000, 0x5C3C, 0x5C3C, 0x5C3C, 0x5C3C,
    0x5C3C, 0x0000, 0x5C3C, 0x5C3C, 0x5C3C, 0x0000, 0x5C3C, 0x5C3C, 0x5C3C, 0x5C3C, 0x0000, 0xF81F,
    0xF81F, 0xF81F, 0xF81F, 0xF81F, 0xF81F, 0xF81F, 0xF81F, 0xF81F, 0x0000, 0x5C3C, 0x5C3C, 0x5C3C,
    0x5C3C, 0x5C3C, 0x5C3C, 0x5C3C, 0x5C3C, 0x5C3C, 0x0000, 0x5C3C, 0x5C3C, 0x5C3C, 0x5C3C, 0xFBF1,
    0xFBF1, 0x5C3C, 0x5C3C, 0x0000, 0x5C3C, 0x5C3C, 0x5C3C, 0x5C3C, 0x5C3C, 0x0000, 0xF81F, 0xF81F,
    0xF81F, 0xF81F, 0xF81F, 0xF81F, 0xF81F, 0xF81F, 0xF81F, 0x0000, 0x5C3C, 0x5C3C, 0x5C3C, 0x5C3C,
    0x5C3C, 0x5C3C, 0x5C3C, 0x5C3C, 0x5C3C, 0x0000, 0x5C3C, 0x5C3C, 0x5C3C, 0x0000, 0xFBF1, 0xFBF1,
    0xFBF1, 0x5C3C, 0x0000, 0x5C3C, 0x5C3C, 0x5C3C, 0x5C3C, 0x5C3C, 0x0000, 0xF81F, 0xF81F, 0xF81F,
    0xF81F, 0xF81F, 0xF81F, 0xF81F, 0xF81F, 0xF81F, 0x0000, 0x5C3C, 0x5C3C, 0x5C3C, 0x5C3C, 0x5C3C,
    0x5C3C, 0x5C3C, 0x5C3C, 0x5C3C, 0x0000, 0x5C3C, 0x5C3C, 0x0000, 0xFBF1, 0x0000, 0xFBF1, 0xFBF1,
    0xFBF1, 0x5C3C, 0x5C3C, 0x5C3C, 0x5C3C, 0x5C3C, 0x0000, 0xF81F, 0xF81F, 0xF81F, 0xF81F, 0xF81F,
    0xF81F, 0xF81F, 0xF81F, 0xF81F, 0xF81F, 0x0000, 0x5C3C, 0x5C3C, 0x5C3C, 0x5C3C, 0x5C3C, 0x5C3C,
    0x5C3C, 0x5C3C, 0x5C3C, 0x0000, 0x5C3C, 0x0000, 0xFBF1, 0xFBF1, 0xFBF1, 0x0000, 0xFBF1, 0xFBF1,
    0x5C3C, 0x5C3C, 0x5C3C, 0x5C3C, 0x5C3C, 0x0000, 0xF81F, 0xF81F, 0xF81F, 0xF81F, 0xF81F, 0xF81F,
    0xF81F, 0xF81F, 0xF81F, 0xF81F, 0xF81F, 0x0000, 0x5C3C, 0x5C3C, 0x5C3C, 0x5C3C, 0x5C3C, 0x5C3C,
    0x5C3C, 0x5C3C, 0x0000, 0xFBF1, 0x0000, 0xFBF1, 0xFBF1, 0xFBF1, 0xFBF1, 0x0000, 0x0000, 0x5C3C,
    0x5C3C, 0x5C3C, 0x5C3C, 0x5C3C, 0x0000, 0xF81F, 0xF81F, 0xF81F, 0xF81F, 0xF81F, 0xF81F, 0xF81F,
    0xF81F, 0xF81F, 0xF81F, 0xF81F, 0x0000, 0x5C3C, 0x5C3C, 0x5C3C, 0x5C3C, 0x5C3C, 0x5C3C, 0x5C3C,
    0x5C3C, 0xFBF1, 0x0000, 0x0000, 0xFBF1, 0xFBF1, 0xFBF1, 0xFBF1, 0xFBF1, 0xFBF1, 0x0000, 0x5C3C,
    0x5C3C, 0x5C3C, 0x0000, 0xF81F, 0xF81F, 0xF81F, 0xF81F, 0xF81F, 0xF81F, 0xF81F, 0xF81F, 0xF81F,
    0xF81F, 0xF81F, 0xF81F, 0xF81F, 0x0000, 0x5C3C, 0x5C3C, 0x5C3C, 0x5C3C, 0x5C3C, 0x5C3C, 0x5C3C,
    0xFBF1, 0xFBF1, 0x0000, 0xFBF1, 0xFBF1, 0xFBF1, 0xFBF1, 0xFBF1, 0xFBF1, 0x0000, 0x5C3C, 0x5C3C,
    0x5C3C, 0x0000, 0xF81F, 0xF81F, 0xF81F, 0xF81F, 0xF81F, 0xF81F, 0xF81F, 0xF81F, 0xF81F, 0xF81F,
    0xF81F, 0xF81F, 0xF81F, 0x0000, 0x5C3C, 0x5C3C, 0x5C3C, 0x5C3C, 0x5C3C, 0x5C3C, 0x5C3C, 0xFBF1,
    0xFBF1, 0xFBF1, 0xFBF1, 0xFBF1, 0xFBF1, 0xFBF1, 0xFBF1, 0xFBF1, 0x0000, 0x5C3C, 0x5C3C, 0x0000,
    0xF81F, 0xF81F, 0xF81F, 0xF81F, 0xF81F, 0xF81F, 0xF81F, 0xF81F, 0xF81F, 0xF81F, 0xF81F, 0xF81F,
    0xF81F, 0xF81F, 0xF81F, 0x0000, 0x5C3C, 0x5C3C, 0x5C3C, 0x5C3C, 0x5C3C, 0x5C3C, 0xFBF1, 0xFBF1,
    0xFBF1, 0xFBF1, 0xFBF1, 0xFBF1, 0xFBF1, 0xFFFF, 0xFBF1, 0x0000, 0x5C3C, 0x5C3C, 0x0000, 0xF81F,
    0xF81F, 0xF81F, 0xF81F, 0xF81F, 0xF81F, 0xF81F, 0xF81F, 0xF81F, 0xF81F, 0xF81F, 0xF81F, 0xF81F,
    0xF81F, 0xF81F, 0xF81F, 0x0000, 0x5C3C, 0x5C3C, 0x5C3C, 0x5C3C, 0x5C3C, 0xFBF1, 0xFBF1, 0xFBF1,
    0xFBF1, 0xFBF1, 0xFBF1, 0xFBF1, 0xFFFF, 0xFBF1, 0x0000, 0x5C3C, 0x0000, 0xF81F, 0xF81F, 0xF81F,
    0xF81F, 0xF81F, 0xF81F, 0xF81F, 0xF81F, 0xF81F, 0xF81F, 0xF81F, 0xF81F, 0xF81F, 0xF81F, 0xF81F,
    0xF81F, 0xF81F, 0xF81F, 0x0000, 0x5C3C, 0x5C3C, 0x5C3C, 0x5C3C, 0x0000, 0xFBF1, 0xFBF1, 0xFBF1,
    0xFBF1, 0xFBF1, 0xFFFF, 0xFFFF, 0xFBF1, 0x5C3C, 0x0000, 0xF81F, 0xF81F, 0xF81F, 0xF81F, 0xF81F,
    0xF81F, 0xF81F, 0xF81F, 0xF81F, 0xF81F, 0xF81F, 0xF81F, 0xF81F, 0xF81F, 0xF81F, 0xF81F, 0xF81F,
    0xF81F, 0xF81F, 0xF81F, 0x0000, 0x5C3C, 0x5C3C, 0x0000, 0x5C3C, 0xFBF1, 0xFBF1, 0xFBF1, 0xFFFF,
    0xFFFF, 0xFFFF, 0xFBF1, 0xFBF1, 0x0000, 0xF81F, 0xF81F, 0xF81F, 0xF81F, 0xF81F, 0xF81F, 0xF81F,
    0xF81F, 0xF81F, 0xF81F, 0xF81F, 0xF81F, 0xF81F, 0xF81F, 0xF81F, 0xF81F, 0xF81F, 0xF81F, 0xF81F,
    0xF81F, 0xF81F, 0xF81F, 0x0000, 0x5C3C, 0x5C3C, 0x5C3C, 0x5C3C, 0xFBF1, 0xFBF1, 0xFBF1, 0xFBF1,
    0xFBF1, 0xFBF1, 0x0000, 0xF81F, 0xF81F, 0xF81F, 0xF81F, 0xF81F, 0xF81F, 0xF81F, 0xF81F, 0xF81F,
    0xF81F, 0xF81F, 0xF81F, 0xF81F, 0xF81F, 0xF81F, 0xF81F, 0xF81F, 0xF81F, 0xF81F, 0xF81F, 0xF81F,
    0xF81F, 0xF81F, 0x0000, 0x5C3C, 0x0000, 0x0000, 0x0000, 0x5C3C, 0x5C3C, 0x0000, 0x5C3C, 0x5C3C,
    0x0000, 0xF81F, 0xF81F, 0xF81F, 0xF81F, 0xF81F, 0xF81F, 0xF81F, 0xF81F, 0xF81F, 0xF81F, 0xF81F,
    0xF81F, 0xF81F, 0xF81F, 0xF81F, 0xF81F, 0xF81F, 0xF81F, 0xF81F, 0xF81F, 0xF81F, 0xF81F, 0xF81F,
    0xF81F, 0xF81F, 0x0000, 0x5C3C, 0x5C3C, 0x5C3C, 0x0000, 0x5C3C, 0x0000, 0x5C3C, 0x0000, 0xF81F,
    0xF81F, 0xF81F, 0xF81F, 0xF81F, 0xF81F, 0xF81F, 0xF81F, 0xF81F, 0xF81F, 0xF81F, 0xF81F, 0xF81F,
    0xF81F, 0xF81F, 0xF81F, 0xF81F, 0xF81F, 0xF81F, 0xF81F, 0xF81F, 0xF81F, 0xF81F, 0xF81F, 0xF81F,
    0xF81F, 0x0000, 0x5C3C, 0x5C3C, 0x5C3C, 0x5C3C, 0x0000, 0x5C3C, 0x0000, 0xF81F, 0xF81F, 0xF81F,
    0xF81F, 0xF81F, 0xF81F, 0xF81F, 0xF81F, 0xF81F, 0xF81F, 0xF81F, 0xF81F, 0xF81F, 0xF81F, 0xF81F,
    0xF81F, 0xF81F, 0xF81F, 0xF81F, 0xF81F, 0xF81F, 0xF81F, 0xF81F, 0xF81F, 0xF81F, 0xF81F, 0x0000,
    0x5C3C, 0x5C3C, 0x5C3C, 0x5C3C, 0x5C3C, 0x0000, 0x5C3C, 0x0000, 0xF81F, 0xF81F, 0xF81F, 0xF81F,
    0xF81F, 0xF81F, 0xF81F, 0xF81F, 0xF81F, 0xF81F, 0xF81F, 0xF81F, 0xF81F, 0xF81F, 0xF81F, 0xF81F,
    0xF81F, 0xF81F, 0xF81F, 0xF81F, 0xF81F, 0xF81F, 0xF81F, 0xF81F, 0xF81F, 0xF81F, 0x0000, 0x5C3C,
    0x0000, 0x0000, 0x0000, 0x5C3C, 0x5C3C, 0x0000, 0xF81F, 0xF81F, 0xF81F, 0xF81F, 0xF81F, 0xF81F,
    0xF81F, 0xF81F, 0xF81F, 0xF81F, 0xF81F, 0xF81F, 0xF81F, 0xF81F, 0xF81F, 0xF81F, 0xF81F, 0xF81F,
    0xF81F, 0xF81F, 0xF81F, 0xF81F, 0xF81F, 0xF81F, 0xF81F, 0xF81F, 0x0000, 0x5C3C, 0x5C3C, 0x5C3C,
    0x5C3C, 0x5C3C, 0x5C3C, 0x5C3C, 0x0000, 0xF81F, 0xF81F, 0xF81F, 0xF81F, 0xF81F, 0xF81F, 0xF81F,
    0xF81F, 0xF81F, 0xF81F, 0xF81F, 0xF81F, 0xF81F, 0xF81F, 0xF81F, 0xF81F, 0xF81F, 0xF81F, 0xF81F,
    0xF81F, 0xF81F, 0xF81F, 0xF81F, 0xF81F, 0xF81F, 0xF81F, 0x0000, 0x5C3C, 0x5C3C, 0x0000, 0x0000,
    0x0000, 0x5C3C, 0x5C3C, 0x0000, 0xF81F, 0xF81F, 0xF81F, 0xF81F, 0xF81F, 0xF81F, 0xF81F, 0xF81F,
    0xF81F, 0xF81F, 0xF81F, 0xF81F, 0xF81F, 0xF81F, 0xF81F, 0xF81F, 0xF81F, 0xF81F, 0xF81F, 0xF81F,
    0xF81F, 0xF81F, 0xF81F, 0xF81F, 0xF81F, 0xF81F, 0x0000, 0x5C3C, 0x0000, 0x5C3C, 0x5C3C, 0x5C3C,
    0x0000, 0x5C3C, 0x5C3C, 0x0000, 0xF81F, 0xF81F, 0xF81F, 0xF81F, 0xF81F, 0xF81F, 0xF81F, 0xF81F,
    0xF81F, 0xF81F, 0xF81F, 0xF81F, 0xF81F, 0xF81F, 0xF81F, 0xF81F, 0xF81F, 0xF81F, 0xF81F, 0xF81F,
    0xF81F, 0xF81F, 0xF81F, 0xF81F, 0xF81F, 0x0000, 0x5C3C, 0x5C3C, 0x5C3C, 0x0000, 0x5C3C, 0x5C3C,
    0x5C3C, 0x5C3C, 0x0000, 0xF81F, 0xF81F, 0xF81F, 0xF81F, 0xF81F, 0xF81F, 0xF81F, 0xF81F, 0xF81F,
    0xF81F, 0xF81F, 0xF81F, 0xF81F, 0xF81F, 0xF81F, 0xF81F, 0xF81F, 0xF81F, 0xF81F, 0xF81F, 0xF81F,
    0xF81F, 0xF81F, 0xF81F, 0xF81F, 0x0000, 0x5C3C, 0x5C3C, 0x0000, 0x5C3C, 0x0000, 0x5C3C, 0x5C3C,
    0x5C3C, 0x0000, 0xF81F, 0xF81F, 0xF81F, 0xF81F, 0xF81F, 0xF81F, 0xF81F, 0xF81F, 0xF81F, 0xF81F,
    0xF81F, 0xF81F, 0xF81F, 0xF81F, 0xF81F, 0xF81F, 0xF81F, 0xF81F, 0xF81F, 0xF81F, 0xF81F, 0xF81F,
    0xF81F, 0xF81F, 0xF81F, 0x0000, 0x5C3C, 0x0000, 0x5C3C, 0x5C3C, 0x5C3C, 0x0000, 0x5C3C, 0x5C3C,
    0x0000, 0xF81F, 0xF81F, 0xF81F, 0xF81F, 0xF81F, 0xF81F, 0xF81F, 0xF81F, 0xF81F, 0xF81F, 0xF81F,
    0xF81F, 0xF81F, 0xF81F, 0xF81F, 0xF81F, 0xF81F, 0xF81F, 0xF81F, 0xF81F, 0xF81F, 0xF81F, 0xF81F,
    0xF81F, 0x0000, 0x5C3C, 0x5C3C, 0x0000, 0x5C3C, 0x5C3C, 0x5C3C, 0x0000, 0x5C3C, 0x5C3C, 0x0000,
    0xF81F, 0xF81F, 0xF81F, 0xF81F, 0xF81F, 0xF81F, 0xF81F, 0xF81F, 0xF81F, 0xF81F, 0xF81F, 0xF81F,
    0xF81F, 0xF81F, 0xF81F, 0xF81F, 0xF81F, 0xF81F, 0xF81F, 0xF81F, 0xF81F, 0xF81F, 0xF81F, 0xF81F,
    0x0000, 0x5C3C, 0x5C3C, 0x5C3C, 0x0000, 0x5C3C, 0x0000, 0x5C3C, 0x5C3C, 0x5C3C, 0x5C3C, 0x0000,
    0xF81F, 0xF81F, 0xF81F, 0xF81F, 0xF81F, 0xF81F, 0xF81F, 0xF81F, 0xF81F, 0xF81F, 0xF81F, 0xF81F,
    0xF81F, 0xF81F, 0xF81F, 0xF81F, 0xF81F, 0xF81F, 0xF81F, 0xF81F, 0xF81F, 0xF81F, 0x0000, 0x5C3C,
    0x5C3C, 0x0000, 0x5C3C, 0x0000, 0x5C3C, 0x0000, 0x5C3C, 0x0000, 0x0000, 0x5C3C, 0x5C3C, 0x0000,
    0xF81F, 0xF81F, 0xF81F, 0xF81F, 0xF81F, 0xF81F, 0xF81F, 0xF81F, 0xF81F, 0xF81F, 0xF81F, 0xF81F,
    0xF81F, 0xF81F, 0xF81F, 0xF81F, 0xF81F, 0xF81F, 0xF81F, 0xF81F, 0x0000, 0x5C3C, 0x0000, 0x5C3C,
    0x5C3C, 0x0000, 0x0000, 0x5C3C, 0x0000, 0x0000, 0x5C3C, 0x5C3C, 0x5C3C, 0x0000, 0x5C3C, 0x0000,
    0xF81F, 0xF81F, 0xF81F, 0xF81F, 0xF81F, 0xF81F, 0xF81F, 0xF81F, 0xF81F, 0xF81F, 0xF81F, 0xF81F,
    0xF81F, 0xF81F, 0xF81F, 0xF81F, 0xF81F, 0xF81F, 0xF81F, 0x0000, 0x5C3C, 0x0000, 0x5C3C, 0x5C3C,
    0xFFFF, 0x0000, 0x5C3C, 0x0000, 0xFFFF, 0x5C3C, 0x5C3C, 0x5C3C, 0x0000, 0x5C3C, 0x0000, 0xF81F,
    0xF81F, 0xF81F, 0xF81F, 0xF81F, 0xF81F, 0xF81F, 0xF81F, 0xF81F, 0xF81F, 0xF81F, 0xF81F, 0xF81F,
    0xF81F, 0xF81F, 0xF81F, 0xF81F, 0xF81F, 0xF81F, 0x0000, 0x5C3C, 0x0000, 0x0000, 0xFFFF, 0x0000,
    0xFFFF, 0x0000, 0xFFFF, 0x0000, 0xFFFF, 0x0000, 0x5C3C, 0x0000, 0x5C3C, 0x0000, 0xF81F, 0xF81F,
    0xF81F, 0xF81F, 0xF81F, 0xF81F, 0xF81F, 0xF81F, 0xF81F, 0xF81F, 0xF81F, 0xF81F, 0xF81F, 0xF81F,
    0xF81F, 0xF81F, 0xF81F, 0xF81F, 0xF81F, 0xF81F, 0x0000, 0x0000, 0x5C3C, 0x0000, 0x0000, 0x5C3C,
    0x5C3C, 0x5C3C, 0x0000, 0x0000, 0x5C3C, 0x5C3C, 0x0000, 0x0000, 0xF81F, 0xF81F, 0xF81F, 0xF81F,
    0xF81F, 0xF81F, 0xF81F, 0xF81F, 0xF81F, 0xF81F, 0xF81F, 0xF81F, 0xF81F, 0xF81F, 0xF81F, 0xF81F,
    0xF81F, 0xF81F, 0xF81F, 0xF81F, 0xF81F, 0x0000, 0x0000, 0x5C3C, 0x5C3C, 0x5C3C, 0x0000, 0x5C3C,
    0x0000, 0x5C3C, 0x5C3C, 0x5C3C, 0x0000, 0x0000, 0x0000, 0xF81F, 0xF81F, 0xF81F, 0xF81F, 0xF81F,
    0xF81F, 0xF81F, 0xF81F, 0xF81F, 0xF81F, 0xF81F, 0xF81F, 0xF81F, 0xF81F, 0xF81F, 0xF81F, 0xF81F,
    0xF81F, 0xF81F, 0xF81F, 0xF81F, 0x0000, 0x0000, 0x5C3C, 0x5C3C, 0x5C3C, 0x5C3C, 0x5C3C, 0x5C3C,
    0x5C3C, 0x5C3C, 0x5C3C, 0x0000, 0x0000, 0x0000, 0xF81F, 0xF81F, 0xF81F, 0xF81F, 0xF81F, 0xF81F,
    0xF81F, 0xF81F, 0xF81F, 0xF81F, 0xF81F, 0xF81F, 0xF81F, 0xF81F, 0xF81F, 0xF81F, 0xF81F, 0xF81F,
    0xF81F, 0xF81F, 0xF81F, 0x0000, 0x0000, 0x0000, 0x5C3C, 0x5C3C, 0x0000, 0x0000, 0x5C3C, 0x5C3C,
    0x5C3C, 0x5C3C, 0x0000, 0x0000, 0x0000, 0xF81F, 0xF81F, 0xF81F, 0xF81F, 0xF81F, 0xF81F, 0xF81F,
    0xF81F, 0xF81F, 0xF81F, 0xF81F, 0xF81F, 0xF81F, 0xF81F, 0xF81F, 0xF81F, 0xF81F, 0xF81F, 0xF81F,
    0xF81F, 0xF81F, 0xF81F, 0x0000, 0x0000, 0x5C3C, 0x0000, 0x0000, 0x0000, 0x0000, 0x5C3C, 0x5C3C,
    0x0000, 0x0000, 0x0000, 0x0000, 0xF81F, 0xF81F, 0xF81F, 0xF81F, 0xF81F, 0xF81F, 0xF81F, 0xF81F,
    0xF81F, 0xF81F, 0xF81F, 0xF81F, 0xF81F, 0xF81F, 0xF81F, 0xF81F, 0xF81F, 0xF81F, 0xF81F, 0xF81F,
    0xF81F, 0xF81F, 0x0000, 0x0000, 0x0000, 0x5C3C, 0x0000, 0x0000, 0x0000, 0x0000, 0x0000, 0x0000,
    0x0000, 0x0000, 0xF81F, 0xF81F, 0xF81F, 0xF81F, 0xF81F, 0xF81F, 0xF81F, 0xF81F, 0xF81F, 0xF81F,
    0xF81F, 0xF81F, 0xF81F, 0xF81F, 0xF81F, 0xF81F, 0xF81F, 0xF81F, 0xF81F, 0xF81F, 0xF81F, 0xF81F,
    0xF81F, 0x0000, 0x0000, 0x0000, 0x0000, 0x0000, 0x0000, 0x0000, 0x0000, 0x0000, 0x0000, 0x0000,
    0x0000, 0xF81F, 0xF81F, 0xF81F, 0xF81F, 0xF81F, 0xF81F, 0xF81F, 0xF81F, 0xF81F, 0xF81F, 0xF81F,
    0xF81F, 0xF81F, 0xF81F, 0xF81F, 0xF81F, 0xF81F, 0xF81F, 0xF81F, 0xF81F, 0xF81F, 0xF81F, 0xF81F,
    0xF81F, 0x0000, 0x0000, 0x0000, 0x0000, 0x0000, 0x0000, 0x0000, 0x0000, 0x0000, 0x0000, 0xF81F,
    0xF81F, 0xF81F, 0xF81F, 0xF81F, 0xF81F, 0xF81F, 0xF81F, 0xF81F, 0xF81F, 0xF81F, 0xF81F, 0xF81F,
    0xF81F, 0xF81F, 0xF81F, 0xF81F, 0xF81F, 0xF81F, 0xF81F, 0xF81F, 0xF81F, 0xF81F, 0xF81F, 0xF81F,
    0x0000, 0x0000, 0x0000, 0x0000, 0x0000, 0x0000, 0x0000, 0x0000, 0x0000, 0x0000, 0xF81F, 0xF81F,
    0xF81F, 0xF81F, 0xF81F, 0xF81F, 0xF81F, 0xF81F, 0xF81F, 0xF81F, 0xF81F, 0xF81F, 0xF81F, 0xF81F,
    0xF81F, 0xF81F, 0xF81F, 0xF81F, 0xF81F, 0xF81F, 0xF81F, 0xF81F, 0xF81F, 0xF81F, 0xF81F, 0xF81F,
    0x0000, 0x0000, 0x0000, 0x0000, 0x0000, 0x0000, 0x0000, 0x0000, 0xF81F, 0xF81F, 0xF81F, 0xF81F,
    0xF81F, 0xF81F, 0xF81F, 0xF81F, 0xF81F, 0xF81F, 0xF81F, 0xF81F, 0xF81F, 0xF81F, 0xF81F, 0xF81F,
    0xF81F, 0xF81F, 0xF81F, 0xF81F, 0xF81F, 0xF81F, 0xF81F, 0xF81F, 0xF81F, 0xF81F, 0xF81F, 0xF81F,
    0x0000, 0x0000, 0x0000, 0x0000, 0x0000, 0x0000, 0xF81F, 0xF81F, 0xF81F, 0xF81F, 0xF81F, 0xF81F,
    0xF81F, 0xF81F, 0xF81F, 0xF81F, 0xF81F, 0xF81F, 0xF81F, 0xF81F, 0xF81F, 0xF81F, 0xF81F, 0xF81F,
    0xF81F, 0xF81F, 0xF81F, 0xF81F, 0xF81F, 0xF81F, 0xF81F, 0xF81F, 0xF81F, 0xF81F, 0xF81F, 0xF81F,
    0xF81F, 0xF81F, 0xF81F, 0xF81F, 0xF81F, 0xF81F, 0xF81F, 0xF81F, 0xF81F, 0xF81F, 0xF81F, 0xF81F,
    0xF81F, 0xF81F, 0xF81F, 0xF81F, 0xF81F, 0xF81F, 0xF81F, 0xF81F, 0xF81F, 0xF81F, 0xF81F, 0xF81F,
    0xF81F, 0xF81F, 0xF81F, 0xF81F, 0xF81F, 0xF81F, 0xF81F, 0xF81F, 0xF81F, 0xF81F, 0xF81F, 0xF81F,
    0xF81F, 0xF81F, 0xF81F, 0xF81F, 0xF81F, 0xF81F, 0xF81F, 0xF81F, 0xF81F, 0xF81F, 0xF81F, 0xF81F,
    0xF81F, 0xF81F, 0xF81F, 0xF81F, 0xF81F, 0xF81F, 0xF81F, 0xF81F
  },
  {
    0xF81F, 0xF81F, 0xF81F, 0xF81F, 0xF81F, 0xF81F, 0xF81F, 0xF81F, 0xF81F, 0xF81F, 0xF81F, 0xF81F,
    0xF81F, 0xF81F, 0x0000, 0x0000, 0x0000, 0x0000, 0x0000, 0xF81F, 0xF81F, 0xF81F, 0xF81F, 0xF81F,
    0xF81F, 0xF81F, 0xF81F, 0xF81F, 0xF81F, 0xF81F, 0xF81F, 0xF81F, 0xF81F, 0xF81F, 0xF81F, 0xF81F,
    0xF81F, 0xF81F, 0xF81F, 0xF81F, 0xF81F, 0xF81F, 0xF81F, 0xF81F, 0xF81F, 0xF81F, 0xF81F, 0xF81F,
    0x0000, 0x0000, 0x0000, 0x0000, 0x0000, 0x0000, 0xF81F, 0xF81F, 0xF81F, 0xF81F, 0xF81F, 0xF81F,
    0xF81F, 0x0000, 0x0000, 0x0000, 0x0000, 0x0000, 0xF81F, 0xF81F, 0xF81F, 0xF81F, 0xF81F, 0xF81F,
    0xF81F, 0xF81F, 0xF81F, 0xF81F, 0xF81F, 0xF81F, 0xF81F, 0xF81F, 0xF81F, 0xF81F, 0xF81F, 0x0000,
    0x0000, 0x0000, 0x0000, 0x0000, 0xF81F, 0xF81F, 0xF81F, 0xF81F, 0xF81F, 0xF81F, 0xF81F, 0xF81F,
    0x0000, 0x0000, 0x0000, 0x0000, 0x0000, 0x0000, 0xF81F, 0xF81F, 0xF81F, 0xF81F, 0xF81F, 0xF81F,
    0xF81F, 0xF81F, 0xF81F, 0xF81F, 0xF81F, 0xF81F, 0xF81F, 0xF81F, 0xF81F, 0x0000, 0x0000, 0x0000,
    0x0000, 0x0000, 0xF81F, 0xF81F, 0xF81F, 0xF81F, 0xF81F, 0xF81F, 0xF81F, 0xF81F, 0xF81F, 0xF81F,
    0x0000, 0x0000, 0x0000, 0x0000, 0x0000, 0xF81F, 0xF81F, 0xF81F, 0xF81F, 0xF81F, 0xF81F, 0xF81F,
    0xF81F, 0xF81F, 0xF81F, 0xF81F, 0xF81F, 0xF81F, 0xF81F, 0xF81F, 0x0000, 0x0000, 0x0000, 0xFFFF,
    0xFFFF, 0xF81F, 0xF81F, 0xF81F, 0xF81F, 0xF81F, 0xF81F, 0xF81F, 0xF81F, 0xF81F, 0xF81F, 0xF81F,
    0x0000, 0x0000, 0x0000, 0x0000, 0x0000, 0xF81F, 0xF81F, 0xF81F, 0xF81F, 0xF81F, 0xF81F, 0xF81F,
    0xF81F, 0xF81F, 0xF81F, 0xF81F, 0xF81F, 0xF81F, 0x0000, 0x0000, 0x0000, 0x0000, 0x0000, 0xF81F,
    0xF81F, 0xF81F, 0xF81F, 0xF81F, 0xF81F, 0xF81F, 0xF81F, 0xF81F, 0xF81F, 0xF81F, 0xF81F, 0xFFFF,
    0xFFFF, 0x0000, 0x0000, 0x0000, 0xF81F, 0xF81F, 0xF81F, 0xF81F, 0xF81F, 0xF81F, 0xF81F, 0xF81F,
    0xF81F, 0xF81F, 0xF81F, 0xF81F, 0xF81F, 0x0000, 0x0000, 0x0000, 0x0000, 0xFFFF, 0xF81F, 0xF81F,
    0xF81F, 0xF81F, 0xF81F, 0xF81F, 0xF81F, 0xF81F, 0xF81F, 0xF81F, 0xF81F, 0xF81F, 0xF81F, 0x0000,
    0x0000, 0x0000, 0x0000, 0x0000, 0xF81F, 0xF81F, 0xF81F, 0xF81F, 0xF81F, 0xF81F, 0xF81F, 0xF81F,
    0xF81F, 0xF81F, 0xF81F, 0x0000, 0x0000, 0x0000, 0x0000, 0xFFFF, 0x0000, 0xF81F, 0xF81F, 0xF81F,
    0xF81F, 0xF81F, 0xF81F, 0xF81F, 0xF81F, 0xF81F, 0xF81F, 0xF81F, 0xF81F, 0xF81F, 0xFFFF, 0x0000,
    0x0000, 0x0000, 0x0000, 0xF81F, 0xF81F, 0xF81F, 0xF81F, 0xF81F, 0xF81F, 0xF81F, 0xF81F, 0xF81F,
    0xF81F, 0xF81F, 0x0000, 0x0000, 0x0000, 0x0000, 0x0000, 0x0000, 0xFFFF, 0xF81F, 0xF81F, 0xF81F,
    0xF81F, 0xF81F, 0xF81F, 0xF81F, 0xF81F, 0xF81F, 0xF81F, 0xF81F, 0xF81F, 0x0000, 0xFFFF, 0x0000,
    0x0000, 0x0000, 0xF81F, 0xF81F, 0xF81F, 0xF81F, 0xF81F, 0xF81F, 0xF81F, 0xF81F, 0xF81F, 0xF81F,
    0xF81F, 0x0000, 0x0000, 0x0000, 0x0000, 0x0000, 0xFFFF, 0x0000, 0xF81F, 0xF81F, 0xF81F, 0xF81F,
    0xF81F, 0xF81F, 0xF81F, 0xF81F, 0xF81F, 0xF81F, 0xF81F, 0xFFFF, 0x0000, 0x0000, 0x0000, 0x0000,
    0x0000, 0xF81F, 0xF81F, 0xF81F, 0xF81F, 0xF81F, 0xF81F, 0xF81F, 0xF81F, 0xF81F, 0xF81F, 0xF81F,
    0xF81F, 0x0000, 0x0000, 0x0000, 0x0000, 0xFFFF, 0x0000, 0xFFFF, 0xF81F, 0xF81F, 0xF81F, 0xF81F,
    0xF81F, 0xF81F, 0xF81F, 0xF81F, 0xF81F, 0xF81F, 0x0000, 0xFFFF, 0x0000, 0x0000, 0x0000, 0x0000,
    0xF81F, 0xF81F, 0xF81F, 0xF81F, 0xF81F, 0xF81F, 0xF81F, 0xF81F, 0xF81F, 0xF81F, 0xF81F, 0xF81F,
    0xF81F, 0x0000, 0x0000, 0x0000, 0x0000, 0xFFFF, 0x0000, 0x0000, 0xF81F, 0xF81F, 0xF81F, 0xF81F,
    0xF81F, 0xF81F, 0xF81F, 0xF81F, 0xFFFF, 0x0000, 0xFFFF, 0x0000, 0x0000, 0x0000, 0x0000, 0xF81F,
    0xF81F, 0xF81F, 0xF81F, 0xF81F, 0xF81F, 0xF81F, 0xF81F, 0xF81F, 0xF81F, 0xF81F, 0xF81F, 0xF81F,
    0xF81F, 0x0000, 0x0000, 0x0000, 0xFFFF, 0x0000, 0xFFFF, 0xFFFF, 0xF81F, 0xF81F, 0xF81F, 0xF81F,
    0xF81F, 0xF81F, 0x0000, 0x0000, 0xFFFF, 0x0000, 0x0000, 0x0000, 0x0000, 0xF81F, 0xF81F, 0xF81F,
    0xF81F, 0xF81F, 0xF81F, 0xF81F, 0xF81F, 0xF81F, 0xF81F, 0xF81F, 0xF81F, 0xF81F, 0xF81F, 0xF81F,
    0xF81F, 0x0000, 0x0000, 0x0000, 0xFFFF, 0xFFFF, 0xFFFF, 0xFFFF, 0xF81F, 0xF81F, 0xF81F, 0xF81F,
    0xFFFF, 0xFFFF, 0x0000, 0xFFFF, 0x0000, 0x0000, 0x0000, 0xF81F, 0xF81F, 0xF81F, 0xF81F, 0xF81F,
    0xF81F, 0xF81F, 0xF81F, 0xF81F, 0xF81F, 0xF81F, 0xF81F, 0xF81F, 0xF81F, 0xF81F, 0xF81F, 0xF81F,
    0xF81F, 0x0000, 0xFFFF, 0xFFFF, 0xFFFF, 0x0000, 0x0000, 0xF81F, 0xF81F, 0xF81F, 0xFFFF, 0xFFFF,
    0xFFFF, 0xFFFF, 0x0000, 0x0000, 0x0000, 0xF81F, 0xF81F, 0xF81F, 0xF81F, 0xF81F, 0xF81F, 0xF81F,
    0xF81F, 0xF81F, 0xF81F, 0xF81F, 0xF81F, 0xF81F, 0xF81F, 0xF81F, 0xF81F, 0xF81F, 0xF81F, 0xF81F,
    0xFFFF, 0xFFFF, 0xFFFF, 0x0000, 0x5C3C, 0x5C3C, 0x0000, 0xF81F, 0x0000, 0x0000, 0x0000, 0xFFFF,
    0xFFFF, 0xFFFF, 0x0000, 0xF81F, 0xF81F, 0xF81F, 0xF81F, 0xF81F, 0xF81F, 0xF81F, 0xF81F, 0xF81F,
    0xF81F, 0xF81F, 0xF81F, 0xF81F, 0xF81F, 0xF81F, 0xF81F, 0xF81F, 0xF81F, 0xF81F, 0xF81F, 0xFFFF,
    0xFFFF, 0x0000, 0x5C3C, 0x5C3C, 0x5C3C, 0x5C3C, 0x0000, 0x5C3C, 0x5C3C, 0x5C3C, 0x0000, 0xFFFF,
    0xFFFF, 0xFFFF, 0xF81F, 0xF81F, 0xF81F, 0xF81F, 0xF81F, 0xF81F, 0xF81F, 0xF81F, 0xF81F, 0xF81F,
    0xF81F, 0xF81F, 0xF81F, 0xF81F, 0xF81F, 0xF81F, 0xF81F, 0xF81F, 0xF81F, 0xF81F, 0xF81F, 0xFFFF,
    0x5C3C, 0x5C3C, 0x5C3C, 0x0000, 0x0000, 0x5C3C, 0x0000, 0x5C3C, 0x5C3C, 0x5C3C, 0x0000, 0xFFFF,
    0xF81F, 0xF81F, 0xF81F, 0xF81F, 0xF81F, 0xF81F, 0xF81F, 0xF81F, 0xF81F, 0xF81F, 0xF81F, 0xF81F,
    0xF81F, 0xF81F, 0xF81F, 0xF81F, 0xF81F, 0xF81F, 0xF81F, 0xF81F, 0xF81F, 0xF81F, 0x0000, 0x5C3C,
    0x5C3C, 0x0000, 0x5C3C, 0x5C3C, 0x5C3C, 0x0000, 0x5C3C, 0x0000, 0x5C3C, 0x5C3C, 0x0000, 0xF81F,
    0xF81F, 0xF81F, 0xF81F, 0xF81F, 0xF81F, 0xF81F, 0xF81F, 0xF81F, 0xF81F, 0xF81F, 0xF81F, 0xF81F,
    0xF81F, 0xF81F, 0xF81F, 0xF81F, 0xF81F, 0xF81F, 0xF81F, 0xF81F, 0xF81F, 0x0000, 0x5C3C, 0x5C3C,
    0x5C3C, 0x5C3C, 0x5C3C, 0x5C3C, 0x0000, 0x5C3C, 0x5C3C, 0x0000, 0x0000, 0xF81F, 0xF81F, 0xF81F,
    0xF81F, 0xF81F, 0xF81F, 0xF81F, 0xF81F, 0xF81F, 0xF81F, 0xF81F, 0xF81F, 0xF81F, 0xF81F, 0xF81F,
    0xF81F, 0xF81F, 0xF81F, 0xF81F, 0xF81F, 0xF81F, 0xF81F, 0xF81F, 0xF81F, 0x0000, 0x5C3C, 0x5C3C,
    0x5C3C, 0x5C3C, 0x5C3C, 0x0000, 0x5C3C, 0x5C3C, 0x0000, 0xF81F, 0xF81F, 0xF81F, 0xF81F, 0xF81F,
    0xF81F, 0xF81F, 0xF81F, 0xF81F, 0xF81F, 0xF81F, 0xF81F, 0xF81F, 0xF81F, 0xF81F, 0xF81F, 0xF81F,
    0xF81F, 0xF81F, 0xF81F, 0xF81F, 0x0000, 0x0000, 0x0000, 0x5C3C, 0x5C3C, 0x5C3C, 0x5C3C, 0x5C3C,
    0x5C3C, 0x0000, 0x5C3C, 0x5C3C, 0x5C3C, 0x5C3C, 0x0000, 0xF81F, 0xF81F, 0xF81F, 0xF81F, 0xF81F,
    0xF81F, 0xF81F, 0xF81F, 0xF81F, 0xF81F, 0xF81F, 0xF81F, 0xF81F, 0xF81F, 0xF81F, 0xF81F, 0xF81F,
    0xF81F, 0xF81F, 0x0000, 0x0000, 0xFFFF, 0x0000, 0x5C3C, 0x5C3C, 0x5C3C, 0x5C3C, 0x5C3C, 0x5C3C,
    0x0000, 0x5C3C, 0x5C3C, 0x5C3C, 0x5C3C, 0x5C3C, 0x0000, 0xF81F, 0xF81F, 0xF81F, 0xF81F, 0xF81F,
    0xF81F, 0xF81F, 0xF81F, 0xF81F, 0xF81F, 0xF81F, 0xF81F, 0xF81F, 0xF81F, 0xF81F, 0xF81F, 0xF81F,
    0x0000, 0xFFFF, 0x0000, 0xFFFF, 0xFFFF, 0x0000, 0x5C3C, 0x5C3C, 0x5C3C, 0x5C3C, 0x0000, 0x0000,
    0x0000, 0x5C3C, 0x5C3C, 0x5C3C, 0x0000, 0x0000, 0xF81F, 0xF81F, 0xF81F, 0xF81F, 0xF81F, 0xF81F,
    0xF81F, 0xF81F, 0xF81F, 0xF81F, 0xF81F, 0xF81F, 0xF81F, 0xF81F, 0xF81F, 0xF81F, 0xF81F, 0x0000,
    0xFFFF, 0x0000, 0xFFFF, 0xFFFF, 0xFFFF, 0x0000, 0x0000, 0x0000, 0x0000, 0xFFFF, 0x0000, 0xFFFF,
    0x0000, 0x0000, 0x0000, 0xFFFF, 0xFFFF, 0x0000, 0xF81F, 0xF81F, 0xF81F, 0xF81F, 0xF81F, 0xF81F,
    0xF81F, 0xF81F, 0xF81F, 0xF81F, 0xF81F, 0xF81F, 0xF81F, 0xF81F, 0xF81F, 0xF81F, 0x0000, 0xFFFF,
    0x0000, 0xFFFF, 0xFFFF, 0xFFFF, 0xFFFF, 0xFFFF, 0xFFFF, 0xFFFF, 0x0000, 0xFFFF, 0x0000, 0xFFFF,
    0xFFFF, 0xFFFF, 0xFFFF, 0xFFFF, 0x0000, 0xF81F, 0xF81F, 0xF81F, 0xF81F, 0xF81F, 0xF81F, 0xF81F,
    0xF81F, 0xF81F, 0xF81F, 0xF81F, 0xF81F, 0xF81F, 0xF81F, 0xF81F, 0xF81F, 0x0000, 0x0000, 0xFFFF,
    0xFFFF, 0xFFFF, 0xFFFF, 0xFFFF, 0xFFFF, 0xFFFF, 0xFFFF, 0xFFFF, 0x0000, 0x0000, 0xFFFF, 0xFFFF,
    0xFFFF, 0xFFFF, 0xFFFF, 0x0000, 0xF81F, 0xF81F, 0xF81F, 0xF81F, 0xF81F, 0xF81F, 0xF81F, 0xF81F,
    0xF81F, 0xF81F, 0xF81F, 0xF81F, 0xF81F, 0xF81F, 0xF81F, 0xF81F, 0x0000, 0x0000, 0xFFFF, 0xFFFF,
    0xFFFF, 0xFFFF, 0xFFFF, 0xFFFF, 0xFFFF, 0xFFFF, 0x0000, 0xFFFF, 0x0000, 0xFFFF, 0xFFFF, 0xFFFF,
    0xFFFF, 0xFFFF, 0x0000, 0xF81F, 0xF81F, 0xF81F, 0xF81F, 0xF81F, 0xF81F, 0xF81F, 0xF81F, 0xF81F,
    0xF81F, 0xF81F, 0xF81F, 0xF81F, 0xF81F, 0xF81F, 0xF81F, 0x0000, 0x0000, 0xFFFF, 0xFFFF, 0xFFFF,
    0xFFFF, 0xFFFF, 0xFFFF, 0xFFFF, 0xFFFF, 0xFFFF, 0x0000, 0xFFFF, 0xFFFF, 0xFFFF, 0xFFFF, 0xFFFF,
    0xFFFF, 0x0000, 0xF81F, 0xF81F, 0xF81F, 0xF81F, 0xF81F, 0xF81F, 0xF81F, 0xF81F, 0xF81F, 0xF81F,
    0xF81F, 0xF81F, 0xF81F, 0xF81F, 0xF81F, 0xF81F, 0x0000, 0x0000, 0xFFFF, 0xFFFF, 0xFFFF, 0xFFFF,
    0xFFFF, 0xFFFF, 0xFFFF, 0xFFFF, 0xFFFF, 0x0000, 0xFFFF, 0xFFFF, 0xFFFF, 0xFFFF, 0xFFFF, 0x0000,
    0xF81F, 0xF81F, 0xF81F, 0xF81F, 0xF81F, 0xF81F, 0xF81F, 0xF81F, 0xF81F, 0xF81F, 0xF81F, 0xF81F,
    0xF81F, 0xF81F, 0xF81F, 0xF81F, 0xF81F, 0x0000, 0x0000, 0xFFFF, 0xFFFF, 0xFFFF, 0xFFFF, 0xFFFF,
    0xFFFF, 0xFFFF, 0x0000, 0x0000, 0xFFFF, 0xFFFF, 0xFFFF, 0xFFFF, 0xFFFF, 0xFFFF, 0x0000, 0xF81F,
    0xF81F, 0xF81F, 0xF81F, 0xF81F, 0xF81F, 0xF81F, 0xF81F, 0xF81F, 0xF81F, 0xF81F, 0xF81F, 0xF81F,
    0xF81F, 0xF81F, 0xF81F, 0xF81F, 0x0000, 0x0000, 0xFFFF, 0xFFFF, 0xFFFF, 0xFFFF, 0xFFFF, 0x0000,
    0x0000, 0xFFFF, 0xFFFF, 0x0000, 0x0000, 0xFFFF, 0xFFFF, 0xFFFF, 0xFFFF, 0x0000, 0xF81F, 0xF81F,
    0xF81F, 0xF81F, 0xF81F, 0xF81F, 0xF81F, 0xF81F, 0xF81F, 0xF81F, 0xF81F, 0xF81F, 0xF81F, 0xF81F,
    0xF81F, 0xF81F, 0xF81F, 0x0000, 0x0000, 0xFFFF, 0xFFFF, 0xFFFF, 0xFFFF, 0xFFFF, 0xFFFF, 0xFFFF,
    0xFFFF, 0xFFFF, 0xFFFF, 0xFFFF, 0xFFFF, 0xFFFF, 0xFFFF, 0xFFFF, 0x0000, 0xF81F, 0xF81F, 0xF81F,
    0xF81F, 0xF81F, 0xF81F, 0xF81F, 0xF81F, 0xF81F, 0xF81F, 0xF81F, 0xF81F, 0xF81F, 0xF81F, 0xF81F,
    0xF81F, 0xF81F, 0x0000, 0x0000, 0xFFFF, 0xFFFF, 0xFFFF, 0xFFFF, 0xFFFF, 0xFFFF, 0xFFFF, 0xFFFF,
    0xFFFF, 0xFFFF, 0xFFFF, 0xFFFF, 0xFFFF, 0xFFFF, 0xFFFF, 0x0000, 0xF81F, 0xF81F, 0xF81F, 0xF81F,
    0xF81F, 0xF81F, 0xF81F, 0xF81F, 0xF81F, 0xF81F, 0xF81F, 0xF81F, 0xF81F, 0xF81F, 0xF81F, 0xF81F,
    0xF81F, 0x0000, 0x0000, 0x0000, 0xFFFF, 0xFFFF, 0xFFFF, 0xFFFF, 0xFFFF, 0xFFFF, 0xFFFF, 0xFFFF,
    0xFFFF, 0xFFFF, 0xFFFF, 0xFFFF, 0xFFFF, 0x0000, 0xF81F, 0xF81F, 0xF81F, 0xF81F, 0xF81F, 0xF81F,
    0xF81F, 0xF81F, 0xF81F, 0xF81F, 0xF81F, 0xF81F, 0xF81F, 0xF81F, 0xF81F, 0xF81F, 0xF81F, 0xF81F,
    0xF81F, 0x0000, 0x0000, 0x0000, 0xFFFF, 0xFFFF, 0xFFFF, 0xFFFF, 0xFFFF, 0xFFFF, 0xFFFF, 0xFFFF,
    0xFFFF, 0xFFFF, 0x0000, 0x0000, 0x0000, 0xF81F, 0xF81F, 0xF81F, 0xF81F, 0xF81F, 0xF81F, 0xF81F,
    0xF81F, 0xF81F, 0xF81F, 0xF81F, 0xF81F, 0xF81F, 0xF81F, 0xF81F, 0xF81F, 0xF81F, 0xF81F, 0xF81F,
    0x0000, 0xFFFF, 0x0000, 0x0000, 0x0000, 0x0000, 0x0000, 0x0000, 0x0000, 0x0000, 0x0000, 0x0000,
    0x0000, 0xFFFF, 0x0000, 0xF81F, 0xF81F, 0xF81F, 0xF81F, 0xF81F, 0xF81F, 0xF81F, 0xF81F, 0xF81F,
    0xF81F, 0xF81F, 0xF81F, 0xF81F, 0xF81F, 0xF81F, 0xF81F, 0xF81F, 0xF81F, 0xF81F, 0xF81F, 0xF81F,
    0x0000, 0x0000, 0xFFFF, 0x0000, 0xFFFF, 0x0000, 0xFFFF, 0x0000, 0xFFFF, 0x0000, 0xFFFF, 0x0000,
    0xFFFF, 0x0000, 0xF81F, 0xF81F, 0xF81F, 0xF81F, 0xF81F, 0xF81F, 0xF81F, 0xF81F, 0xF81F, 0xF81F,
    0xF81F, 0xF81F, 0xF81F, 0xF81F, 0xF81F, 0xF81F, 0xF81F, 0xF81F, 0xF81F, 0xF81F, 0xF81F, 0x0000,
    0x0000, 0x0000, 0x0000, 0xFFFF, 0x0000, 0xFFFF, 0x0000, 0xFFFF, 0x0000, 0xFFFF, 0x0000, 0x0000,
    0x0000, 0xF81F, 0xF81F, 0xF81F, 0xF81F, 0xF81F, 0xF81F, 0xF81F, 0xF81F, 0xF81F, 0xF81F, 0xF81F,
    0xF81F, 0xF81F, 0xF81F, 0xF81F, 0xF81F, 0xF81F, 0xF81F, 0xF81F, 0xF81F, 0xF81F, 0x0000, 0x5C3C,
    0x5C3C, 0x5C3C, 0x0000, 0x0000, 0x0000, 0x0000, 0x0000, 0x0000, 0xFBF1, 0xFBF1, 0xFBF1, 0xFBF1,
    0x0000, 0xF81F, 0xF81F, 0xF81F, 0xF81F, 0xF81F, 0xF81F, 0xF81F, 0xF81F, 0xF81F, 0xF81F, 0xF81F,
    0xF81F, 0xF81F, 0xF81F, 0xF81F, 0xF81F, 0xF81F, 0xF81F, 0xF81F, 0xF81F, 0x0000, 0x5C3C, 0x5C3C,
    0x5C3C, 0x5C3C, 0x5C3C, 0x5C3C, 0x0000, 0xFBF1, 0xFBF1, 0xFBF1, 0xFBF1, 0xFBF1, 0xFBF1, 0xFBF1,
    0x0000, 0xF81F, 0xF81F, 0xF81F, 0xF81F, 0xF81F, 0xF81F, 0xF81F, 0xF81F, 0xF81F, 0xF81F, 0xF81F,
    0xF81F, 0xF81F, 0xF81F, 0x0000, 0x0000, 0xF81F, 0xF81F, 0x0000, 0x5C3C, 0x0000, 0x5C3C, 0x5C3C,
    0x5C3C, 0x5C3C, 0x0000, 0xFBF1, 0x0000, 0xFBF1, 0xFBF1, 0xFBF1, 0xFBF1, 0xFBF1, 0xFBF1, 0x0000,
    0xF81F, 0xF81F, 0xF81F, 0xF81F, 0xF81F, 0xF81F, 0xF81F, 0xF81F, 0xF81F, 0xF81F, 0xF81F, 0xF81F,
    0xF81F, 0x0000, 0x5C3C, 0x5C3C, 0x0000, 0xF81F, 0x0000, 0x5C3C, 0x0000, 0x5C3C, 0x5C3C, 0x5C3C,
    0x0000, 0xFBF1, 0x0000, 0xFBF1, 0xFBF1, 0xFBF1, 0xFFFF, 0xFFFF, 0xFFFF, 0xFBF1, 0x0000, 0x0000,
    0xF81F, 0xF81F, 0xF81F, 0xF81F, 0xF81F, 0xF81F, 0xF81F, 0xF81F, 0xF81F, 0xF81F, 0xF81F, 0x0000,
    0x5C3C, 0x5C3C, 0x5C3C, 0x0000, 0xF81F, 0x0000, 0x5C3C, 0x0000, 0x5C3C, 0x5C3C, 0x5C3C, 0x0000,
    0xFBF1, 0x0000, 0xFBF1, 0xFBF1, 0xFFFF, 0xFFFF, 0xFBF1, 0xFBF1, 0xFBF1, 0x0000, 0xFBF1, 0x0000,
    0xF81F, 0xF81F, 0xF81F, 0xF81F, 0xF81F, 0xF81F, 0xF81F, 0xF81F, 0xF81F, 0x0000, 0x5C3C, 0x5C3C,
    0x5C3C, 0x5C3C, 0x5C3C, 0x0000, 0x0000, 0x5C3C, 0x0000, 0x5C3C, 0x5C3C, 0x5C3C, 0x0000, 0xFBF1,
    0x0000, 0xFBF1, 0xFFFF, 0xFFFF, 0xFBF1, 0xFBF1, 0xFBF1, 0xFBF1, 0xFBF1, 0xFBF1, 0x0000, 0xF81F,
    0xF81F, 0xF81F, 0xF81F, 0xF81F, 0xF81F, 0xF81F, 0xF81F, 0x0000, 0x0000, 0x0000, 0x5C3C, 0x5C3C,
    0x5C3C, 0x5C3C, 0x0000, 0x5C3C, 0x5C3C, 0x0000, 0x5C3C, 0x5C3C, 0x0000, 0x5C3C, 0x0000, 0xFBF1,
    0xFBF1, 0xFFFF, 0xFBF1, 0xFBF1, 0xFBF1, 0xFBF1, 0xFBF1, 0xFBF1, 0x0000, 0x5C3C, 0x0000, 0xF81F,
    0xF81F, 0xF81F, 0xF81F, 0xF81F, 0xF81F, 0x0000, 0xFBF1, 0xFBF1, 0xFBF1, 0x0000, 0x5C3C, 0x0000,
    0x5C3C, 0x0000, 0x5C3C, 0x5C3C, 0x5C3C, 0x0000, 0x5C3C, 0x5C3C, 0x0000, 0x5C3C, 0x0000, 0xFBF1,
    0xFBF1, 0xFBF1, 0xFBF1, 0xFBF1, 0xFBF1, 0x0000, 0xFBF1, 0x0000, 0x5C3C, 0x5C3C, 0x0000, 0xF81F,
    0xF81F, 0xF81F, 0xF81F, 0x0000, 0xFBF1, 0xFBF1, 0xFBF1, 0xFBF1, 0xFBF1, 0x0000, 0x0000, 0x5C3C,
    0x0000, 0x5C3C, 0x5C3C, 0x5C3C, 0x0000, 0x5C3C, 0x5C3C, 0x0000, 0x5C3C, 0x5C3C, 0x0000, 0xFBF1,
    0xFBF1, 0xFBF1, 0xFBF1, 0x0000, 0xFBF1, 0x0000, 0x5C3C, 0x5C3C, 0x5C3C, 0x0000, 0xF81F, 0xF81F,
    0xF81F, 0x0000, 0xFBF1, 0x0000, 0x0000, 0x0000, 0xFBF1, 0xFBF1, 0x0000, 0x5C3C, 0x0000, 0x5C3C,
    0x5C3C, 0x5C3C, 0x5C3C, 0x5C3C, 0x0000, 0x5C3C, 0x5C3C, 0x5C3C, 0x0000, 0x5C3C, 0x0000, 0x0000,
    0x0000, 0x0000, 0x0000, 0x0000, 0x5C3C, 0x5C3C, 0x5C3C, 0x5C3C, 0x0000, 0xF81F, 0xF81F, 0xF81F,
    0x0000, 0xFBF1, 0xFBF1, 0xFBF1, 0xFBF1, 0x0000, 0x0000, 0x5C3C, 0x5C3C, 0x0000, 0x5C3C, 0x5C3C,
    0x5C3C, 0x5C3C, 0x5C3C, 0x5C3C, 0x0000, 0x0000, 0x0000, 0x5C3C, 0x5C3C, 0x5C3C, 0x5C3C, 0x5C3C,
    0x5C3C, 0x0000, 0x0000, 0x0000, 0x0000, 0x5C3C, 0x0000, 0xF81F, 0xF81F, 0xF81F, 0x0000, 0xFBF1,
    0xFBF1, 0xFBF1, 0xFBF1, 0xFBF1, 0xFBF1, 0x0000, 0x0000, 0x5C3C, 0x0000, 0x5C3C, 0x0000, 0x0000,
    0x0000, 0x0000, 0x0000, 0x5C3C, 0x5C3C, 0x5C3C, 0x0000, 0x0000, 0x0000, 0x0000, 0x0000, 0x5C3C,
    0x0000, 0x5C3C, 0x5C3C, 0x5C3C, 0x5C3C, 0x0000, 0xF81F, 0xF81F, 0xF81F, 0x0000, 0xFBF1, 0xFFFF,
    0xFBF1, 0xFBF1, 0xFBF1, 0xFBF1, 0x0000, 0xFBF1, 0x0000, 0x5C3C, 0x0000, 0x5C3C, 0x5C3C, 0x5C3C,
    0x5C3C, 0x5C3C, 0x0000, 0x5C3C, 0x0000, 0x5C3C, 0x5C3C, 0x5C3C, 0x5C3C, 0x5C3C, 0x0000, 0x5C3C,
    0x5C3C, 0x5C3C, 0x5C3C, 0x0000, 0xF81F, 0xF81F, 0xF81F, 0xF81F, 0x0000, 0xFBF1, 0xFFFF, 0xFBF1,
    0xFBF1, 0xFBF1, 0xFBF1, 0xFBF1, 0x0000, 0xFBF1, 0x0000, 0x5C3C, 0x5C3C, 0x5C3C, 0x5C3C, 0x5C3C,
    0x5C3C, 0x5C3C, 0x0000, 0x5C3C, 0x5C3C, 0x5C3C, 0x5C3C, 0x5C3C, 0x5C3C, 0x5C3C, 0x0000, 0x5C3C,
    0x5C3C, 0x5C3C, 0x0000, 0xF81F, 0xF81F, 0xF81F, 0xF81F, 0x0000, 0xFBF1, 0xFFFF, 0xFFFF, 0xFBF1,
    0xFBF1, 0xFBF1, 0xFBF1, 0x0000, 0xFBF1, 0x0000, 0x5C3C, 0x5C3C, 0x5C3C, 0x5C3C, 0x5C3C, 0x5C3C,
    0x5C3C, 0x0000, 0x5C3C, 0x5C3C, 0x5C3C, 0x5C3C, 0x5C3C, 0x5C3C, 0x5C3C, 0x0000, 0x5C3C, 0x5C3C,
    0x5C3C, 0x0000, 0xF81F, 0xF81F, 0xF81F, 0xF81F, 0x0000, 0xFBF1, 0xFFFF, 0xFFFF, 0xFBF1, 0xFBF1,
    0xFBF1, 0xFBF1, 0x0000, 0xFBF1, 0x0000, 0x5C3C, 0x5C3C, 0x5C3C, 0x5C3C, 0x5C3C, 0x5C3C, 0x5C3C,
    0x0000, 0x5C3C, 0x5C3C, 0x5C3C, 0x5C3C, 0x5C3C, 0x5C3C, 0x5C3C, 0x0000, 0x5C3C, 0x5C3C, 0x5C3C,
    0x0000, 0xF81F, 0xF81F, 0xF81F, 0xF81F, 0xF81F, 0x0000, 0xFBF1, 0xFFFF, 0xFFFF, 0xFBF1, 0xFBF1,
    0xFBF1, 0xFBF1, 0x0000, 0x5C3C, 0x5C3C, 0x5C3C, 0x5C3C, 0x5C3C, 0x5C3C, 0x5C3C, 0x5C3C, 0x0000,
    0x5C3C, 0x5C3C, 0x5C3C, 0x5C3C, 0x5C3C, 0x5C3C, 0x5C3C, 0x0000, 0x5C3C, 0x5C3C, 0x0000, 0xF81F,
    0xF81F, 0xF81F, 0xF81F, 0xF81F, 0xF81F, 0x0000, 0xFBF1, 0xFBF1, 0xFFFF, 0xFFFF, 0xFBF1, 0xFBF1,
    0xFBF1, 0x0000, 0x5C3C, 0x5C3C, 0x5C3C, 0x5C3C, 0x5C3C, 0x5C3C, 0x5C3C, 0x5C3C, 0x0000, 0x5C3C,
    0x5C3C, 0x5C3C, 0x5C3C, 0x5C3C, 0x5C3C, 0x5C3C, 0x0000, 0x5C3C, 0x5C3C, 0x0000, 0xF81F, 0xF81F,
    0xF81F, 0xF81F, 0xF81F, 0xF81F, 0xF81F, 0x0000, 0xFBF1, 0xFBF1, 0xFBF1, 0xFBF1, 0xFBF1, 0x0000,
    0x5C3C, 0x5C3C, 0x5C3C, 0x5C3C, 0x5C3C, 0x5C3C, 0x5C3C, 0x5C3C, 0x5C3C, 0x0000, 0x5C3C, 0x5C3C,
    0x5C3C, 0x5C3C, 0x5C3C, 0x5C3C, 0x5C3C, 0x0000, 0x5C3C, 0x5C3C, 0x0000, 0xF81F, 0xF81F, 0xF81F,
    0xF81F, 0xF81F, 0xF81F, 0xF81F, 0xF81F, 0x0000, 0x0000, 0x0000, 0x0000, 0x0000, 0x5C3C, 0x5C3C,
    0x5C3C, 0x5C3C, 0x5C3C, 0x5C3C, 0x5C3C, 0x5C3C, 0x5C3C, 0x5C3C, 0x5C3C, 0x5C3C, 0x5C3C, 0x5C3C,
    0x5C3C, 0x5C3C, 0x5C3C, 0x0000, 0x5C3C, 0x5C3C, 0x5C3C, 0x0000, 0xF81F, 0xF81F, 0xF81F, 0xF81F,
    0xF81F, 0xF81F, 0xF81F, 0xF81F, 0xF81F, 0xF81F, 0xF81F, 0xF81F, 0xF81F, 0x0000, 0x5C3C, 0x5C3C,
    0x5C3C, 0x5C3C, 0x5C3C, 0x5C3C, 0x5C3C, 0x5C3C, 0x5C3C, 0x5C3C, 0x5C3C, 0x5C3C, 0x5C3C, 0x5C3C,
    0x5C3C, 0x5C3C, 0x0000, 0x5C3C, 0x5C3C, 0x5C3C, 0x0000, 0xF81F, 0xF81F, 0xF81F, 0xF81F, 0xF81F,
    0xF81F, 0xF81F, 0xF81F, 0xF81F, 0xF81F, 0xF81F, 0xF81F, 0xF81F, 0xF81F, 0x0000, 0x5C3C, 0x5C3C,
    0x5C3C, 0x5C3C, 0x5C3C, 0x5C3C, 0x5C3C, 0x0000, 0x0000, 0x5C3C, 0x5C3C, 0x5C3C, 0x5C3C, 0x5C3C,
    0x5C3C, 0x5C3C, 0x5C3C, 0x5C3C, 0x0000, 0xF81F, 0xF81F, 0xF81F, 0xF81F, 0xF81F, 0xF81F, 0xF81F,
    0xF81F, 0xF81F, 0xF81F, 0xF81F, 0xF81F, 0xF81F, 0xF81F, 0xF81F, 0xF81F, 0x0000, 0x0000, 0x5C3C,
    0x5C3C, 0x5C3C, 0x0000, 0x0000, 0x5C3C, 0x5C3C, 0x0000, 0x0000, 0x5C3C, 0x5C3C, 0x5C3C, 0x5C3C,
    0x5C3C, 0x5C3C, 0x5C3C, 0x0000, 0xF81F, 0xF81F, 0xF81F, 0xF81F, 0xF81F, 0xF81F, 0xF81F, 0xF81F,
    0xF81F, 0xF81F, 0xF81F, 0xF81F, 0xF81F, 0xF81F, 0xF81F, 0xF81F, 0xF81F, 0xF81F, 0x0000, 0x0000,
    0x5C3C, 0x5C3C, 0x5C3C, 0x5C3C, 0x5C3C, 0x5C3C, 0x5C3C, 0x0000, 0x5C3C, 0x5C3C, 0x5C3C, 0x5C3C,
    0x5C3C, 0x0000, 0xF81F, 0xF81F, 0xF81F, 0xF81F, 0xF81F, 0xF81F, 0xF81F, 0xF81F, 0xF81F, 0xF81F,
    0xF81F, 0xF81F, 0xF81F, 0xF81F, 0xF81F, 0xF81F, 0xF81F, 0xF81F, 0xF81F, 0xF81F, 0xF81F, 0x0000,
    0x5C3C, 0x5C3C, 0x5C3C, 0x5C3C, 0x5C3C, 0x0000, 0x5C3C, 0x5C3C, 0x5C3C, 0x5C3C, 0x5C3C, 0x0000,
    0xF81F, 0xF81F, 0xF81F, 0xF81F, 0xF81F, 0xF81F, 0xF81F, 0xF81F, 0xF81F, 0xF81F, 0xF81F, 0xF81F,
    0xF81F, 0xF81F, 0xF81F, 0xF81F, 0xF81F, 0xF81F, 0xF81F, 0xF81F, 0xF81F, 0xF81F, 0xF81F, 0x0000,
    0x5C3C, 0x5C3C, 0x5C3C, 0x5C3C, 0x0000, 0x5C3C, 0x5C3C, 0x0000, 0x0000, 0x0000, 0xF81F, 0xF81F,
    0xF81F, 0xF81F, 0xF81F, 0xF81F, 0xF81F, 0xF81F, 0xF81F, 0xF81F, 0xF81F, 0xF81F, 0xF81F, 0xF81F,
    0xF81F, 0xF81F, 0xF81F, 0xF81F, 0xF81F, 0xF81F, 0xF81F, 0xF81F, 0xF81F, 0xF81F, 0x0000, 0x5C3C,
    0x5C3C, 0x5C3C, 0x0000, 0x5C3C, 0x5C3C, 0x0000, 0xF81F, 0xF81F, 0xF81F, 0xF81F, 0xF81F, 0xF81F,
    0xF81F, 0xF81F, 0xF81F, 0xF81F, 0xF81F, 0xF81F, 0xF81F, 0xF81F, 0xF81F, 0xF81F, 0xF81F, 0xF81F,
    0xF81F, 0xF81F, 0xF81F, 0xF81F, 0xF81F, 0xF81F, 0xF81F, 0xF81F, 0xF81F, 0x0000, 0x5C3C, 0x5C3C,
    0x5C3C, 0x0000, 0x5C3C, 0x0000, 0xF81F, 0xF81F, 0xF81F, 0xF81F, 0xF81F, 0xF81F, 0xF81F, 0xF81F,
    0xF81F, 0xF81F, 0xF81F, 0xF81F, 0xF81F, 0xF81F, 0xF81F, 0xF81F, 0xF81F, 0xF81F, 0xF81F, 0xF81F,
    0xF81F, 0xF81F, 0xF81F, 0xF81F, 0xF81F, 0xF81F, 0xF81F, 0x0000, 0x5C3C, 0x5C3C, 0x5C3C, 0x5C3C,
    0x0000, 0x5C3C, 0x0000, 0xF81F, 0xF81F, 0xF81F, 0xF81F, 0xF81F, 0xF81F, 0xF81F, 0xF81F, 0xF81F,
    0xF81F, 0xF81F, 0xF81F, 0xF81F, 0xF81F, 0xF81F, 0xF81F, 0xF81F, 0xF81F, 0xF81F, 0xF81F, 0xF81F,
    0xF81F, 0xF81F, 0xF81F, 0xF81F, 0xF81F, 0x0000, 0x5C3C, 0x5C3C, 0x5C3C, 0x5C3C, 0x0000, 0x5C3C,
    0x0000, 0xF81F, 0xF81F, 0xF81F, 0xF81F, 0xF81F, 0xF81F, 0xF81F, 0xF81F, 0xF81F, 0xF81F, 0xF81F,
    0xF81F, 0xF81F, 0xF81F, 0xF81F, 0xF81F, 0xF81F, 0xF81F, 0xF81F, 0xF81F, 0xF81F, 0xF81F, 0xF81F,
    0xF81F, 0xF81F, 0x0000, 0x0000, 0x5C3C, 0x5C3C, 0x5C3C, 0x5C3C, 0x5C3C, 0x0000, 0x5C3C, 0x0000,
    0xF81F, 0xF81F, 0xF81F, 0xF81F, 0xF81F, 0xF81F, 0xF81F, 0xF81F, 0xF81F, 0xF81F, 0xF81F, 0xF81F,
    0xF81F, 0xF81F, 0xF81F, 0xF81F, 0xF81F, 0xF81F, 0xF81F, 0xF81F, 0xF81F, 0xF81F, 0xF81F, 0x0000,
    0x0000, 0x5C3C, 0x5C3C, 0x0000, 0x0000, 0x0000, 0x5C3C, 0x5C3C, 0x5C3C, 0x5C3C, 0x5C3C, 0x0000,
    0xF81F, 0xF81F, 0xF81F, 0xF81F, 0xF81F, 0xF81F, 0xF81F, 0xF81F, 0xF81F, 0xF81F, 0xF81F, 0xF81F,
    0xF81F, 0xF81F, 0xF81F, 0xF81F, 0xF81F, 0xF81F, 0xF81F, 0xF81F, 0xF81F, 0x0000, 0x5C3C, 0x5C3C,
    0x5C3C, 0x5C3C, 0x5C3C, 0x5C3C, 0x5C3C, 0x0000, 0x5C3C, 0x5C3C, 0x5C3C, 0x5C3C, 0x0000, 0x0000,
    0xF81F, 0xF81F, 0xF81F, 0xF81F, 0xF81F, 0xF81F, 0xF81F, 0xF81F, 0xF81F, 0xF81F, 0xF81F, 0xF81F,
    0xF81F, 0xF81F, 0xF81F, 0xF81F, 0xF81F, 0xF81F, 0xF81F, 0x0000, 0x5C3C, 0x5C3C, 0x5C3C, 0x5C3C,
    0x5C3C, 0x5C3C, 0x5C3C, 0x5C3C, 0x5C3C, 0x0000, 0x5C3C, 0x5C3C, 0x5C3C, 0x5C3C, 0x0000, 0x0000,
    0xF81F, 0xF81F, 0xF81F, 0xF81F, 0xF81F, 0xF81F, 0xF81F, 0xF81F, 0xF81F, 0xF81F, 0xF81F, 0xF81F,
    0xF81F, 0xF81F, 0xF81F, 0xF81F, 0xF81F, 0xF81F, 0x0000, 0x5C3C, 0x5C3C, 0x5C3C, 0x5C3C, 0x0000,
    0x5C3C, 0x5C3C, 0x5C3C, 0x5C3C, 0x5C3C, 0x5C3C, 0x5C3C, 0x0000, 0x5C3C, 0x0000, 0x0000, 0x0000,
    0xF81F, 0xF81F, 0xF81F, 0xF81F, 0xF81F, 0xF81F, 0xF81F, 0xF81F, 0xF81F, 0xF81F, 0xF81F, 0xF81F,
    0xF81F, 0xF81F, 0xF81F, 0xF81F, 0xF81F, 0xF81F, 0x0000, 0x5C3C, 0x5C3C, 0x5C3C, 0x0000, 0x5C3C,
    0x5C3C, 0x5C3C, 0x5C3C, 0x5C3C, 0x5C3C, 0x0000, 0x5C3C, 0x0000, 0x5C3C, 0x0000, 0x0000, 0x0000,
    0xF81F, 0xF81F, 0xF81F, 0xF81F, 0xF81F, 0xF81F, 0xF81F, 0xF81F, 0xF81F, 0xF81F, 0xF81F, 0xF81F,
    0xF81F, 0xF81F, 0xF81F, 0xF81F, 0xF81F, 0xF81F, 0x0000, 0x0000, 0x5C3C, 0x5C3C, 0x0000, 0x5C3C,
    0x5C3C, 0x5C3C, 0x5C3C, 0x5C3C, 0x0000, 0x0000, 0x5C3C, 0x5C3C, 0x0000, 0x0000, 0x0000, 0x0000,
    0xF81F, 0xF81F, 0xF81F, 0xF81F, 0xF81F, 0xF81F, 0xF81F, 0xF81F, 0xF81F, 0xF81F, 0xF81F, 0xF81F,
    0xF81F, 0xF81F, 0xF81F, 0xF81F, 0xF81F, 0xF81F, 0xF81F, 0xFFFF, 0xFFFF, 0x5C3C, 0x0000, 0x0000,
    0x0000, 0x5C3C, 0x5C3C, 0x5C3C, 0x0000, 0x0000, 0x0000, 0x0000, 0x0000, 0x0000, 0x0000, 0xF81F,
    0xF81F, 0xF81F, 0xF81F, 0xF81F, 0xF81F, 0xF81F, 0xF81F, 0xF81F, 0xF81F, 0xF81F, 0xF81F, 0xF81F,
    0xF81F, 0xF81F, 0xF81F, 0xF81F, 0xFFFF, 0xF81F, 0xFFFF, 0x5C3C, 0x5C3C, 0x5C3C, 0x5C3C, 0x5C3C,
    0x5C3C, 0x5C3C, 0x5C3C, 0x5C3C, 0x0000, 0x0000, 0x0000, 0x0000, 0x0000, 0x0000, 0x0000, 0xF81F,
    0xF81F, 0xF81F, 0xF81F, 0xF81F, 0xF81F, 0xF81F, 0xF81F, 0xF81F, 0xF81F, 0xF81F, 0xF81F, 0xF81F,
    0xFFFF, 0xF81F, 0xF81F, 0xF81F, 0x0000, 0x0000, 0x0000, 0x5C3C, 0x5C3C, 0x5C3C, 0x5C3C, 0x5C3C,
    0x5C3C, 0x5C3C, 0x5C3C, 0x0000, 0x0000, 0x0000, 0x0000, 0x0000, 0x0000, 0x0000, 0xF81F, 0xF81F,
    0xF81F, 0xF81F, 0xF81F, 0xF81F, 0xF81F, 0xF81F, 0xF81F, 0xF81F, 0xF81F, 0xF81F, 0xF81F, 0xF81F,
    0xF81F, 0xF81F, 0x0000, 0x5C3C, 0x5C3C, 0x5C3C, 0x0000, 0x5C3C, 0x5C3C, 0x5C3C, 0x0000, 0x5C3C,
    0x5C3C, 0x5C3C, 0x5C3C, 0x0000, 0x0000, 0x0000, 0x0000, 0x0000, 0x0000, 0xF81F, 0xF81F, 0xF81F,
    0xF81F, 0xF81F, 0xF81F, 0xF81F, 0xF81F, 0xF81F, 0xF81F, 0xF81F, 0xF81F, 0xF81F, 0xF81F, 0xF81F,
    0xF81F, 0x0000, 0x5C3C, 0x5C3C, 0x5C3C, 0x5C3C, 0x5C3C, 0x5C3C, 0x0000, 0x5C3C, 0x5C3C, 0x5C3C,
    0x5C3C, 0x5C3C, 0x0000, 0x0000, 0x0000, 0x0000, 0x0000, 0x0000, 0xF81F, 0xF81F, 0xF81F, 0xF81F,
    0xF81F, 0xF81F, 0xF81F, 0xF81F, 0xF81F, 0xF81F, 0xF81F, 0xF81F, 0xF81F, 0xF81F, 0xF81F, 0xF81F,
    0xF81F, 0x0000, 0x0000, 0x5C3C, 0x5C3C, 0x5C3C, 0x0000, 0x5C3C, 0x5C3C, 0x5C3C, 0x5C3C, 0x5C3C,
    0x5C3C, 0x5C3C, 0x0000, 0x0000, 0x0000, 0x0000, 0x0000, 0xF81F, 0xF81F, 0xF81F, 0xF81F, 0xF81F,
    0xF81F, 0xF81F, 0xF81F, 0xF81F, 0xF81F, 0xF81F, 0xF81F, 0xF81F, 0xF81F, 0xF81F, 0xF81F, 0xF81F,
    0xF81F, 0xF81F, 0x0000, 0x5C3C, 0x5C3C, 0x0000, 0x0000, 0x0000, 0x5C3C, 0x5C3C, 0x5C3C, 0x5C3C,
    0x5C3C, 0x0000, 0x0000, 0x0000, 0x0000, 0x0000, 0xF81F, 0xF81F, 0xF81F, 0xF81F, 0xF81F, 0xF81F,
    0xF81F, 0xF81F, 0xF81F, 0xF81F, 0xF81F, 0xF81F, 0xF81F, 0xF81F, 0xF81F, 0xF81F, 0xF81F, 0xF81F,
    0xF81F, 0xF81F, 0x0000, 0x0000, 0x5C3C, 0x5C3C, 0x5C3C, 0x0000, 0x0000, 0x5C3C, 0x5C3C, 0x0000,
    0x0000, 0x0000, 0x0000, 0x0000, 0xF81F, 0xF81F, 0xF81F, 0xF81F, 0xF81F, 0xF81F, 0xF81F, 0xF81F,
    0xF81F, 0xF81F, 0xF81F, 0xF81F, 0xF81F, 0xF81F, 0xF81F, 0xF81F, 0xF81F, 0xF81F, 0xF81F, 0xF81F,
    0xF81F, 0xF81F, 0xF81F, 0x0000, 0x5C3C, 0x0000, 0x0000, 0x5C3C, 0x5C3C, 0x0000, 0x0000, 0x0000,
    0x0000, 0x0000, 0x0000, 0xF81F, 0xF81F, 0xF81F, 0xF81F, 0xF81F, 0xF81F, 0xF81F, 0xF81F, 0xF81F,
    0xF81F, 0xF81F, 0xF81F, 0xF81F, 0xF81F, 0xF81F, 0xF81F, 0xF81F, 0xF81F, 0xF81F, 0xF81F, 0xF81F,
    0xF81F, 0xF81F, 0x0000, 0x0000, 0x0000, 0x0000, 0x0000, 0x0000, 0x0000, 0x0000, 0x0000, 0x0000,
    0x0000, 0xF81F, 0xF81F, 0xF81F, 0xF81F, 0xF81F, 0xF81F, 0xF81F, 0xF81F, 0xF81F, 0xF81F, 0xF81F,
    0xF81F, 0xF81F, 0xF81F, 0xF81F, 0xF81F, 0xF81F, 0xF81F, 0xF81F, 0xF81F, 0xF81F, 0xF81F, 0xF81F,
    0xF81F, 0xF81F, 0x0000, 0x0000, 0x0000, 0x0000, 0x0000, 0x0000, 0x0000, 0x0000, 0xF81F, 0xF81F,
    0xF81F, 0xF81F, 0xF81F, 0xF81F, 0xF81F, 0xF81F, 0xF81F, 0xF81F, 0xF81F, 0xF81F, 0xF81F, 0xF81F,
    0xF81F, 0xF81F, 0xF81F, 0xF81F, 0xF81F, 0xF81F, 0xF81F, 0xF81F, 0xF81F, 0xF81F, 0xF81F, 0xF81F,
    0xF81F, 0xF81F, 0xF81F, 0x0000, 0x0000, 0x0000, 0x0000, 0xF81F, 0xF81F, 0xF81F, 0xF81F, 0xF81F,
    0xF81F, 0xF81F, 0xF81F, 0xF81F, 0xF81F, 0xF81F, 0xF81F, 0xF81F, 0xF81F, 0xF81F, 0xF81F, 0xF81F,
    0xF81F, 0xF81F, 0xF81F, 0xF81F, 0xF81F, 0xF81F, 0xF81F, 0xF81F, 0xF81F, 0xF81F, 0xF81F, 0xF81F,
    0xF81F, 0xF81F, 0xF81F, 0xF81F, 0xF81F, 0xF81F, 0xF81F, 0xF81F, 0xF81F, 0xF81F, 0xF81F, 0xF81F,
    0xF81F, 0xF81F, 0xF81F, 0xF81F, 0xF81F, 0xF81F, 0xF81F, 0xF81F, 0xF81F, 0xF81F, 0xF81F, 0xF81F,
    0xF81F, 0xF81F, 0xF81F, 0xF81F, 0xF81F, 0xF81F, 0xF81F, 0xF81F, 0xF81F, 0xF81F, 0xF81F, 0xF81F,
    0xF81F, 0xF81F, 0xF81F, 0xF81F, 0xF81F, 0xF81F, 0xF81F, 0xF81F, 0xF81F, 0xF81F, 0xF81F, 0xF81F,
    0xF81F, 0xF81F, 0xF81F, 0xF81F, 0xF81F, 0xF81F, 0xF81F, 0xF81F, 0xF81F, 0xF81F, 0xF81F, 0xF81F,
    0xF81F, 0xF81F, 0xF81F, 0xF81F, 0xF81F, 0xF81F, 0xF81F, 0xF81F, 0xF81F, 0xF81F, 0xF81F, 0xF81F,
    0xF81F, 0xF81F, 0xF81F, 0xF81F, 0xF81F, 0xF81F, 0xF81F, 0xF81F, 0xF81F, 0xF81F, 0xF81F, 0xF81F,
    0xF81F, 0xF81F, 0xF81F, 0xF81F, 0xF81F, 0xF81F, 0xF81F, 0xF81F, 0xF81F, 0xF81F, 0xF81F, 0xF81F,
    0xF81F, 0xF81F, 0xF81F, 0xF81F, 0xF81F, 0xF81F, 0xF81F, 0xF81F, 0xF81F, 0xF81F, 0xF81F, 0xF81F,
    0xF81F, 0xF81F, 0xF81F, 0xF81F, 0xF81F, 0xF81F, 0xF81F, 0xF81F, 0xF81F, 0xF81F, 0xF81F, 0xF81F,
    0xF81F, 0xF81F, 0xF81F, 0xF81F, 0xF81F, 0xF81F, 0xF81F, 0xF81F, 0xF81F, 0xF81F, 0xF81F, 0xF81F,
    0xF81F, 0xF81F, 0xF81F, 0xF81F, 0xF81F, 0xF81F, 0xF81F, 0xF81F, 0xF81F, 0xF81F, 0xF81F, 0xF81F,
    0xF81F, 0xF81F, 0xF81F, 0xF81F, 0xF81F, 0xF81F, 0xF81F, 0xF81F, 0xF81F, 0xF81F, 0xF81F, 0xF81F,
    0xF81F, 0xF81F, 0xF81F, 0xF81F, 0xF81F, 0xF81F, 0xF81F, 0xF81F, 0xF81F, 0xF81F, 0xF81F, 0xF81F,
    0xF81F, 0xF81F, 0xF81F, 0xF81F, 0xF81F, 0xF81F, 0xF81F, 0xF81F, 0xF81F, 0xF81F, 0xF81F, 0xF81F,
    0xF81F, 0xF81F, 0xF81F, 0xF81F, 0xF81F, 0xF81F, 0xF81F, 0xF81F, 0xF81F, 0xF81F, 0xF81F, 0xF81F,
    0xF81F, 0xF81F, 0xF81F, 0xF81F, 0xF81F, 0xF81F, 0xF81F, 0xF81F, 0xF81F, 0xF81F, 0xF81F, 0xF81F,
    0xF81F, 0xF81F, 0xF81F, 0xF81F, 0xF81F, 0xF81F, 0xF81F, 0xF81F, 0xF81F, 0xF81F, 0xF81F, 0xF81F,
    0xF81F, 0xF81F, 0xF81F, 0xF81F, 0xF81F, 0xF81F, 0xF81F, 0xF81F, 0xF81F, 0xF81F, 0xF81F, 0xF81F,
    0xF81F, 0xF81F, 0xF81F, 0xF81F, 0xF81F, 0xF81F, 0xF81F, 0xF81F, 0xF81F, 0xF81F, 0xF81F, 0xF81F,
    0xF81F, 0xF81F, 0xF81F, 0xF81F, 0xF81F, 0xF81F, 0xF81F, 0xF81F, 0xF81F, 0xF81F, 0xF81F, 0xF81F,
    0xF81F, 0xF81F, 0xF81F, 0xF81F, 0xF81F, 0xF81F, 0xF81F, 0xF81F, 0xF81F, 0xF81F, 0xF81F, 0xF81F,
    0xF81F, 0xF81F, 0xF81F, 0xF81F, 0xF81F, 0xF81F, 0xF81F, 0xF81F, 0xF81F, 0xF81F, 0xF81F, 0xF81F,
    0xF81F, 0xF81F, 0xF81F, 0xF81F, 0xF81F, 0xF81F, 0xF81F, 0xF81F, 0xF81F, 0xF81F, 0xF81F, 0xF81F,
    0xF81F, 0xF81F, 0xF81F, 0xF81F, 0xF81F, 0xF81F, 0xF81F, 0xF81F, 0xF81F, 0xF81F, 0xF81F, 0xF81F,
    0xF81F, 0xF81F, 0xF81F, 0xF81F, 0xF81F, 0xF81F, 0xF81F, 0xF81F, 0xF81F, 0xF81F, 0xF81F, 0xF81F,
    0xF81F, 0xF81F, 0xF81F, 0xF81F, 0xF81F, 0xF81F, 0xF81F, 0xF81F, 0xF81F, 0xF81F, 0xF81F, 0xF81F,
    0xF81F, 0xF81F, 0xF81F, 0xF81F, 0xF81F, 0xF81F, 0xF81F, 0xF81F, 0xF81F, 0xF81F, 0xF81F, 0xF81F,
    0xF81F, 0xF81F, 0xF81F, 0xF81F, 0xF81F, 0xF81F, 0xF81F, 0xF81F, 0xF81F, 0xF81F, 0xF81F, 0xF81F,
    0xF81F, 0xF81F, 0xF81F, 0xF81F, 0xF81F, 0xF81F, 0xF81F, 0xF81F, 0xF81F, 0xF81F, 0xF81F, 0xF81F,
    0xF81F, 0xF81F, 0xF81F, 0xF81F, 0xF81F, 0xF81F, 0xF81F, 0xF81F, 0xF81F, 0xF81F, 0xF81F, 0xF81F,
    0xF81F, 0xF81F, 0xF81F, 0xF81F, 0xF81F, 0xF81F, 0xF81F, 0xF81F, 0xF81F, 0xF81F, 0xF81F, 0xF81F,
    0xF81F, 0xF81F, 0xF81F, 0xF81F, 0xF81F, 0xF81F, 0xF81F, 0xF81F, 0xF81F, 0xF81F, 0xF81F, 0xF81F,
    0xF81F, 0xF81F, 0xF81F, 0xF81F, 0xF81F, 0xF81F, 0xF81F, 0xF81F
  }
};

#define VALVANO_FRAME_COUNT 2
#define VALVANO_PIXELS_PER_FRAME 7200
#define VALVANO_FRAME_WIDTH 60
#define VALVANO_FRAME_HEIGHT 120

static const uint16_t valvano[2][7200] = {
  {
    0xF81F, 0xF81F, 0xF81F, 0xF81F, 0xF81F, 0xF81F, 0xF81F, 0xF81F, 0xF81F, 0xF81F, 0xF81F, 0xF81F,
    0xF81F, 0x006A, 0x006A, 0x006A, 0x006A, 0xF81F, 0xF81F, 0xF81F, 0xF81F, 0xF81F, 0xF81F, 0xF81F,
    0xF81F, 0xF81F, 0xF81F, 0xF81F, 0xF81F, 0xF81F, 0xF81F, 0xF81F, 0xF81F, 0xF81F, 0xF81F, 0xF81F,
    0xF81F, 0xF81F, 0xF81F, 0x006A, 0x006A, 0x006A, 0x006A, 0x006A, 0x006A, 0x006A, 0x006A, 0x006A,
    0x006A, 0xF81F, 0xF81F, 0xF81F, 0xF81F, 0xF81F, 0xF81F, 0xF81F, 0xF81F, 0xF81F, 0xF81F, 0xF81F,
    0xF81F, 0xF81F, 0xF81F, 0xF81F, 0xF81F, 0xF81F, 0xF81F, 0xF81F, 0xF81F, 0xF81F, 0xF81F, 0xF81F,
    0x006A, 0x006A, 0x006A, 0x006A, 0x006A, 0x006A, 0x006A, 0xF81F, 0xF81F, 0xF81F, 0xF81F, 0xF81F,
    0xF81F, 0xF81F, 0xF81F, 0xF81F, 0xF81F, 0xF81F, 0xF81F, 0xF81F, 0xF81F, 0xF81F, 0xF81F, 0xF81F,
    0xF81F, 0xF81F, 0xF81F, 0x006A, 0x006A, 0x006A, 0x006A, 0x006A, 0x006A, 0x006A, 0x006A, 0x006A,
    0x006A, 0xF81F, 0xF81F, 0xF81F, 0xF81F, 0xF81F, 0xF81F, 0xF81F, 0xF81F, 0xF81F, 0xF81F, 0xF81F,
    0xF81F, 0xF81F, 0xF81F, 0xF81F, 0xF81F, 0xF81F, 0xF81F, 0xF81F, 0xF81F, 0xF81F, 0xF81F, 0xF81F,
    0x006A, 0x006A, 0x006A, 0x006A, 0x006A, 0x006A, 0x006A, 0x006A, 0x006A, 0xF81F, 0xF81F, 0xF81F,
    0xF81F, 0xF81F, 0xF81F, 0xF81F, 0xF81F, 0xF81F, 0xF81F, 0xF81F, 0xF81F, 0xF81F, 0xF81F, 0xF81F,
    0xF81F, 0xF81F, 0xF81F, 0x006A, 0x006A, 0x006A, 0x006A, 0x006A, 0x006A, 0x006A, 0x006A, 0x006A,
    0x006A, 0xF81F, 0xF81F, 0xF81F, 0xF81F, 0xF81F, 0xF81F, 0xF81F, 0xF81F, 0xF81F, 0xF81F, 0xF81F,
    0xF81F, 0xF81F, 0xF81F, 0xF81F, 0xF81F, 0xF81F, 0xF81F, 0xF81F, 0xF81F, 0xF81F, 0xF81F, 0xF81F,
    0x006A, 0x006A, 0x006A, 0x006A, 0x006A, 0x006A, 0x006A, 0x006A, 0x006A, 0x006A, 0xF81F, 0xF81F,
    0xF81F, 0xF81F, 0xF81F, 0xF81F, 0xF81F, 0xF81F, 0xF81F, 0xF81F, 0xF81F, 0xF81F, 0xF81F, 0xF81F,
    0xF81F, 0xF81F, 0xF81F, 0xF81F, 0x006A, 0x006A, 0x006A, 0x006A, 0x006A, 0x006A, 0x006A, 0x006A,
    0x006A, 0xF81F, 0xF81F, 0xF81F, 0xF81F, 0xF81F, 0xF81F, 0xF81F, 0xF81F, 0xF81F, 0xF81F, 0xF81F,
    0xF81F, 0xF81F, 0xF81F, 0xF81F, 0xF81F, 0xF81F, 0xF81F, 0xF81F, 0xF81F, 0xF81F, 0xF81F, 0xF81F,
    0x006A, 0x006A, 0x006A, 0x006A, 0x006A, 0x006A, 0x006A, 0x006A, 0x006A, 0x006A, 0x006A, 0x006A,
    0xF81F, 0xF81F, 0xF81F, 0xF81F, 0xF81F, 0xF81F, 0xF81F, 0xF81F, 0xF81F, 0xF81F, 0xF81F, 0xF81F,
    0xF81F, 0xF81F, 0xF81F, 0xF81F, 0x006A, 0x006A, 0x006A, 0x006A, 0x006A, 0x006A, 0x006A, 0x006A,
    0xF81F, 0xF81F, 0xF81F, 0xF81F, 0xF81F, 0xF81F, 0xF81F, 0xF81F, 0xF81F, 0xF81F, 0xF81F, 0xF81F,
    0xF81F, 0xF81F, 0xF81F, 0xF81F, 0xF81F, 0xF81F, 0xF81F, 0xF81F, 0xF81F, 0xF81F, 0xF81F, 0xF81F,
    0xF81F, 0x006A, 0x006A, 0x006A, 0x006A, 0x006A, 0x006A, 0x006A, 0x006A, 0x006A, 0x006A, 0x006A,
    0x006A, 0xF81F, 0xF81F, 0xF81F, 0xF81F, 0xF81F, 0xF81F, 0xF81F, 0xF81F, 0xF81F, 0xF81F, 0xF81F,
    0xF81F, 0xF81F, 0xF81F, 0xF81F, 0x006A, 0x006A, 0x006A, 0x006A, 0x006A, 0x006A, 0x006A, 0x006A,
    0xF81F, 0xF81F, 0xF81F, 0xF81F, 0xF81F, 0xF81F, 0xF81F, 0xF81F, 0xF81F, 0xF81F, 0xF81F, 0xF81F,
    0xF81F, 0xF81F, 0xF81F, 0xF81F, 0xF81F, 0xF81F, 0xF81F, 0xF81F, 0xF81F, 0xF81F, 0xF81F, 0xF81F,
    0xF81F, 0xF81F, 0x006A, 0x006A, 0x006A, 0x006A, 0x006A, 0x006A, 0x006A, 0x006A, 0x006A, 0x006A,
    0x006A, 0xF81F, 0xF81F, 0xF81F, 0xF81F, 0xF81F, 0xF81F, 0xF81F, 0xF81F, 0xF81F, 0xF81F, 0xF81F,
    0xF81F, 0xF81F, 0xF81F, 0xF81F, 0x006A, 0x006A, 0x006A, 0x006A, 0x006A, 0x006A, 0x006A, 0xF81F,
    0xF81F, 0xF81F, 0xF81F, 0xF81F, 0xF81F, 0xF81F, 0xF81F, 0xF81F, 0xF81F, 0xF81F, 0xF81F, 0xF81F,
    0xF81F, 0xF81F, 0xF81F, 0xF81F, 0xF81F, 0xF81F, 0xF81F, 0xF81F, 0xF81F, 0xF81F, 0xF81F, 0xF81F,
    0xF81F, 0xF81F, 0xF81F, 0x006A, 0x006A, 0x006A, 0x006A, 0x006A, 0x006A, 0x006A, 0x006A, 0x006A,
    0x006A, 0xF81F, 0xF81F, 0xF81F, 0xF81F, 0xF81F, 0xF81F, 0xF81F, 0xF81F, 0xF81F, 0xF81F, 0xF81F,
    0xF81F, 0xF81F, 0xF81F, 0xF81F, 0x006A, 0x006A, 0x006A, 0x006A, 0x006A, 0x006A, 0x006A, 0xF81F,
    0xF81F, 0xF81F, 0xF81F, 0xF81F, 0xF81F, 0xF81F, 0xF81F, 0xF81F, 0xF81F, 0xF81F, 0xF81F, 0xF81F,
    0xF81F, 0xF81F, 0xF81F, 0xF81F, 0xF81F, 0xF81F, 0xF81F, 0xF81F, 0xF81F, 0xF81F, 0xF81F, 0xF81F,
    0xF81F, 0xF81F, 0xF81F, 0xF81F, 0x006A, 0x006A, 0x006A, 0x006A, 0x006A, 0x006A, 0x006A, 0x006A,
    0x006A, 0xF81F, 0xF81F, 0xF81F, 0xF81F, 0xF81F, 0xF81F, 0xF81F, 0xF81F, 0xF81F, 0xF81F, 0xF81F,
    0xF81F, 0xF81F, 0xF81F, 0x006A, 0x006A, 0x01B2, 0x01B2, 0x01B2, 0x006A, 0x006A, 0x006A, 0xF81F,
    0xF81F, 0xF81F, 0xF81F, 0xF81F, 0xF81F, 0xF81F, 0xF81F, 0xF81F, 0xF81F, 0xF81F, 0xF81F, 0xF81F,
    0xF81F, 0xF81F, 0xF81F, 0xF81F, 0xF81F, 0xF81F, 0xF81F, 0xF81F, 0xF81F, 0xF81F, 0xF81F, 0xF81F,
    0xF81F, 0xF81F, 0xF81F, 0xF81F, 0xF81F, 0x006A, 0x006A, 0x006A, 0x006A, 0x006A, 0x006A, 0x006A,
    0x006A, 0xF81F, 0xF81F, 0xF81F, 0xF81F, 0xF81F, 0xF81F, 0xF81F, 0xF81F, 0xF81F, 0xF81F, 0xF81F,
    0xF81F, 0xF81F, 0xF81F, 0x006A, 0x006A, 0x006A, 0x006A, 0x006A, 0x01B2, 0x006A, 0xF81F, 0xF81F,
    0xF81F, 0xF81F, 0xF81F, 0xF81F, 0xF81F, 0xF81F, 0xF81F, 0xF81F, 0xF81F, 0xF81F, 0xF81F, 0xF81F,
    0xF81F, 0xF81F, 0xF81F, 0xF81F, 0xF81F, 0xF81F, 0xF81F, 0xF81F, 0xF81F, 0xF81F, 0xF81F, 0xF81F,
    0xF81F, 0xF81F, 0xF81F, 0xF81F, 0xF81F, 0x006A, 0x006A, 0x006A, 0x006A, 0x006A, 0x006A, 0x006A,
    0x006A, 0xF81F, 0xF81F, 0xF81F, 0xF81F, 0xF81F, 0xF81F, 0xF81F, 0xF81F, 0xF81F, 0xF81F, 0xF81F,
    0xF81F, 0xF81F, 0xF81F, 0x006A, 0x006A, 0x006A, 0x006A, 0x006A, 0x006A, 0x006A, 0xF81F, 0xF81F,
    0xF81F, 0xF81F, 0xF81F, 0xF81F, 0xF81F, 0xF81F, 0xF81F, 0xF81F, 0xF81F, 0xF81F, 0xF81F, 0xF81F,
    0xF81F, 0xF81F, 0xF81F, 0xF81F, 0xF81F, 0xF81F, 0xF81F, 0xF81F, 0xF81F, 0xF81F, 0xF81F, 0xF81F,
    0xF81F, 0xF81F, 0xF81F, 0xF81F, 0xF81F, 0x01B2, 0x01B2, 0x01B2, 0x006A, 0x006A, 0x006A, 0x006A,
    0x006A, 0xF81F, 0xF81F, 0xF81F, 0xF81F, 0xF81F, 0xF81F, 0xF81F, 0xF81F, 0xF81F, 0xF81F, 0xF81F,
    0xF81F, 0xF81F, 0x006A, 0x006A, 0x01B2, 0x01B2, 0x01B2, 0x006A, 0x006A, 0x006A, 0xF81F, 0xF81F,
    0xF81F, 0xF81F, 0xF81F, 0xF81F, 0xF81F, 0xF81F, 0xF81F, 0xF81F, 0xF81F, 0xF81F, 0xF81F, 0xF81F,
    0xF81F, 0xF81F, 0xF81F, 0xF81F, 0xF81F, 0xF81F, 0xF81F, 0xF81F, 0xF81F, 0xF81F, 0xF81F, 0xF81F,
    0xF81F, 0xF81F, 0xF81F, 0xF81F, 0xF81F, 0x006A, 0x006A, 0x006A, 0x006A, 0x006A, 0x006A, 0x006A,
    0xF81F, 0xF81F, 0xF81F, 0xF81F, 0xF81F, 0xF81F, 0xF81F, 0xF81F, 0xF81F, 0xF81F, 0xF81F, 0xF81F,
    0xF81F, 0xF81F, 0x006A, 0x006A, 0x006A, 0x006A, 0x006A, 0x01B2, 0x006A, 0x006A, 0xF81F, 0xF81F,
    0xF81F, 0xF81F, 0xF81F, 0xF81F, 0xF81F, 0xF81F, 0xF81F, 0xF81F, 0xF81F, 0xF81F, 0xF81F, 0xF81F,
    0xF81F, 0xF81F, 0xF81F, 0xF81F, 0xF81F, 0xF81F, 0xF81F, 0xF81F, 0xF81F, 0xF81F, 0xF81F, 0xF81F,
    0xF81F, 0xF81F, 0xF81F, 0xF81F, 0xF81F, 0x006A, 0x006A, 0x006A, 0x006A, 0x006A, 0x006A, 0x006A,
    0xF81F, 0xF81F, 0xF81F, 0xF81F, 0xF81F, 0xF81F, 0xF81F, 0xF81F, 0xF81F, 0xF81F, 0xF81F, 0xF81F,
    0xF81F, 0x006A, 0x006A, 0x006A, 0x006A, 0x006A, 0x006A, 0x006A, 0x006A, 0x006A, 0xF81F, 0xF81F,
    0xF81F, 0xF81F, 0xF81F, 0xF81F, 0xF81F, 0xF81F, 0xF81F, 0xF81F, 0xF81F, 0xF81F, 0xF81F, 0xF81F,
    0xF81F, 0xF81F, 0xF81F, 0xF81F, 0xF81F, 0xF81F, 0xF81F, 0xF81F, 0xF81F, 0xF81F, 0xF81F, 0xF81F,
    0xF81F, 0xF81F, 0xF81F, 0xF81F, 0xF81F, 0x01B2, 0x01B2, 0x01B2, 0x006A, 0x006A, 0x006A, 0x006A,
    0xF81F, 0xF81F, 0xF81F, 0xF81F, 0xF81F, 0xF81F, 0xF81F, 0xF81F, 0xF81F, 0xF81F, 0xF81F, 0xF81F,
    0xF81F, 0x006A, 0x006A, 0x01B2, 0x01B2, 0x01B2, 0x006A, 0x006A, 0x006A, 0xF81F, 0xF81F, 0xF81F,
    0xF81F, 0xF81F, 0xF81F, 0xF81F, 0xF81F, 0xF81F, 0xF81F, 0xF81F, 0xF81F, 0xF81F, 0xF81F, 0xF81F,
    0xF81F, 0xF81F, 0xF81F, 0xF81F, 0xF81F, 0xF81F, 0xF81F, 0xF81F, 0xF81F, 0xF81F, 0xF81F, 0xF81F,
    0xF81F, 0xF81F, 0xF81F, 0xF81F, 0xF81F, 0x006A, 0x006A, 0x006A, 0x006A, 0x006A, 0x006A, 0x006A,
    0xF81F, 0xF81F, 0xF81F, 0xF81F, 0xF81F, 0xF81F, 0xF81F, 0xF81F, 0xF81F, 0xF81F, 0xF81F, 0xF81F,
    0x006A, 0x006A, 0x006A, 0x006A, 0x006A, 0x006A, 0x01B2, 0x006A, 0x006A, 0xF81F, 0xF81F, 0xF81F,
    0xF81F, 0xF81F, 0xF81F, 0xF81F, 0xF81F, 0xF81F, 0xF81F, 0xF81F, 0xF81F, 0xF81F, 0xF81F, 0xF81F,
    0xF81F, 0xF81F, 0xF81F, 0xF81F, 0xF81F, 0xF81F, 0xF81F, 0xF81F, 0xF81F, 0xF81F, 0xF81F, 0xF81F,
    0xF81F, 0xF81F, 0xF81F, 0xF81F, 0xF81F, 0x006A, 0x006A, 0x006A, 0x006A, 0x006A, 0x006A, 0x006A,
    0xF81F, 0xF81F, 0xF81F, 0xF81F, 0xF81F, 0xF81F, 0xF81F, 0xF81F, 0xF81F, 0xF81F, 0xF81F, 0x006A,
    0x006A, 0x006A, 0x006A, 0x006A, 0x006A, 0x006A, 0x006A, 0x006A, 0x006A, 0xF81F, 0xF81F, 0xF81F,
    0xF81F, 0xF81F, 0xF81F, 0xF81F, 0xF81F, 0xF81F, 0xF81F, 0xF81F, 0xF81F, 0xF81F, 0xF81F, 0xF81F,
    0xF81F, 0xF81F, 0xF81F, 0xF81F, 0xF81F, 0xF81F, 0xF81F, 0xF81F, 0xF81F, 0xF81F, 0xF81F, 0xF81F,
    0xF81F, 0xF81F, 0xF81F, 0xF81F, 0x006A, 0x01B2, 0x01B2, 0x01B2, 0x006A, 0x006A, 0x006A, 0x006A,
    0xF81F, 0xF81F, 0xF81F, 0xF81F, 0xF81F, 0xF81F, 0xF81F, 0xF81F, 0xF81F, 0xF81F, 0x006A, 0x01B2,
    0x01B2, 0x01B2, 0x01B2, 0x01B2, 0x006A, 0x006A, 0x006A, 0x006A, 0x006A, 0xF81F, 0xF81F, 0xF81F,
    0xF81F, 0xF81F, 0xF81F, 0xF81F, 0xF81F, 0xF81F, 0xF81F, 0xF81F, 0xF81F, 0xF81F, 0xF81F, 0xF81F,
    0xF81F, 0xF81F, 0xF81F, 0xF81F, 0xF81F, 0xF81F, 0xF81F, 0xF81F, 0xF81F, 0xF81F, 0xF81F, 0xF81F,
    0xF81F, 0xF81F, 0xF81F, 0xF81F, 0x006A, 0x006A, 0x006A, 0x006A, 0x006A, 0x006A, 0x006A, 0x006A,
    0xF81F, 0xF81F, 0xF81F, 0xF81F, 0xF81F, 0xF81F, 0xF81F, 0xF81F, 0xF81F, 0xF81F, 0x01B2, 0x01B2,
    0x01B2, 0x01B2, 0x01B2, 0x01B2, 0x01B2, 0x006A, 0x006A, 0x006A, 0xF81F, 0xF81F, 0xF81F, 0xF81F,
    0xF81F, 0xF81F, 0xF81F, 0xF81F, 0xF81F, 0xF81F, 0xF81F, 0xF81F, 0xF81F, 0xF81F, 0xF81F, 0xF81F,
    0xF81F, 0xF81F, 0xF81F, 0xF81F, 0xF81F, 0xF81F, 0xF81F, 0xF81F, 0xF81F, 0xF81F, 0xF81F, 0xF81F,
    0xF81F, 0xF81F, 0xF81F, 0x006A, 0x006A, 0x006A, 0x006A, 0x006A, 0x006A, 0x006A, 0x006A, 0x006A,
    0xF81F, 0xF81F, 0xF81F, 0xF81F, 0xF81F, 0xF81F, 0xF81F, 0xF81F, 0xF81F, 0xF81F, 0x01B2, 0x006A,
    0x006A, 0x006A, 0x006A, 0x01B2, 0x01B2, 0x01B2, 0x006A, 0x006A, 0xF81F, 0xF81F, 0xF81F, 0xF81F,
    0xF81F, 0xF81F, 0xF81F, 0xF81F, 0xF81F, 0xF81F, 0xF81F, 0xF81F, 0xF81F, 0xF81F, 0xF81F, 0xF81F,
    0xF81F, 0xF81F, 0xF81F, 0xF81F, 0xF81F, 0xF81F, 0xF81F, 0xF81F, 0xF81F, 0xF81F, 0xF81F, 0xF81F,
    0xF81F, 0xF81F, 0xF81F, 0x006A, 0x01B2, 0x01B2, 0x01B2, 0x01B2, 0x006A, 0x006A, 0x006A, 0x006A,
    0xF81F, 0xF81F, 0xF81F, 0xF81F, 0xF81F, 0xF81F, 0xF81F, 0xF81F, 0xF81F, 0xF81F, 0x006A, 0xFE1D,
    0xFE1D, 0xFE1D, 0xFE1D, 0x006A, 0x01B2, 0x01B2, 0x006A, 0x006A, 0xF81F, 0xF81F, 0xF81F, 0xF81F,
    0xF81F, 0xF81F, 0xF81F, 0xF81F, 0xF81F, 0xF81F, 0xF81F, 0xF81F, 0xF81F, 0xF81F, 0xF81F, 0xF81F,
    0xF81F, 0xF81F, 0xF81F, 0xF81F, 0xF81F, 0xF81F, 0xF81F, 0xF81F, 0xF81F, 0xF81F, 0xF81F, 0xF81F,
    0xF81F, 0xF81F, 0xF81F, 0x01B2, 0x01B2, 0x01B2, 0x01B2, 0x01B2, 0x01B2, 0x01B2, 0x006A, 0x006A,
    0xF81F, 0xF81F, 0xF81F, 0xF81F, 0xF81F, 0xF81F, 0xF81F, 0xF81F, 0xF81F, 0x006A, 0xFE1D, 0xFE1D,
    0xFE1D, 0xFE1D, 0xFE1D, 0xFE1D, 0x006A, 0x01B2, 0x01B2, 0x006A, 0xF81F, 0xF81F, 0xF81F, 0xF81F,
    0xF81F, 0xF81F, 0xF81F, 0xF81F, 0xF81F, 0xF81F, 0xF81F, 0xF81F, 0xF81F, 0xF81F, 0xF81F, 0xF81F,
    0xF81F, 0xF81F, 0xF81F, 0xF81F, 0xF81F, 0xF81F, 0xF81F, 0xF81F, 0xF81F, 0xF81F, 0xF81F, 0xF81F,
    0xF81F, 0xF81F, 0xF81F, 0x01B2, 0x006A, 0x006A, 0x006A, 0x006A, 0x01B2, 0x01B2, 0x01B2, 0x006A,
    0xF81F, 0xF81F, 0xF81F, 0xF81F, 0xF81F, 0xF81F, 0xF81F, 0xF81F, 0xF81F, 0x006A, 0xFE1D, 0xFE1D,
    0xFE1D, 0xFE1D, 0xFE1D, 0xFE1D, 0xFE1D, 0x006A, 0x01B2, 0xF81F, 0xF81F, 0xF81F, 0xF81F, 0xF81F,
    0xF81F, 0xF81F, 0xF81F, 0xF81F, 0xF81F, 0xF81F, 0xF81F, 0xF81F, 0xF81F, 0xF81F, 0xF81F, 0xF81F,
    0xF81F, 0xF81F, 0xF81F, 0xF81F, 0xF81F, 0xF81F, 0xF81F, 0xF81F, 0xF81F, 0xF81F, 0xF81F, 0xF81F,
    0xF81F, 0xF81F, 0xF81F, 0x006A, 0xFE1D, 0xFE1D, 0xFE1D, 0xFE1D, 0x006A, 0x006A, 0x01B2, 0x01B2,
    0xF81F, 0xF81F, 0xF81F, 0xF81F, 0xF81F, 0xF81F, 0xF81F, 0xF81F, 0x006A, 0xFE1D, 0xFE1D, 0xFE1D,
    0xFE1D, 0xFE1D, 0xFE1D, 0xFE1D, 0xFE1D, 0xFE1D, 0x006A, 0xF81F, 0xF81F, 0xF81F, 0xF81F, 0xF81F,
    0xF81F, 0xF81F, 0xF81F, 0xF81F, 0xF81F, 0xF81F, 0xF81F, 0xF81F, 0xF81F, 0xF81F, 0xF81F, 0xF81F,
    0xF81F, 0xF81F, 0xF81F, 0xF81F, 0xF81F, 0xF81F, 0xF81F, 0xF81F, 0xF81F, 0xF81F, 0xF81F, 0xF81F,
    0xF81F, 0xF81F, 0xF81F, 0x006A, 0xFE1D, 0xFE1D, 0xFE1D, 0xFE1D, 0xFE1D, 0xFE1D, 0x006A, 0x01B2,
    0xF81F, 0xF81F, 0xF81F, 0xF81F, 0xF81F, 0xF81F, 0xF81F, 0x006A, 0xFE1D, 0xFE1D, 0xFE1D, 0xFE1D,
    0xFE1D, 0xFE1D, 0xFE1D, 0xFE1D, 0xFE1D, 0xFE1D, 0x006A, 0xF81F, 0xF81F, 0xF81F, 0xF81F, 0xF81F,
    0xF81F, 0xF81F, 0xF81F, 0xF81F, 0xF81F, 0xF81F, 0xF81F, 0xF81F, 0xF81F, 0xF81F, 0xF81F, 0xF81F,
    0xF81F, 0xF81F, 0xF81F, 0xF81F, 0xF81F, 0xF81F, 0xF81F, 0xF81F, 0xF81F, 0xF81F, 0xF81F, 0xF81F,
    0xF81F, 0xF81F, 0x006A, 0xFE1D, 0xFE1D, 0xFE1D, 0xFE1D, 0xFE1D, 0xFE1D, 0xFE1D, 0xFE1D, 0x006A,
    0xF81F, 0xF81F, 0xF81F, 0xF81F, 0xF81F, 0xF81F, 0x006A, 0xFE1D, 0xFE1D, 0xFE1D, 0xFE1D, 0xFE1D,
    0x006A, 0xFE1D, 0xFE1D, 0xFE1D, 0xFE1D, 0x006A, 0xF81F, 0xF81F, 0xF81F, 0xF81F, 0xF81F, 0xF81F,
    0xF81F, 0xF81F, 0xF81F, 0xF81F, 0xF81F, 0xF81F, 0xF81F, 0xF81F, 0xF81F, 0xF81F, 0xF81F, 0xF81F,
    0xF81F, 0xF81F, 0xF81F, 0xF81F, 0xF81F, 0xF81F, 0xF81F, 0xF81F, 0xF81F, 0xF81F, 0xF81F, 0xF81F,
    0xF81F, 0xF81F, 0x006A, 0x006A, 0x006A, 0xFE1D, 0xFE1D, 0xFE1D, 0xFE1D, 0xFE1D, 0xFE1D, 0x006A,
    0xF81F, 0xF81F, 0xF81F, 0xF81F, 0xF81F, 0xF81F, 0x006A, 0xFE1D, 0xFE1D, 0xFE1D, 0xFE1D, 0xFE1D,
    0x006A, 0xFE1D, 0xFE1D, 0xFE1D, 0xFE1D, 0x006A, 0xF81F, 0xF81F, 0xF81F, 0xF81F, 0xF81F, 0xF81F,
    0xF81F, 0xF81F, 0xF81F, 0xF81F, 0xF81F, 0xF81F, 0xF81F, 0xF81F, 0xF81F, 0xF81F, 0xF81F, 0xF81F,
    0xF81F, 0xF81F, 0xF81F, 0xF81F, 0xF81F, 0xF81F, 0xF81F, 0xF81F, 0xF81F, 0xF81F, 0xF81F, 0xF81F,
    0xF81F, 0x006A, 0xFE1D, 0xFE1D, 0xFE1D, 0x006A, 0xFE1D, 0xFE1D, 0xFE1D, 0xFE1D, 0x006A, 0xF81F,
    0xF81F, 0xF81F, 0xF81F, 0xF81F, 0xF81F, 0xF81F, 0x006A, 0xFE1D, 0xFE1D, 0xFE1D, 0xFE1D, 0xFE1D,
    0x006A, 0xFE1D, 0xFE1D, 0xFE1D, 0xFE1D, 0x006A, 0xF81F, 0xF81F, 0xF81F, 0xF81F, 0xF81F, 0xF81F,
    0xF81F, 0xF81F, 0xF81F, 0xF81F, 0xF81F, 0xF81F, 0xF81F, 0xF81F, 0xF81F, 0xF81F, 0xF81F, 0xF81F,
    0xF81F, 0xF81F, 0xF81F, 0xF81F, 0xF81F, 0xF81F, 0xF81F, 0xF81F, 0xF81F, 0xF81F, 0xF81F, 0xF81F,
    0x006A, 0xFE1D, 0xFE1D, 0xFE1D, 0xFE1D, 0xFE1D, 0xFE1D, 0xFE1D, 0xFE1D, 0xFE1D, 0x006A, 0xF81F,
    0xF81F, 0xF81F, 0xF81F, 0xF81F, 0xF81F, 0xF81F, 0x006A, 0xFE1D, 0xFE1D, 0xFE1D, 0xFE1D, 0x006A,
    0xFE1D, 0xFE1D, 0xFE1D, 0xFE1D, 0x006A, 0xF81F, 0xF81F, 0xF81F, 0xF81F, 0xF81F, 0xF81F, 0xF81F,
    0xF81F, 0xF81F, 0xF81F, 0xF81F, 0xF81F, 0xF81F, 0xF81F, 0xF81F, 0xF81F, 0xF81F, 0xF81F, 0xF81F,
    0xF81F, 0xF81F, 0xF81F, 0xF81F, 0xF81F, 0xF81F, 0xF81F, 0xF81F, 0xF81F, 0xF81F, 0xF81F, 0xF81F,
    0x006A, 0xFE1D, 0xFE1D, 0xFE1D, 0xFE1D, 0xFE1D, 0xFE1D, 0xFE1D, 0x006A, 0x006A, 0xF81F, 0xF81F,
    0xF81F, 0xF81F, 0xF81F, 0xF81F, 0xF81F, 0xF81F, 0x006A, 0xFE1D, 0xFE1D, 0xFE1D, 0xFE1D, 0xFE1D,
    0xFE1D, 0xFE1D, 0xFE1D, 0x006A, 0x006A, 0xF81F, 0xF81F, 0xF81F, 0xF81F, 0xF81F, 0xF81F, 0xF81F,
    0xF81F, 0xF81F, 0xF81F, 0xF81F, 0xF81F, 0xF81F, 0xF81F, 0xF81F, 0xF81F, 0xF81F, 0xF81F, 0xF81F,
    0xF81F, 0xF81F, 0xF81F, 0xF81F, 0xF81F, 0xF81F, 0xF81F, 0xF81F, 0xF81F, 0xF81F, 0xF81F, 0xF81F,
    0x006A, 0xFE1D, 0xFE1D, 0xFE1D, 0x006A, 0xFE1D, 0xFE1D, 0xFE1D, 0xFE1D, 0xFE1D, 0x006A, 0x006A,
    0x006A, 0x006A, 0xF81F, 0xF81F, 0xF81F, 0xF81F, 0xF81F, 0x006A, 0xFE1D, 0xFE1D, 0xFE1D, 0xFE1D,
    0xFE1D, 0xFE1D, 0xFE1D, 0xFE1D, 0xFE1D, 0x006A, 0xF81F, 0xF81F, 0xF81F, 0xF81F, 0xF81F, 0xF81F,
    0xF81F, 0xF81F, 0xF81F, 0xF81F, 0xF81F, 0xF81F, 0xF81F, 0xF81F, 0xF81F, 0xF81F, 0xF81F, 0xF81F,
    0xF81F, 0xF81F, 0xF81F, 0xF81F, 0xF81F, 0xF81F, 0xF81F, 0xF81F, 0xF81F, 0xF81F, 0xF81F, 0xF81F,
    0x006A, 0xFE1D, 0xFE1D, 0x006A, 0xFE1D, 0xFE1D, 0xFE1D, 0xFE1D, 0xFE1D, 0xFE1D, 0xFE1D, 0xFE1D,
    0xFE1D, 0xFE1D, 0x006A, 0x006A, 0xF81F, 0xF81F, 0xF81F, 0x006A, 0xFE1D, 0xFE1D, 0xFE1D, 0xFE1D,
    0xFE1D, 0xFE1D, 0xFE1D, 0xFE1D, 0xFE1D, 0xFE1D, 0x006A, 0xF81F, 0xF81F, 0xF81F, 0xF81F, 0xF81F,
    0xF81F, 0xF81F, 0xF81F, 0xF81F, 0xF81F, 0xF81F, 0xF81F, 0xF81F, 0xF81F, 0xF81F, 0xF81F, 0xF81F,
    0xF81F, 0xF81F, 0xF81F, 0xF81F, 0xF81F, 0xF81F, 0xF81F, 0xF81F, 0xF81F, 0xF81F, 0xF81F, 0xF81F,
    0xF81F, 0x006A, 0xFE1D, 0xFE1D, 0xFE1D, 0xFE1D, 0xFE1D, 0xFE1D, 0xFE1D, 0xFE1D, 0xFE1D, 0xFE1D,
    0xFE1D, 0xFE1D, 0xFE1D, 0xFE1D, 0x006A, 0x006A, 0xF81F, 0x006A, 0xFE1D, 0xFE1D, 0xFE1D, 0xFE1D,
    0xFE1D, 0xFE1D, 0xFE1D, 0xFE1D, 0xFE1D, 0xFE1D, 0xFE1D, 0x006A, 0xF81F, 0xF81F, 0xF81F, 0xF81F,
    0xF81F, 0xF81F, 0xF81F, 0xF81F, 0xF81F, 0xF81F, 0xF81F, 0xF81F, 0xF81F, 0xF81F, 0xF81F, 0xF81F,
    0xF81F, 0xF81F, 0xF81F, 0xF81F, 0xF81F, 0xF81F, 0xF81F, 0xF81F, 0xF81F, 0xF81F, 0xF81F, 0xF81F,
    0xF81F, 0x006A, 0xFE1D, 0xFE1D, 0xFE1D, 0xFE1D, 0xFE1D, 0xFE1D, 0xFE1D, 0xFE1D, 0xFE1D, 0xFE1D,
    0xFE1D, 0xFE1D, 0xFE1D, 0xFE1D, 0xFE1D, 0xFE1D, 0x006A, 0x006A, 0x006A, 0xFE1D, 0xFE1D, 0xFE1D,
    0xFE1D, 0xFE1D, 0xFE1D, 0x006A, 0xFE1D, 0xFE1D, 0xFE1D, 0x006A, 0xF81F, 0xF81F, 0xF81F, 0xF81F,
    0xF81F, 0xF81F, 0xF81F, 0xF81F, 0xF81F, 0xF81F, 0xF81F, 0xF81F, 0xF81F, 0xF81F, 0xF81F, 0xF81F,
    0xF81F, 0xF81F, 0xF81F, 0xF81F, 0xF81F, 0xF81F, 0xF81F, 0xF81F, 0xF81F, 0xF81F, 0xF81F, 0xF81F,
    0xF81F, 0x006A, 0xFE1D, 0xFE1D, 0xFE1D, 0xFE1D, 0xFE1D, 0xFE1D, 0xFE1D, 0xFE1D, 0x006A, 0x006A,
    0xFE1D, 0xFE1D, 0xFE1D, 0xFE1D, 0xFE1D, 0xFE1D, 0xFE1D, 0x006A, 0x006A, 0xFE1D, 0xFE1D, 0xFE1D,
    0xFE1D, 0xFE1D, 0xFE1D, 0xFE1D, 0x006A, 0xFE1D, 0xFE1D, 0xFE1D, 0x006A, 0xF81F, 0xF81F, 0xF81F,
    0xF81F, 0xF81F, 0xF81F, 0xF81F, 0xF81F, 0xF81F, 0xF81F, 0xF81F, 0xF81F, 0xF81F, 0xF81F, 0xF81F,
    0xF81F, 0xF81F, 0xF81F, 0xF81F, 0xF81F, 0xF81F, 0xF81F, 0xF81F, 0xF81F, 0xF81F, 0xF81F, 0xF81F,
    0xF81F, 0xF81F, 0x006A, 0xFE1D, 0xFE1D, 0xFE1D, 0xFE1D, 0xFE1D, 0xFE1D, 0xFE1D, 0xFE1D, 0xFE1D,
    0x006A, 0xFE1D, 0xFE1D, 0xFE1D, 0xFE1D, 0xFE1D, 0xFE1D, 0x006A, 0xFE1D, 0x006A, 0xFE1D, 0xFE1D,
    0xFE1D, 0xFE1D, 0xFE1D, 0xFE1D, 0xFE1D, 0x006A, 0xFE1D, 0xFE1D, 0x006A, 0xF81F, 0xF81F, 0xF81F,
    0xF81F, 0xF81F, 0xF81F, 0xF81F, 0xF81F, 0xF81F, 0xF81F, 0xF81F, 0xF81F, 0xF81F, 0xF81F, 0xF81F,
    0xF81F, 0xF81F, 0xF81F, 0xF81F, 0xF81F, 0xF81F, 0xF81F, 0xF81F, 0xF81F, 0xF81F, 0xF81F, 0xF81F,
    0xF81F, 0xF81F, 0x006A, 0xFE1D, 0xFE1D, 0xFE1D, 0xFE1D, 0xFE1D, 0xFE1D, 0xFE1D, 0xFE1D, 0xFE1D,
    0xFE1D, 0x006A, 0xFE1D, 0xFE1D, 0xFE1D, 0xFE1D, 0xFE1D, 0x006A, 0xFE1D, 0x006A, 0xFE1D, 0xFE1D,
    0xFE1D, 0xFE1D, 0xFE1D, 0xFE1D, 0xFE1D, 0x006A, 0xFE1D, 0xFE1D, 0xFE1D, 0x006A, 0xF81F, 0xF81F,
    0xF81F, 0xF81F, 0xF81F, 0xF81F, 0xF81F, 0xF81F, 0xF81F, 0xF81F, 0xF81F, 0xF81F, 0xF81F, 0xF81F,
    0xF81F, 0xF81F, 0xF81F, 0xF81F, 0xF81F, 0xF81F, 0xF81F, 0xF81F, 0xF81F, 0xF81F, 0xF81F, 0xF81F,
    0xF81F, 0xF81F, 0xF81F, 0x006A, 0xFE1D, 0xFE1D, 0xFE1D, 0xFE1D, 0xFE1D, 0xFE1D, 0xFE1D, 0xFE1D,
    0xFE1D, 0xFE1D, 0x006A, 0xFE1D, 0xFE1D, 0xFE1D, 0xFE1D, 0x006A, 0xFE1D, 0x006A, 0xFE1D, 0xFE1D,
    0xFE1D, 0xFE1D, 0xFE1D, 0xFE1D, 0xFE1D, 0xFE1D, 0x006A, 0xFE1D, 0xFE1D, 0x006A, 0xF81F, 0xF81F,
    0xF81F, 0xF81F, 0xF81F, 0xF81F, 0xF81F, 0xF81F, 0xF81F, 0xF81F, 0xF81F, 0xF81F, 0xF81F, 0xF81F,
    0xF81F, 0xF81F, 0xF81F, 0xF81F, 0xF81F, 0xF81F, 0xF81F, 0xF81F, 0xF81F, 0xF81F, 0xF81F, 0xF81F,
    0xF81F, 0xF81F, 0xF81F, 0xF81F, 0x006A, 0xFE1D, 0xFE1D, 0xFE1D, 0xFE1D, 0xFE1D, 0xFE1D, 0xFE1D,
    0xFE1D, 0xFE1D, 0xFE1D, 0x006A, 0xFE1D, 0xFE1D, 0xFE1D, 0x006A, 0xFE1D, 0xFE1D, 0xFE1D, 0xFE1D,
    0xFE1D, 0xFE1D, 0xFE1D, 0xFE1D, 0xFE1D, 0xFE1D, 0x006A, 0xFE1D, 0xFE1D, 0xFE1D, 0x006A, 0xF81F,
    0xF81F, 0xF81F, 0xF81F, 0xF81F, 0xF81F, 0xF81F, 0xF81F, 0xF81F, 0xF81F, 0xF81F, 0xF81F, 0xF81F,
    0xF81F, 0xF81F, 0xF81F, 0xF81F, 0xF81F, 0xF81F, 0xF81F, 0xF81F, 0xF81F, 0xF81F, 0xF81F, 0xF81F,
    0xF81F, 0xF81F, 0xF81F, 0xF81F, 0xF81F, 0x006A, 0xFE1D, 0xFE1D, 0xFE1D, 0xFE1D, 0xFE1D, 0xFE1D,
    0xFE1D, 0xFE1D, 0xFE1D, 0xFE1D, 0xFE1D, 0xFE1D, 0x006A, 0x006A, 0xFE1D, 0xFE1D, 0xFE1D, 0xFE1D,
    0xFE1D, 0xFE1D, 0xFE1D, 0xFE1D, 0xFE1D, 0xFE1D, 0xFE1D, 0xFE1D, 0xFE1D, 0xFE1D, 0x006A, 0xF81F,
    0xF81F, 0xF81F, 0xF81F, 0xF81F, 0xF81F, 0xF81F, 0xF81F, 0xF81F, 0xF81F, 0xF81F, 0xF81F, 0xF81F,
    0xF81F, 0xF81F, 0xF81F, 0xF81F, 0xF81F, 0xF81F, 0xF81F, 0xF81F, 0xF81F, 0xF81F, 0xF81F, 0xF81F,
    0xF81F, 0xF81F, 0xF81F, 0xF81F, 0xF81F, 0x006A, 0xFE1D, 0xFE1D, 0xFE1D, 0xFE1D, 0xFE1D, 0xFE1D,
    0xFE1D, 0xFE1D, 0xFE1D, 0xFE1D, 0xFE1D, 0xFE1D, 0x006A, 0x01B2, 0x006A, 0xFE1D, 0xFE1D, 0xFE1D,
    0xFE1D, 0xFE1D, 0xFE1D, 0xFE1D, 0xFE1D, 0xFE1D, 0xFE1D, 0xFE1D, 0xFE1D, 0xFE1D, 0x006A, 0xF81F,
    0xF81F, 0xF81F, 0xF81F, 0xF81F, 0xF81F, 0xF81F, 0xF81F, 0xF81F, 0xF81F, 0xF81F, 0xF81F, 0xF81F,
    0xF81F, 0xF81F, 0xF81F, 0xF81F, 0xF81F, 0xF81F, 0xF81F, 0xF81F, 0xF81F, 0xF81F, 0xF81F, 0xF81F,
    0xF81F, 0xF81F, 0xF81F, 0xF81F, 0xF81F, 0xF81F, 0x006A, 0xFE1D, 0xFE1D, 0xFE1D, 0xFE1D, 0xFE1D,
    0xFE1D, 0xFE1D, 0xFE1D, 0xFE1D, 0xFE1D, 0x006A, 0x01B2, 0x01B2, 0x006A, 0xFE1D, 0xFE1D, 0xFE1D,
    0xFE1D, 0xFE1D, 0xFE1D, 0xFE1D, 0xFE1D, 0xFE1D, 0xFE1D, 0xFE1D, 0xFE1D, 0xFE1D, 0xFE1D, 0x006A,
    0xF81F, 0xF81F, 0xF81F, 0xF81F, 0xF81F, 0xF81F, 0xF81F, 0xF81F, 0xF81F, 0xF81F, 0xF81F, 0xF81F,
    0xF81F, 0xF81F, 0xF81F, 0xF81F, 0xF81F, 0xF81F, 0xF81F, 0xF81F, 0xF81F, 0xF81F, 0xF81F, 0xF81F,
    0xF81F, 0xF81F, 0xF81F, 0xF81F, 0xF81F, 0xF81F, 0x006A, 0xFE1D, 0xFE1D, 0xFE1D, 0xFE1D, 0xFE1D,
    0xFE1D, 0xFE1D, 0xFE1D, 0xFE1D, 0xFE1D, 0x006A, 0x01B2, 0x01B2, 0x01B2, 0x006A, 0xFE1D, 0xFE1D,
    0xFE1D, 0xFE1D, 0xFE1D, 0xFE1D, 0xFE1D, 0xFE1D, 0xFE1D, 0xFE1D, 0xFE1D, 0xFE1D, 0xFE1D, 0x006A,
    0xF81F, 0xF81F, 0xF81F, 0xF81F, 0xF81F, 0xF81F, 0xF81F, 0xF81F, 0xF81F, 0xF81F, 0xF81F, 0xF81F,
    0xF81F, 0xF81F, 0xF81F, 0xF81F, 0xF81F, 0xF81F, 0xF81F, 0xF81F, 0xF81F, 0xF81F, 0xF81F, 0xF81F,
    0xF81F, 0xF81F, 0xF81F, 0xF81F, 0xF81F, 0xF81F, 0xF81F, 0x006A, 0xFE1D, 0xFE1D, 0xFE1D, 0xFE1D,
    0xFE1D, 0xFE1D, 0xFE1D, 0xFE1D, 0x006A, 0x01B2, 0x01B2, 0x01B2, 0x01B2, 0x006A, 0xFE1D, 0xFE1D,
    0xFE1D, 0xFE1D, 0xFE1D, 0xFE1D, 0xFE1D, 0xFE1D, 0xFE1D, 0xFE1D, 0xFE1D, 0xFE1D, 0xFE1D, 0x006A,
    0xF81F, 0xF81F, 0xF81F, 0xF81F, 0xF81F, 0xF81F, 0xF81F, 0xF81F, 0xF81F, 0xF81F, 0xF81F, 0xF81F,
    0xF81F, 0xF81F, 0xF81F, 0xF81F, 0xF81F, 0xF81F, 0xF81F, 0xF81F, 0xF81F, 0xF81F, 0xF81F, 0xF81F,
    0xF81F, 0xF81F, 0xF81F, 0xF81F, 0xF81F, 0xF81F, 0xF81F, 0xF81F, 0x006A, 0xFE1D, 0xFE1D, 0xFE1D,
    0xFE1D, 0xFE1D, 0xFE1D, 0xFE1D, 0x006A, 0x01B2, 0x01B2, 0x01B2, 0x01B2, 0x01B2, 0x006A, 0xFE1D,
    0xFE1D, 0xFE1D, 0xFE1D, 0xFE1D, 0xFE1D, 0xFE1D, 0xFE1D, 0xFE1D, 0xFE1D, 0xFE1D, 0xFE1D, 0x006A,
    0xF81F, 0xF81F, 0xF81F, 0xF81F, 0xF81F, 0xF81F, 0xF81F, 0xF81F, 0xF81F, 0xF81F, 0xF81F, 0xF81F,
    0xF81F, 0xF81F, 0xF81F, 0xF81F, 0xF81F, 0xF81F, 0xF81F, 0xF81F, 0xF81F, 0xF81F, 0xF81F, 0xF81F,
    0xF81F, 0xF81F, 0xF81F, 0xF81F, 0xF81F, 0xF81F, 0xF81F, 0xF81F, 0xF81F, 0x006A, 0xFE1D, 0xFE1D,
    0xFE1D, 0xFE1D, 0xFE1D, 0xFE1D, 0x006A, 0x01B2, 0x01B2, 0x01B2, 0x01B2, 0x01B2, 0x01B2, 0x006A,
    0xFE1D, 0xFE1D, 0xFE1D, 0xFE1D, 0xFE1D, 0xFE1D, 0xFE1D, 0xFE1D, 0xFE1D, 0xFE1D, 0xFE1D, 0x006A,
    0xF81F, 0xF81F, 0xF81F, 0xF81F, 0xF81F, 0xF81F, 0xF81F, 0xF81F, 0xF81F, 0xF81F, 0xF81F, 0xF81F,
    0xF81F, 0xF81F, 0xF81F, 0xF81F, 0xF81F, 0xF81F, 0xF81F, 0xF81F, 0xF81F, 0xF81F, 0xF81F, 0xF81F,
    0xF81F, 0xF81F, 0xF81F, 0xF81F, 0xF81F, 0xF81F, 0xF81F, 0xF81F, 0xF81F, 0xF81F, 0x006A, 0xFE1D,
    0xFE1D, 0xFE1D, 0xFE1D, 0xFE1D, 0x006A, 0x01B2, 0x01B2, 0x01B2, 0x01B2, 0x01B2, 0x01B2, 0x01B2,
    0x006A, 0xFE1D, 0xFE1D, 0xFE1D, 0xFE1D, 0xFE1D, 0xFE1D, 0xFE1D, 0xFE1D, 0xFE1D, 0x006A, 0x006A,
    0xF81F, 0xF81F, 0xF81F, 0xF81F, 0xF81F, 0xF81F, 0xF81F, 0xF81F, 0xF81F, 0xF81F, 0xF81F, 0xF81F,
    0xF81F, 0xF81F, 0xF81F, 0xF81F, 0xF81F, 0xF81F, 0xF81F, 0xF81F, 0xF81F, 0xF81F, 0xF81F, 0xF81F,
    0xF81F, 0xF81F, 0xF81F, 0xF81F, 0xF81F, 0xF81F, 0xF81F, 0xF81F, 0xF81F, 0xF81F, 0xF81F, 0x006A,
    0xFE1D, 0xFE1D, 0xFE1D, 0x006A, 0x01B2, 0x01B2, 0x01B2, 0x01B2, 0x01B2, 0x01B2, 0x01B2, 0x01B2,
    0x01B2, 0x006A, 0x006A, 0xFE1D, 0xFE1D, 0xFE1D, 0xFE1D, 0xFE1D, 0xFE1D, 0xFE1D, 0x006A, 0x006A,
    0xF81F, 0xF81F, 0xF81F, 0xF81F, 0xF81F, 0xF81F, 0xF81F, 0xF81F, 0xF81F, 0xF81F, 0xF81F, 0xF81F,
    0xF81F, 0xF81F, 0xF81F, 0xF81F, 0xF81F, 0xF81F, 0xF81F, 0xF81F, 0xF81F, 0xF81F, 0xF81F, 0xF81F,
    0xF81F, 0xF81F, 0xF81F, 0xF81F, 0xF81F, 0xF81F, 0xF81F, 0xF81F, 0xF81F, 0xF81F, 0xF81F, 0xF81F,
    0x006A, 0x006A, 0x006A, 0x01B2, 0x01B2, 0x01B2, 0x01B2, 0x01B2, 0x01B2, 0x01B2, 0x01B2, 0x01B2,
    0x01B2, 0x01B2, 0x01B2, 0x006A, 0x006A, 0xFE1D, 0xFE1D, 0xFE1D, 0x006A, 0x006A, 0x01B2, 0x006A,
    0xF81F, 0xF81F, 0xF81F, 0xF81F, 0xF81F, 0xF81F, 0xF81F, 0xF81F, 0xF81F, 0xF81F, 0xF81F, 0xF81F,
    0xF81F, 0xF81F, 0xF81F, 0xF81F, 0xF81F, 0xF81F, 0xF81F, 0xF81F, 0xF81F, 0xF81F, 0xF81F, 0xF81F,
    0xF81F, 0xF81F, 0xF81F, 0xF81F, 0xF81F, 0xF81F, 0xF81F, 0xF81F, 0xF81F, 0xF81F, 0xF81F, 0xF81F,
    0xF81F, 0x006A, 0x01B2, 0x01B2, 0x01B2, 0x01B2, 0x01B2, 0x01B2, 0x01B2, 0x01B2, 0x01B2, 0x01B2,
    0x01B2, 0x01B2, 0x01B2, 0x01B2, 0x01B2, 0x006A, 0x006A, 0x006A, 0x01B2, 0x01B2, 0x01B2, 0x006A,
    0xF81F, 0xF81F, 0xF81F, 0xF81F, 0xF81F, 0xF81F, 0xF81F, 0xF81F, 0xF81F, 0xF81F, 0xF81F, 0xF81F,
    0xF81F, 0xF81F, 0xF81F, 0xF81F, 0xF81F, 0xF81F, 0xF81F, 0xF81F, 0xF81F, 0xF81F, 0xF81F, 0xF81F,
    0xF81F, 0xF81F, 0xF81F, 0xF81F, 0xF81F, 0xF81F, 0xF81F, 0xF81F, 0xF81F, 0xF81F, 0xF81F, 0xF81F,
    0xF81F, 0x006A, 0x01B2, 0x01B2, 0x01B2, 0x01B2, 0x01B2, 0x01B2, 0x01B2, 0x01B2, 0x01B2, 0x01B2,
    0x01B2, 0x01B2, 0x01B2, 0x01B2, 0x01B2, 0x01B2, 0x01B2, 0x01B2, 0x01B2, 0x01B2, 0x01B2, 0x006A,
    0xF81F, 0xF81F, 0xF81F, 0xF81F, 0xF81F, 0xF81F, 0xF81F, 0xF81F, 0xF81F, 0xF81F, 0xF81F, 0xF81F,
    0xF81F, 0xF81F, 0xF81F, 0xF81F, 0xF81F, 0xF81F, 0xF81F, 0xF81F, 0xF81F, 0xF81F, 0xF81F, 0xF81F,
    0xF81F, 0xF81F, 0xF81F, 0xF81F, 0xF81F, 0xF81F, 0xF81F, 0xF81F, 0xF81F, 0xF81F, 0xF81F, 0xF81F,
    0xF81F, 0x006A, 0x01B2, 0x01B2, 0x01B2, 0x01B2, 0x01B2, 0x01B2, 0x01B2, 0x01B2, 0x01B2, 0x01B2,
    0x01B2, 0x01B2, 0x01B2, 0x01B2, 0x01B2, 0x01B2, 0x01B2, 0x01B2, 0x01B2, 0x01B2, 0x006A, 0xF81F,
    0xF81F, 0xF81F, 0xF81F, 0xF81F, 0xF81F, 0xF81F, 0xF81F, 0xF81F, 0xF81F, 0xF81F, 0xF81F, 0xF81F,
    0xF81F, 0xF81F, 0xF81F, 0xF81F, 0xF81F, 0xF81F, 0xF81F, 0xF81F, 0xF81F, 0xF81F, 0xF81F, 0xF81F,
    0xF81F, 0xF81F, 0xF81F, 0xF81F, 0xF81F, 0xF81F, 0xF81F, 0xF81F, 0xF81F, 0xF81F, 0xF81F, 0xF81F,
    0xF81F, 0x006A, 0x01B2, 0x01B2, 0x01B2, 0x01B2, 0x006A, 0x006A, 0x006A, 0x006A, 0x006A, 0x006A,
    0x006A, 0x01B2, 0x01B2, 0x01B2, 0x01B2, 0x01B2, 0x01B2, 0x01B2, 0x01B2, 0x01B2, 0x006A, 0xF81F,
    0xF81F, 0xF81F, 0xF81F, 0xF81F, 0xF81F, 0xF81F, 0xF81F, 0xF81F, 0xF81F, 0xF81F, 0xF81F, 0xF81F,
    0xF81F, 0xF81F, 0xF81F, 0xF81F, 0xF81F, 0xF81F, 0xF81F, 0xF81F, 0xF81F, 0xF81F, 0xF81F, 0xF81F,
    0xF81F, 0xF81F, 0xF81F, 0xF81F, 0xF81F, 0xF81F, 0xF81F, 0xF81F, 0xF81F, 0xF81F, 0xF81F, 0xF81F,
    0xF81F, 0xF81F, 0x006A, 0x01B2, 0x006A, 0x006A, 0xFE1D, 0xFE1D, 0xFE1D, 0xFE1D, 0xFE1D, 0xFE1D,
    0xFE1D, 0x006A, 0x006A, 0x006A, 0x006A, 0x01B2, 0x01B2, 0x01B2, 0x01B2, 0x01B2, 0x006A, 0xF81F,
    0xF81F, 0xF81F, 0xF81F, 0xF81F, 0xF81F, 0xF81F, 0xF81F, 0xF81F, 0xF81F, 0xF81F, 0xF81F, 0xF81F,
    0xF81F, 0xF81F, 0xF81F, 0xF81F, 0xF81F, 0xF81F, 0xF81F, 0xF81F, 0xF81F, 0xF81F, 0xF81F, 0xF81F,
    0xF81F, 0xF81F, 0xF81F, 0xF81F, 0xF81F, 0xF81F, 0xF81F, 0xF81F, 0xF81F, 0xF81F, 0xF81F, 0xF81F,
    0xF81F, 0xF81F, 0x006A, 0x006A, 0xFE1D, 0xFE1D, 0xFE1D, 0xFE1D, 0xFE1D, 0xFE1D, 0xFE1D, 0xFE1D,
    0xFE1D, 0xFE1D, 0xFE1D, 0xFE1D, 0xFE1D, 0x006A, 0x01B2, 0x01B2, 0x01B2, 0x006A, 0xF81F, 0xF81F,
    0xF81F, 0xF81F, 0xF81F, 0xF81F, 0xF81F, 0xF81F, 0xF81F, 0xF81F, 0xF81F, 0xF81F, 0xF81F, 0xF81F,
    0xF81F, 0xF81F, 0xF81F, 0xF81F, 0xF81F, 0xF81F, 0xF81F, 0xF81F, 0xF81F, 0xF81F, 0xF81F, 0xF81F,
    0xF81F, 0xF81F, 0xF81F, 0xF81F, 0xF81F, 0xF81F, 0xF81F, 0xF81F, 0xF81F, 0xF81F, 0xF81F, 0xF81F,
    0xF81F, 0x006A, 0xFE1D, 0xFE1D, 0x006A, 0xFE1D, 0xFE1D, 0x006A, 0xFE1D, 0xFE1D, 0xFE1D, 0xFE1D,
    0xFE1D, 0xFE1D, 0xFE1D, 0x006A, 0xFE1D, 0xFE1D, 0x006A, 0x006A, 0x006A, 0xF81F, 0xF81F, 0xF81F,
    0xF81F, 0xF81F, 0xF81F, 0xF81F, 0xF81F, 0xF81F, 0xF81F, 0xF81F, 0xF81F, 0xF81F, 0xF81F, 0xF81F,
    0xF81F, 0xF81F, 0xF81F, 0xF81F, 0xF81F, 0xF81F, 0xF81F, 0xF81F, 0xF81F, 0xF81F, 0xF81F, 0xF81F,
    0xF81F, 0xF81F, 0xF81F, 0xF81F, 0xF81F, 0xF81F, 0xF81F, 0xF81F, 0xF81F, 0xF81F, 0xF81F, 0xF81F,
    0xF81F, 0x006A, 0xFE1D, 0x006A, 0xFE1D, 0xFE1D, 0xFE1D, 0x006A, 0xFE1D, 0xFE1D, 0xFE1D, 0xFE1D,
    0xFE1D, 0xFE1D, 0x006A, 0xFE1D, 0xFE1D, 0xFE1D, 0xFE1D, 0xFE1D, 0x006A, 0xF81F, 0xF81F, 0xF81F,
    0xF81F, 0xF81F, 0xF81F, 0xF81F, 0xF81F, 0xF81F, 0xF81F, 0xF81F, 0xF81F, 0xF81F, 0xF81F, 0xF81F,
    0xF81F, 0xF81F, 0xF81F, 0xF81F, 0xF81F, 0xF81F, 0xF81F, 0xF81F, 0xF81F, 0xF81F, 0xF81F, 0xF81F,
    0xF81F, 0xF81F, 0xF81F, 0xF81F, 0xF81F, 0xF81F, 0xF81F, 0xF81F, 0xF81F, 0xF81F, 0xF81F, 0xF81F,
    0x006A, 0xFE1D, 0xFE1D, 0x006A, 0xFE1D, 0x006A, 0x006A, 0xFE1D, 0x006A, 0x006A, 0x006A, 0xFE1D,
    0xFE1D, 0xFE1D, 0x006A, 0xFE1D, 0xFE1D, 0xFE1D, 0xFE1D, 0xFE1D, 0x006A, 0xF81F, 0xF81F, 0xF81F,
    0xF81F, 0xF81F, 0xF81F, 0xF81F, 0xF81F, 0xF81F, 0xF81F, 0xF81F, 0xF81F, 0xF81F, 0xF81F, 0xF81F,
    0xF81F, 0xF81F, 0xF81F, 0xF81F, 0xF81F, 0xF81F, 0xF81F, 0x006A, 0x006A, 0xF81F, 0xF81F, 0xF81F,
    0xF81F, 0xF81F, 0xF81F, 0xF81F, 0xF81F, 0xF81F, 0xF81F, 0xF81F, 0xF81F, 0xF81F, 0xF81F, 0x006A,
    0xFE1D, 0xFE1D, 0xFE1D, 0x006A, 0xFE1D, 0xFE1D, 0xFE1D, 0x006A, 0xFE1D, 0xFE1D, 0xFE1D, 0xFE1D,
    0xFE1D, 0x006A, 0xFE1D, 0xFE1D, 0xFE1D, 0xFE1D, 0xFE1D, 0xFE1D, 0x006A, 0xF81F, 0xF81F, 0xF81F,
    0xF81F, 0xF81F, 0xF81F, 0xF81F, 0xF81F, 0xF81F, 0xF81F, 0xF81F, 0xF81F, 0xF81F, 0xF81F, 0xF81F,
    0xF81F, 0xF81F, 0xF81F, 0xF81F, 0xF81F, 0xF81F, 0x006A, 0xFE1D, 0xFE1D, 0x006A, 0xF81F, 0xF81F,
    0xF81F, 0xF81F, 0xF81F, 0xF81F, 0xF81F, 0xF81F, 0xF81F, 0xF81F, 0xF81F, 0xF81F, 0xF81F, 0x006A,
    0xFE1D, 0xFE1D, 0xFE1D, 0x006A, 0xFE1D, 0xFE1D, 0x006A, 0xFE1D, 0xFE1D, 0xFE1D, 0xFE1D, 0xFE1D,
    0x006A, 0xFE1D, 0xFE1D, 0xFE1D, 0xFE1D, 0xFE1D, 0xFE1D, 0xFE1D, 0x006A, 0x006A, 0xF81F, 0xF81F,
    0xF81F, 0xF81F, 0xF81F, 0xF81F, 0xF81F, 0xF81F, 0xF81F, 0xF81F, 0xF81F, 0xF81F, 0xF81F, 0xF81F,
    0xF81F, 0xF81F, 0xF81F, 0xF81F, 0xF81F, 0x006A, 0xFE1D, 0xFE1D, 0xFE1D, 0xFE1D, 0x006A, 0xF81F,
    0xF81F, 0xF81F, 0xF81F, 0xF81F, 0xF81F, 0xF81F, 0xF81F, 0xF81F, 0xF81F, 0xF81F, 0x006A, 0xFE1D,
    0xFE1D, 0xFE1D, 0xFE1D, 0x006A, 0xFE1D, 0xFE1D, 0x006A, 0xFE1D, 0xFE1D, 0xFE1D, 0x006A, 0x006A,
    0xFE1D, 0xFE1D, 0xFE1D, 0xFE1D, 0xFE1D, 0x006A, 0x006A, 0x006A, 0xFE1D, 0x006A, 0x006A, 0xF81F,
    0x006A, 0x006A, 0x006A, 0xF81F, 0xF81F, 0xF81F, 0xF81F, 0xF81F, 0xF81F, 0xF81F, 0xF81F, 0xF81F,
    0xF81F, 0xF81F, 0xF81F, 0xF81F, 0x006A, 0xFE1D, 0xFE1D, 0xFE1D, 0xFE1D, 0xFE1D, 0xFE1D, 0x006A,
    0xF81F, 0xF81F, 0xF81F, 0xF81F, 0xF81F, 0xF81F, 0xF81F, 0xF81F, 0xF81F, 0xF81F, 0x006A, 0xFE1D,
    0xFE1D, 0xFE1D, 0xFE1D, 0xFE1D, 0x006A, 0xFE1D, 0xFE1D, 0xFE1D, 0x006A, 0x006A, 0xFE1D, 0xFE1D,
    0xFE1D, 0xFE1D, 0xFE1D, 0xFE1D, 0x006A, 0x006A, 0xFE1D, 0xFE1D, 0xFE1D, 0xFE1D, 0x006A, 0x006A,
    0xFE1D, 0xFE1D, 0xFE1D, 0x006A, 0xF81F, 0xF81F, 0xF81F, 0xF81F, 0xF81F, 0xF81F, 0xF81F, 0xF81F,
    0xF81F, 0xF81F, 0xF81F, 0xF81F, 0x006A, 0xFE1D, 0xFE1D, 0xFE1D, 0xFE1D, 0xFE1D, 0xFE1D, 0xFE1D,
    0x006A, 0xF81F, 0xF81F, 0xF81F, 0xF81F, 0xF81F, 0xF81F, 0xF81F, 0x006A, 0x006A, 0x006A, 0x006A,
    0x006A, 0x006A, 0xFE1D, 0xFE1D, 0xFE1D, 0x006A, 0x006A, 0x006A, 0xFE1D, 0xFE1D, 0x006A, 0x006A,
    0x006A, 0x006A, 0x006A, 0x006A, 0xFE1D, 0xFE1D, 0x006A, 0xFE1D, 0xFE1D, 0xFE1D, 0x006A, 0xFE1D,
    0xFE1D, 0xFE1D, 0xFE1D, 0xFE1D, 0x006A, 0xF81F, 0xF81F, 0xF81F, 0xF81F, 0xF81F, 0xF81F, 0xF81F,
    0xF81F, 0xF81F, 0xF81F, 0x006A, 0xFE1D, 0xFE1D, 0xFE1D, 0xFE1D, 0xFE1D, 0xFE1D, 0xFE1D, 0xFE1D,
    0x006A, 0xF81F, 0xF81F, 0xF81F, 0xF81F, 0xF81F, 0x006A, 0x006A, 0xFE1D, 0xFE1D, 0xFE1D, 0xFE1D,
    0xFE1D, 0xFE1D, 0x006A, 0x006A, 0xFE1D, 0xFE1D, 0xFE1D, 0xFE1D, 0x006A, 0x006A, 0xFE1D, 0xFE1D,
    0xFE1D, 0xFE1D, 0xFE1D, 0xFE1D, 0x006A, 0x006A, 0xFE1D, 0xFE1D, 0xFE1D, 0x006A, 0xFE1D, 0xFE1D,
    0xFE1D, 0xFE1D, 0xFE1D, 0xFE1D, 0xFE1D, 0x006A, 0xF81F, 0xF81F, 0xF81F, 0xF81F, 0xF81F, 0xF81F,
    0xF81F, 0xF81F, 0xF81F, 0x006A, 0xFE1D, 0xFE1D, 0xFE1D, 0xFE1D, 0xFE1D, 0xFE1D, 0xFE1D, 0xFE1D,
    0xFE1D, 0x006A, 0xF81F, 0xF81F, 0xF81F, 0x006A, 0xFE1D, 0xFE1D, 0xFE1D, 0x006A, 0xFE1D, 0xFE1D,
    0xFE1D, 0xFE1D, 0xFE1D, 0xFE1D, 0x006A, 0x006A, 0x006A, 0x006A, 0xFE1D, 0xFE1D, 0xFE1D, 0xFE1D,
    0xFE1D, 0xFE1D, 0xFE1D, 0xFE1D, 0xFE1D, 0xFE1D, 0x006A, 0xFE1D, 0x006A, 0xFE1D, 0xFE1D, 0xFE1D,
    0xFE1D, 0xFE1D, 0xFE1D, 0xFE1D, 0xFE1D, 0x006A, 0xF81F, 0xF81F, 0xF81F, 0xF81F, 0xF81F, 0xF81F,
    0xF81F, 0xF81F, 0xF81F, 0x006A, 0xFE1D, 0xFE1D, 0xFE1D, 0xFE1D, 0xFE1D, 0xFE1D, 0xFE1D, 0xFE1D,
    0xFE1D, 0x006A, 0x006A, 0xF81F, 0x006A, 0xFE1D, 0xFE1D, 0xFE1D, 0xFE1D, 0xFE1D, 0xFE1D, 0xFE1D,
    0xFE1D, 0xFE1D, 0xFE1D, 0xFE1D, 0xFE1D, 0xFE1D, 0xFE1D, 0xFE1D, 0xFE1D, 0xFE1D, 0xFE1D, 0x006A,
    0xFE1D, 0xFE1D, 0xFE1D, 0xFE1D, 0xFE1D, 0xFE1D, 0xFE1D, 0x006A, 0xFE1D, 0xFE1D, 0xFE1D, 0xFE1D,
    0xFE1D, 0xFE1D, 0xFE1D, 0xFE1D, 0xFE1D, 0x006A, 0xF81F, 0xF81F, 0xF81F, 0xF81F, 0xF81F, 0xF81F,
    0xF81F, 0xF81F, 0xF81F, 0x006A, 0xFE1D, 0xFE1D, 0xFE1D, 0xFE1D, 0xFE1D, 0xFE1D, 0xFE1D, 0xFE1D,
    0xFE1D, 0x006A, 0x006A, 0xF81F, 0x006A, 0xFE1D, 0xFE1D, 0xFE1D, 0xFE1D, 0xFE1D, 0xFE1D, 0xFE1D,
    0xFE1D, 0xFE1D, 0xFE1D, 0x006A, 0xFE1D, 0xFE1D, 0xFE1D, 0xFE1D, 0xFE1D, 0xFE1D, 0xFE1D, 0xFE1D,
    0xFE1D, 0xFE1D, 0xFE1D, 0xFE1D, 0xFE1D, 0xFE1D, 0xFE1D, 0x006A, 0xFE1D, 0xFE1D, 0xFE1D, 0xFE1D,
    0xFE1D, 0xFE1D, 0xFE1D, 0xFE1D, 0xFE1D, 0xFE1D, 0x006A, 0xF81F, 0xF81F, 0xF81F, 0xF81F, 0xF81F,
    0xF81F, 0xF81F, 0xF81F, 0x006A, 0xFE1D, 0xFE1D, 0xFE1D, 0xFE1D, 0xFE1D, 0xFE1D, 0xFE1D, 0xFE1D,
    0x006A, 0xFE1D, 0x006A, 0x006A, 0xFE1D, 0xFE1D, 0xFE1D, 0xFE1D, 0xFE1D, 0xFE1D, 0xFE1D, 0xFE1D,
    0xFE1D, 0xFE1D, 0xFE1D, 0x006A, 0xFE1D, 0xFE1D, 0xFE1D, 0xFE1D, 0xFE1D, 0xFE1D, 0xFE1D, 0xFE1D,
    0xFE1D, 0xFE1D, 0xFE1D, 0xFE1D, 0xFE1D, 0xFE1D, 0x006A, 0x006A, 0x006A, 0x006A, 0xFE1D, 0xFE1D,
    0xFE1D, 0xFE1D, 0xFE1D, 0xFE1D, 0xFE1D, 0xFE1D, 0x006A, 0xF81F, 0xF81F, 0xF81F, 0xF81F, 0xF81F,
    0xF81F, 0xF81F, 0xF81F, 0xF81F, 0x006A, 0xFE1D, 0xFE1D, 0xFE1D, 0xFE1D, 0xFE1D, 0xFE1D, 0xFE1D,
    0x006A, 0x006A, 0xFE1D, 0x006A, 0xFE1D, 0xFE1D, 0xFE1D, 0xFE1D, 0xFE1D, 0xFE1D, 0xFE1D, 0xFE1D,
    0xFE1D, 0xFE1D, 0x006A, 0xFE1D, 0xFE1D, 0xFE1D, 0xFE1D, 0xFE1D, 0xFE1D, 0xFE1D, 0xFE1D, 0xFE1D,
    0xFE1D, 0xFE1D, 0xFE1D, 0xFE1D, 0xFE1D, 0x006A, 0x028E, 0x028E, 0x028E, 0x028E, 0x006A, 0xFE1D,
    0xFE1D, 0xFE1D, 0xFE1D, 0xFE1D, 0xFE1D, 0xFE1D, 0x006A, 0xF81F, 0xF81F, 0xF81F, 0xF81F, 0xF81F,
    0xF81F, 0xF81F, 0xF81F, 0xF81F, 0x006A, 0xFE1D, 0xFE1D, 0xFE1D, 0xFE1D, 0x006A, 0x006A, 0x006A,
    0x006A, 0xFE1D, 0xFE1D, 0x006A, 0xFE1D, 0xFE1D, 0xFE1D, 0xFE1D, 0xFE1D, 0xFE1D, 0xFE1D, 0xFE1D,
    0xFE1D, 0xFE1D, 0x006A, 0xFE1D, 0xFE1D, 0xFE1D, 0xFE1D, 0xFE1D, 0xFE1D, 0xFE1D, 0xFE1D, 0xFE1D,
    0xFE1D, 0xFE1D, 0xFE1D, 0xFE1D, 0xFE1D, 0x006A, 0x028E, 0x028E, 0x028E, 0x028E, 0x028E, 0x006A,
    0xFE1D, 0xFE1D, 0xFE1D, 0xFE1D, 0xFE1D, 0xFE1D, 0xFE1D, 0x006A, 0xF81F, 0xF81F, 0xF81F, 0xF81F,
    0xF81F, 0xF81F, 0xF81F, 0xF81F, 0xF81F, 0x006A, 0xFE1D, 0x006A, 0x006A, 0x028E, 0x028E, 0x028E,
    0x028E, 0x006A, 0xFE1D, 0x006A, 0xFE1D, 0xFE1D, 0xFE1D, 0xFE1D, 0xFE1D, 0xFE1D, 0xFE1D, 0xFE1D,
    0xFE1D, 0xFE1D, 0x006A, 0xFE1D, 0xFE1D, 0xFE1D, 0xFE1D, 0xFE1D, 0xFE1D, 0xFE1D, 0xFE1D, 0xFE1D,
    0xFE1D, 0xFE1D, 0xFE1D, 0xFE1D, 0xFE1D, 0x006A, 0x006A, 0x006A, 0x028E, 0x028E, 0x028E, 0x028E,
    0x006A, 0xFE1D, 0xFE1D, 0xFE1D, 0x006A, 0xFE1D, 0xFE1D, 0x006A, 0xF81F, 0xF81F, 0xF81F, 0xF81F,
    0xF81F, 0xF81F, 0xF81F, 0xF81F, 0xF81F, 0x006A, 0x006A, 0x028E, 0x028E, 0x028E, 0x028E, 0x028E,
    0x028E, 0x006A, 0xFE1D, 0xFE1D, 0xFE1D, 0xFE1D, 0xFE1D, 0xFE1D, 0xFE1D, 0xFE1D, 0xFE1D, 0xFE1D,
    0xFE1D, 0xFE1D, 0x006A, 0xFE1D, 0xFE1D, 0xFE1D, 0xFE1D, 0xFE1D, 0xFE1D, 0xFE1D, 0xFE1D, 0xFE1D,
    0xFE1D, 0xFE1D, 0x006A, 0x006A, 0x006A, 0x028E, 0x028E, 0x028E, 0x006A, 0x028E, 0x028E, 0x028E,
    0x006A, 0xFE1D, 0xFE1D, 0xFE1D, 0x006A, 0xFE1D, 0xFE1D, 0x006A, 0xF81F, 0xF81F, 0xF81F, 0xF81F,
    0xF81F, 0xF81F, 0xF81F, 0xF81F, 0xF81F, 0x006A, 0x028E, 0x028E, 0x028E, 0x028E, 0x028E, 0x028E,
    0x028E, 0x006A, 0xFE1D, 0xFE1D, 0xFE1D, 0xFE1D, 0xFE1D, 0xFE1D, 0xFE1D, 0xFE1D, 0xFE1D, 0xFE1D,
    0xFE1D, 0xFE1D, 0x006A, 0xFE1D, 0xFE1D, 0xFE1D, 0xFE1D, 0xFE1D, 0xFE1D, 0xFE1D, 0xFE1D, 0x006A,
    0x006A, 0x006A, 0x028E, 0x028E, 0x028E, 0x028E, 0x028E, 0x028E, 0x028E, 0x006A, 0x028E, 0x028E,
    0x006A, 0xFE1D, 0xFE1D, 0x006A, 0xFE1D, 0xFE1D, 0xFE1D, 0x006A, 0xF81F, 0xF81F, 0xF81F, 0xF81F,
    0xF81F, 0xF81F, 0xF81F, 0xF81F, 0xF81F, 0x006A, 0x028E, 0x028E, 0x028E, 0x006A, 0x006A, 0x006A,
    0x006A, 0x006A, 0xFE1D, 0xFE1D, 0xFE1D, 0xFE1D, 0xFE1D, 0xFE1D, 0xFE1D, 0xFE1D, 0xFE1D, 0xFE1D,
    0xFE1D, 0xFE1D, 0x006A, 0xFE1D, 0xFE1D, 0xFE1D, 0xFE1D, 0xFE1D, 0x006A, 0x006A, 0x006A, 0x028E,
    0x028E, 0x028E, 0x028E, 0x028E, 0x028E, 0x028E, 0x028E, 0x028E, 0x028E, 0x006A, 0x028E, 0x028E,
    0x006A, 0x006A, 0x006A, 0xFE1D, 0xFE1D, 0xFE1D, 0xFE1D, 0x006A, 0xF81F, 0xF81F, 0xF81F, 0xF81F,
    0xF81F, 0xF81F, 0xF81F, 0xF81F, 0xF81F, 0x006A, 0x028E, 0x028E, 0x006A, 0x028E, 0x028E, 0x028E,
    0x028E, 0x006A, 0xFE1D, 0xFE1D, 0xFE1D, 0xFE1D, 0xFE1D, 0xFE1D, 0xFE1D, 0xFE1D, 0xFE1D, 0xFE1D,
    0xFE1D, 0xFE1D, 0xFE1D, 0xFE1D, 0xFE1D, 0xFE1D, 0xFE1D, 0x006A, 0x028E, 0x028E, 0x006A, 0x028E,
    0x028E, 0x028E, 0x028E, 0x028E, 0x028E, 0x028E, 0x028E, 0x028E, 0x028E, 0x028E, 0x006A, 0x006A,
    0xFE1D, 0xFE1D, 0xFE1D, 0xFE1D, 0xFE1D, 0xFE1D, 0xFE1D, 0x006A, 0xF81F, 0xF81F, 0xF81F, 0xF81F,
    0xF81F, 0xF81F, 0xF81F, 0xF81F, 0xF81F, 0xF81F, 0x006A, 0x006A, 0x028E, 0x028E, 0x028E, 0x028E,
    0x028E, 0x028E, 0x006A, 0xFE1D, 0xFE1D, 0xFE1D, 0xFE1D, 0xFE1D, 0xFE1D, 0xFE1D, 0xFE1D, 0xFE1D,
    0x006A, 0x006A, 0x006A, 0xFE1D, 0xFE1D, 0xFE1D, 0xFE1D, 0x006A, 0x028E, 0x028E, 0x006A, 0x028E,
    0x028E, 0x028E, 0x028E, 0x028E, 0x028E, 0x028E, 0x028E, 0x028E, 0x028E, 0x028E, 0x006A, 0xFE1D,
    0xFE1D, 0xFE1D, 0xFE1D, 0x006A, 0xFE1D, 0xFE1D, 0xFE1D, 0x006A, 0xF81F, 0xF81F, 0xF81F, 0xF81F,
    0xF81F, 0xF81F, 0xF81F, 0xF81F, 0xF81F, 0xF81F, 0x006A, 0x028E, 0x028E, 0x028E, 0x028E, 0x028E,
    0x028E, 0x028E, 0x006A, 0xFE1D, 0xFE1D, 0xFE1D, 0xFE1D, 0xFE1D, 0xFE1D, 0x006A, 0x006A, 0x006A,
    0xFE1D, 0xFE1D, 0xFE1D, 0x006A, 0xFE1D, 0xFE1D, 0x006A, 0x028E, 0x028E, 0x028E, 0x006A, 0x028E,
    0x028E, 0x028E, 0x028E, 0x028E, 0x028E, 0x028E, 0x028E, 0x028E, 0x028E, 0x028E, 0x006A, 0xFE1D,
    0xFE1D, 0xFE1D, 0xFE1D, 0xFE1D, 0x006A, 0xFE1D, 0x006A, 0xF81F, 0xF81F, 0xF81F, 0xF81F, 0xF81F,
    0xF81F, 0xF81F, 0xF81F, 0xF81F, 0xF81F, 0xF81F, 0x006A, 0x028E, 0x028E, 0x028E, 0x028E, 0x028E,
    0x028E, 0x028E, 0x028E, 0x006A, 0xFE1D, 0xFE1D, 0xFE1D, 0xFE1D, 0x006A, 0xFE1D, 0xFE1D, 0x006A,
    0xFE1D, 0xFE1D, 0xFE1D, 0xFE1D, 0x006A, 0xFE1D, 0x006A, 0x028E, 0x028E, 0x028E, 0x006A, 0x028E,
    0x028E, 0x028E, 0x028E, 0x028E, 0x028E, 0x028E, 0x028E, 0x028E, 0x028E, 0x028E, 0x006A, 0xFE1D,
    0xFE1D, 0xFE1D, 0xFE1D, 0xFE1D, 0x006A, 0xFE1D, 0x006A, 0xF81F, 0xF81F, 0xF81F, 0xF81F, 0xF81F,
    0xF81F, 0xF81F, 0xF81F, 0xF81F, 0xF81F, 0xF81F, 0x006A, 0x028E, 0x028E, 0x028E, 0x028E, 0x028E,
    0x028E, 0x028E, 0x006A, 0x006A, 0xFE1D, 0xFE1D, 0xFE1D, 0xFE1D, 0x006A, 0xFE1D, 0xFE1D, 0x006A,
    0xFE1D, 0xFE1D, 0xFE1D, 0xFE1D, 0xFE1D, 0x006A, 0x006A, 0x028E, 0x028E, 0x006A, 0x028E, 0x028E,
    0x028E, 0x028E, 0x028E, 0x028E, 0x028E, 0x028E, 0x028E, 0x028E, 0x028E, 0x028E, 0x006A, 0x006A,
    0xFE1D, 0xFE1D, 0xFE1D, 0xFE1D, 0xFE1D, 0xFE1D, 0x006A, 0xF81F, 0xF81F, 0xF81F, 0xF81F, 0xF81F,
    0xF81F, 0xF81F, 0xF81F, 0xF81F, 0xF81F, 0x006A, 0x028E, 0x028E, 0x028E, 0x028E, 0x028E, 0x028E,
    0x028E, 0x028E, 0x028E, 0x006A, 0x006A, 0xFE1D, 0xFE1D, 0xFE1D, 0x006A, 0xFE1D, 0xFE1D, 0xFE1D,
    0xFE1D, 0xFE1D, 0xFE1D, 0xFE1D, 0xFE1D, 0x006A, 0x006A, 0x028E, 0x028E, 0x028E, 0x028E, 0x028E,
    0x028E, 0x028E, 0x028E, 0x028E, 0x028E, 0x028E, 0x028E, 0x028E, 0x028E, 0x006A, 0xFE1D, 0xFE1D,
    0x006A, 0x006A, 0xFE1D, 0xFE1D, 0xFE1D, 0xFE1D, 0x006A, 0xF81F, 0xF81F, 0xF81F, 0xF81F, 0xF81F,
    0xF81F, 0xF81F, 0xF81F, 0xF81F, 0xF81F, 0x006A, 0x028E, 0x028E, 0x028E, 0x028E, 0x028E, 0x028E,
    0x028E, 0x028E, 0x028E, 0x028E, 0x006A, 0x006A, 0xFE1D, 0x006A, 0xFE1D, 0xFE1D, 0xFE1D, 0xFE1D,
    0xFE1D, 0xFE1D, 0xFE1D, 0xFE1D, 0xFE1D, 0xFE1D, 0x006A, 0x028E, 0x028E, 0x028E, 0x028E, 0x028E,
    0x028E, 0x028E, 0x028E, 0x028E, 0x028E, 0x028E, 0x028E, 0x028E, 0x028E, 0x006A, 0xFE1D, 0xFE1D,
    0xFE1D, 0xFE1D, 0xFE1D, 0xFE1D, 0xFE1D, 0xFE1D, 0x006A, 0xF81F, 0xF81F, 0xF81F, 0xF81F, 0xF81F,
    0xF81F, 0xF81F, 0xF81F, 0xF81F, 0xF81F, 0x006A, 0x028E, 0x028E, 0x028E, 0x028E, 0x028E, 0x028E,
    0x028E, 0x028E, 0x028E, 0x028E, 0x006A, 0x028E, 0x006A, 0x006A, 0xFE1D, 0xFE1D, 0xFE1D, 0x006A,
    0x006A, 0x006A, 0xFE1D, 0xFE1D, 0xFE1D, 0xFE1D, 0x006A, 0x028E, 0x028E, 0x028E, 0x028E, 0x028E,
    0x028E, 0x028E, 0x028E, 0x028E, 0x028E, 0x028E, 0x028E, 0x028E, 0x006A, 0xFE1D, 0xFE1D, 0xFE1D,
    0xFE1D, 0xFE1D, 0xFE1D, 0xFE1D, 0xFE1D, 0x006A, 0xF81F, 0xF81F, 0xF81F, 0xF81F, 0xF81F, 0xF81F,
    0xF81F, 0xF81F, 0xF81F, 0xF81F, 0xF81F, 0x006A, 0x028E, 0x028E, 0x028E, 0x028E, 0x028E, 0x028E,
    0x028E, 0x028E, 0x028E, 0x028E, 0x006A, 0x028E, 0x006A, 0x006A, 0xFE1D, 0xFE1D, 0xFE1D, 0xFE1D,
    0xFE1D, 0xFE1D, 0xFE1D, 0xFE1D, 0xFE1D, 0xFE1D, 0x006A, 0x028E, 0x028E, 0x028E, 0x028E, 0x028E,
    0x028E, 0x028E, 0x028E, 0x028E, 0x028E, 0x028E, 0x028E, 0x028E, 0x006A, 0xFE1D, 0xFE1D, 0xFE1D,
    0xFE1D, 0xFE1D, 0xFE1D, 0xFE1D, 0xFE1D, 0x006A, 0xF81F, 0xF81F, 0xF81F, 0xF81F, 0xF81F, 0xF81F,
    0xF81F, 0xF81F, 0xF81F, 0xF81F, 0xF81F, 0x006A, 0x028E, 0x028E, 0x028E, 0x028E, 0x028E, 0x028E,
    0x028E, 0x028E, 0x028E, 0x028E, 0x028E, 0x028E, 0x028E, 0x006A, 0xFE1D, 0xFE59, 0x006A, 0x006A,
    0x006A, 0x006A, 0x006A, 0xFE59, 0xFE1D, 0x006A, 0x006A, 0x006A, 0x028E, 0x028E, 0x028E, 0x028E,
    0x028E, 0x028E, 0x028E, 0x028E, 0x028E, 0x028E, 0x028E, 0x006A, 0xFE1D, 0xFE1D, 0xFE1D, 0xFE1D,
    0xFE1D, 0xFE1D, 0xFE1D, 0xFE1D, 0x006A, 0xF81F, 0xF81F, 0xF81F, 0xF81F, 0xF81F, 0xF81F, 0xF81F,
    0xF81F, 0xF81F, 0xF81F, 0xF81F, 0xF81F, 0x006A, 0x028E, 0x028E, 0x028E, 0x028E, 0x028E, 0x028E,
    0x028E, 0x028E, 0x028E, 0x028E, 0x028E, 0x028E, 0x028E, 0x006A, 0x006A, 0xFE59, 0xFE59, 0x006A,
    0xFE59, 0x006A, 0xFE59, 0xFE59, 0xFE1D, 0x006A, 0x006A, 0x006A, 0x028E, 0x028E, 0x028E, 0x028E,
    0x028E, 0x028E, 0x028E, 0x028E, 0x028E, 0x028E, 0x028E, 0x006A, 0xFE1D, 0xFE1D, 0xFE1D, 0xFE1D,
    0xFE1D, 0xFE1D, 0xFE1D, 0xFE1D, 0x006A, 0xF81F, 0xF81F, 0xF81F, 0xF81F, 0xF81F, 0xF81F, 0xF81F,
    0xF81F, 0xF81F, 0xF81F, 0xF81F, 0xF81F, 0xF81F, 0x006A, 0x028E, 0x028E, 0x028E, 0x028E, 0x028E,
    0x028E, 0x028E, 0x028E, 0x028E, 0x028E, 0x028E, 0x028E, 0x006A, 0x006A, 0x006A, 0xFE59, 0xFE59,
    0xFE59, 0xFE59, 0xFE59, 0xFE1D, 0x006A, 0x006A, 0x006A, 0xFE1D, 0x006A, 0x028E, 0x028E, 0x028E,
    0x028E, 0x028E, 0x028E, 0x028E, 0x028E, 0x028E, 0x006A, 0xFE1D, 0xFE1D, 0xFE1D, 0xFE1D, 0xFE1D,
    0xFE1D, 0xFE1D, 0xFE1D, 0xFE1D, 0x006A, 0xF81F, 0xF81F, 0xF81F, 0xF81F, 0xF81F, 0xF81F, 0xF81F,
    0xF81F, 0xF81F, 0xF81F, 0xF81F, 0xF81F, 0xF81F, 0x006A, 0x028E, 0x028E, 0x028E, 0x028E, 0x028E,
    0x028E, 0x028E, 0x028E, 0x028E, 0x028E, 0x028E, 0x028E, 0x006A, 0xFE1D, 0x006A, 0x006A, 0x006A,
    0x006A, 0x006A, 0x006A, 0x006A, 0x006A, 0x006A, 0xFE1D, 0xFE1D, 0xFE1D, 0x006A, 0x028E, 0x028E,
    0x028E, 0x028E, 0x028E, 0x028E, 0x028E, 0x006A, 0xFE1D, 0xFE1D, 0xFE1D, 0xFE1D, 0xFE1D, 0xFE1D,
    0xFE1D, 0xFE1D, 0xFE1D, 0xFE1D, 0x006A, 0xF81F, 0xF81F, 0xF81F, 0xF81F, 0xF81F, 0xF81F, 0xF81F,
    0xF81F, 0xF81F, 0xF81F, 0xF81F, 0xF81F, 0xF81F, 0x006A, 0x028E, 0x028E, 0x028E, 0x028E, 0x028E,
    0x028E, 0x028E, 0x028E, 0x028E, 0x028E, 0x028E, 0x028E, 0x006A, 0x006A, 0xFE1D, 0x006A, 0x006A,
    0x006A, 0x006A, 0x006A, 0x006A, 0x006A, 0xFE1D, 0xFE1D, 0xFE1D, 0xFE1D, 0xFE1D, 0x006A, 0x006A,
    0x028E, 0x028E, 0x028E, 0x028E, 0x006A, 0xFE1D, 0xFE1D, 0xFE1D, 0xFE1D, 0xFE1D, 0xFE1D, 0xFE1D,
    0xFE1D, 0xFE1D, 0xFE1D, 0x006A, 0xF81F, 0xF81F, 0xF81F, 0xF81F, 0xF81F, 0xF81F, 0xF81F, 0xF81F,
    0xF81F, 0xF81F, 0xF81F, 0xF81F, 0xF81F, 0xF81F, 0xF81F, 0x006A, 0x028E, 0x028E, 0x028E, 0x028E,
    0x028E, 0x028E, 0x028E, 0x028E, 0x028E, 0x028E, 0x028E, 0x006A, 0xFE1D, 0x006A, 0xFE1D, 0xFE1D,
    0xFE1D, 0xFE1D, 0xFE1D, 0x006A, 0xFE1D, 0xFE1D, 0xFE1D, 0xFE1D, 0xFE1D, 0xFE1D, 0x006A, 0xFE1D,
    0x006A, 0x006A, 0x006A, 0x006A, 0xFE1D, 0xFE1D, 0xFE1D, 0xFE1D, 0xFE1D, 0xFE1D, 0xFE1D, 0xFE1D,
    0x006A, 0xFE1D, 0xFE1D, 0x006A, 0xF81F, 0xF81F, 0xF81F, 0xF81F, 0xF81F, 0xF81F, 0xF81F, 0xF81F,
    0xF81F, 0xF81F, 0xF81F, 0xF81F, 0xF81F, 0xF81F, 0xF81F, 0x006A, 0x028E, 0x028E, 0x028E, 0x028E,
    0x028E, 0x028E, 0x028E, 0x028E, 0x028E, 0x028E, 0x028E, 0x006A, 0xFE1D, 0x006A, 0xFE1D, 0xFE1D,
    0xFE1D, 0xFE1D, 0xFE1D, 0xFE1D, 0x006A, 0xFE1D, 0x006A, 0x006A, 0xFE1D, 0xFE1D, 0x006A, 0xFE1D,
    0x006A, 0xFE1D, 0xFE1D, 0xFE1D, 0xFE1D, 0xFE1D, 0xFE1D, 0xFE1D, 0xFE1D, 0xFE1D, 0xFE1D, 0xFE1D,
    0x006A, 0xFE1D, 0xFE1D, 0x006A, 0xF81F, 0xF81F, 0xF81F, 0xF81F, 0xF81F, 0xF81F, 0xF81F, 0xF81F,
    0xF81F, 0xF81F, 0xF81F, 0xF81F, 0xF81F, 0xF81F, 0xF81F, 0xF81F, 0x006A, 0x028E, 0x028E, 0x028E,
    0x028E, 0x028E, 0x028E, 0x028E, 0x028E, 0x028E, 0x006A, 0xFE1D, 0xFE1D, 0x006A, 0xFE1D, 0xFE1D,
    0xFE1D, 0xFE1D, 0xFE1D, 0xFE1D, 0x006A, 0xFE1D, 0xFE1D, 0xFE1D, 0x006A, 0xFE1D, 0x006A, 0xFE1D,
    0xFE1D, 0xFE1D, 0xFE1D, 0xFE1D, 0xFE1D, 0xFE1D, 0xFE1D, 0xFE1D, 0xFE1D, 0xFE1D, 0xFE1D, 0x006A,
    0xFE1D, 0xFE1D, 0x006A, 0xF81F, 0xF81F, 0xF81F, 0xF81F, 0xF81F, 0xF81F, 0xF81F, 0xF81F, 0xF81F,
    0xF81F, 0xF81F, 0xF81F, 0xF81F, 0xF81F, 0xF81F, 0xF81F, 0xF81F, 0xF81F, 0x006A, 0x028E, 0x028E,
    0x028E, 0x028E, 0x028E, 0x028E, 0x006A, 0x006A, 0x028E, 0x006A, 0xFE1D, 0xFE1D, 0x006A, 0xFE1D,
    0xFE1D, 0xFE1D, 0xFE1D, 0x006A, 0xFE1D, 0xFE1D, 0xFE1D, 0xFE1D, 0xFE1D, 0x006A, 0xFE1D, 0x006A,
    0xFE1D, 0xFE1D, 0xFE1D, 0xFE1D, 0xFE1D, 0xFE1D, 0xFE1D, 0xFE1D, 0xFE1D, 0x006A, 0x006A, 0xFE1D,
    0xFE1D, 0xFE1D, 0x006A, 0xF81F, 0xF81F, 0xF81F, 0xF81F, 0xF81F, 0xF81F, 0xF81F, 0xF81F, 0xF81F,
    0xF81F, 0xF81F, 0xF81F, 0xF81F, 0xF81F, 0xF81F, 0xF81F, 0xF81F, 0xF81F, 0xF81F, 0x006A, 0x006A,
    0x006A, 0x006A, 0x006A, 0x006A, 0x028E, 0x028E, 0x006A, 0x006A, 0xFE1D, 0xFE1D, 0xFE1D, 0x006A,
    0xFE1D, 0xFE1D, 0xFE1D, 0xFE1D, 0xFE1D, 0xFE1D, 0xFE1D, 0xFE1D, 0xFE1D, 0x006A, 0xFE1D, 0xFE1D,
    0x006A, 0xFE1D, 0xFE1D, 0xFE1D, 0xFE1D, 0xFE1D, 0xFE1D, 0xFE1D, 0xFE1D, 0xFE1D, 0xFE1D, 0xFE1D,
    0xFE1D, 0x006A, 0xF81F, 0xF81F, 0xF81F, 0xF81F, 0xF81F, 0xF81F, 0xF81F, 0xF81F, 0xF81F, 0xF81F,
    0xF81F, 0xF81F, 0xF81F, 0xF81F, 0xF81F, 0xF81F, 0xF81F, 0xF81F, 0xF81F, 0xF81F, 0xF81F, 0x006A,
    0x028E, 0x028E, 0x028E, 0x028E, 0x028E, 0x006A, 0xFE1D, 0x006A, 0xFE1D, 0xFE59, 0x006A, 0xFE59,
    0xFE1D, 0xFE1D, 0xFE59, 0x006A, 0xFE59, 0xFE1D, 0xFE1D, 0xFE1D, 0xFE1D, 0x006A, 0xFE1D, 0xFE1D,
    0x006A, 0xFE1D, 0xFE1D, 0xFE1D, 0xFE1D, 0xFE1D, 0xFE1D, 0xFE1D, 0xFE1D, 0xFE1D, 0xFE1D, 0xFE1D,
    0xFE1D, 0x006A, 0xF81F, 0xF81F, 0xF81F, 0xF81F, 0xF81F, 0xF81F, 0xF81F, 0xF81F, 0xF81F, 0xF81F,
    0xF81F, 0xF81F, 0xF81F, 0xF81F, 0xF81F, 0xF81F, 0xF81F, 0xF81F, 0xF81F, 0xF81F, 0xF81F, 0xF81F,
    0x006A, 0x006A, 0x006A, 0x006A, 0x006A, 0xFE1D, 0xFE1D, 0x006A, 0xFE59, 0xFE59, 0xFE59, 0x006A,
    0x006A, 0x006A, 0xFE1D, 0xFE59, 0xFE59, 0xFE59, 0xFE1D, 0xFE1D, 0xFE1D, 0x006A, 0xFE1D, 0xFE1D,
    0x006A, 0xFE1D, 0xFE1D, 0xFE1D, 0xFE1D, 0xFE1D, 0xFE1D, 0xFE1D, 0xFE1D, 0xFE1D, 0xFE1D, 0x006A,
    0x006A, 0xF81F, 0xF81F, 0xF81F, 0xF81F, 0xF81F, 0xF81F, 0xF81F, 0xF81F, 0xF81F, 0xF81F, 0xF81F,
    0xF81F, 0xF81F, 0xF81F, 0xF81F, 0xF81F, 0xF81F, 0xF81F, 0xF81F, 0xF81F, 0xF81F, 0xF81F, 0xF81F,
    0xF81F, 0xF81F, 0xF81F, 0xF81F, 0x006A, 0x006A, 0x006A, 0xFE1D, 0xFE1D, 0x006A, 0x006A, 0x006A,
    0xFE1D, 0xFE1D, 0x006A, 0xFE1D, 0xFE59, 0xFE59, 0xFE1D, 0xFE1D, 0x006A, 0xFE1D, 0x006A, 0xFE1D,
    0x006A, 0xFE1D, 0xFE1D, 0xFE1D, 0xFE1D, 0xFE1D, 0xFE1D, 0x006A, 0x006A, 0x006A, 0x006A, 0xF81F,
    0xF81F, 0xF81F, 0xF81F, 0xF81F, 0xF81F, 0xF81F, 0xF81F, 0xF81F, 0xF81F, 0xF81F, 0xF81F, 0xF81F,
    0xF81F, 0xF81F, 0xF81F, 0xF81F, 0xF81F, 0xF81F, 0xF81F, 0xF81F, 0xF81F, 0xF81F, 0xF81F, 0xF81F,
    0xF81F, 0xF81F, 0xF81F, 0xF81F, 0xF81F, 0xF81F, 0x006A, 0x006A, 0x006A, 0x006A, 0x006A, 0xFE1D,
    0xFE1D, 0xFE1D, 0xFE1D, 0x006A, 0x006A, 0xFE1D, 0xFE1D, 0xFE1D, 0xFE1D, 0xFE1D, 0x006A, 0x006A,
    0xFE1D, 0xFE1D, 0xFE1D, 0xFE1D, 0xFE1D, 0x006A, 0x006A, 0xF81F, 0xF81F, 0xF81F, 0xF81F, 0xF81F,
    0xF81F, 0xF81F, 0xF81F, 0xF81F, 0xF81F, 0xF81F, 0xF81F, 0xF81F, 0xF81F, 0xF81F, 0xF81F, 0xF81F,
    0xF81F, 0xF81F, 0xF81F, 0xF81F, 0xF81F, 0xF81F, 0xF81F, 0xF81F, 0xF81F, 0xF81F, 0xF81F, 0xF81F,
    0xF81F, 0xF81F, 0xF81F, 0xF81F, 0xF81F, 0xF81F, 0x006A, 0xFE1D, 0x006A, 0x006A, 0xFE1D, 0xFE1D,
    0xFE1D, 0xFE1D, 0xFE1D, 0x006A, 0x006A, 0x006A, 0x006A, 0xFE1D, 0xFE1D, 0xFE1D, 0x006A, 0x006A,
    0x006A, 0x006A, 0x006A, 0x006A, 0x006A, 0xF81F, 0xF81F, 0xF81F, 0xF81F, 0xF81F, 0xF81F, 0xF81F,
    0xF81F, 0xF81F, 0xF81F, 0xF81F, 0xF81F, 0xF81F, 0xF81F, 0xF81F, 0xF81F, 0xF81F, 0xF81F, 0xF81F,
    0xF81F, 0xF81F, 0xF81F, 0xF81F, 0xF81F, 0xF81F, 0xF81F, 0xF81F, 0xF81F, 0xF81F, 0xF81F, 0xF81F,
    0xF81F, 0xF81F, 0xF81F, 0xF81F, 0xF81F, 0xF81F, 0x006A, 0xFE1D, 0xFE1D, 0xFE1D, 0xFE1D, 0xFE1D,
    0xFE1D, 0xFE1D, 0xFE1D, 0xFE1D, 0x006A, 0x006A, 0xFE1D, 0xFE1D, 0xFE1D, 0x006A, 0x006A, 0xF81F,
    0xF81F, 0xF81F, 0xF81F, 0xF81F, 0xF81F, 0xF81F, 0xF81F, 0xF81F, 0xF81F, 0xF81F, 0xF81F, 0xF81F,
    0xF81F, 0xF81F, 0xF81F, 0xF81F, 0xF81F, 0xF81F, 0xF81F, 0xF81F, 0xF81F, 0xF81F, 0xF81F, 0xF81F,
    0xF81F, 0xF81F, 0xF81F, 0xF81F, 0xF81F, 0xF81F, 0xF81F, 0xF81F, 0xF81F, 0xF81F, 0xF81F, 0xF81F,
    0xF81F, 0xF81F, 0xF81F, 0xF81F, 0xF81F, 0xF81F, 0x006A, 0xFE1D, 0xFE1D, 0xFE1D, 0xFE1D, 0xFE1D,
    0xFE1D, 0xFE1D, 0xFE1D, 0xFE1D, 0xFE1D, 0xFE1D, 0xFE1D, 0xFE1D, 0x006A, 0xFE1D, 0x006A, 0xF81F,
    0xF81F, 0xF81F, 0xF81F, 0xF81F, 0xF81F, 0xF81F, 0xF81F, 0xF81F, 0xF81F, 0xF81F, 0xF81F, 0xF81F,
    0xF81F, 0xF81F, 0xF81F, 0xF81F, 0xF81F, 0xF81F, 0xF81F, 0xF81F, 0xF81F, 0xF81F, 0xF81F, 0xF81F,
    0xF81F, 0xF81F, 0xF81F, 0xF81F, 0xF81F, 0xF81F, 0xF81F, 0xF81F, 0xF81F, 0xF81F, 0xF81F, 0xF81F,
    0xF81F, 0xF81F, 0xF81F, 0xF81F, 0xF81F, 0xF81F, 0xF81F, 0x006A, 0xFE1D, 0xFE1D, 0xFE1D, 0xFE1D,
    0xFE1D, 0xFE1D, 0xFE1D, 0xFE1D, 0xFE1D, 0xFE1D, 0xFE1D, 0x006A, 0xFE1D, 0x006A, 0xF81F, 0xF81F,
    0xF81F, 0xF81F, 0xF81F, 0xF81F, 0xF81F, 0xF81F, 0xF81F, 0xF81F, 0xF81F, 0xF81F, 0xF81F, 0xF81F,
    0xF81F, 0xF81F, 0xF81F, 0xF81F, 0xF81F, 0xF81F, 0xF81F, 0xF81F, 0xF81F, 0xF81F, 0xF81F, 0xF81F,
    0xF81F, 0xF81F, 0xF81F, 0xF81F, 0xF81F, 0xF81F, 0xF81F, 0xF81F, 0xF81F, 0xF81F, 0xF81F, 0xF81F,
    0xF81F, 0xF81F, 0xF81F, 0xF81F, 0xF81F, 0xF81F, 0xF81F, 0x006A, 0xFE1D, 0xFE1D, 0xFE1D, 0xFE1D,
    0xFE1D, 0xFE1D, 0xFE1D, 0xFE1D, 0xFE1D, 0xFE1D, 0xFE1D, 0xFE1D, 0x006A, 0xF81F, 0xF81F, 0xF81F,
    0xF81F, 0xF81F, 0xF81F, 0xF81F, 0xF81F, 0xF81F, 0xF81F, 0xF81F, 0xF81F, 0xF81F, 0xF81F, 0xF81F,
    0xF81F, 0xF81F, 0xF81F, 0xF81F, 0xF81F, 0xF81F, 0xF81F, 0xF81F, 0xF81F, 0xF81F, 0xF81F, 0xF81F,
    0xF81F, 0xF81F, 0xF81F, 0xF81F, 0xF81F, 0xF81F, 0xF81F, 0xF81F, 0xF81F, 0xF81F, 0xF81F, 0xF81F,
    0xF81F, 0xF81F, 0xF81F, 0xF81F, 0xF81F, 0xF81F, 0xF81F, 0x006A, 0xFE1D, 0xFE1D, 0xFE1D, 0xFE1D,
    0xFE1D, 0xFE1D, 0xFE1D, 0xFE1D, 0xFE1D, 0xFE1D, 0x006A, 0x006A, 0x006A, 0xF81F, 0xF81F, 0xF81F,
    0xF81F, 0xF81F, 0xF81F, 0xF81F, 0xF81F, 0xF81F, 0xF81F, 0xF81F, 0xF81F, 0xF81F, 0xF81F, 0xF81F,
    0xF81F, 0xF81F, 0xF81F, 0xF81F, 0xF81F, 0xF81F, 0xF81F, 0xF81F, 0xF81F, 0xF81F, 0xF81F, 0xF81F,
    0xF81F, 0xF81F, 0xF81F, 0xF81F, 0xF81F, 0xF81F, 0xF81F, 0xF81F, 0xF81F, 0xF81F, 0xF81F, 0xF81F,
    0xF81F, 0xF81F, 0xF81F, 0xF81F, 0xF81F, 0xF81F, 0xF81F, 0xF81F, 0x006A, 0xFE1D, 0xFE1D, 0xFE1D,
    0xFE1D, 0xFE1D, 0xFE1D, 0xFE1D, 0xFE1D, 0x006A, 0xFE1D, 0x006A, 0xF81F, 0xF81F, 0xF81F, 0xF81F,
    0xF81F, 0xF81F, 0xF81F, 0xF81F, 0xF81F, 0xF81F, 0xF81F, 0xF81F, 0xF81F, 0xF81F, 0xF81F, 0xF81F,
    0xF81F, 0xF81F, 0xF81F, 0xF81F, 0xF81F, 0xF81F, 0xF81F, 0xF81F, 0xF81F, 0xF81F, 0xF81F, 0xF81F,
    0xF81F, 0xF81F, 0xF81F, 0xF81F, 0xF81F, 0xF81F, 0xF81F, 0xF81F, 0xF81F, 0xF81F, 0xF81F, 0xF81F,
    0xF81F, 0xF81F, 0xF81F, 0xF81F, 0xF81F, 0xF81F, 0xF81F, 0xF81F, 0x006A, 0xFE1D, 0xFE1D, 0xFE1D,
    0xFE1D, 0xFE1D, 0xFE1D, 0xFE1D, 0xFE1D, 0xFE1D, 0x006A, 0x006A, 0xF81F, 0xF81F, 0xF81F, 0xF81F,
    0xF81F, 0xF81F, 0xF81F, 0xF81F, 0xF81F, 0xF81F, 0xF81F, 0xF81F, 0xF81F, 0xF81F, 0xF81F, 0xF81F,
    0xF81F, 0xF81F, 0xF81F, 0xF81F, 0xF81F, 0xF81F, 0xF81F, 0xF81F, 0xF81F, 0xF81F, 0xF81F, 0xF81F,
    0xF81F, 0xF81F, 0xF81F, 0xF81F, 0xF81F, 0xF81F, 0xF81F, 0xF81F, 0xF81F, 0xF81F, 0xF81F, 0xF81F,
    0xF81F, 0xF81F, 0xF81F, 0xF81F, 0xF81F, 0xF81F, 0xF81F, 0xF81F, 0x006A, 0xFE1D, 0xFE1D, 0xFE1D,
    0xFE1D, 0xFE1D, 0xFE1D, 0xFE1D, 0xFE1D, 0xFE1D, 0xFE1D, 0x006A, 0xF81F, 0xF81F, 0xF81F, 0xF81F,
    0xF81F, 0xF81F, 0xF81F, 0xF81F, 0xF81F, 0xF81F, 0xF81F, 0xF81F, 0xF81F, 0xF81F, 0xF81F, 0xF81F,
    0xF81F, 0xF81F, 0xF81F, 0xF81F, 0xF81F, 0xF81F, 0xF81F, 0xF81F, 0xF81F, 0xF81F, 0xF81F, 0xF81F,
    0xF81F, 0xF81F, 0xF81F, 0xF81F, 0xF81F, 0xF81F, 0xF81F, 0xF81F, 0xF81F, 0xF81F, 0xF81F, 0xF81F,
    0xF81F, 0xF81F, 0xF81F, 0xF81F, 0xF81F, 0xF81F, 0xF81F, 0xF81F, 0xF81F, 0x006A, 0xFE1D, 0xFE1D,
    0xFE1D, 0xFE1D, 0xFE1D, 0xFE1D, 0xFE1D, 0xFE1D, 0x006A, 0xF81F, 0xF81F, 0xF81F, 0xF81F, 0xF81F,
    0xF81F, 0xF81F, 0xF81F, 0xF81F, 0xF81F, 0xF81F, 0xF81F, 0xF81F, 0xF81F, 0xF81F, 0xF81F, 0xF81F,
    0xF81F, 0xF81F, 0xF81F, 0xF81F, 0xF81F, 0xF81F, 0xF81F, 0xF81F, 0xF81F, 0xF81F, 0xF81F, 0xF81F,
    0xF81F, 0xF81F, 0xF81F, 0xF81F, 0xF81F, 0xF81F, 0xF81F, 0xF81F, 0xF81F, 0xF81F, 0xF81F, 0xF81F,
    0xF81F, 0xF81F, 0xF81F, 0xF81F, 0xF81F, 0xF81F, 0xF81F, 0xF81F, 0xF81F, 0x006A, 0xFE1D, 0xFE1D,
    0xFE1D, 0xFE1D, 0xFE1D, 0xFE1D, 0xFE1D, 0xFE1D, 0x006A, 0xF81F, 0xF81F, 0xF81F, 0xF81F, 0xF81F,
    0xF81F, 0xF81F, 0xF81F, 0xF81F, 0xF81F, 0xF81F, 0xF81F, 0xF81F, 0xF81F, 0xF81F, 0xF81F, 0xF81F,
    0xF81F, 0xF81F, 0xF81F, 0xF81F, 0xF81F, 0xF81F, 0xF81F, 0xF81F, 0xF81F, 0xF81F, 0xF81F, 0xF81F,
    0xF81F, 0xF81F, 0xF81F, 0xF81F, 0xF81F, 0xF81F, 0xF81F, 0xF81F, 0xF81F, 0xF81F, 0xF81F, 0xF81F,
    0xF81F, 0xF81F, 0xF81F, 0xF81F, 0xF81F, 0xF81F, 0xF81F, 0xF81F, 0xF81F, 0x006A, 0xFE1D, 0xFE1D,
    0xFE1D, 0xFE1D, 0xFE1D, 0xFE1D, 0xFE1D, 0xFE1D, 0x006A, 0xF81F, 0xF81F, 0xF81F, 0xF81F, 0xF81F,
    0xF81F, 0xF81F, 0xF81F, 0xF81F, 0xF81F, 0xF81F, 0xF81F, 0xF81F, 0xF81F, 0xF81F, 0xF81F, 0xF81F,
    0xF81F, 0xF81F, 0xF81F, 0xF81F, 0xF81F, 0xF81F, 0xF81F, 0xF81F, 0xF81F, 0xF81F, 0xF81F, 0xF81F,
    0xF81F, 0xF81F, 0xF81F, 0xF81F, 0xF81F, 0xF81F, 0xF81F, 0xF81F, 0xF81F, 0xF81F, 0xF81F, 0xF81F,
    0xF81F, 0xF81F, 0xF81F, 0xF81F, 0xF81F, 0xF81F, 0xF81F, 0xF81F, 0xF81F, 0xF81F, 0x006A, 0xFE1D,
    0xFE1D, 0xFE1D, 0xFE1D, 0xFE1D, 0xFE1D, 0x006A, 0xF81F, 0xF81F, 0xF81F, 0xF81F, 0xF81F, 0xF81F,
    0xF81F, 0xF81F, 0xF81F, 0xF81F, 0xF81F, 0xF81F, 0xF81F, 0xF81F, 0xF81F, 0xF81F, 0xF81F, 0xF81F,
    0xF81F, 0xF81F, 0xF81F, 0xF81F, 0xF81F, 0xF81F, 0xF81F, 0xF81F, 0xF81F, 0xF81F, 0xF81F, 0xF81F,
    0xF81F, 0xF81F, 0xF81F, 0xF81F, 0xF81F, 0xF81F, 0xF81F, 0xF81F, 0xF81F, 0xF81F, 0xF81F, 0xF81F,
    0xF81F, 0xF81F, 0xF81F, 0xF81F, 0xF81F, 0xF81F, 0xF81F, 0xF81F, 0xF81F, 0xF81F, 0xF81F, 0x006A,
    0x006A, 0x006A, 0x006A, 0x006A, 0x006A, 0xF81F, 0xF81F, 0xF81F, 0xF81F, 0xF81F, 0xF81F, 0xF81F,
    0xF81F, 0xF81F, 0xF81F, 0xF81F, 0xF81F, 0xF81F, 0xF81F, 0xF81F, 0xF81F, 0xF81F, 0xF81F, 0xF81F,
    0xF81F, 0xF81F, 0xF81F, 0xF81F, 0xF81F, 0xF81F, 0xF81F, 0xF81F, 0xF81F, 0xF81F, 0xF81F, 0xF81F,
    0xF81F, 0xF81F, 0xF81F, 0xF81F, 0xF81F, 0xF81F, 0xF81F, 0xF81F, 0xF81F, 0xF81F, 0xF81F, 0xF81F,
    0xF81F, 0xF81F, 0xF81F, 0xF81F, 0xF81F, 0xF81F, 0xF81F, 0xF81F, 0xF81F, 0xF81F, 0xF81F, 0xF81F,
    0xF81F, 0xF81F, 0xF81F, 0xF81F, 0xF81F, 0xF81F, 0xF81F, 0xF81F, 0xF81F, 0xF81F, 0xF81F, 0xF81F,
    0xF81F, 0xF81F, 0xF81F, 0xF81F, 0xF81F, 0xF81F, 0xF81F, 0xF81F, 0xF81F, 0xF81F, 0xF81F, 0xF81F,
    0xF81F, 0xF81F, 0xF81F, 0xF81F, 0xF81F, 0xF81F, 0xF81F, 0xF81F, 0xF81F, 0xF81F, 0xF81F, 0xF81F,
    0xF81F, 0xF81F, 0xF81F, 0xF81F, 0xF81F, 0xF81F, 0xF81F, 0xF81F, 0xF81F, 0xF81F, 0xF81F, 0xF81F,
    0xF81F, 0xF81F, 0xF81F, 0xF81F, 0xF81F, 0xF81F, 0xF81F, 0xF81F, 0xF81F, 0xF81F, 0xF81F, 0xF81F,
    0xF81F, 0xF81F, 0xF81F, 0xF81F, 0xF81F, 0xF81F, 0xF81F, 0xF81F, 0xF81F, 0xF81F, 0xF81F, 0xF81F,
    0xF81F, 0xF81F, 0xF81F, 0xF81F, 0xF81F, 0xF81F, 0xF81F, 0xF81F, 0xF81F, 0xF81F, 0xF81F, 0xF81F,
    0xF81F, 0xF81F, 0xF81F, 0xF81F, 0xF81F, 0xF81F, 0xF81F, 0xF81F, 0xF81F, 0xF81F, 0xF81F, 0xF81F,
    0xF81F, 0xF81F, 0xF81F, 0xF81F, 0xF81F, 0xF81F, 0xF81F, 0xF81F, 0xF81F, 0xF81F, 0xF81F, 0xF81F,
    0xF81F, 0xF81F, 0xF81F, 0xF81F, 0xF81F, 0xF81F, 0xF81F, 0xF81F, 0xF81F, 0xF81F, 0xF81F, 0xF81F,
    0xF81F, 0xF81F, 0xF81F, 0xF81F, 0xF81F, 0xF81F, 0xF81F, 0xF81F, 0xF81F, 0xF81F, 0xF81F, 0xF81F,
    0xF81F, 0xF81F, 0xF81F, 0xF81F, 0xF81F, 0xF81F, 0xF81F, 0xF81F, 0xF81F, 0xF81F, 0xF81F, 0xF81F,
    0xF81F, 0xF81F, 0xF81F, 0xF81F, 0xF81F, 0xF81F, 0xF81F, 0xF81F, 0xF81F, 0xF81F, 0xF81F, 0xF81F,
    0xF81F, 0xF81F, 0xF81F, 0xF81F, 0xF81F, 0xF81F, 0xF81F, 0xF81F, 0xF81F, 0xF81F, 0xF81F, 0xF81F,
    0xF81F, 0xF81F, 0xF81F, 0xF81F, 0xF81F, 0xF81F, 0xF81F, 0xF81F, 0xF81F, 0xF81F, 0xF81F, 0xF81F,
    0xF81F, 0xF81F, 0xF81F, 0xF81F, 0xF81F, 0xF81F, 0xF81F, 0xF81F, 0xF81F, 0xF81F, 0xF81F, 0xF81F,
    0xF81F, 0xF81F, 0xF81F, 0xF81F, 0xF81F, 0xF81F, 0xF81F, 0xF81F, 0xF81F, 0xF81F, 0xF81F, 0xF81F,
    0xF81F, 0xF81F, 0xF81F, 0xF81F, 0xF81F, 0xF81F, 0xF81F, 0xF81F, 0xF81F, 0xF81F, 0xF81F, 0xF81F,
    0xF81F, 0xF81F, 0xF81F, 0xF81F, 0xF81F, 0xF81F, 0xF81F, 0xF81F, 0xF81F, 0xF81F, 0xF81F, 0xF81F,
    0xF81F, 0xF81F, 0xF81F, 0xF81F, 0xF81F, 0xF81F, 0xF81F, 0xF81F, 0xF81F, 0xF81F, 0xF81F, 0xF81F,
    0xF81F, 0xF81F, 0xF81F, 0xF81F, 0xF81F, 0xF81F, 0xF81F, 0xF81F, 0xF81F, 0xF81F, 0xF81F, 0xF81F,
    0xF81F, 0xF81F, 0xF81F, 0xF81F, 0xF81F, 0xF81F, 0xF81F, 0xF81F, 0xF81F, 0xF81F, 0xF81F, 0xF81F,
    0xF81F, 0xF81F, 0xF81F, 0xF81F, 0xF81F, 0xF81F, 0xF81F, 0xF81F, 0xF81F, 0xF81F, 0xF81F, 0xF81F,
    0xF81F, 0xF81F, 0xF81F, 0xF81F, 0xF81F, 0xF81F, 0xF81F, 0xF81F, 0xF81F, 0xF81F, 0xF81F, 0xF81F,
    0xF81F, 0xF81F, 0xF81F, 0xF81F, 0xF81F, 0xF81F, 0xF81F, 0xF81F, 0xF81F, 0xF81F, 0xF81F, 0xF81F,
    0xF81F, 0xF81F, 0xF81F, 0xF81F, 0xF81F, 0xF81F, 0xF81F, 0xF81F, 0xF81F, 0xF81F, 0xF81F, 0xF81F,
    0xF81F, 0xF81F, 0xF81F, 0xF81F, 0xF81F, 0xF81F, 0xF81F, 0xF81F, 0xF81F, 0xF81F, 0xF81F, 0xF81F,
    0xF81F, 0xF81F, 0xF81F, 0xF81F, 0xF81F, 0xF81F, 0xF81F, 0xF81F, 0xF81F, 0xF81F, 0xF81F, 0xF81F,
    0xF81F, 0xF81F, 0xF81F, 0xF81F, 0xF81F, 0xF81F, 0xF81F, 0xF81F, 0xF81F, 0xF81F, 0xF81F, 0xF81F,
    0xF81F, 0xF81F, 0xF81F, 0xF81F, 0xF81F, 0xF81F, 0xF81F, 0xF81F, 0xF81F, 0xF81F, 0xF81F, 0xF81F,
    0xF81F, 0xF81F, 0xF81F, 0xF81F, 0xF81F, 0xF81F, 0xF81F, 0xF81F, 0xF81F, 0xF81F, 0xF81F, 0xF81F,
    0xF81F, 0xF81F, 0xF81F, 0xF81F, 0xF81F, 0xF81F, 0xF81F, 0xF81F, 0xF81F, 0xF81F, 0xF81F, 0xF81F,
    0xF81F, 0xF81F, 0xF81F, 0xF81F, 0xF81F, 0xF81F, 0xF81F, 0xF81F, 0xF81F, 0xF81F, 0xF81F, 0xF81F,
    0xF81F, 0xF81F, 0xF81F, 0xF81F, 0xF81F, 0xF81F, 0xF81F, 0xF81F, 0xF81F, 0xF81F, 0xF81F, 0xF81F,
    0xF81F, 0xF81F, 0xF81F, 0xF81F, 0xF81F, 0xF81F, 0xF81F, 0xF81F, 0xF81F, 0xF81F, 0xF81F, 0xF81F,
    0xF81F, 0xF81F, 0xF81F, 0xF81F, 0xF81F, 0xF81F, 0xF81F, 0xF81F, 0xF81F, 0xF81F, 0xF81F, 0xF81F,
    0xF81F, 0xF81F, 0xF81F, 0xF81F, 0xF81F, 0xF81F, 0xF81F, 0xF81F, 0xF81F, 0xF81F, 0xF81F, 0xF81F,
    0xF81F, 0xF81F, 0xF81F, 0xF81F, 0xF81F, 0xF81F, 0xF81F, 0xF81F, 0xF81F, 0xF81F, 0xF81F, 0xF81F,
    0xF81F, 0xF81F, 0xF81F, 0xF81F, 0xF81F, 0xF81F, 0xF81F, 0xF81F, 0xF81F, 0xF81F, 0xF81F, 0xF81F,
    0xF81F, 0xF81F, 0xF81F, 0xF81F, 0xF81F, 0xF81F, 0xF81F, 0xF81F, 0xF81F, 0xF81F, 0xF81F, 0xF81F,
    0xF81F, 0xF81F, 0xF81F, 0xF81F, 0xF81F, 0xF81F, 0xF81F, 0xF81F, 0xF81F, 0xF81F, 0xF81F, 0xF81F,
    0xF81F, 0xF81F, 0xF81F, 0xF81F, 0xF81F, 0xF81F, 0xF81F, 0xF81F, 0xF81F, 0xF81F, 0xF81F, 0xF81F,
    0xF81F, 0xF81F, 0xF81F, 0xF81F, 0xF81F, 0xF81F, 0xF81F, 0xF81F, 0xF81F, 0xF81F, 0xF81F, 0xF81F
  },
  {
    0xF81F, 0xF81F, 0xF81F, 0xF81F, 0x006A, 0x006A, 0x006A, 0x006A, 0x006A, 0xF81F, 0xF81F, 0xF81F,
    0xF81F, 0xF81F, 0xF81F, 0xF81F, 0xF81F, 0xF81F, 0xF81F, 0xF81F, 0xF81F, 0xF81F, 0xF81F, 0xF81F,
    0xF81F, 0xF81F, 0xF81F, 0xF81F, 0xF81F, 0xF81F, 0xF81F, 0xF81F, 0xF81F, 0xF81F, 0xF81F, 0x006A,
    0x006A, 0x006A, 0xF81F, 0xF81F, 0xF81F, 0xF81F, 0xF81F, 0xF81F, 0xF81F, 0xF81F, 0xF81F, 0xF81F,
    0xF81F, 0xF81F, 0xF81F, 0xF81F, 0xF81F, 0xF81F, 0xF81F, 0xF81F, 0xF81F, 0xF81F, 0xF81F, 0xF81F,
    0xF81F, 0xF81F, 0xF81F, 0x006A, 0x006A, 0x006A, 0x006A, 0x006A, 0x006A, 0x006A, 0xF81F, 0xF81F,
    0xF81F, 0xF81F, 0xF81F, 0xF81F, 0xF81F, 0xF81F, 0xF81F, 0xF81F, 0xF81F, 0xF81F, 0xF81F, 0xF81F,
    0xF81F, 0xF81F, 0xF81F, 0xF81F, 0xF81F, 0xF81F, 0xF81F, 0xF81F, 0xF81F, 0xF81F, 0x006A, 0x006A,
    0x006A, 0x006A, 0x006A, 0xF81F, 0xF81F, 0xF81F, 0xF81F, 0xF81F, 0xF81F, 0xF81F, 0xF81F, 0xF81F,
    0xF81F, 0xF81F, 0xF81F, 0xF81F, 0xF81F, 0xF81F, 0xF81F, 0xF81F, 0xF81F, 0xF81F, 0xF81F, 0xF81F,
    0xF81F, 0xF81F, 0xF81F, 0x006A, 0x006A, 0x006A, 0x006A, 0x006A, 0x006A, 0x006A, 0x006A, 0xF81F,
    0xF81F, 0xF81F, 0xF81F, 0xF81F, 0xF81F, 0xF81F, 0xF81F, 0xF81F, 0xF81F, 0xF81F, 0xF81F, 0xF81F,
    0xF81F, 0xF81F, 0xF81F, 0xF81F, 0xF81F, 0xF81F, 0xF81F, 0xF81F, 0xF81F, 0x006A, 0x006A, 0x006A,
    0x006A, 0x006A, 0x006A, 0x006A, 0xF81F, 0xF81F, 0xF81F, 0xF81F, 0xF81F, 0xF81F, 0xF81F, 0xF81F,
    0xF81F, 0xF81F, 0xF81F, 0xF81F, 0xF81F, 0xF81F, 0xF81F, 0xF81F, 0xF81F, 0xF81F, 0xF81F, 0xF81F,
    0xF81F, 0xF81F, 0xF81F, 0x006A, 0x006A, 0x006A, 0x006A, 0x006A, 0x006A, 0x006A, 0x006A, 0x006A,
    0xF81F, 0xF81F, 0xF81F, 0xF81F, 0xF81F, 0xF81F, 0xF81F, 0xF81F, 0xF81F, 0xF81F, 0xF81F, 0xF81F,
    0xF81F, 0xF81F, 0xF81F, 0xF81F, 0xF81F, 0xF81F, 0xF81F, 0xF81F, 0xF81F, 0x006A, 0x006A, 0x006A,
    0x006A, 0x006A, 0x006A, 0x006A, 0xF81F, 0xF81F, 0xF81F, 0xF81F, 0xF81F, 0xF81F, 0xF81F, 0xF81F,
    0xF81F, 0xF81F, 0xF81F, 0xF81F, 0xF81F, 0xF81F, 0xF81F, 0xF81F, 0xF81F, 0xF81F, 0xF81F, 0xF81F,
    0xF81F, 0xF81F, 0xF81F, 0x006A, 0x006A, 0x006A, 0x006A, 0x006A, 0x006A, 0x006A, 0x006A, 0x006A,
    0x006A, 0xF81F, 0xF81F, 0xF81F, 0xF81F, 0xF81F, 0xF81F, 0xF81F, 0xF81F, 0xF81F, 0xF81F, 0xF81F,
    0xF81F, 0xF81F, 0xF81F, 0xF81F, 0xF81F, 0xF81F, 0xF81F, 0xF81F, 0xF81F, 0x006A, 0x006A, 0x006A,
    0x006A, 0x006A, 0x006A, 0x006A, 0xF81F, 0xF81F, 0xF81F, 0xF81F, 0xF81F, 0xF81F, 0xF81F, 0xF81F,
    0xF81F, 0xF81F, 0xF81F, 0xF81F, 0xF81F, 0xF81F, 0xF81F, 0xF81F, 0xF81F, 0xF81F, 0xF81F, 0xF81F,
    0xF81F, 0xF81F, 0xF81F, 0xF81F, 0x006A, 0x006A, 0x006A, 0x006A, 0x006A, 0x006A, 0x006A, 0x006A,
    0x006A, 0xF81F, 0xF81F, 0xF81F, 0xF81F, 0xF81F, 0xF81F, 0xF81F, 0xF81F, 0xF81F, 0xF81F, 0xF81F,
    0xF81F, 0xF81F, 0xF81F, 0xF81F, 0xF81F, 0xF81F, 0xF81F, 0xF81F, 0xF81F, 0x006A, 0x006A, 0x006A,
    0x006A, 0x006A, 0x006A, 0x006A, 0x006A, 0xF81F, 0xF81F, 0xF81F, 0xF81F, 0xF81F, 0xF81F, 0xF81F,
    0xF81F, 0xF81F, 0xF81F, 0xF81F, 0xF81F, 0xF81F, 0xF81F, 0xF81F, 0xF81F, 0xF81F, 0xF81F, 0xF81F,
    0xF81F, 0xF81F, 0xF81F, 0xF81F, 0x006A, 0x006A, 0x006A, 0x006A, 0x006A, 0x006A, 0x006A, 0x006A,
    0x006A, 0x006A, 0xF81F, 0xF81F, 0xF81F, 0xF81F, 0xF81F, 0xF81F, 0xF81F, 0xF81F, 0xF81F, 0xF81F,
    0xF81F, 0xF81F, 0xF81F, 0xF81F, 0xF81F, 0xF81F, 0xF81F, 0xF81F, 0xF81F, 0xF81F, 0x006A, 0x006A,
    0x006A, 0x006A, 0x006A, 0x006A, 0x006A, 0xF81F, 0xF81F, 0xF81F, 0xF81F, 0xF81F, 0xF81F, 0xF81F,
    0xF81F, 0xF81F, 0xF81F, 0xF81F, 0xF81F, 0xF81F, 0xF81F, 0xF81F, 0xF81F, 0xF81F, 0xF81F, 0xF81F,
    0xF81F, 0xF81F, 0xF81F, 0xF81F, 0xF81F, 0x006A, 0x006A, 0x006A, 0x006A, 0x006A, 0x006A, 0x006A,
    0x006A, 0x006A, 0xF81F, 0xF81F, 0xF81F, 0xF81F, 0xF81F, 0xF81F, 0xF81F, 0xF81F, 0xF81F, 0xF81F,
    0xF81F, 0xF81F, 0xF81F, 0xF81F, 0xF81F, 0xF81F, 0xF81F, 0xF81F, 0xF81F, 0xF81F, 0x006A, 0x006A,
    0x006A, 0x006A, 0x006A, 0x006A, 0x006A, 0xF81F, 0xF81F, 0xF81F, 0xF81F, 0xF81F, 0xF81F, 0xF81F,
    0xF81F, 0xF81F, 0xF81F, 0xF81F, 0xF81F, 0xF81F, 0xF81F, 0xF81F, 0xF81F, 0xF81F, 0xF81F, 0xF81F,
    0xF81F, 0xF81F, 0xF81F, 0xF81F, 0xF81F, 0xF81F, 0x006A, 0x006A, 0x006A, 0x006A, 0x006A, 0x006A,
    0x006A, 0x006A, 0xF81F, 0xF81F, 0xF81F, 0xF81F, 0xF81F, 0xF81F, 0xF81F, 0xF81F, 0xF81F, 0xF81F,
    0xF81F, 0xF81F, 0xF81F, 0xF81F, 0xF81F, 0xF81F, 0xF81F, 0xF81F, 0xF81F, 0xF81F, 0x01B2, 0x01B2,
    0x006A, 0x006A, 0x006A, 0x006A, 0x006A, 0xF81F, 0xF81F, 0xF81F, 0xF81F, 0xF81F, 0xF81F, 0xF81F,
    0xF81F, 0xF81F, 0xF81F, 0xF81F, 0xF81F, 0xF81F, 0xF81F, 0xF81F, 0xF81F, 0xF81F, 0xF81F, 0xF81F,
    0xF81F, 0xF81F, 0xF81F, 0xF81F, 0xF81F, 0xF81F, 0xF81F, 0x01B2, 0x01B2, 0x006A, 0x006A, 0x006A,
    0x006A, 0x006A, 0xF81F, 0xF81F, 0xF81F, 0xF81F, 0xF81F, 0xF81F, 0xF81F, 0xF81F, 0xF81F, 0xF81F,
    0xF81F, 0xF81F, 0xF81F, 0xF81F, 0xF81F, 0xF81F, 0xF81F, 0xF81F, 0xF81F, 0xF81F, 0x006A, 0x006A,
    0x01B2, 0x006A, 0x006A, 0x006A, 0x006A, 0x006A, 0xF81F, 0xF81F, 0xF81F, 0xF81F, 0xF81F, 0xF81F,
    0xF81F, 0xF81F, 0xF81F, 0xF81F, 0xF81F, 0xF81F, 0xF81F, 0xF81F, 0xF81F, 0xF81F, 0xF81F, 0xF81F,
    0xF81F, 0xF81F, 0xF81F, 0xF81F, 0xF81F, 0xF81F, 0xF81F, 0x006A, 0x006A, 0x01B2, 0x006A, 0x006A,
    0x006A, 0x006A, 0xF81F, 0xF81F, 0xF81F, 0xF81F, 0xF81F, 0xF81F, 0xF81F, 0xF81F, 0xF81F, 0xF81F,
    0xF81F, 0xF81F, 0xF81F, 0xF81F, 0xF81F, 0xF81F, 0xF81F, 0xF81F, 0xF81F, 0x006A, 0x01B2, 0x006A,
    0x006A, 0x006A, 0x006A, 0x006A, 0x006A, 0x006A, 0xF81F, 0xF81F, 0xF81F, 0xF81F, 0xF81F, 0xF81F,
    0xF81F, 0xF81F, 0xF81F, 0xF81F, 0xF81F, 0xF81F, 0xF81F, 0xF81F, 0xF81F, 0xF81F, 0xF81F, 0xF81F,
    0xF81F, 0xF81F, 0xF81F, 0xF81F, 0xF81F, 0xF81F, 0xF81F, 0x006A, 0x006A, 0x006A, 0x006A, 0x006A,
    0x006A, 0x006A, 0xF81F, 0xF81F, 0xF81F, 0xF81F, 0xF81F, 0xF81F, 0xF81F, 0xF81F, 0xF81F, 0xF81F,
    0xF81F, 0xF81F, 0xF81F, 0xF81F, 0xF81F, 0xF81F, 0xF81F, 0xF81F, 0xF81F, 0x006A, 0x006A, 0x01B2,
    0x006A, 0x006A, 0x006A, 0x006A, 0x006A, 0x006A, 0xF81F, 0xF81F, 0xF81F, 0xF81F, 0xF81F, 0xF81F,
    0xF81F, 0xF81F, 0xF81F, 0xF81F, 0xF81F, 0xF81F, 0xF81F, 0xF81F, 0xF81F, 0xF81F, 0xF81F, 0xF81F,
    0xF81F, 0xF81F, 0xF81F, 0xF81F, 0xF81F, 0xF81F, 0xF81F, 0x01B2, 0x01B2, 0x006A, 0x006A, 0x006A,
    0x006A, 0x006A, 0xF81F, 0xF81F, 0xF81F, 0xF81F, 0xF81F, 0xF81F, 0xF81F, 0xF81F, 0xF81F, 0xF81F,
    0xF81F, 0xF81F, 0xF81F, 0xF81F, 0xF81F, 0xF81F, 0xF81F, 0xF81F, 0x006A, 0x01B2, 0x006A, 0x006A,
    0x006A, 0x006A, 0x006A, 0x006A, 0x006A, 0x006A, 0xF81F, 0xF81F, 0xF81F, 0xF81F, 0xF81F, 0xF81F,
    0xF81F, 0xF81F, 0xF81F, 0xF81F, 0xF81F, 0xF81F, 0xF81F, 0xF81F, 0xF81F, 0xF81F, 0xF81F, 0xF81F,
    0xF81F, 0xF81F, 0xF81F, 0xF81F, 0xF81F, 0xF81F, 0xF81F, 0x006A, 0x006A, 0x01B2, 0x006A, 0x006A,
    0x006A, 0x006A, 0xF81F, 0xF81F, 0xF81F, 0xF81F, 0xF81F, 0xF81F, 0xF81F, 0xF81F, 0xF81F, 0xF81F,
    0xF81F, 0xF81F, 0xF81F, 0xF81F, 0xF81F, 0xF81F, 0xF81F, 0x006A, 0x006A, 0x006A, 0x01B2, 0x006A,
    0x006A, 0x006A, 0x006A, 0x006A, 0x006A, 0xF81F, 0xF81F, 0xF81F, 0xF81F, 0xF81F, 0xF81F, 0xF81F,
    0xF81F, 0xF81F, 0xF81F, 0xF81F, 0xF81F, 0xF81F, 0xF81F, 0xF81F, 0xF81F, 0xF81F, 0xF81F, 0xF81F,
    0xF81F, 0xF81F, 0xF81F, 0xF81F, 0xF81F, 0xF81F, 0x006A, 0x006A, 0x006A, 0x006A, 0x006A, 0x006A,
    0x006A, 0xF81F, 0xF81F, 0xF81F, 0xF81F, 0xF81F, 0xF81F, 0xF81F, 0xF81F, 0xF81F, 0xF81F, 0xF81F,
    0xF81F, 0xF81F, 0xF81F, 0xF81F, 0xF81F, 0x01B2, 0x01B2, 0x01B2, 0x006A, 0x006A, 0x006A, 0x006A,
    0x006A, 0x006A, 0x006A, 0x006A, 0xF81F, 0xF81F, 0xF81F, 0xF81F, 0xF81F, 0xF81F, 0xF81F, 0xF81F,
    0xF81F, 0xF81F, 0xF81F, 0xF81F, 0xF81F, 0xF81F, 0xF81F, 0xF81F, 0xF81F, 0xF81F, 0xF81F, 0xF81F,
    0xF81F, 0xF81F, 0xF81F, 0xF81F, 0xF81F, 0xF81F, 0x01B2, 0x01B2, 0x01B2, 0x006A, 0x006A, 0x006A,
    0x006A, 0xF81F, 0xF81F, 0xF81F, 0xF81F, 0xF81F, 0xF81F, 0xF81F, 0xF81F, 0xF81F, 0xF81F, 0xF81F,
    0xF81F, 0xF81F, 0xF81F, 0xF81F, 0x01B2, 0x01B2, 0x01B2, 0x01B2, 0x01B2, 0x006A, 0x006A, 0x006A,
    0x006A, 0x006A, 0x006A, 0x006A, 0xF81F, 0xF81F, 0xF81F, 0xF81F, 0xF81F, 0xF81F, 0xF81F, 0xF81F,
    0xF81F, 0xF81F, 0xF81F, 0xF81F, 0xF81F, 0xF81F, 0xF81F, 0xF81F, 0xF81F, 0xF81F, 0xF81F, 0xF81F,
    0xF81F, 0xF81F, 0xF81F, 0xF81F, 0xF81F, 0xF81F, 0x006A, 0x006A, 0x006A, 0x01B2, 0x006A, 0x006A,
    0x006A, 0xF81F, 0xF81F, 0xF81F, 0xF81F, 0xF81F, 0xF81F, 0xF81F, 0xF81F, 0xF81F, 0xF81F, 0xF81F,
    0xF81F, 0xF81F, 0xF81F, 0x006A, 0x006A, 0x006A, 0x006A, 0x01B2, 0x01B2, 0x01B2, 0x006A, 0x006A,
    0x006A, 0x006A, 0x006A, 0xF81F, 0xF81F, 0xF81F, 0xF81F, 0xF81F, 0xF81F, 0xF81F, 0xF81F, 0xF81F,
    0xF81F, 0xF81F, 0xF81F, 0xF81F, 0xF81F, 0xF81F, 0xF81F, 0xF81F, 0xF81F, 0xF81F, 0xF81F, 0xF81F,
    0xF81F, 0xF81F, 0xF81F, 0xF81F, 0xF81F, 0x006A, 0x006A, 0x006A, 0x006A, 0x006A, 0x006A, 0x006A,
    0x006A, 0xF81F, 0xF81F, 0xF81F, 0xF81F, 0xF81F, 0xF81F, 0xF81F, 0xF81F, 0xF81F, 0xF81F, 0xF81F,
    0xF81F, 0xF81F, 0x006A, 0xFE1D, 0xFE1D, 0xFE1D, 0xFE1D, 0x006A, 0x01B2, 0x01B2, 0x01B2, 0x006A,
    0x006A, 0x006A, 0xF81F, 0xF81F, 0xF81F, 0xF81F, 0xF81F, 0xF81F, 0xF81F, 0xF81F, 0xF81F, 0xF81F,
    0xF81F, 0xF81F, 0xF81F, 0xF81F, 0xF81F, 0xF81F, 0xF81F, 0xF81F, 0xF81F, 0xF81F, 0xF81F, 0xF81F,
    0xF81F, 0xF81F, 0xF81F, 0xF81F, 0xF81F, 0x01B2, 0x01B2, 0x01B2, 0x01B2, 0x01B2, 0x006A, 0x006A,
    0xF81F, 0xF81F, 0xF81F, 0xF81F, 0xF81F, 0xF81F, 0xF81F, 0xF81F, 0xF81F, 0xF81F, 0xF81F, 0x006A,
    0x006A, 0x006A, 0xFE1D, 0xFE1D, 0xFE1D, 0xFE1D, 0xFE1D, 0xFE1D, 0x006A, 0x01B2, 0x01B2, 0x006A,
    0x006A, 0xF81F, 0xF81F, 0xF81F, 0xF81F, 0xF81F, 0xF81F, 0xF81F, 0xF81F, 0xF81F, 0xF81F, 0xF81F,
    0xF81F, 0xF81F, 0xF81F, 0xF81F, 0xF81F, 0xF81F, 0xF81F, 0xF81F, 0xF81F, 0xF81F, 0xF81F, 0xF81F,
    0xF81F, 0xF81F, 0xF81F, 0xF81F, 0x01B2, 0x01B2, 0x01B2, 0x01B2, 0x01B2, 0x01B2, 0x01B2, 0x006A,
    0xF81F, 0xF81F, 0xF81F, 0xF81F, 0xF81F, 0xF81F, 0xF81F, 0xF81F, 0xF81F, 0xF81F, 0x006A, 0xFE1D,
    0xFE1D, 0x006A, 0xFE1D, 0xFE1D, 0xFE1D, 0xFE1D, 0xFE1D, 0xFE1D, 0x006A, 0x01B2, 0x01B2, 0x006A,
    0xF81F, 0xF81F, 0xF81F, 0xF81F, 0xF81F, 0xF81F, 0xF81F, 0xF81F, 0xF81F, 0xF81F, 0xF81F, 0xF81F,
    0xF81F, 0xF81F, 0xF81F, 0xF81F, 0xF81F, 0xF81F, 0xF81F, 0xF81F, 0xF81F, 0xF81F, 0xF81F, 0xF81F,
    0xF81F, 0xF81F, 0xF81F, 0xF81F, 0x01B2, 0x006A, 0x006A, 0x006A, 0x006A, 0x01B2, 0x01B2, 0x01B2,
    0xF81F, 0xF81F, 0xF81F, 0xF81F, 0xF81F, 0xF81F, 0xF81F, 0xF81F, 0xF81F, 0x006A, 0xFE1D, 0xFE1D,
    0xFE1D, 0xFE1D, 0x006A, 0xFE1D, 0xFE1D, 0xFE1D, 0xFE1D, 0xFE1D, 0x006A, 0x01B2, 0x01B2, 0xF81F,
    0xF81F, 0xF81F, 0xF81F, 0xF81F, 0xF81F, 0xF81F, 0xF81F, 0xF81F, 0xF81F, 0xF81F, 0xF81F, 0xF81F,
    0xF81F, 0xF81F, 0xF81F, 0xF81F, 0xF81F, 0xF81F, 0xF81F, 0xF81F, 0xF81F, 0xF81F, 0xF81F, 0xF81F,
    0xF81F, 0xF81F, 0xF81F, 0xF81F, 0x006A, 0xFE1D, 0xFE1D, 0xFE1D, 0xFE1D, 0x006A, 0x01B2, 0x01B2,
    0xF81F, 0xF81F, 0xF81F, 0xF81F, 0xF81F, 0xF81F, 0xF81F, 0xF81F, 0xF81F, 0x006A, 0xFE1D, 0xFE1D,
    0xFE1D, 0xFE1D, 0xFE1D, 0xFE1D, 0xFE1D, 0xFE1D, 0xFE1D, 0xFE1D, 0x01B2, 0x01B2, 0xF81F, 0xF81F,
    0xF81F, 0xF81F, 0xF81F, 0xF81F, 0xF81F, 0xF81F, 0xF81F, 0xF81F, 0xF81F, 0xF81F, 0xF81F, 0xF81F,
    0xF81F, 0xF81F, 0xF81F, 0xF81F, 0xF81F, 0xF81F, 0xF81F, 0xF81F, 0xF81F, 0xF81F, 0xF81F, 0xF81F,
    0xF81F, 0xF81F, 0xF81F, 0x006A, 0xFE1D, 0xFE1D, 0xFE1D, 0xFE1D, 0xFE1D, 0xFE1D, 0x006A, 0x01B2,
    0xF81F, 0xF81F, 0xF81F, 0xF81F, 0xF81F, 0xF81F, 0xF81F, 0xF81F, 0xF81F, 0x006A, 0xFE1D, 0x006A,
    0xFE1D, 0xFE1D, 0xFE1D, 0xFE1D, 0xFE1D, 0xFE1D, 0xFE1D, 0x006A, 0xF81F, 0xF81F, 0xF81F, 0xF81F,
    0xF81F, 0xF81F, 0xF81F, 0xF81F, 0xF81F, 0xF81F, 0xF81F, 0xF81F, 0xF81F, 0xF81F, 0xF81F, 0xF81F,
    0xF81F, 0xF81F, 0xF81F, 0xF81F, 0xF81F, 0xF81F, 0xF81F, 0xF81F, 0xF81F, 0xF81F, 0xF81F, 0xF81F,
    0xF81F, 0xF81F, 0xF81F, 0x006A, 0xFE1D, 0xFE1D, 0xFE1D, 0xFE1D, 0xFE1D, 0xFE1D, 0xFE1D, 0x01B2,
    0xF81F, 0xF81F, 0xF81F, 0xF81F, 0xF81F, 0xF81F, 0xF81F, 0xF81F, 0xF81F, 0x006A, 0x006A, 0xFE1D,
    0xFE1D, 0xFE1D, 0xFE1D, 0xFE1D, 0xFE1D, 0x006A, 0x006A, 0xF81F, 0xF81F, 0xF81F, 0xF81F, 0xF81F,
    0xF81F, 0xF81F, 0xF81F, 0xF81F, 0xF81F, 0xF81F, 0xF81F, 0xF81F, 0xF81F, 0xF81F, 0xF81F, 0xF81F,
    0xF81F, 0xF81F, 0xF81F, 0xF81F, 0xF81F, 0xF81F, 0xF81F, 0xF81F, 0xF81F, 0xF81F, 0xF81F, 0xF81F,
    0xF81F, 0xF81F, 0x006A, 0xFE1D, 0xFE1D, 0xFE1D, 0xFE1D, 0xFE1D, 0xFE1D, 0xFE1D, 0xFE1D, 0x006A,
    0xF81F, 0xF81F, 0xF81F, 0xF81F, 0xF81F, 0xF81F, 0xF81F, 0xF81F, 0xF81F, 0x006A, 0xFE1D, 0xFE1D,
    0xFE1D, 0xFE1D, 0xFE1D, 0xFE1D, 0xFE1D, 0xFE1D, 0x006A, 0xF81F, 0xF81F, 0xF81F, 0xF81F, 0xF81F,
    0xF81F, 0xF81F, 0xF81F, 0xF81F, 0xF81F, 0xF81F, 0xF81F, 0xF81F, 0xF81F, 0xF81F, 0xF81F, 0xF81F,
    0xF81F, 0xF81F, 0xF81F, 0xF81F, 0xF81F, 0xF81F, 0xF81F, 0xF81F, 0xF81F, 0xF81F, 0xF81F, 0xF81F,
    0xF81F, 0xF81F, 0x006A, 0xFE1D, 0xFE1D, 0x006A, 0xFE1D, 0xFE1D, 0xFE1D, 0xFE1D, 0xFE1D, 0x006A,
    0xF81F, 0xF81F, 0xF81F, 0xF81F, 0xF81F, 0xF81F, 0xF81F, 0xF81F, 0x006A, 0xFE1D, 0xFE1D, 0xFE1D,
    0xFE1D, 0xFE1D, 0xFE1D, 0xFE1D, 0xFE1D, 0x006A, 0xFE1D, 0x006A, 0xF81F, 0xF81F, 0xF81F, 0xF81F,
    0xF81F, 0xF81F, 0xF81F, 0xF81F, 0xF81F, 0xF81F, 0xF81F, 0xF81F, 0xF81F, 0xF81F, 0xF81F, 0xF81F,
    0xF81F, 0xF81F, 0xF81F, 0xF81F, 0xF81F, 0xF81F, 0xF81F, 0xF81F, 0xF81F, 0xF81F, 0xF81F, 0xF81F,
    0xF81F, 0xF81F, 0x006A, 0xFE1D, 0xFE1D, 0xFE1D, 0x006A, 0xFE1D, 0xFE1D, 0xFE1D, 0x006A, 0xF81F,
    0xF81F, 0xF81F, 0xF81F, 0xF81F, 0xF81F, 0xF81F, 0xF81F, 0xF81F, 0x006A, 0xFE1D, 0xFE1D, 0xFE1D,
    0xFE1D, 0xFE1D, 0xFE1D, 0xFE1D, 0xFE1D, 0xFE1D, 0x006A, 0xFE1D, 0x006A, 0xF81F, 0xF81F, 0xF81F,
    0xF81F, 0xF81F, 0xF81F, 0xF81F, 0xF81F, 0xF81F, 0xF81F, 0xF81F, 0xF81F, 0xF81F, 0xF81F, 0xF81F,
    0xF81F, 0xF81F, 0xF81F, 0xF81F, 0xF81F, 0xF81F, 0xF81F, 0xF81F, 0xF81F, 0xF81F, 0xF81F, 0xF81F,
    0xF81F, 0xF81F, 0x006A, 0xFE1D, 0xFE1D, 0xFE1D, 0x006A, 0xFE1D, 0xFE1D, 0x006A, 0x006A, 0x006A,
    0x006A, 0x006A, 0xF81F, 0xF81F, 0xF81F, 0xF81F, 0xF81F, 0xF81F, 0x006A, 0xFE1D, 0xFE1D, 0xFE1D,
    0xFE1D, 0xFE1D, 0xFE1D, 0xFE1D, 0xFE1D, 0xFE1D, 0x006A, 0xFE1D, 0xFE1D, 0x006A, 0xF81F, 0xF81F,
    0xF81F, 0xF81F, 0xF81F, 0xF81F, 0xF81F, 0xF81F, 0xF81F, 0xF81F, 0xF81F, 0xF81F, 0xF81F, 0xF81F,
    0xF81F, 0xF81F, 0xF81F, 0xF81F, 0xF81F, 0xF81F, 0xF81F, 0xF81F, 0xF81F, 0xF81F, 0xF81F, 0xF81F,
    0xF81F, 0xF81F, 0x006A, 0xFE1D, 0xFE1D, 0xFE1D, 0x006A, 0xFE1D, 0xFE1D, 0xFE1D, 0xFE1D, 0xFE1D,
    0xFE1D, 0xFE1D, 0x006A, 0x006A, 0x006A, 0x006A, 0xF81F, 0xF81F, 0x006A, 0xFE1D, 0xFE1D, 0xFE1D,
    0xFE1D, 0xFE1D, 0xFE1D, 0xFE1D, 0xFE1D, 0xFE1D, 0xFE1D, 0x006A, 0xFE1D, 0x006A, 0xF81F, 0xF81F,
    0xF81F, 0xF81F, 0xF81F, 0xF81F, 0xF81F, 0xF81F, 0xF81F, 0xF81F, 0xF81F, 0xF81F, 0xF81F, 0xF81F,
    0xF81F, 0xF81F, 0xF81F, 0xF81F, 0xF81F, 0xF81F, 0xF81F, 0xF81F, 0xF81F, 0xF81F, 0xF81F, 0xF81F,
    0xF81F, 0xF81F, 0xF81F, 0x006A, 0xFE1D, 0xFE1D, 0xFE1D, 0xFE1D, 0xFE1D, 0xFE1D, 0xFE1D, 0xFE1D,
    0xFE1D, 0xFE1D, 0xFE1D, 0xFE1D, 0xFE1D, 0xFE1D, 0x006A, 0x006A, 0x006A, 0xFE1D, 0xFE1D, 0xFE1D,
    0xFE1D, 0xFE1D, 0xFE1D, 0xFE1D, 0xFE1D, 0xFE1D, 0xFE1D, 0x006A, 0xFE1D, 0xFE1D, 0x006A, 0xF81F,
    0xF81F, 0xF81F, 0xF81F, 0xF81F, 0xF81F, 0xF81F, 0xF81F, 0xF81F, 0xF81F, 0xF81F, 0xF81F, 0xF81F,
    0xF81F, 0xF81F, 0xF81F, 0xF81F, 0xF81F, 0xF81F, 0xF81F, 0xF81F, 0xF81F, 0xF81F, 0xF81F, 0xF81F,
    0xF81F, 0xF81F, 0xF81F, 0x006A, 0xFE1D, 0xFE1D, 0xFE1D, 0xFE1D, 0xFE1D, 0xFE1D, 0xFE1D, 0xFE1D,
    0xFE1D, 0xFE1D, 0xFE1D, 0xFE1D, 0xFE1D, 0xFE1D, 0xFE1D, 0xFE1D, 0x006A, 0xFE1D, 0xFE1D, 0xFE1D,
    0xFE1D, 0xFE1D, 0xFE1D, 0xFE1D, 0xFE1D, 0xFE1D, 0xFE1D, 0xFE1D, 0x006A, 0xFE1D, 0x006A, 0xF81F,
    0xF81F, 0xF81F, 0xF81F, 0xF81F, 0xF81F, 0xF81F, 0xF81F, 0xF81F, 0xF81F, 0xF81F, 0xF81F, 0xF81F,
    0xF81F, 0xF81F, 0xF81F, 0xF81F, 0xF81F, 0xF81F, 0xF81F, 0xF81F, 0xF81F, 0xF81F, 0xF81F, 0xF81F,
    0xF81F, 0xF81F, 0xF81F, 0xF81F, 0x006A, 0xFE1D, 0xFE1D, 0xFE1D, 0xFE1D, 0xFE1D, 0xFE1D, 0xFE1D,
    0x006A, 0x006A, 0xFE1D, 0xFE1D, 0xFE1D, 0xFE1D, 0xFE1D, 0xFE1D, 0xFE1D, 0x006A, 0xFE1D, 0xFE1D,
    0xFE1D, 0xFE1D, 0xFE1D, 0xFE1D, 0xFE1D, 0xFE1D, 0xFE1D, 0xFE1D, 0x006A, 0xFE1D, 0xFE1D, 0x006A,
    0xF81F, 0xF81F, 0xF81F, 0xF81F, 0xF81F, 0xF81F, 0xF81F, 0xF81F, 0xF81F, 0xF81F, 0xF81F, 0xF81F,
    0xF81F, 0xF81F, 0xF81F, 0xF81F, 0xF81F, 0xF81F, 0xF81F, 0xF81F, 0xF81F, 0xF81F, 0xF81F, 0xF81F,
    0xF81F, 0xF81F, 0xF81F, 0xF81F, 0xF81F, 0x006A, 0xFE1D, 0xFE1D, 0xFE1D, 0xFE1D, 0xFE1D, 0xFE1D,
    0xFE1D, 0xFE1D, 0x006A, 0x006A, 0xFE1D, 0xFE1D, 0xFE1D, 0xFE1D, 0xFE1D, 0x006A, 0xFE1D, 0xFE1D,
    0xFE1D, 0xFE1D, 0xFE1D, 0xFE1D, 0xFE1D, 0xFE1D, 0xFE1D, 0xFE1D, 0x006A, 0xFE1D, 0xFE1D, 0x006A,
    0xF81F, 0xF81F, 0xF81F, 0xF81F, 0xF81F, 0xF81F, 0xF81F, 0xF81F, 0xF81F, 0xF81F, 0xF81F, 0xF81F,
    0xF81F, 0xF81F, 0xF81F, 0xF81F, 0xF81F, 0xF81F, 0xF81F, 0xF81F, 0xF81F, 0xF81F, 0xF81F, 0xF81F,
    0xF81F, 0xF81F, 0xF81F, 0xF81F, 0xF81F, 0x006A, 0xFE1D, 0xFE1D, 0xFE1D, 0xFE1D, 0xFE1D, 0xFE1D,
    0xFE1D, 0xFE1D, 0xFE1D, 0xFE1D, 0x006A, 0xFE1D, 0xFE1D, 0xFE1D, 0xFE1D, 0x006A, 0xFE1D, 0xFE1D,
    0xFE1D, 0xFE1D, 0xFE1D, 0xFE1D, 0xFE1D, 0xFE1D, 0xFE1D, 0xFE1D, 0x006A, 0xFE1D, 0xFE1D, 0x006A,
    0xF81F, 0xF81F, 0xF81F, 0xF81F, 0xF81F, 0xF81F, 0xF81F, 0xF81F, 0xF81F, 0xF81F, 0xF81F, 0xF81F,
    0xF81F, 0xF81F, 0xF81F, 0xF81F, 0xF81F, 0xF81F, 0xF81F, 0xF81F, 0xF81F, 0xF81F, 0xF81F, 0xF81F,
    0xF81F, 0xF81F, 0xF81F, 0xF81F, 0xF81F, 0x006A, 0xFE1D, 0xFE1D, 0xFE1D, 0xFE1D, 0xFE1D, 0xFE1D,
    0xFE1D, 0xFE1D, 0xFE1D, 0xFE1D, 0xFE1D, 0x006A, 0xFE1D, 0xFE1D, 0xFE1D, 0xFE1D, 0x006A, 0xFE1D,
    0xFE1D, 0xFE1D, 0xFE1D, 0xFE1D, 0xFE1D, 0xFE1D, 0xFE1D, 0xFE1D, 0x006A, 0xFE1D, 0xFE1D, 0x006A,
    0xF81F, 0xF81F, 0xF81F, 0xF81F, 0xF81F, 0xF81F, 0xF81F, 0xF81F, 0xF81F, 0xF81F, 0xF81F, 0xF81F,
    0xF81F, 0xF81F, 0xF81F, 0xF81F, 0xF81F, 0xF81F, 0xF81F, 0xF81F, 0xF81F, 0xF81F, 0xF81F, 0xF81F,
    0xF81F, 0xF81F, 0xF81F, 0xF81F, 0xF81F, 0xF81F, 0x006A, 0xFE1D, 0xFE1D, 0xFE1D, 0xFE1D, 0xFE1D,
    0xFE1D, 0xFE1D, 0xFE1D, 0xFE1D, 0xFE1D, 0xFE1D, 0x006A, 0xFE1D, 0xFE1D, 0x006A, 0x006A, 0xFE1D,
    0xFE1D, 0xFE1D, 0xFE1D, 0xFE1D, 0xFE1D, 0xFE1D, 0xFE1D, 0xFE1D, 0xFE1D, 0xFE1D, 0xFE1D, 0xFE1D,
    0x006A, 0xF81F, 0xF81F, 0xF81F, 0xF81F, 0xF81F, 0xF81F, 0xF81F, 0xF81F, 0xF81F, 0xF81F, 0xF81F,
    0xF81F, 0xF81F, 0xF81F, 0xF81F, 0xF81F, 0xF81F, 0xF81F, 0xF81F, 0xF81F, 0xF81F, 0xF81F, 0xF81F,
    0xF81F, 0xF81F, 0xF81F, 0xF81F, 0xF81F, 0xF81F, 0x006A, 0xFE1D, 0xFE1D, 0xFE1D, 0xFE1D, 0xFE1D,
    0xFE1D, 0xFE1D, 0xFE1D, 0xFE1D, 0xFE1D, 0xFE1D, 0x006A, 0xFE1D, 0x006A, 0x01B2, 0x01B2, 0x006A,
    0xFE1D, 0xFE1D, 0xFE1D, 0xFE1D, 0xFE1D, 0xFE1D, 0xFE1D, 0xFE1D, 0xFE1D, 0xFE1D, 0xFE1D, 0xFE1D,
    0x006A, 0xF81F, 0xF81F, 0xF81F, 0xF81F, 0xF81F, 0xF81F, 0xF81F, 0xF81F, 0xF81F, 0xF81F, 0xF81F,
    0xF81F, 0xF81F, 0xF81F, 0xF81F, 0xF81F, 0xF81F, 0xF81F, 0xF81F, 0xF81F, 0xF81F, 0xF81F, 0xF81F,
    0xF81F, 0xF81F, 0xF81F, 0xF81F, 0xF81F, 0xF81F, 0xF81F, 0x006A, 0xFE1D, 0xFE1D, 0xFE1D, 0xFE1D,
    0xFE1D, 0xFE1D, 0xFE1D, 0xFE1D, 0xFE1D, 0xFE1D, 0xFE1D, 0xFE1D, 0x006A, 0x01B2, 0x01B2, 0x01B2,
    0x006A, 0xFE1D, 0xFE1D, 0xFE1D, 0xFE1D, 0xFE1D, 0xFE1D, 0xFE1D, 0xFE1D, 0xFE1D, 0xFE1D, 0xFE1D,
    0x006A, 0xF81F, 0xF81F, 0xF81F, 0xF81F, 0xF81F, 0xF81F, 0xF81F, 0xF81F, 0xF81F, 0xF81F, 0xF81F,
    0xF81F, 0xF81F, 0xF81F, 0xF81F, 0xF81F, 0xF81F, 0xF81F, 0xF81F, 0xF81F, 0xF81F, 0xF81F, 0xF81F,
    0xF81F, 0xF81F, 0xF81F, 0xF81F, 0xF81F, 0xF81F, 0xF81F, 0xF81F, 0x006A, 0xFE1D, 0xFE1D, 0xFE1D,
    0xFE1D, 0xFE1D, 0xFE1D, 0xFE1D, 0xFE1D, 0xFE1D, 0xFE1D, 0x006A, 0x01B2, 0x01B2, 0x01B2, 0x01B2,
    0x01B2, 0x006A, 0xFE1D, 0xFE1D, 0xFE1D, 0xFE1D, 0xFE1D, 0xFE1D, 0xFE1D, 0xFE1D, 0xFE1D, 0xFE1D,
    0x006A, 0xF81F, 0xF81F, 0xF81F, 0xF81F, 0xF81F, 0xF81F, 0xF81F, 0xF81F, 0xF81F, 0xF81F, 0xF81F,
    0xF81F, 0xF81F, 0xF81F, 0xF81F, 0xF81F, 0xF81F, 0xF81F, 0xF81F, 0xF81F, 0xF81F, 0xF81F, 0xF81F,
    0xF81F, 0xF81F, 0xF81F, 0xF81F, 0xF81F, 0xF81F, 0xF81F, 0xF81F, 0xF81F, 0x006A, 0xFE1D, 0xFE1D,
    0xFE1D, 0xFE1D, 0xFE1D, 0xFE1D, 0xFE1D, 0xFE1D, 0xFE1D, 0x006A, 0x01B2, 0x01B2, 0x01B2, 0x01B2,
    0x01B2, 0x01B2, 0x006A, 0x006A, 0x006A, 0xFE1D, 0xFE1D, 0xFE1D, 0xFE1D, 0xFE1D, 0xFE1D, 0xFE1D,
    0x006A, 0xF81F, 0xF81F, 0xF81F, 0xF81F, 0xF81F, 0xF81F, 0xF81F, 0xF81F, 0xF81F, 0xF81F, 0xF81F,
    0xF81F, 0xF81F, 0xF81F, 0xF81F, 0xF81F, 0xF81F, 0xF81F, 0xF81F, 0xF81F, 0xF81F, 0xF81F, 0xF81F,
    0xF81F, 0xF81F, 0xF81F, 0xF81F, 0xF81F, 0xF81F, 0xF81F, 0xF81F, 0xF81F, 0xF81F, 0x006A, 0xFE1D,
    0xFE1D, 0xFE1D, 0xFE1D, 0xFE1D, 0xFE1D, 0xFE1D, 0xFE1D, 0x006A, 0x01B2, 0x01B2, 0x01B2, 0x01B2,
    0x01B2, 0x01B2, 0x01B2, 0x006A, 0xFE1D, 0xFE1D, 0xFE1D, 0xFE1D, 0xFE1D, 0xFE1D, 0xFE1D, 0xFE1D,
    0x006A, 0xF81F, 0xF81F, 0xF81F, 0xF81F, 0xF81F, 0xF81F, 0xF81F, 0xF81F, 0xF81F, 0xF81F, 0xF81F,
    0xF81F, 0xF81F, 0xF81F, 0xF81F, 0xF81F, 0xF81F, 0xF81F, 0xF81F, 0xF81F, 0xF81F, 0xF81F, 0xF81F,
    0xF81F, 0xF81F, 0xF81F, 0xF81F, 0xF81F, 0xF81F, 0xF81F, 0xF81F, 0xF81F, 0xF81F, 0xF81F, 0x006A,
    0xFE1D, 0xFE1D, 0xFE1D, 0xFE1D, 0xFE1D, 0xFE1D, 0xFE1D, 0x006A, 0x01B2, 0x01B2, 0x01B2, 0x01B2,
    0x01B2, 0x01B2, 0x01B2, 0x01B2, 0x006A, 0x006A, 0x006A, 0xFE1D, 0xFE1D, 0xFE1D, 0xFE1D, 0xFE1D,
    0x006A, 0xF81F, 0xF81F, 0xF81F, 0xF81F, 0xF81F, 0xF81F, 0xF81F, 0xF81F, 0xF81F, 0xF81F, 0xF81F,
    0xF81F, 0xF81F, 0xF81F, 0xF81F, 0xF81F, 0xF81F, 0xF81F, 0xF81F, 0xF81F, 0xF81F, 0xF81F, 0xF81F,
    0xF81F, 0xF81F, 0xF81F, 0xF81F, 0xF81F, 0xF81F, 0xF81F, 0xF81F, 0xF81F, 0xF81F, 0xF81F, 0xF81F,
    0x006A, 0x006A, 0xFE1D, 0xFE1D, 0xFE1D, 0xFE1D, 0xFE1D, 0x006A, 0x01B2, 0x01B2, 0x01B2, 0x01B2,
    0x01B2, 0x01B2, 0x01B2, 0x01B2, 0x01B2, 0x01B2, 0x01B2, 0x006A, 0x006A, 0xFE1D, 0xFE1D, 0x006A,
    0xF81F, 0xF81F, 0xF81F, 0xF81F, 0xF81F, 0xF81F, 0xF81F, 0xF81F, 0xF81F, 0xF81F, 0xF81F, 0xF81F,
    0xF81F, 0xF81F, 0xF81F, 0xF81F, 0xF81F, 0xF81F, 0xF81F, 0xF81F, 0xF81F, 0xF81F, 0xF81F, 0xF81F,
    0xF81F, 0xF81F, 0xF81F, 0xF81F, 0xF81F, 0xF81F, 0xF81F, 0xF81F, 0xF81F, 0xF81F, 0xF81F, 0xF81F,
    0xF81F, 0xF81F, 0x006A, 0x006A, 0xFE1D, 0xFE1D, 0xFE1D, 0x006A, 0x01B2, 0x01B2, 0x01B2, 0x01B2,
    0x01B2, 0x01B2, 0x01B2, 0x01B2, 0x01B2, 0x01B2, 0x01B2, 0x01B2, 0x01B2, 0x006A, 0x006A, 0x006A,
    0xF81F, 0xF81F, 0xF81F, 0xF81F, 0xF81F, 0xF81F, 0xF81F, 0xF81F, 0xF81F, 0xF81F, 0xF81F, 0xF81F,
    0xF81F, 0xF81F, 0xF81F, 0xF81F, 0xF81F, 0xF81F, 0xF81F, 0xF81F, 0xF81F, 0xF81F, 0xF81F, 0xF81F,
    0xF81F, 0xF81F, 0xF81F, 0xF81F, 0xF81F, 0xF81F, 0xF81F, 0xF81F, 0xF81F, 0xF81F, 0xF81F, 0xF81F,
    0xF81F, 0xF81F, 0xF81F, 0xF81F, 0x006A, 0x006A, 0x006A, 0x01B2, 0x01B2, 0x01B2, 0x01B2, 0x01B2,
    0x01B2, 0x01B2, 0x01B2, 0x01B2, 0x01B2, 0x01B2, 0x01B2, 0x01B2, 0x01B2, 0x01B2, 0x01B2, 0x006A,
    0xF81F, 0xF81F, 0xF81F, 0xF81F, 0xF81F, 0xF81F, 0xF81F, 0xF81F, 0xF81F, 0xF81F, 0xF81F, 0xF81F,
    0xF81F, 0xF81F, 0xF81F, 0xF81F, 0xF81F, 0xF81F, 0xF81F, 0xF81F, 0xF81F, 0xF81F, 0xF81F, 0xF81F,
    0xF81F, 0xF81F, 0xF81F, 0xF81F, 0xF81F, 0xF81F, 0xF81F, 0xF81F, 0xF81F, 0xF81F, 0xF81F, 0xF81F,
    0xF81F, 0xF81F, 0xF81F, 0xF81F, 0xF81F, 0xF81F, 0x006A, 0x01B2, 0x01B2, 0x01B2, 0x01B2, 0x006A,
    0x006A, 0x006A, 0x006A, 0x006A, 0x006A, 0x006A, 0x006A, 0x006A, 0x01B2, 0x01B2, 0x006A, 0xF81F,
    0xF81F, 0xF81F, 0xF81F, 0xF81F, 0xF81F, 0xF81F, 0xF81F, 0xF81F, 0xF81F, 0xF81F, 0xF81F, 0xF81F,
    0xF81F, 0xF81F, 0xF81F, 0xF81F, 0xF81F, 0xF81F, 0xF81F, 0xF81F, 0xF81F, 0xF81F, 0xF81F, 0xF81F,
    0xF81F, 0xF81F, 0xF81F, 0xF81F, 0xF81F, 0xF81F, 0xF81F, 0xF81F, 0xF81F, 0xF81F, 0xF81F, 0xF81F,
    0xF81F, 0xF81F, 0xF81F, 0xF81F, 0xF81F, 0xF81F, 0xF81F, 0x006A, 0x01B2, 0x006A, 0x006A, 0xFE1D,
    0xFE1D, 0xFE1D, 0xFE1D, 0xFE1D, 0xFE1D, 0xFE1D, 0xFE1D, 0xFE1D, 0x006A, 0x006A, 0xF81F, 0xF81F,
    0xF81F, 0xF81F, 0xF81F, 0xF81F, 0xF81F, 0xF81F, 0xF81F, 0xF81F, 0xF81F, 0xF81F, 0xF81F, 0xF81F,
    0xF81F, 0xF81F, 0xF81F, 0xF81F, 0xF81F, 0xF81F, 0xF81F, 0xF81F, 0xF81F, 0xF81F, 0xF81F, 0xF81F,
    0xF81F, 0xF81F, 0xF81F, 0xF81F, 0xF81F, 0xF81F, 0xF81F, 0xF81F, 0xF81F, 0xF81F, 0xF81F, 0xF81F,
    0xF81F, 0xF81F, 0xF81F, 0xF81F, 0xF81F, 0xF81F, 0xF81F, 0xF81F, 0x006A, 0xFE1D, 0xFE1D, 0xFE1D,
    0xFE1D, 0x006A, 0xFE1D, 0xFE1D, 0xFE1D, 0xFE1D, 0xFE1D, 0x006A, 0xFE1D, 0xFE1D, 0x006A, 0xF81F,
    0xF81F, 0xF81F, 0xF81F, 0xF81F, 0xF81F, 0xF81F, 0xF81F, 0xF81F, 0xF81F, 0xF81F, 0xF81F, 0xF81F,
    0xF81F, 0xF81F, 0xF81F, 0xF81F, 0xF81F, 0xF81F, 0xF81F, 0xF81F, 0xF81F, 0xF81F, 0xF81F, 0xF81F,
    0xF81F, 0xF81F, 0xF81F, 0xF81F, 0xF81F, 0xF81F, 0xF81F, 0xF81F, 0xF81F, 0xF81F, 0xF81F, 0xF81F,
    0xF81F, 0xF81F, 0xF81F, 0x006A, 0x006A, 0x006A, 0x006A, 0x006A, 0x006A, 0xFE1D, 0xFE1D, 0xFE1D,
    0xFE1D, 0x006A, 0xFE1D, 0xFE1D, 0xFE1D, 0xFE1D, 0xFE1D, 0x006A, 0xFE1D, 0xFE1D, 0xFE1D, 0x006A,
    0xF81F, 0xF81F, 0xF81F, 0xF81F, 0xF81F, 0xF81F, 0xF81F, 0xF81F, 0xF81F, 0xF81F, 0xF81F, 0xF81F,
    0xF81F, 0xF81F, 0xF81F, 0xF81F, 0xF81F, 0xF81F, 0xF81F, 0xF81F, 0xF81F, 0xF81F, 0xF81F, 0xF81F,
    0xF81F, 0xF81F, 0xF81F, 0xF81F, 0xF81F, 0xF81F, 0xF81F, 0xF81F, 0xF81F, 0xF81F, 0xF81F, 0xF81F,
    0xF81F, 0xF81F, 0x006A, 0x028E, 0x028E, 0x028E, 0x028E, 0x028E, 0x028E, 0x006A, 0xFE1D, 0xFE1D,
    0xFE1D, 0x006A, 0xFE1D, 0xFE1D, 0x006A, 0xFE1D, 0xFE1D, 0x006A, 0xFE1D, 0x006A, 0x006A, 0xFE1D,
    0x006A, 0x006A, 0xF81F, 0xF81F, 0xF81F, 0xF81F, 0xF81F, 0xF81F, 0xF81F, 0xF81F, 0xF81F, 0xF81F,
    0xF81F, 0xF81F, 0xF81F, 0xF81F, 0xF81F, 0xF81F, 0xF81F, 0xF81F, 0xF81F, 0xF81F, 0xF81F, 0xF81F,
    0xF81F, 0xF81F, 0xF81F, 0xF81F, 0xF81F, 0xF81F, 0xF81F, 0xF81F, 0xF81F, 0xF81F, 0xF81F, 0xF81F,
    0xF81F, 0x006A, 0x028E, 0x028E, 0x028E, 0x028E, 0x028E, 0x028E, 0x028E, 0x006A, 0xFE1D, 0x006A,
    0xFE1D, 0x006A, 0xFE1D, 0xFE1D, 0x006A, 0xFE1D, 0xFE1D, 0x006A, 0xFE1D, 0xFE1D, 0xFE1D, 0x006A,
    0xFE1D, 0xFE1D, 0x006A, 0xF81F, 0xF81F, 0xF81F, 0xF81F, 0xF81F, 0xF81F, 0xF81F, 0xF81F, 0xF81F,
    0xF81F, 0xF81F, 0xF81F, 0xF81F, 0xF81F, 0xF81F, 0xF81F, 0xF81F, 0xF81F, 0xF81F, 0xF81F, 0xF81F,
    0xF81F, 0xF81F, 0xF81F, 0xF81F, 0xF81F, 0xF81F, 0xF81F, 0xF81F, 0xF81F, 0xF81F, 0xF81F, 0xF81F,
    0x006A, 0x028E, 0x028E, 0x028E, 0x028E, 0x028E, 0x028E, 0x028E, 0x006A, 0x006A, 0xFE1D, 0xFE1D,
    0x006A, 0xFE1D, 0x006A, 0x006A, 0xFE1D, 0xFE1D, 0xFE1D, 0x006A, 0x006A, 0x006A, 0x006A, 0x006A,
    0xFE1D, 0x006A, 0xFE1D, 0x006A, 0xF81F, 0xF81F, 0xF81F, 0xF81F, 0xF81F, 0xF81F, 0x006A, 0x006A,
    0x006A, 0x006A, 0xF81F, 0xF81F, 0xF81F, 0xF81F, 0xF81F, 0xF81F, 0xF81F, 0xF81F, 0xF81F, 0xF81F,
    0xF81F, 0xF81F, 0xF81F, 0xF81F, 0xF81F, 0xF81F, 0xF81F, 0xF81F, 0xF81F, 0xF81F, 0xF81F, 0xF81F,
    0x006A, 0x028E, 0x028E, 0x028E, 0x028E, 0x028E, 0x028E, 0x006A, 0x028E, 0x028E, 0x006A, 0xFE1D,
    0xFE1D, 0x006A, 0xFE1D, 0xFE1D, 0xFE1D, 0xFE1D, 0x006A, 0x006A, 0x028E, 0x028E, 0x028E, 0x028E,
    0x006A, 0x028E, 0x006A, 0xFE1D, 0x006A, 0xF81F, 0xF81F, 0xF81F, 0x006A, 0x006A, 0xFE1D, 0xFE1D,
    0xFE1D, 0xFE1D, 0x006A, 0xF81F, 0xF81F, 0xF81F, 0xF81F, 0xF81F, 0xF81F, 0xF81F, 0xF81F, 0xF81F,
    0xF81F, 0xF81F, 0xF81F, 0xF81F, 0xF81F, 0xF81F, 0xF81F, 0xF81F, 0xF81F, 0xF81F, 0xF81F, 0xF81F,
    0x006A, 0x028E, 0x028E, 0x028E, 0x028E, 0x028E, 0x028E, 0x006A, 0x028E, 0x028E, 0x006A, 0xFE1D,
    0xFE1D, 0x006A, 0xFE1D, 0xFE1D, 0xFE1D, 0xFE1D, 0x006A, 0x028E, 0x028E, 0x028E, 0x028E, 0x028E,
    0x006A, 0x028E, 0x028E, 0x006A, 0x006A, 0x006A, 0x006A, 0x006A, 0x028E, 0x006A, 0xFE1D, 0xFE1D,
    0xFE1D, 0xFE1D, 0xFE1D, 0x006A, 0xF81F, 0xF81F, 0xF81F, 0xF81F, 0xF81F, 0xF81F, 0xF81F, 0xF81F,
    0xF81F, 0xF81F, 0xF81F, 0xF81F, 0xF81F, 0xF81F, 0xF81F, 0xF81F, 0xF81F, 0xF81F, 0xF81F, 0xF81F,
    0x006A, 0x028E, 0x028E, 0x028E, 0x028E, 0x028E, 0x028E, 0x006A, 0x028E, 0x028E, 0x006A, 0xFE1D,
    0x006A, 0xFE1D, 0x006A, 0x006A, 0xFE1D, 0x006A, 0x006A, 0x028E, 0x028E, 0x028E, 0x028E, 0x028E,
    0x028E, 0x006A, 0x006A, 0x028E, 0x028E, 0x028E, 0x028E, 0x006A, 0x028E, 0x028E, 0x006A, 0xFE1D,
    0xFE1D, 0xFE1D, 0xFE1D, 0x006A, 0xF81F, 0xF81F, 0xF81F, 0xF81F, 0xF81F, 0xF81F, 0xF81F, 0xF81F,
    0xF81F, 0xF81F, 0xF81F, 0xF81F, 0xF81F, 0xF81F, 0xF81F, 0xF81F, 0xF81F, 0xF81F, 0xF81F, 0xF81F,
    0x006A, 0x028E, 0x028E, 0x028E, 0x028E, 0x028E, 0x028E, 0x006A, 0x028E, 0x006A, 0xFE1D, 0x006A,
    0xFE1D, 0x006A, 0xFE1D, 0xFE1D, 0xFE1D, 0x006A, 0x028E, 0x028E, 0x028E, 0x028E, 0x028E, 0x028E,
    0x028E, 0x028E, 0x028E, 0x028E, 0x028E, 0x028E, 0x028E, 0x028E, 0x006A, 0x028E, 0x006A, 0xFE1D,
    0xFE1D, 0xFE1D, 0xFE1D, 0x006A, 0xF81F, 0xF81F, 0xF81F, 0xF81F, 0xF81F, 0xF81F, 0xF81F, 0xF81F,
    0xF81F, 0xF81F, 0xF81F, 0xF81F, 0xF81F, 0xF81F, 0xF81F, 0xF81F, 0xF81F, 0xF81F, 0xF81F, 0xF81F,
    0x006A, 0x028E, 0x028E, 0x028E, 0x028E, 0x028E, 0x028E, 0x028E, 0x006A, 0x006A, 0xFE1D, 0x006A,
    0xFE1D, 0x006A, 0xFE1D, 0xFE1D, 0x006A, 0x028E, 0x028E, 0x028E, 0x028E, 0x028E, 0x028E, 0x028E,
    0x028E, 0x028E, 0x028E, 0x028E, 0x028E, 0x028E, 0x028E, 0x028E, 0x006A, 0x028E, 0x028E, 0x006A,
    0xFE1D, 0xFE1D, 0xFE1D, 0xFE1D, 0x006A, 0xF81F, 0xF81F, 0xF81F, 0xF81F, 0xF81F, 0xF81F, 0xF81F,
    0xF81F, 0xF81F, 0xF81F, 0xF81F, 0xF81F, 0xF81F, 0xF81F, 0xF81F, 0xF81F, 0xF81F, 0xF81F, 0xF81F,
    0xF81F, 0x006A, 0x028E, 0x028E, 0x028E, 0x028E, 0x028E, 0x028E, 0x028E, 0x006A, 0xFE1D, 0x006A,
    0xFE1D, 0xFE1D, 0xFE1D, 0x006A, 0x006A, 0x028E, 0x028E, 0x028E, 0x028E, 0x028E, 0x028E, 0x028E,
    0x028E, 0x028E, 0x028E, 0x028E, 0x028E, 0x028E, 0x028E, 0x028E, 0x028E, 0x006A, 0x028E, 0x006A,
    0xFE1D, 0xFE1D, 0xFE1D, 0xFE1D, 0x006A, 0xF81F, 0xF81F, 0xF81F, 0xF81F, 0xF81F, 0xF81F, 0xF81F,
    0xF81F, 0xF81F, 0xF81F, 0xF81F, 0xF81F, 0xF81F, 0xF81F, 0xF81F, 0xF81F, 0xF81F, 0xF81F, 0xF81F,
    0xF81F, 0x006A, 0x028E, 0x028E, 0x028E, 0x028E, 0x028E, 0x028E, 0x006A, 0xFE1D, 0xFE1D, 0x006A,
    0xFE1D, 0xFE1D, 0xFE1D, 0x006A, 0x006A, 0x028E, 0x028E, 0x028E, 0x028E, 0x028E, 0x028E, 0x028E,
    0x028E, 0x028E, 0x028E, 0x028E, 0x028E, 0x028E, 0x028E, 0x028E, 0x028E, 0x006A, 0x028E, 0x006A,
    0xFE1D, 0xFE1D, 0xFE1D, 0xFE1D, 0xFE1D, 0x006A, 0xF81F, 0xF81F, 0xF81F, 0xF81F, 0xF81F, 0xF81F,
    0xF81F, 0xF81F, 0xF81F, 0xF81F, 0xF81F, 0xF81F, 0xF81F, 0xF81F, 0xF81F, 0xF81F, 0xF81F, 0xF81F,
    0xF81F, 0xF81F, 0x006A, 0x006A, 0x028E, 0x028E, 0x028E, 0x028E, 0x006A, 0xFE1D, 0xFE1D, 0x006A,
    0xFE1D, 0xFE1D, 0x006A, 0xFE1D, 0x006A, 0x028E, 0x028E, 0x028E, 0x028E, 0x028E, 0x028E, 0x028E,
    0x028E, 0x028E, 0x028E, 0x028E, 0x028E, 0x028E, 0x028E, 0x028E, 0x028E, 0x006A, 0x028E, 0x006A,
    0xFE1D, 0xFE1D, 0x006A, 0xFE1D, 0xFE1D, 0x006A, 0xF81F, 0xF81F, 0xF81F, 0xF81F, 0xF81F, 0xF81F,
    0xF81F, 0xF81F, 0xF81F, 0xF81F, 0xF81F, 0xF81F, 0xF81F, 0xF81F, 0xF81F, 0xF81F, 0xF81F, 0xF81F,
    0xF81F, 0xF81F, 0xF81F, 0xF81F, 0x006A, 0x006A, 0x006A, 0x006A, 0xFE1D, 0xFE1D, 0xFE1D, 0xFE1D,
    0x006A, 0x006A, 0xFE1D, 0xFE1D, 0x006A, 0x028E, 0x028E, 0x028E, 0x028E, 0x028E, 0x028E, 0x028E,
    0x028E, 0x028E, 0x028E, 0x028E, 0x028E, 0x028E, 0x028E, 0x028E, 0x028E, 0x006A, 0x006A, 0x006A,
    0x006A, 0x006A, 0xFE1D, 0xFE1D, 0xFE1D, 0x006A, 0xF81F, 0xF81F, 0xF81F, 0xF81F, 0xF81F, 0xF81F,
    0xF81F, 0xF81F, 0xF81F, 0xF81F, 0xF81F, 0xF81F, 0xF81F, 0xF81F, 0xF81F, 0xF81F, 0xF81F, 0xF81F,
    0xF81F, 0xF81F, 0xF81F, 0xF81F, 0xF81F, 0xF81F, 0xF81F, 0x006A, 0xFE1D, 0xFE1D, 0xFE1D, 0xFE1D,
    0xFE1D, 0xFE1D, 0xFE1D, 0x006A, 0x028E, 0x006A, 0x028E, 0x028E, 0x028E, 0x028E, 0x028E, 0x028E,
    0x028E, 0x028E, 0x028E, 0x028E, 0x028E, 0x028E, 0x028E, 0x028E, 0x006A, 0x006A, 0xFE1D, 0xFE1D,
    0xFE1D, 0xFE1D, 0xFE1D, 0xFE1D, 0xFE1D, 0x006A, 0xF81F, 0xF81F, 0xF81F, 0xF81F, 0xF81F, 0xF81F,
    0xF81F, 0xF81F, 0xF81F, 0xF81F, 0xF81F, 0xF81F, 0xF81F, 0xF81F, 0xF81F, 0xF81F, 0xF81F, 0xF81F,
    0xF81F, 0xF81F, 0xF81F, 0xF81F, 0xF81F, 0xF81F, 0xF81F, 0x006A, 0x006A, 0x006A, 0xFE1D, 0xFE1D,
    0xFE1D, 0xFE1D, 0xFE1D, 0x006A, 0x028E, 0x006A, 0x028E, 0x028E, 0x028E, 0x028E, 0x028E, 0x028E,
    0x028E, 0x028E, 0x028E, 0x028E, 0x028E, 0x028E, 0x028E, 0x006A, 0x006A, 0xFE1D, 0xFE1D, 0xFE1D,
    0xFE1D, 0xFE1D, 0xFE1D, 0xFE1D, 0xFE1D, 0xFE1D, 0x006A, 0xF81F, 0xF81F, 0xF81F, 0xF81F, 0xF81F,
    0xF81F, 0xF81F, 0xF81F, 0xF81F, 0xF81F, 0xF81F, 0xF81F, 0xF81F, 0xF81F, 0xF81F, 0xF81F, 0xF81F,
    0xF81F, 0xF81F, 0xF81F, 0xF81F, 0xF81F, 0xF81F, 0x006A, 0xFE1D, 0xFE1D, 0xFE1D, 0x006A, 0xFE1D,
    0xFE1D, 0xFE1D, 0xFE1D, 0x006A, 0x028E, 0x028E, 0x006A, 0x028E, 0x028E, 0x028E, 0x028E, 0x028E,
    0x028E, 0x028E, 0x028E, 0x028E, 0x028E, 0x028E, 0x006A, 0x006A, 0xFE1D, 0xFE1D, 0xFE1D, 0xFE1D,
    0xFE1D, 0xFE1D, 0xFE1D, 0xFE1D, 0xFE1D, 0xFE1D, 0x006A, 0xF81F, 0xF81F, 0xF81F, 0xF81F, 0xF81F,
    0xF81F, 0xF81F, 0xF81F, 0xF81F, 0xF81F, 0xF81F, 0xF81F, 0xF81F, 0xF81F, 0xF81F, 0xF81F, 0xF81F,
    0xF81F, 0xF81F, 0xF81F, 0xF81F, 0xF81F, 0x006A, 0xFE1D, 0xFE1D, 0x006A, 0xFE1D, 0xFE1D, 0x006A,
    0xFE1D, 0xFE1D, 0x006A, 0xFE1D, 0x006A, 0x028E, 0x028E, 0x006A, 0x028E, 0x028E, 0x028E, 0x028E,
    0x028E, 0x028E, 0x028E, 0x028E, 0x028E, 0x006A, 0xFE1D, 0xFE1D, 0xFE1D, 0xFE1D, 0xFE1D, 0xFE1D,
    0xFE1D, 0xFE1D, 0xFE1D, 0xFE1D, 0xFE1D, 0xFE1D, 0x006A, 0xF81F, 0xF81F, 0xF81F, 0xF81F, 0xF81F,
    0xF81F, 0xF81F, 0xF81F, 0xF81F, 0xF81F, 0xF81F, 0xF81F, 0xF81F, 0xF81F, 0xF81F, 0xF81F, 0xF81F,
    0xF81F, 0xF81F, 0xF81F, 0xF81F, 0xF81F, 0x006A, 0xFE1D, 0xFE1D, 0xFE1D, 0xFE1D, 0xFE1D, 0x006A,
    0xFE1D, 0x006A, 0xFE1D, 0xFE1D, 0x006A, 0x028E, 0x028E, 0x028E, 0x006A, 0x028E, 0x028E, 0x028E,
    0x028E, 0x028E, 0x028E, 0x006A, 0x006A, 0xFE1D, 0x006A, 0xFE1D, 0xFE1D, 0xFE1D, 0xFE1D, 0xFE1D,
    0xFE1D, 0xFE1D, 0xFE1D, 0x006A, 0xFE1D, 0xFE1D, 0x006A, 0xF81F, 0xF81F, 0xF81F, 0xF81F, 0xF81F,
    0xF81F, 0xF81F, 0xF81F, 0xF81F, 0xF81F, 0xF81F, 0xF81F, 0xF81F, 0xF81F, 0xF81F, 0xF81F, 0xF81F,
    0xF81F, 0xF81F, 0xF81F, 0xF81F, 0x006A, 0xFE1D, 0xFE1D, 0xFE1D, 0xFE1D, 0xFE1D, 0xFE1D, 0xFE1D,
    0x006A, 0xFE1D, 0xFE1D, 0xFE1D, 0xFE1D, 0x006A, 0x006A, 0x006A, 0xFE1D, 0x006A, 0x006A, 0x006A,
    0x006A, 0x006A, 0x006A, 0xFE1D, 0xFE1D, 0x006A, 0x006A, 0xFE1D, 0xFE1D, 0xFE1D, 0xFE1D, 0xFE1D,
    0xFE1D, 0xFE1D, 0xFE1D, 0x006A, 0xFE1D, 0xFE1D, 0x006A, 0xF81F, 0xF81F, 0xF81F, 0xF81F, 0xF81F,
    0xF81F, 0xF81F, 0xF81F, 0xF81F, 0xF81F, 0xF81F, 0xF81F, 0xF81F, 0xF81F, 0xF81F, 0xF81F, 0xF81F,
    0xF81F, 0xF81F, 0xF81F, 0xF81F, 0x006A, 0xFE1D, 0xFE1D, 0xFE1D, 0xFE1D, 0xFE1D, 0xFE1D, 0xFE1D,
    0x006A, 0xFE1D, 0xFE1D, 0xFE1D, 0xFE1D, 0xFE1D, 0xFE1D, 0xFE1D, 0xFE1D, 0xFE1D, 0xFE1D, 0xFE1D,
    0xFE1D, 0xFE1D, 0xFE1D, 0xFE1D, 0x006A, 0xFE1D, 0x006A, 0xFE1D, 0xFE1D, 0xFE1D, 0xFE1D, 0xFE1D,
    0xFE1D, 0xFE1D, 0xFE1D, 0x006A, 0xFE1D, 0xFE1D, 0x006A, 0xF81F, 0xF81F, 0xF81F, 0xF81F, 0xF81F,
    0xF81F, 0xF81F, 0xF81F, 0xF81F, 0xF81F, 0xF81F, 0xF81F, 0xF81F, 0xF81F, 0xF81F, 0xF81F, 0xF81F,
    0xF81F, 0xF81F, 0xF81F, 0xF81F, 0x006A, 0xFE1D, 0xFE1D, 0xFE1D, 0xFE1D, 0xFE1D, 0xFE1D, 0xFE1D,
    0x006A, 0xFE1D, 0xFE1D, 0xFE1D, 0xFE1D, 0xFE1D, 0xFE1D, 0xFE1D, 0xFE1D, 0xFE1D, 0xFE1D, 0xFE1D,
    0xFE1D, 0xFE1D, 0xFE1D, 0xFE1D, 0xFE1D, 0x006A, 0xFE1D, 0xFE1D, 0xFE1D, 0xFE1D, 0xFE1D, 0xFE1D,
    0xFE1D, 0xFE1D, 0x006A, 0xFE1D, 0xFE1D, 0x006A, 0xF81F, 0xF81F, 0xF81F, 0xF81F, 0xF81F, 0xF81F,
    0xF81F, 0xF81F, 0xF81F, 0xF81F, 0xF81F, 0xF81F, 0xF81F, 0xF81F, 0xF81F, 0xF81F, 0xF81F, 0xF81F,
    0xF81F, 0xF81F, 0xF81F, 0xF81F, 0x006A, 0xFE1D, 0xFE1D, 0xFE1D, 0xFE1D, 0xFE1D, 0xFE1D, 0xFE1D,
    0x006A, 0xFE1D, 0xFE1D, 0xFE1D, 0xFE1D, 0xFE1D, 0xFE1D, 0xFE1D, 0xFE1D, 0xFE1D, 0xFE1D, 0xFE1D,
    0xFE1D, 0xFE1D, 0xFE1D, 0xFE1D, 0xFE1D, 0x006A, 0xFE1D, 0xFE1D, 0xFE1D, 0xFE1D, 0xFE1D, 0xFE1D,
    0xFE1D, 0xFE1D, 0x006A, 0xFE1D, 0xFE1D, 0x006A, 0xF81F, 0xF81F, 0xF81F, 0xF81F, 0xF81F, 0xF81F,
    0xF81F, 0xF81F, 0xF81F, 0xF81F, 0xF81F, 0xF81F, 0xF81F, 0xF81F, 0xF81F, 0xF81F, 0xF81F, 0xF81F,
    0xF81F, 0xF81F, 0xF81F, 0xF81F, 0x006A, 0xFE1D, 0xFE1D, 0xFE1D, 0xFE1D, 0xFE1D, 0xFE1D, 0xFE1D,
    0x006A, 0xFE1D, 0xFE1D, 0xFE1D, 0xFE1D, 0xFE1D, 0xFE1D, 0xFE1D, 0xFE1D, 0xFE1D, 0xFE1D, 0xFE1D,
    0xFE1D, 0xFE1D, 0xFE1D, 0xFE1D, 0xFE1D, 0x006A, 0xFE1D, 0xFE1D, 0xFE1D, 0xFE1D, 0xFE1D, 0xFE1D,
    0xFE1D, 0x006A, 0xFE1D, 0xFE1D, 0xFE1D, 0x006A, 0xF81F, 0xF81F, 0xF81F, 0xF81F, 0xF81F, 0xF81F,
    0xF81F, 0xF81F, 0xF81F, 0xF81F, 0xF81F, 0xF81F, 0xF81F, 0xF81F, 0xF81F, 0xF81F, 0xF81F, 0xF81F,
    0xF81F, 0xF81F, 0xF81F, 0xF81F, 0x006A, 0xFE1D, 0xFE1D, 0xFE1D, 0xFE1D, 0xFE1D, 0xFE1D, 0xFE1D,
    0xFE1D, 0x006A, 0xFE1D, 0xFE1D, 0xFE1D, 0xFE1D, 0xFE1D, 0xFE1D, 0xFE1D, 0xFE1D, 0xFE1D, 0xFE1D,
    0xFE1D, 0xFE1D, 0xFE1D, 0xFE1D, 0xFE1D, 0x006A, 0xFE1D, 0xFE1D, 0xFE1D, 0xFE1D, 0xFE1D, 0xFE1D,
    0xFE1D, 0xFE1D, 0xFE1D, 0xFE1D, 0xFE1D, 0x006A, 0xF81F, 0xF81F, 0xF81F, 0xF81F, 0xF81F, 0xF81F,
    0xF81F, 0xF81F, 0xF81F, 0xF81F, 0xF81F, 0xF81F, 0xF81F, 0xF81F, 0xF81F, 0xF81F, 0xF81F, 0xF81F,
    0xF81F, 0xF81F, 0xF81F, 0xF81F, 0xF81F, 0x006A, 0xFE1D, 0xFE1D, 0xFE1D, 0xFE1D, 0xFE1D, 0xFE1D,
    0xFE1D, 0x006A, 0xFE1D, 0xFE1D, 0xFE1D, 0xFE1D, 0xFE1D, 0xFE1D, 0xFE1D, 0xFE1D, 0xFE1D, 0xFE1D,
    0xFE1D, 0xFE1D, 0xFE1D, 0xFE1D, 0xFE1D, 0x006A, 0xFE1D, 0xFE1D, 0xFE1D, 0xFE1D, 0xFE1D, 0xFE1D,
    0xFE1D, 0xFE1D, 0xFE1D, 0xFE1D, 0xFE1D, 0x006A, 0xF81F, 0xF81F, 0xF81F, 0xF81F, 0xF81F, 0xF81F,
    0xF81F, 0xF81F, 0xF81F, 0xF81F, 0xF81F, 0xF81F, 0xF81F, 0xF81F, 0xF81F, 0xF81F, 0xF81F, 0xF81F,
    0xF81F, 0xF81F, 0xF81F, 0xF81F, 0xF81F, 0x006A, 0xFE1D, 0xFE1D, 0xFE1D, 0xFE1D, 0xFE1D, 0xFE1D,
    0xFE1D, 0x006A, 0xFE1D, 0xFE1D, 0xFE1D, 0xFE1D, 0xFE1D, 0xFE1D, 0xFE1D, 0xFE1D, 0xFE1D, 0xFE1D,
    0xFE1D, 0xFE1D, 0xFE1D, 0xFE1D, 0xFE1D, 0x006A, 0xFE1D, 0xFE1D, 0xFE1D, 0xFE1D, 0xFE1D, 0xFE1D,
    0xFE1D, 0xFE1D, 0xFE1D, 0xFE1D, 0xFE1D, 0x006A, 0xF81F, 0xF81F, 0xF81F, 0xF81F, 0xF81F, 0xF81F,
    0xF81F, 0xF81F, 0xF81F, 0xF81F, 0xF81F, 0xF81F, 0xF81F, 0xF81F, 0xF81F, 0xF81F, 0xF81F, 0xF81F,
    0xF81F, 0xF81F, 0xF81F, 0xF81F, 0xF81F, 0x006A, 0xFE1D, 0xFE1D, 0xFE1D, 0xFE1D, 0xFE1D, 0xFE1D,
    0xFE1D, 0xFE1D, 0x006A, 0xFE1D, 0xFE1D, 0xFE1D, 0xFE1D, 0xFE1D, 0xFE1D, 0xFE1D, 0xFE1D, 0xFE1D,
    0xFE1D, 0xFE1D, 0xFE1D, 0xFE1D, 0xFE1D, 0xFE1D, 0x006A, 0xFE1D, 0xFE1D, 0xFE1D, 0xFE1D, 0xFE1D,
    0xFE1D, 0xFE1D, 0xFE1D, 0xFE1D, 0x006A, 0xF81F, 0xF81F, 0xF81F, 0xF81F, 0xF81F, 0xF81F, 0xF81F,
    0xF81F, 0xF81F, 0xF81F, 0xF81F, 0xF81F, 0xF81F, 0xF81F, 0xF81F, 0xF81F, 0xF81F, 0xF81F, 0xF81F,
    0xF81F, 0xF81F, 0xF81F, 0xF81F, 0xF81F, 0x006A, 0xFE1D, 0xFE1D, 0xFE1D, 0xFE1D, 0xFE1D, 0xFE1D,
    0xFE1D, 0xFE1D, 0x006A, 0xFE1D, 0xFE1D, 0xFE1D, 0xFE1D, 0xFE1D, 0xFE1D, 0xFE1D, 0xFE1D, 0xFE1D,
    0xFE1D, 0xFE1D, 0xFE1D, 0xFE1D, 0xFE1D, 0xFE1D, 0x006A, 0xFE1D, 0xFE1D, 0xFE1D, 0xFE1D, 0xFE1D,
    0xFE1D, 0xFE1D, 0xFE1D, 0xFE1D, 0x006A, 0xF81F, 0xF81F, 0xF81F, 0xF81F, 0xF81F, 0xF81F, 0xF81F,
    0xF81F, 0xF81F, 0xF81F, 0xF81F, 0xF81F, 0xF81F, 0xF81F, 0xF81F, 0xF81F, 0xF81F, 0xF81F, 0xF81F,
    0xF81F, 0xF81F, 0xF81F, 0xF81F, 0xF81F, 0xF81F, 0x006A, 0xFE1D, 0xFE1D, 0xFE1D, 0xFE1D, 0xFE1D,
    0xFE1D, 0xFE1D, 0xFE1D, 0x006A, 0xFE1D, 0xFE1D, 0xFE1D, 0xFE1D, 0xFE1D, 0xFE1D, 0xFE1D, 0xFE1D,
    0xFE1D, 0xFE1D, 0xFE1D, 0xFE1D, 0xFE1D, 0xFE1D, 0xFE1D, 0x006A, 0xFE1D, 0xFE1D, 0xFE1D, 0xFE1D,
    0xFE1D, 0xFE1D, 0xFE1D, 0xFE1D, 0x006A, 0xF81F, 0xF81F, 0xF81F, 0xF81F, 0xF81F, 0xF81F, 0xF81F,
    0xF81F, 0xF81F, 0xF81F, 0xF81F, 0xF81F, 0xF81F, 0xF81F, 0xF81F, 0xF81F, 0xF81F, 0xF81F, 0xF81F,
    0xF81F, 0xF81F, 0xF81F, 0xF81F, 0xF81F, 0xF81F, 0x006A, 0xFE1D, 0xFE1D, 0xFE1D, 0xFE1D, 0xFE1D,
    0xFE1D, 0xFE1D, 0xFE1D, 0xFE1D, 0xFE1D, 0xFE1D, 0xFE1D, 0xFE1D, 0xFE1D, 0xFE1D, 0xFE1D, 0xFE1D,
    0xFE1D, 0xFE1D, 0xFE1D, 0xFE1D, 0xFE1D, 0xFE1D, 0xFE1D, 0xFE1D, 0xFE1D, 0xFE1D, 0xFE1D, 0xFE1D,
    0xFE1D, 0xFE1D, 0xFE1D, 0xFE1D, 0x006A, 0xF81F, 0xF81F, 0xF81F, 0xF81F, 0xF81F, 0xF81F, 0xF81F,
    0xF81F, 0xF81F, 0xF81F, 0xF81F, 0xF81F, 0xF81F, 0xF81F, 0xF81F, 0xF81F, 0xF81F, 0xF81F, 0xF81F,
    0xF81F, 0xF81F, 0xF81F, 0xF81F, 0xF81F, 0xF81F, 0xF81F, 0x006A, 0xFE1D, 0xFE1D, 0xFE1D, 0xFE1D,
    0xFE1D, 0xFE1D, 0xFE1D, 0xFE1D, 0xFE1D, 0xFE1D, 0xFE1D, 0xFE1D, 0xFE1D, 0xFE1D, 0xFE1D, 0xFE1D,
    0xFE1D, 0xFE1D, 0xFE1D, 0xFE1D, 0xFE1D, 0xFE1D, 0xFE1D, 0xFE1D, 0xFE1D, 0xFE1D, 0xFE1D, 0xFE1D,
    0xFE1D, 0xFE1D, 0xFE1D, 0x006A, 0xF81F, 0xF81F, 0xF81F, 0xF81F, 0xF81F, 0xF81F, 0xF81F, 0xF81F,
    0xF81F, 0xF81F, 0xF81F, 0xF81F, 0xF81F, 0xF81F, 0xF81F, 0xF81F, 0xF81F, 0xF81F, 0xF81F, 0xF81F,
    0xF81F, 0xF81F, 0xF81F, 0xF81F, 0xF81F, 0xF81F, 0xF81F, 0x006A, 0x006A, 0xFE1D, 0xFE1D, 0xFE1D,
    0xFE1D, 0xFE1D, 0xFE1D, 0xFE1D, 0xFE1D, 0xFE1D, 0xFE1D, 0xFE1D, 0xFE1D, 0xFE1D, 0xFE1D, 0xFE1D,
    0xFE1D, 0xFE1D, 0xFE1D, 0xFE1D, 0xFE1D, 0xFE1D, 0xFE1D, 0xFE1D, 0xFE1D, 0xFE1D, 0xFE1D, 0xFE1D,
    0xFE1D, 0xFE1D, 0xFE1D, 0x006A, 0xF81F, 0xF81F, 0xF81F, 0xF81F, 0xF81F, 0xF81F, 0xF81F, 0xF81F,
    0xF81F, 0xF81F, 0xF81F, 0xF81F, 0xF81F, 0xF81F, 0xF81F, 0xF81F, 0xF81F, 0xF81F, 0xF81F, 0xF81F,
    0xF81F, 0xF81F, 0xF81F, 0xF81F, 0xF81F, 0xF81F, 0xF81F, 0x006A, 0xFE1D, 0x006A, 0x006A, 0xFE1D,
    0xFE1D, 0xFE1D, 0x006A, 0x006A, 0xFE1D, 0xFE1D, 0xFE1D, 0xFE1D, 0x006A, 0x006A, 0x006A, 0xFE1D,
    0xFE1D, 0xFE1D, 0xFE1D, 0xFE1D, 0xFE1D, 0xFE1D, 0xFE1D, 0xFE1D, 0xFE1D, 0xFE1D, 0xFE1D, 0xFE1D,
    0xFE1D, 0xFE1D, 0x006A, 0xF81F, 0xF81F, 0xF81F, 0xF81F, 0xF81F, 0xF81F, 0xF81F, 0xF81F, 0xF81F,
    0xF81F, 0xF81F, 0xF81F, 0xF81F, 0xF81F, 0xF81F, 0xF81F, 0xF81F, 0xF81F, 0xF81F, 0xF81F, 0xF81F,
    0xF81F, 0xF81F, 0xF81F, 0xF81F, 0xF81F, 0xF81F, 0xF81F, 0x006A, 0xFE1D, 0xFE1D, 0xFE1D, 0xFE1D,
    0xFE1D, 0x006A, 0xFE1D, 0xFE1D, 0xFE1D, 0xFE1D, 0xFE1D, 0xFE1D, 0xFE1D, 0xFE1D, 0xFE1D, 0x006A,
    0x006A, 0x006A, 0x006A, 0xFE1D, 0xFE1D, 0xFE1D, 0xFE1D, 0xFE1D, 0xFE1D, 0xFE1D, 0xFE1D, 0xFE1D,
    0xFE1D, 0xFE1D, 0x006A, 0xF81F, 0xF81F, 0xF81F, 0xF81F, 0xF81F, 0xF81F, 0xF81F, 0xF81F, 0xF81F,
    0xF81F, 0xF81F, 0xF81F, 0xF81F, 0xF81F, 0xF81F, 0xF81F, 0xF81F, 0xF81F, 0xF81F, 0xF81F, 0xF81F,
    0xF81F, 0xF81F, 0xF81F, 0xF81F, 0xF81F, 0xF81F, 0xF81F, 0xF81F, 0x006A, 0xFE1D, 0xFE1D, 0xFE1D,
    0xFE1D, 0x006A, 0xFE1D, 0xFE1D, 0xFE1D, 0xFE1D, 0xFE1D, 0xFE1D, 0xFE1D, 0xFE1D, 0xFE1D, 0xFE1D,
    0xFE1D, 0xFE1D, 0xFE1D, 0xFE1D, 0xFE1D, 0xFE1D, 0x006A, 0xFE1D, 0xFE1D, 0xFE1D, 0xFE1D, 0xFE1D,
    0x006A, 0x006A, 0xF81F, 0xF81F, 0xF81F, 0xF81F, 0xF81F, 0xF81F, 0xF81F, 0xF81F, 0xF81F, 0xF81F,
    0xF81F, 0xF81F, 0xF81F, 0xF81F, 0xF81F, 0xF81F, 0xF81F, 0xF81F, 0xF81F, 0xF81F, 0xF81F, 0xF81F,
    0xF81F, 0xF81F, 0xF81F, 0xF81F, 0xF81F, 0xF81F, 0xF81F, 0xF81F, 0x006A, 0xFE1D, 0xFE1D, 0xFE1D,
    0xFE1D, 0xFE1D, 0xFE1D, 0xFE1D, 0xFE1D, 0xFE1D, 0xFE1D, 0xFE1D, 0xFE1D, 0xFE1D, 0xFE1D, 0xFE1D,
    0xFE1D, 0xFE1D, 0xFE1D, 0xFE1D, 0xFE1D, 0xFE1D, 0xFE1D, 0x006A, 0x006A, 0x006A, 0x006A, 0x006A,
    0xF81F, 0xF81F, 0xF81F, 0xF81F, 0xF81F, 0xF81F, 0xF81F, 0xF81F, 0xF81F, 0xF81F, 0xF81F, 0xF81F,
    0xF81F, 0xF81F, 0xF81F, 0xF81F, 0xF81F, 0xF81F, 0xF81F, 0xF81F, 0xF81F, 0xF81F, 0xF81F, 0xF81F,
    0xF81F, 0xF81F, 0xF81F, 0xF81F, 0xF81F, 0xF81F, 0xF81F, 0xF81F, 0xF81F, 0x006A, 0xFE1D, 0xFE1D,
    0xFE1D, 0xFE1D, 0xFE1D, 0x006A, 0xFE1D, 0xFE1D, 0xFE1D, 0xFE1D, 0xFE1D, 0xFE1D, 0xFE1D, 0xFE1D,
    0xFE1D, 0xFE1D, 0xFE1D, 0xFE1D, 0xFE1D, 0xFE1D, 0xFE1D, 0xFE1D, 0xFE1D, 0x006A, 0xF81F, 0xF81F,
    0xF81F, 0xF81F, 0xF81F, 0xF81F, 0xF81F, 0xF81F, 0xF81F, 0xF81F, 0xF81F, 0xF81F, 0xF81F, 0xF81F,
    0xF81F, 0xF81F, 0xF81F, 0xF81F, 0xF81F, 0xF81F, 0xF81F, 0xF81F, 0xF81F, 0xF81F, 0xF81F, 0xF81F,
    0xF81F, 0xF81F, 0xF81F, 0xF81F, 0xF81F, 0xF81F, 0xF81F, 0xF81F, 0xF81F, 0xF81F, 0x006A, 0x006A,
    0x006A, 0x006A, 0x006A, 0xF81F, 0x006A, 0xFE1D, 0xFE1D, 0xFE1D, 0xFE1D, 0xFE1D, 0xFE1D, 0x006A,
    0xFE1D, 0xFE1D, 0xFE1D, 0xFE1D, 0xFE1D, 0xFE1D, 0xFE1D, 0xFE1D, 0xFE1D, 0x006A, 0xF81F, 0xF81F,
    0xF81F, 0xF81F, 0xF81F, 0xF81F, 0xF81F, 0xF81F, 0xF81F, 0xF81F, 0xF81F, 0xF81F, 0xF81F, 0xF81F,
    0xF81F, 0xF81F, 0xF81F, 0xF81F, 0xF81F, 0xF81F, 0xF81F, 0xF81F, 0xF81F, 0xF81F, 0xF81F, 0xF81F,
    0xF81F, 0xF81F, 0xF81F, 0xF81F, 0xF81F, 0xF81F, 0xF81F, 0xF81F, 0xF81F, 0xF81F, 0xF81F, 0xF81F,
    0xF81F, 0xF81F, 0xF81F, 0xF81F, 0xF81F, 0x006A, 0xFE1D, 0xFE1D, 0xFE1D, 0xFE1D, 0xFE1D, 0x006A,
    0xFE1D, 0xFE1D, 0xFE1D, 0xFE1D, 0xFE1D, 0xFE1D, 0xFE1D, 0xFE1D, 0xFE1D, 0x006A, 0xF81F, 0xF81F,
    0xF81F, 0xF81F, 0xF81F, 0xF81F, 0xF81F, 0xF81F, 0xF81F, 0xF81F, 0xF81F, 0xF81F, 0xF81F, 0xF81F,
    0xF81F, 0xF81F, 0xF81F, 0xF81F, 0xF81F, 0xF81F, 0xF81F, 0xF81F, 0xF81F, 0xF81F, 0xF81F, 0xF81F,
    0xF81F, 0xF81F, 0xF81F, 0xF81F, 0xF81F, 0xF81F, 0xF81F, 0xF81F, 0xF81F, 0xF81F, 0xF81F, 0xF81F,
    0xF81F, 0xF81F, 0xF81F, 0xF81F, 0xF81F, 0xF81F, 0x006A, 0xFE1D, 0xFE1D, 0xFE1D, 0xFE1D, 0x006A,
    0xFE1D, 0xFE1D, 0xFE1D, 0xFE1D, 0xFE1D, 0xFE1D, 0xFE1D, 0xFE1D, 0xFE1D, 0x006A, 0x006A, 0x006A,
    0xF81F, 0xF81F, 0xF81F, 0xF81F, 0xF81F, 0xF81F, 0xF81F, 0xF81F, 0xF81F, 0xF81F, 0xF81F, 0xF81F,
    0xF81F, 0xF81F, 0xF81F, 0xF81F, 0xF81F, 0xF81F, 0xF81F, 0xF81F, 0xF81F, 0xF81F, 0xF81F, 0xF81F,
    0xF81F, 0xF81F, 0xF81F, 0xF81F, 0xF81F, 0xF81F, 0xF81F, 0xF81F, 0xF81F, 0xF81F, 0xF81F, 0xF81F,
    0xF81F, 0xF81F, 0xF81F, 0xF81F, 0xF81F, 0xF81F, 0xF81F, 0x006A, 0xFE1D, 0xFE1D, 0xFE1D, 0xFE1D,
    0x006A, 0xFE1D, 0xFE1D, 0xFE1D, 0xFE1D, 0xFE1D, 0xFE1D, 0xFE1D, 0xFE1D, 0x006A, 0xFE1D, 0xFE1D,
    0x006A, 0x006A, 0xF81F, 0xF81F, 0xF81F, 0xF81F, 0xF81F, 0xF81F, 0xF81F, 0xF81F, 0xF81F, 0xF81F,
    0xF81F, 0xF81F, 0xF81F, 0xF81F, 0xF81F, 0xF81F, 0xF81F, 0xF81F, 0xF81F, 0xF81F, 0xF81F, 0xF81F,
    0xF81F, 0xF81F, 0xF81F, 0xF81F, 0xF81F, 0xF81F, 0xF81F, 0xF81F, 0xF81F, 0xF81F, 0xF81F, 0xF81F,
    0xF81F, 0xF81F, 0xF81F, 0xF81F, 0xF81F, 0xF81F, 0xF81F, 0xF81F, 0x006A, 0xFE1D, 0xFE1D, 0xFE1D,
    0x006A, 0xFE1D, 0xFE1D, 0xFE1D, 0xFE1D, 0xFE1D, 0xFE1D, 0xFE1D, 0xFE1D, 0x006A, 0xFE1D, 0xFE1D,
    0xFE1D, 0xFE1D, 0x006A, 0x006A, 0x006A, 0xF81F, 0xF81F, 0xF81F, 0xF81F, 0xF81F, 0xF81F, 0xF81F,
    0xF81F, 0xF81F, 0xF81F, 0xF81F, 0xF81F, 0xF81F, 0xF81F, 0xF81F, 0xF81F, 0xF81F, 0xF81F, 0xF81F,
    0xF81F, 0xF81F, 0xF81F, 0xF81F, 0xF81F, 0xF81F, 0xF81F, 0xF81F, 0xF81F, 0xF81F, 0xF81F, 0xF81F,
    0xF81F, 0xF81F, 0xF81F, 0xF81F, 0xF81F, 0xF81F, 0xF81F, 0xF81F, 0xF81F, 0x006A, 0xFE1D, 0xFE1D,
    0xFE1D, 0x006A, 0xFE1D, 0xFE1D, 0xFE1D, 0xFE1D, 0xFE1D, 0xFE1D, 0xFE1D, 0xFE1D, 0xFE1D, 0xFE1D,
    0xFE1D, 0xFE1D, 0xFE1D, 0xFE1D, 0xFE1D, 0x006A, 0xF81F, 0xF81F, 0xF81F, 0xF81F, 0xF81F, 0xF81F,
    0xF81F, 0xF81F, 0xF81F, 0xF81F, 0xF81F, 0xF81F, 0xF81F, 0xF81F, 0xF81F, 0xF81F, 0xF81F, 0xF81F,
    0xF81F, 0xF81F, 0xF81F, 0xF81F, 0xF81F, 0xF81F, 0xF81F, 0xF81F, 0xF81F, 0xF81F, 0xF81F, 0xF81F,
    0xF81F, 0xF81F, 0xF81F, 0xF81F, 0xF81F, 0xF81F, 0xF81F, 0xF81F, 0xF81F, 0x006A, 0x006A, 0x006A,
    0xFE1D, 0x006A, 0xFE1D, 0xFE1D, 0xFE1D, 0xFE1D, 0xFE1D, 0xFE1D, 0x006A, 0x006A, 0x006A, 0xFE1D,
    0xFE1D, 0xFE1D, 0x006A, 0x006A, 0xFE1D, 0xFE1D, 0x006A, 0xF81F, 0xF81F, 0xF81F, 0xF81F, 0xF81F,
    0xF81F, 0xF81F, 0xF81F, 0xF81F, 0xF81F, 0xF81F, 0xF81F, 0xF81F, 0xF81F, 0xF81F, 0xF81F, 0xF81F,
    0xF81F, 0xF81F, 0xF81F, 0xF81F, 0xF81F, 0xF81F, 0xF81F, 0xF81F, 0xF81F, 0xF81F, 0xF81F, 0xF81F,
    0xF81F, 0xF81F, 0xF81F, 0xF81F, 0xF81F, 0xF81F, 0xF81F, 0xF81F, 0xF81F, 0x006A, 0xFE1D, 0xFE1D,
    0xFE1D, 0xFE1D, 0x006A, 0xFE1D, 0xFE1D, 0xFE1D, 0xFE1D, 0x006A, 0xFE1D, 0xFE1D, 0xFE1D, 0x006A,
    0x006A, 0x006A, 0xFE1D, 0xFE1D, 0x006A, 0xFE1D, 0xFE1D, 0x006A, 0xF81F, 0xF81F, 0xF81F, 0xF81F,
    0xF81F, 0xF81F, 0xF81F, 0xF81F, 0xF81F, 0xF81F, 0xF81F, 0xF81F, 0xF81F, 0xF81F, 0xF81F, 0xF81F,
    0xF81F, 0xF81F, 0xF81F, 0xF81F, 0xF81F, 0xF81F, 0xF81F, 0xF81F, 0xF81F, 0xF81F, 0xF81F, 0xF81F,
    0xF81F, 0xF81F, 0xF81F, 0xF81F, 0xF81F, 0xF81F, 0xF81F, 0xF81F, 0x006A, 0x006A, 0x006A, 0xFE1D,
    0xFE1D, 0xFE1D, 0xFE1D, 0xFE1D, 0xFE1D, 0xFE1D, 0x006A, 0xFE1D, 0xFE1D, 0xFE1D, 0xFE1D, 0xFE1D,
    0xFE1D, 0xFE1D, 0xFE1D, 0xFE1D, 0xFE1D, 0xFE1D, 0xFE1D, 0x006A, 0xF81F, 0xF81F, 0xF81F, 0xF81F,
    0xF81F, 0xF81F, 0xF81F, 0xF81F, 0xF81F, 0xF81F, 0xF81F, 0xF81F, 0xF81F, 0xF81F, 0xF81F, 0xF81F,
    0xF81F, 0xF81F, 0xF81F, 0xF81F, 0xF81F, 0xF81F, 0xF81F, 0xF81F, 0xF81F, 0xF81F, 0xF81F, 0xF81F,
    0xF81F, 0xF81F, 0xF81F, 0xF81F, 0xF81F, 0xF81F, 0xF81F, 0x006A, 0xFE1D, 0xFE1D, 0xFE1D, 0xFE1D,
    0xFE1D, 0xFE1D, 0xFE1D, 0xFE1D, 0xFE1D, 0xFE1D, 0x006A, 0xFE1D, 0xFE1D, 0xFE1D, 0xFE1D, 0xFE1D,
    0xFE1D, 0xFE1D, 0x006A, 0x006A, 0xFE1D, 0xFE1D, 0xFE1D, 0x006A, 0xF81F, 0xF81F, 0xF81F, 0xF81F,
    0xF81F, 0xF81F, 0xF81F, 0xF81F, 0xF81F, 0xF81F, 0xF81F, 0xF81F, 0xF81F, 0xF81F, 0xF81F, 0xF81F,
    0xF81F, 0xF81F, 0xF81F, 0xF81F, 0xF81F, 0xF81F, 0xF81F, 0xF81F, 0xF81F, 0xF81F, 0xF81F, 0xF81F,
    0xF81F, 0xF81F, 0xF81F, 0xF81F, 0xF81F, 0xF81F, 0xF81F, 0x006A, 0xFE1D, 0xFE1D, 0xFE1D, 0xFE1D,
    0xFE1D, 0xFE1D, 0xFE1D, 0xFE1D, 0xFE1D, 0xFE1D, 0xFE1D, 0xFE1D, 0xFE1D, 0xFE1D, 0xFE1D, 0xFE1D,
    0xFE1D, 0x006A, 0x006A, 0xFE1D, 0xFE1D, 0xFE1D, 0xFE1D, 0x006A, 0xF81F, 0xF81F, 0xF81F, 0xF81F,
    0xF81F, 0xF81F, 0xF81F, 0xF81F, 0xF81F, 0xF81F, 0xF81F, 0xF81F, 0xF81F, 0xF81F, 0xF81F, 0xF81F,
    0xF81F, 0xF81F, 0xF81F, 0xF81F, 0xF81F, 0xF81F, 0xF81F, 0xF81F, 0xF81F, 0xF81F, 0xF81F, 0xF81F,
    0xF81F, 0xF81F, 0xF81F, 0xF81F, 0xF81F, 0xF81F, 0x006A, 0xFE1D, 0xFE1D, 0xFE1D, 0xFE1D, 0xFE1D,
    0xFE1D, 0xFE1D, 0x006A, 0x006A, 0x006A, 0xFE1D, 0xFE1D, 0xFE1D, 0xFE1D, 0xFE1D, 0xFE1D, 0xFE1D,
    0x006A, 0x006A, 0x006A, 0xFE1D, 0xFE1D, 0x006A, 0x006A, 0xF81F, 0xF81F, 0xF81F, 0xF81F, 0xF81F,
    0xF81F, 0xF81F, 0xF81F, 0xF81F, 0xF81F, 0xF81F, 0xF81F, 0xF81F, 0xF81F, 0xF81F, 0xF81F, 0xF81F,
    0xF81F, 0xF81F, 0xF81F, 0xF81F, 0xF81F, 0xF81F, 0xF81F, 0xF81F, 0xF81F, 0xF81F, 0xF81F, 0xF81F,
    0xF81F, 0xF81F, 0xF81F, 0xF81F, 0xF81F, 0xF81F, 0x006A, 0xFE1D, 0xFE1D, 0xFE1D, 0xFE1D, 0xFE1D,
    0xFE1D, 0x006A, 0xFE1D, 0xFE1D, 0xFE1D, 0x006A, 0xFE1D, 0xFE1D, 0x006A, 0x006A, 0xFE1D, 0x006A,
    0x006A, 0x006A, 0xFE59, 0xFE59, 0x006A, 0xF81F, 0xF81F, 0xF81F, 0xF81F, 0xF81F, 0xF81F, 0xF81F,
    0xF81F, 0xF81F, 0xF81F, 0xF81F, 0xF81F, 0xF81F, 0xF81F, 0xF81F, 0xF81F, 0xF81F, 0xF81F, 0xF81F,
    0xF81F, 0xF81F, 0xF81F, 0xF81F, 0xF81F, 0xF81F, 0xF81F, 0xF81F, 0xF81F, 0xF81F, 0xF81F, 0xF81F,
    0xF81F, 0xF81F, 0xF81F, 0xF81F, 0xF81F, 0x006A, 0xFE1D, 0xFE1D, 0xFE1D, 0xFE1D, 0xFE1D, 0xFE1D,
    0x006A, 0xFE1D, 0xFE1D, 0x006A, 0xFE1D, 0xFE1D, 0xFE1D, 0xFE1D, 0xFE1D, 0xFE1D, 0x006A, 0x006A,
    0x006A, 0xFE1D, 0xFE59, 0x006A, 0x006A, 0x006A, 0xF81F, 0xF81F, 0xF81F, 0xF81F, 0xF81F, 0xF81F,
    0xF81F, 0xF81F, 0xF81F, 0xF81F, 0xF81F, 0xF81F, 0xF81F, 0xF81F, 0xF81F, 0xF81F, 0xF81F, 0xF81F,
    0xF81F, 0xF81F, 0xF81F, 0xF81F, 0xF81F, 0xF81F, 0xF81F, 0xF81F, 0xF81F, 0xF81F, 0xF81F, 0xF81F,
    0xF81F, 0xF81F, 0xF81F, 0xF81F, 0xF81F, 0x006A, 0xFE1D, 0xFE1D, 0xFE1D, 0xFE1D, 0xFE1D, 0xFE1D,
    0x006A, 0xFE1D, 0x006A, 0xFE1D, 0xFE1D, 0xFE1D, 0xFE1D, 0xFE1D, 0xFE1D, 0xFE1D, 0x006A, 0x006A,
    0x006A, 0xFE1D, 0x006A, 0x006A, 0xF81F, 0xF81F, 0xF81F, 0xF81F, 0xF81F, 0xF81F, 0xF81F, 0xF81F,
    0xF81F, 0xF81F, 0xF81F, 0xF81F, 0xF81F, 0xF81F, 0xF81F, 0xF81F, 0xF81F, 0xF81F, 0xF81F, 0xF81F,
    0xF81F, 0xF81F, 0xF81F, 0xF81F, 0xF81F, 0xF81F, 0xF81F, 0xF81F, 0xF81F, 0xF81F, 0xF81F, 0xF81F,
    0xF81F, 0xF81F, 0xF81F, 0xF81F, 0xF81F, 0x006A, 0xFE1D, 0xFE1D, 0xFE1D, 0xFE1D, 0xFE1D, 0xFE1D,
    0x006A, 0xFE1D, 0xFE1D, 0xFE1D, 0xFE1D, 0xFE1D, 0xFE1D, 0xFE1D, 0x006A, 0xFE1D, 0x006A, 0xFE1D,
    0xFE1D, 0x006A, 0xF81F, 0xF81F, 0xF81F, 0xFE59, 0xF81F, 0xF81F, 0xFE59, 0xF81F, 0xF81F, 0xF81F,
    0xF81F, 0xF81F, 0xF81F, 0xF81F, 0xF81F, 0xF81F, 0xF81F, 0xF81F, 0xF81F, 0xF81F, 0xF81F, 0xF81F,
    0xF81F, 0xF81F, 0xF81F, 0xF81F, 0xF81F, 0xF81F, 0xF81F, 0xF81F, 0xF81F, 0xF81F, 0xF81F, 0xF81F,
    0xF81F, 0xF81F, 0xF81F, 0xF81F, 0xF81F, 0x006A, 0xFE1D, 0xFE1D, 0xFE1D, 0xFE1D, 0xFE1D, 0xFE1D,
    0xFE1D, 0x006A, 0xFE1D, 0xFE1D, 0xFE1D, 0xFE1D, 0xFE1D, 0xFE1D, 0x006A, 0xFE1D, 0xFE1D, 0xFE1D,
    0xFE1D, 0xFE1D, 0x006A, 0xF81F, 0xF81F, 0xF81F, 0xF81F, 0xF81F, 0xF81F, 0xF81F, 0xF81F, 0xF81F,
    0xF81F, 0xF81F, 0xF81F, 0xF81F, 0xF81F, 0xF81F, 0xF81F, 0xF81F, 0xF81F, 0xF81F, 0xF81F, 0xF81F,
    0xF81F, 0xF81F, 0xF81F, 0xF81F, 0xF81F, 0xF81F, 0xF81F, 0xF81F, 0xF81F, 0xF81F, 0xF81F, 0xF81F,
    0xF81F, 0xF81F, 0xF81F, 0xF81F, 0xF81F, 0x006A, 0xFE1D, 0xFE1D, 0xFE1D, 0xFE1D, 0xFE1D, 0xFE1D,
    0xFE1D, 0xFE1D, 0xFE1D, 0xFE1D, 0xFE1D, 0x006A, 0x006A, 0xFE1D, 0xFE1D, 0x006A, 0xFE1D, 0xFE1D,
    0xFE1D, 0xFE1D, 0x006A, 0xF81F, 0xF81F, 0xFE59, 0xF81F, 0xFE59, 0xF81F, 0xF81F, 0xF81F, 0xF81F,
    0xF81F, 0xF81F, 0xF81F, 0xF81F, 0xF81F, 0xF81F, 0xF81F, 0xF81F, 0xF81F, 0xF81F, 0xF81F, 0xF81F,
    0xF81F, 0xF81F, 0xF81F, 0xF81F, 0xF81F, 0xF81F, 0xF81F, 0xF81F, 0xF81F, 0xF81F, 0xF81F, 0xF81F,
    0xF81F, 0xF81F, 0xF81F, 0xF81F, 0xF81F, 0x006A, 0xFE1D, 0xFE1D, 0xFE1D, 0xFE1D, 0xFE1D, 0xFE1D,
    0xFE1D, 0xFE1D, 0xFE1D, 0xFE1D, 0xFE1D, 0xFE1D, 0xFE1D, 0x006A, 0x006A, 0x006A, 0x006A, 0x006A,
    0x006A, 0x006A, 0xF81F, 0xF81F, 0xF81F, 0xF81F, 0xF81F, 0xF81F, 0xFE59, 0xF81F, 0xF81F, 0xF81F,
    0xF81F, 0xF81F, 0xF81F, 0xF81F, 0xF81F, 0xF81F, 0xF81F, 0xF81F, 0xF81F, 0xF81F, 0xF81F, 0xF81F,
    0xF81F, 0xF81F, 0xF81F, 0xF81F, 0xF81F, 0xF81F, 0xF81F, 0xF81F, 0xF81F, 0xF81F, 0xF81F, 0xF81F,
    0xF81F, 0xF81F, 0xF81F, 0xF81F, 0xF81F, 0xF81F, 0x006A, 0xFE1D, 0xFE1D, 0xFE1D, 0xFE1D, 0xFE1D,
    0xFE1D, 0xFE1D, 0xFE1D, 0xFE1D, 0x006A, 0x006A, 0x006A, 0x006A, 0xFE1D, 0x006A, 0xF81F, 0xF81F,
    0xF81F, 0xF81F, 0xF81F, 0xF81F, 0xF81F, 0xF81F, 0xF81F, 0xF81F, 0xF81F, 0xF81F, 0xF81F, 0xF81F,
    0xF81F, 0xF81F, 0xF81F, 0xF81F, 0xF81F, 0xF81F, 0xF81F, 0xF81F, 0xF81F, 0xF81F, 0xF81F, 0xF81F,
    0xF81F, 0xF81F, 0xF81F, 0xF81F, 0xF81F, 0xF81F, 0xF81F, 0xF81F, 0xF81F, 0xF81F, 0xF81F, 0xF81F,
    0xF81F, 0xF81F, 0xF81F, 0xF81F, 0xF81F, 0xF81F, 0x006A, 0xFE1D, 0xFE1D, 0xFE1D, 0xFE1D, 0xFE1D,
    0xFE1D, 0xFE1D, 0xFE1D, 0xFE1D, 0xFE1D, 0xFE1D, 0x006A, 0x006A, 0x006A, 0xF81F, 0xF81F, 0xF81F,
    0xF81F, 0xF81F, 0xF81F, 0xF81F, 0xF81F, 0xF81F, 0xF81F, 0xF81F, 0xF81F, 0xF81F, 0xF81F, 0xF81F,
    0xF81F, 0xF81F, 0xF81F, 0xF81F, 0xF81F, 0xF81F, 0xF81F, 0xF81F, 0xF81F, 0xF81F, 0xF81F, 0xF81F,
    0xF81F, 0xF81F, 0xF81F, 0xF81F, 0xF81F, 0xF81F, 0xF81F, 0xF81F, 0xF81F, 0xF81F, 0xF81F, 0xF81F,
    0xF81F, 0xF81F, 0xF81F, 0xF81F, 0xF81F, 0xF81F, 0xF81F, 0x006A, 0xFE1D, 0xFE1D, 0xFE1D, 0xFE1D,
    0xFE1D, 0xFE1D, 0xFE1D, 0xFE1D, 0xFE1D, 0xFE1D, 0xFE1D, 0xFE1D, 0x006A, 0xF81F, 0xF81F, 0xF81F,
    0xF81F, 0xF81F, 0xF81F, 0xF81F, 0xF81F, 0xF81F, 0xF81F, 0xF81F, 0xF81F, 0xF81F, 0xF81F, 0xF81F,
    0xF81F, 0xF81F, 0xF81F, 0xF81F, 0xF81F, 0xF81F, 0xF81F, 0xF81F, 0xF81F, 0xF81F, 0xF81F, 0xF81F,
    0xF81F, 0xF81F, 0xF81F, 0xF81F, 0xF81F, 0xF81F, 0xF81F, 0xF81F, 0xF81F, 0xF81F, 0xF81F, 0xF81F,
    0xF81F, 0xF81F, 0xF81F, 0xF81F, 0xF81F, 0xF81F, 0xF81F, 0x006A, 0xFE1D, 0xFE1D, 0xFE1D, 0xFE1D,
    0xFE1D, 0xFE1D, 0xFE1D, 0xFE1D, 0xFE1D, 0xFE1D, 0xFE1D, 0x006A, 0xF81F, 0xF81F, 0xF81F, 0xF81F,
    0xF81F, 0xF81F, 0xF81F, 0xF81F, 0xF81F, 0xF81F, 0xF81F, 0xF81F, 0xF81F, 0xF81F, 0xF81F, 0xF81F,
    0xF81F, 0xF81F, 0xF81F, 0xF81F, 0xF81F, 0xF81F, 0xF81F, 0xF81F, 0xF81F, 0xF81F, 0xF81F, 0xF81F,
    0xF81F, 0xF81F, 0xF81F, 0xF81F, 0xF81F, 0xF81F, 0xF81F, 0xF81F, 0xF81F, 0xF81F, 0xF81F, 0xF81F,
    0xF81F, 0xF81F, 0xF81F, 0xF81F, 0xF81F, 0xF81F, 0xF81F, 0xF81F, 0x006A, 0xFE1D, 0xFE1D, 0xFE1D,
    0xFE1D, 0xFE1D, 0xFE1D, 0xFE1D, 0xFE1D, 0xFE1D, 0x006A, 0xF81F, 0xF81F, 0xF81F, 0xF81F, 0xF81F,
    0xF81F, 0xF81F, 0xF81F, 0xF81F, 0xF81F, 0xF81F, 0xF81F, 0xF81F, 0xF81F, 0xF81F, 0xF81F, 0xF81F,
    0xF81F, 0xF81F, 0xF81F, 0xF81F, 0xF81F, 0xF81F, 0xF81F, 0xF81F, 0xF81F, 0xF81F, 0xF81F, 0xF81F,
    0xF81F, 0xF81F, 0xF81F, 0xF81F, 0xF81F, 0xF81F, 0xF81F, 0xF81F, 0xF81F, 0xF81F, 0xF81F, 0xF81F,
    0xF81F, 0xF81F, 0xF81F, 0xF81F, 0xF81F, 0xF81F, 0xF81F, 0xF81F, 0xF81F, 0x006A, 0x006A, 0xFE1D,
    0xFE1D, 0xFE1D, 0xFE1D, 0xFE1D, 0x006A, 0x006A, 0xF81F, 0xF81F, 0xF81F, 0xF81F, 0xF81F, 0xF81F,
    0xF81F, 0xF81F, 0xF81F, 0xF81F, 0xF81F, 0xF81F, 0xF81F, 0xF81F, 0xF81F, 0xF81F, 0xF81F, 0xF81F,
    0xF81F, 0xF81F, 0xF81F, 0xF81F, 0xF81F, 0xF81F, 0xF81F, 0xF81F, 0xF81F, 0xF81F, 0xF81F, 0xF81F,
    0xF81F, 0xF81F, 0xF81F, 0xF81F, 0xF81F, 0xF81F, 0xF81F, 0xF81F, 0xF81F, 0xF81F, 0xF81F, 0xF81F,
    0xF81F, 0xF81F, 0xF81F, 0xF81F, 0xF81F, 0xF81F, 0xF81F, 0xF81F, 0xF81F, 0xF81F, 0xF81F, 0x006A,
    0x006A, 0x006A, 0x006A, 0x006A, 0xF81F, 0xF81F, 0xF81F, 0xF81F, 0xF81F, 0xF81F, 0xF81F, 0xF81F,
    0xF81F, 0xF81F, 0xF81F, 0xF81F, 0xF81F, 0xF81F, 0xF81F, 0xF81F, 0xF81F, 0xF81F, 0xF81F, 0xF81F,
    0xF81F, 0xF81F, 0xF81F, 0xF81F, 0xF81F, 0xF81F, 0xF81F, 0xF81F, 0xF81F, 0xF81F, 0xF81F, 0xF81F,
    0xF81F, 0xF81F, 0xF81F, 0xF81F, 0xF81F, 0xF81F, 0xF81F, 0xF81F, 0xF81F, 0xF81F, 0xF81F, 0xF81F,
    0xF81F, 0xF81F, 0xF81F, 0xF81F, 0xF81F, 0xF81F, 0xF81F, 0xF81F, 0xF81F, 0xF81F, 0xF81F, 0xF81F,
    0xF81F, 0xF81F, 0xF81F, 0xF81F, 0xF81F, 0xF81F, 0xF81F, 0xF81F, 0xF81F, 0xF81F, 0xF81F, 0xF81F,
    0xF81F, 0xF81F, 0xF81F, 0xF81F, 0xF81F, 0xF81F, 0xF81F, 0xF81F, 0xF81F, 0xF81F, 0xF81F, 0xF81F,
    0xF81F, 0xF81F, 0xF81F, 0xF81F, 0xF81F, 0xF81F, 0xF81F, 0xF81F, 0xF81F, 0xF81F, 0xF81F, 0xF81F,
    0xF81F, 0xF81F, 0xF81F, 0xF81F, 0xF81F, 0xF81F, 0xF81F, 0xF81F, 0xF81F, 0xF81F, 0xF81F, 0xF81F,
    0xF81F, 0xF81F, 0xF81F, 0xF81F, 0xF81F, 0xF81F, 0xF81F, 0xF81F, 0xF81F, 0xF81F, 0xF81F, 0xF81F,
    0xF81F, 0xF81F, 0xF81F, 0xF81F, 0xF81F, 0xF81F, 0xF81F, 0xF81F, 0xF81F, 0xF81F, 0xF81F, 0xF81F,
    0xF81F, 0xF81F, 0xF81F, 0xF81F, 0xF81F, 0xF81F, 0xF81F, 0xF81F, 0xF81F, 0xF81F, 0xF81F, 0xF81F,
    0xF81F, 0xF81F, 0xF81F, 0xF81F, 0xF81F, 0xF81F, 0xF81F, 0xF81F, 0xF81F, 0xF81F, 0xF81F, 0xF81F,
    0xF81F, 0xF81F, 0xF81F, 0xF81F, 0xF81F, 0xF81F, 0xF81F, 0xF81F, 0xF81F, 0xF81F, 0xF81F, 0xF81F,
    0xF81F, 0xF81F, 0xF81F, 0xF81F, 0xF81F, 0xF81F, 0xF81F, 0xF81F, 0xF81F, 0xF81F, 0xF81F, 0xF81F,
    0xF81F, 0xF81F, 0xF81F, 0xF81F, 0xF81F, 0xF81F, 0xF81F, 0xF81F, 0xF81F, 0xF81F, 0xF81F, 0xF81F,
    0xF81F, 0xF81F, 0xF81F, 0xF81F, 0xF81F, 0xF81F, 0xF81F, 0xF81F, 0xF81F, 0xF81F, 0xF81F, 0xF81F,
    0xF81F, 0xF81F, 0xF81F, 0xF81F, 0xF81F, 0xF81F, 0xF81F, 0xF81F, 0xF81F, 0xF81F, 0xF81F, 0xF81F,
    0xF81F, 0xF81F, 0xF81F, 0xF81F, 0xF81F, 0xF81F, 0xF81F, 0xF81F, 0xF81F, 0xF81F, 0xF81F, 0xF81F,
    0xF81F, 0xF81F, 0xF81F, 0xF81F, 0xF81F, 0xF81F, 0xF81F, 0xF81F, 0xF81F, 0xF81F, 0xF81F, 0xF81F,
    0xF81F, 0xF81F, 0xF81F, 0xF81F, 0xF81F, 0xF81F, 0xF81F, 0xF81F, 0xF81F, 0xF81F, 0xF81F, 0xF81F,
    0xF81F, 0xF81F, 0xF81F, 0xF81F, 0xF81F, 0xF81F, 0xF81F, 0xF81F, 0xF81F, 0xF81F, 0xF81F, 0xF81F,
    0xF81F, 0xF81F, 0xF81F, 0xF81F, 0xF81F, 0xF81F, 0xF81F, 0xF81F, 0xF81F, 0xF81F, 0xF81F, 0xF81F,
    0xF81F, 0xF81F, 0xF81F, 0xF81F, 0xF81F, 0xF81F, 0xF81F, 0xF81F, 0xF81F, 0xF81F, 0xF81F, 0xF81F,
    0xF81F, 0xF81F, 0xF81F, 0xF81F, 0xF81F, 0xF81F, 0xF81F, 0xF81F, 0xF81F, 0xF81F, 0xF81F, 0xF81F,
    0xF81F, 0xF81F, 0xF81F, 0xF81F, 0xF81F, 0xF81F, 0xF81F, 0xF81F, 0xF81F, 0xF81F, 0xF81F, 0xF81F,
    0xF81F, 0xF81F, 0xF81F, 0xF81F, 0xF81F, 0xF81F, 0xF81F, 0xF81F, 0xF81F, 0xF81F, 0xF81F, 0xF81F,
    0xF81F, 0xF81F, 0xF81F, 0xF81F, 0xF81F, 0xF81F, 0xF81F, 0xF81F, 0xF81F, 0xF81F, 0xF81F, 0xF81F,
    0xF81F, 0xF81F, 0xF81F, 0xF81F, 0xF81F, 0xF81F, 0xF81F, 0xF81F, 0xF81F, 0xF81F, 0xF81F, 0xF81F,
    0xF81F, 0xF81F, 0xF81F, 0xF81F, 0xF81F, 0xF81F, 0xF81F, 0xF81F, 0xF81F, 0xF81F, 0xF81F, 0xF81F,
    0xF81F, 0xF81F, 0xF81F, 0xF81F, 0xF81F, 0xF81F, 0xF81F, 0xF81F, 0xF81F, 0xF81F, 0xF81F, 0xF81F,
    0xF81F, 0xF81F, 0xF81F, 0xF81F, 0xF81F, 0xF81F, 0xF81F, 0xF81F, 0xF81F, 0xF81F, 0xF81F, 0xF81F,
    0xF81F, 0xF81F, 0xF81F, 0xF81F, 0xF81F, 0xF81F, 0xF81F, 0xF81F, 0xF81F, 0xF81F, 0xF81F, 0xF81F,
    0xF81F, 0xF81F, 0xF81F, 0xF81F, 0xF81F, 0xF81F, 0xF81F, 0xF81F, 0xF81F, 0xF81F, 0xF81F, 0xF81F,
    0xF81F, 0xF81F, 0xF81F, 0xF81F, 0xF81F, 0xF81F, 0xF81F, 0xF81F, 0xF81F, 0xF81F, 0xF81F, 0xF81F,
    0xF81F, 0xF81F, 0xF81F, 0xF81F, 0xF81F, 0xF81F, 0xF81F, 0xF81F, 0xF81F, 0xF81F, 0xF81F, 0xF81F,
    0xF81F, 0xF81F, 0xF81F, 0xF81F, 0xF81F, 0xF81F, 0xF81F, 0xF81F, 0xF81F, 0xF81F, 0xF81F, 0xF81F,
    0xF81F, 0xF81F, 0xF81F, 0xF81F, 0xF81F, 0xF81F, 0xF81F, 0xF81F, 0xF81F, 0xF81F, 0xF81F, 0xF81F,
    0xF81F, 0xF81F, 0xF81F, 0xF81F, 0xF81F, 0xF81F, 0xF81F, 0xF81F, 0xF81F, 0xF81F, 0xF81F, 0xF81F,
    0xF81F, 0xF81F, 0xF81F, 0xF81F, 0xF81F, 0xF81F, 0xF81F, 0xF81F, 0xF81F, 0xF81F, 0xF81F, 0xF81F,
    0xF81F, 0xF81F, 0xF81F, 0xF81F, 0xF81F, 0xF81F, 0xF81F, 0xF81F, 0xF81F, 0xF81F, 0xF81F, 0xF81F,
    0xF81F, 0xF81F, 0xF81F, 0xF81F, 0xF81F, 0xF81F, 0xF81F, 0xF81F, 0xF81F, 0xF81F, 0xF81F, 0xF81F,
    0xF81F, 0xF81F, 0xF81F, 0xF81F, 0xF81F, 0xF81F, 0xF81F, 0xF81F, 0xF81F, 0xF81F, 0xF81F, 0xF81F,
    0xF81F, 0xF81F, 0xF81F, 0xF81F, 0xF81F, 0xF81F, 0xF81F, 0xF81F, 0xF81F, 0xF81F, 0xF81F, 0xF81F,
    0xF81F, 0xF81F, 0xF81F, 0xF81F, 0xF81F, 0xF81F, 0xF81F, 0xF81F, 0xF81F, 0xF81F, 0xF81F, 0xF81F,
    0xF81F, 0xF81F, 0xF81F, 0xF81F, 0xF81F, 0xF81F, 0xF81F, 0xF81F, 0xF81F, 0xF81F, 0xF81F, 0xF81F,
    0xF81F, 0xF81F, 0xF81F, 0xF81F, 0xF81F, 0xF81F, 0xF81F, 0xF81F, 0xF81F, 0xF81F, 0xF81F, 0xF81F
  }
};


#define COVER_SPLASH_FRAME_COUNT 1
#define COVER_SPLASH_PIXELS_PER_FRAME 4500
#define COVER_SPLASH_FRAME_WIDTH 90
#define COVER_SPLASH_FRAME_HEIGHT 50

static const uint16_t cover_splash[1][4500] = {
  {
    0xE4CC, 0xE4CC, 0xE4CC, 0xE4CC, 0xE4CC, 0xE4CC, 0xE4AC, 0xE4CC, 0xE4CC, 0xE4CC, 0xE4CC, 0xE4CC,
    0xE4CC, 0xE4CC, 0xE4CC, 0xE4CC, 0xE4CC, 0xE4CC, 0xE4CC, 0xE4AC, 0xE4AC, 0xE4AC, 0xE4AC, 0xE4AC,
    0xE4AC, 0xE4AC, 0xE4AC, 0xE4AC, 0xE4AC, 0xE4AC, 0xE4AC, 0xE4AC, 0xE4AC, 0xE4AC, 0xE4AC, 0xE4AC,
    0xE4AC, 0xE4AC, 0xE4AC, 0xE4AC, 0xE4AC, 0xE4AC, 0xE4AC, 0xE4AC, 0xE4AC, 0xE4AC, 0xE4AC, 0xE4AC,
    0xE4AC, 0xE4AC, 0xE4AC, 0xE4AC, 0xE4AC, 0xE4AC, 0xE4AC, 0xE4AC, 0xE4AC, 0xE4AC, 0xE4AC, 0xE4AC,
    0xE4AC, 0xE4AC, 0xE4AC, 0xE4AC, 0xE4AC, 0xE4AC, 0xE4AC, 0xE4AC, 0xE4CC, 0xE4CC, 0xE4CC, 0xE4CC,
    0xE4CC, 0xE4CC, 0xE4CC, 0xE4CC, 0xE4CC, 0xE4CC, 0xE4AC, 0xE4CC, 0xE4CC, 0xE4CC, 0xE4CC, 0xE4CC,
    0xE4CC, 0xE4CC, 0xE4CC, 0xE4CC, 0xE4CC, 0xE4CC, 0xE4CC, 0xE4CC, 0xE4CC, 0xE4CC, 0xE4CC, 0xE4CC,
    0xE4CC, 0xE4CC, 0xE4CC, 0xE4CC, 0xE4CC, 0xE4CC, 0xE4CC, 0xE4CC, 0xE4CC, 0xE4CC, 0xE4CC, 0xE4CC,
    0xE4CC, 0xE4CC, 0xE4CC, 0xE4CC, 0xE4CC, 0xE4CC, 0xE4CC, 0xE4CC, 0xE4AC, 0xE4AC, 0xE4AC, 0xE4AC,
    0xE4CC, 0xE4AC, 0xE4AC, 0xE4AC, 0xE4AC, 0xE4AC, 0xE4AC, 0xE4AC, 0xE4AC, 0xE4CC, 0xE4AC, 0xE4AC,
    0xE4AC, 0xE4AC, 0xE4CC, 0xE4AC, 0xE4AC, 0xE4AC, 0xE4AC, 0xE4AC, 0xE4AC, 0xE4CC, 0xE4CC, 0xE4AC,
    0xE4AC, 0xE4AC, 0xE4AC, 0xE4CC, 0xE4AC, 0xE4AC, 0xE4CC, 0xE4AC, 0xE4AC, 0xE4AC, 0xE4AC, 0xE4AC,
    0xE4CC, 0xE4AC, 0xE4CC, 0xE4CC, 0xE4CC, 0xE4CC, 0xE4CC, 0xE4CC, 0xE4CC, 0xE4CC, 0xE4CC, 0xE4CC,
    0xE4CC, 0xE4CC, 0xE4CC, 0xE4CC, 0xE4CC, 0xE4CC, 0xE4CC, 0xE4CC, 0xE4CC, 0xE4CC, 0xE4CC, 0xE4CC,
    0xE4CC, 0xE4CC, 0xE4CC, 0xE4CC, 0xE4CC, 0xE4CC, 0xE4CC, 0xE4CC, 0xE4CC, 0xE4CC, 0xE4CC, 0xE4CC,
    0xE4CC, 0xE4CC, 0xE4CC, 0xE4CC, 0xE4CC, 0xE4CC, 0xE4CC, 0xE4AC, 0xE4CC, 0xE4CC, 0xE4CC, 0xE4AC,
    0xE4CC, 0xE4CC, 0xE4AC, 0xE4AC, 0xE4AC, 0xE4AC, 0xE4CC, 0xE4AC, 0xE4CC, 0xE4AC, 0xE4AC, 0xE4AC,
    0xE4AC, 0xE4AC, 0xE4AC, 0xE4CC, 0xE4CC, 0xE4AC, 0xE4AB, 0xE4AC, 0xE4AC, 0xE4AC, 0xE4CC, 0xE4CC,
    0xE4CC, 0xE4AC, 0xE4AC, 0xE4AC, 0xE4CC, 0xE4AC, 0xE4AC, 0xE4AC, 0xE4CC, 0xE4AC, 0xE4AC, 0xE4AC,
    0xE4AC, 0xE4CC, 0xE4CC, 0xE4AC, 0xE4CC, 0xE4AC, 0xE4CC, 0xE4CC, 0xE4CC, 0xE4CC, 0xE4CC, 0xE4CC,
    0xE4CC, 0xE4CC, 0xE4CC, 0xE4CC, 0xE4CC, 0xE4CC, 0xE4CC, 0xE4CC, 0xE4CC, 0xE4CC, 0xE4CC, 0xE4CC,
    0xE4CC, 0xE4CC, 0xE4CC, 0xE4CC, 0xE4CC, 0xE4CC, 0xE4CC, 0xE4CC, 0xE4CC, 0xE4CC, 0xE4CC, 0xE4CC,
    0xE4CC, 0xE4CC, 0xE4CC, 0xE4CC, 0xE4CC, 0xE4CC, 0xE4CC, 0xE4CC, 0xE4CC, 0xE4CC, 0xE4AC, 0xE4AC,
    0xE4AC, 0xE4AC, 0xE4AC, 0xE4CC, 0xE4AC, 0xE4AC, 0xE4AC, 0xE4AC, 0xE4AC, 0xE4AC, 0xE4AC, 0xE4AC,
    0xE4AC, 0xE4AC, 0xE4AC, 0xE4AC, 0xE4CC, 0xE4AC, 0xE4AC, 0xE4AC, 0xE4AC, 0xE4AC, 0xE4CC, 0xE4AC,
    0xE4AC, 0xE4AC, 0xE4AC, 0xE4AC, 0xE4AC, 0xE4AC, 0xE4AC, 0xE4AC, 0xE4AC, 0xE4AC, 0xE4AC, 0xE4AC,
    0xE4AC, 0xE4CC, 0xE4AC, 0xE4CC, 0xE4AC, 0xE4CC, 0xE4AC, 0xE4CC, 0xE4AC, 0xE4AC, 0xE4AC, 0xE4AC,
    0xE4CC, 0xE4AC, 0xE4AC, 0xE4CC, 0xE4AC, 0xE4AC, 0xE4CC, 0xE4CC, 0xE4CC, 0xE4CC, 0xE4CC, 0xE4CC,
    0xE4CC, 0xE4CC, 0xE4CC, 0xE4CC, 0xE4CC, 0xE4CC, 0xE4CC, 0xE4CC, 0xE4CC, 0xE4CC, 0xE4CC, 0xE4AC,
    0x0820, 0x6206, 0xCC6C, 0xE4CC, 0xE4AB, 0xE4CC, 0xE4CC, 0xE4CC, 0xE4CC, 0xE4CC, 0xE4CC, 0xE4CC,
    0xE4CC, 0xE4CC, 0xE4CC, 0xE4CC, 0xE4AC, 0xDCAC, 0x0000, 0x0800, 0x0800, 0x0800, 0xE48B, 0xE4CC,
    0x0800, 0x0800, 0x0800, 0x0800, 0x0800, 0x0800, 0x0000, 0x0800, 0x0800, 0x0800, 0x0800, 0x0000,
    0x0800, 0x0800, 0x0800, 0x0800, 0xDCAC, 0xE4CC, 0xB3A9, 0x0800, 0x0800, 0x0800, 0xE4CC, 0xE4AC,
    0xA38B, 0x0800, 0x0800, 0x0000, 0xBC2C, 0x0800, 0x0800, 0x0800, 0x0800, 0x0800, 0x0000, 0x0800,
    0x0800, 0x2840, 0x0000, 0x0800, 0x0800, 0x0800, 0xE4CC, 0x0000, 0x0800, 0x0800, 0x0800, 0x0800,
    0x0800, 0xE4CC, 0xE4CC, 0xE4CC, 0xE4CC, 0xE4CC, 0xE4CC, 0xE4CC, 0xE4CC, 0xE4CC, 0xE4CC, 0xE4CC,
    0xE4CC, 0xE4CC, 0xE4CC, 0xE4CC, 0xE4CC, 0xECCC, 0x39C4, 0x4205, 0x39E4, 0x4226, 0x0800, 0x1000,
    0xCCCE, 0xE4CC, 0xE4CC, 0xE4CC, 0xE4CC, 0xE4AC, 0xE4CC, 0xE4AC, 0xE4CC, 0xE4CC, 0xDCED, 0x0000,
    0x0000, 0x0000, 0x0000, 0x0000, 0xECEC, 0xECED, 0x0000, 0x0000, 0x0000, 0x0000, 0x0000, 0x0000,
    0x0000, 0x0000, 0x0000, 0x0000, 0x0000, 0x0000, 0x0000, 0x0000, 0x0000, 0x0000, 0xDCCD, 0x8B09,
    0x0000, 0x0000, 0x0000, 0x0000, 0x0800, 0xE4CB, 0x9B8B, 0x0000, 0x0000, 0x0000, 0xB40C, 0x0000,
    0x0000, 0x0000, 0x0000, 0x0000, 0x0000, 0x0000, 0x0000, 0x1820, 0x0000, 0x0000, 0x0000, 0x0000,
    0x5A06, 0x0000, 0x0000, 0x0000, 0x0000, 0x0000, 0x0000, 0xAB8A, 0xE4CC, 0xE4AC, 0xE4CC, 0xE4CC,
    0xE4CC, 0xE4CC, 0xE4AC, 0xE4CC, 0xE4CC, 0xE4CC, 0xE4AC, 0xE4AC, 0xE4CC, 0xE4CC, 0x4101, 0x1000,
    0x3A45, 0x2963, 0x4226, 0x4286, 0x3081, 0x1040, 0x6271, 0x692A, 0x694B, 0x696B, 0x0001, 0x20A5,
    0x1000, 0x1820, 0xC4AE, 0xDCAC, 0x0020, 0x0008, 0x01DC, 0x037E, 0x037E, 0x023D, 0x0000, 0xECCC,
    0x0002, 0x035E, 0x035D, 0x019E, 0x0000, 0x015E, 0x035D, 0x02DF, 0x0000, 0x017D, 0x035E, 0x035E,
    0x035E, 0x037E, 0x037D, 0x035E, 0xC46D, 0x0020, 0x000B, 0x035E, 0x035D, 0x0B5E, 0x0000, 0xDCEF,
    0x8B4A, 0x035E, 0x037D, 0x037E, 0xBC6E, 0x0000, 0x12FF, 0x037D, 0x017E, 0x0004, 0x037E, 0x037D,
    0x099D, 0x1000, 0x09BE, 0x035E, 0x037E, 0x0004, 0x0000, 0x021C, 0x035E, 0x035E, 0x037E, 0x037E,
    0x01FD, 0x0000, 0x1820, 0xE4AC, 0xE4AC, 0xE4CC, 0xE4CC, 0xDCCE, 0x72A7, 0x1020, 0x2061, 0x4144,
    0x4923, 0x0000, 0x28A2, 0x38C2, 0x6189, 0x5948, 0x42A6, 0x42E7, 0x4286, 0x4B47, 0x2861, 0x30E3,
    0x7B52, 0x1803, 0x694B, 0x696B, 0x6A50, 0x6270, 0x1044, 0x5A8F, 0x5A8F, 0x3103, 0x0000, 0x097D,
    0x035E, 0x037E, 0x037E, 0x0B3E, 0x0020, 0xB40C, 0x0002, 0x035D, 0x035D, 0x01BE, 0x0000, 0x017E,
    0x037E, 0x02BE, 0x0000, 0x019D, 0x035D, 0x037E, 0x035E, 0x035E, 0x035E, 0x035E, 0x0000, 0x0000,
    0x017E, 0x035E, 0x037E, 0x037E, 0x21F9, 0x0800, 0x8B09, 0x037E, 0x037E, 0x037E, 0xC4AE, 0x0000,
    0x0AFF, 0x035D, 0x097E, 0x0004, 0x037E, 0x037D, 0x09BE, 0x0000, 0x099D, 0x035E, 0x037E, 0x0005,
    0x099C, 0x035D, 0x037E, 0x035E, 0x035E, 0x037E, 0x037E, 0x2A59, 0x1000, 0xE4CC, 0x6A46, 0x1000,
    0x0800, 0x3903, 0x4963, 0x5163, 0x5164, 0x4944, 0x4122, 0x5272, 0x314A, 0x1061, 0x6189, 0x5969,
    0x9C50, 0x4A07, 0x0020, 0x0020, 0x2041, 0x1020, 0x81AE, 0x72D3, 0x40C7, 0x81F0, 0x6A6F, 0x1883,
    0x5A2F, 0x62B0, 0x4103, 0x6227, 0x0002, 0x033E, 0x035E, 0x037E, 0x037E, 0x037D, 0x0003, 0x8B8C,
    0x0001, 0x037E, 0x037E, 0x01BF, 0x0000, 0x017E, 0x035E, 0x02BE, 0x0000, 0x019D, 0x037E, 0x0B5F,
    0x133F, 0x133F, 0x133F, 0x131F, 0x0000, 0x013C, 0x035D, 0x035E, 0x035E, 0x037E, 0x1179, 0x0000,
    0x4164, 0x037E, 0x037E, 0x037E, 0x0020, 0x0000, 0x131F, 0x035E, 0x097E, 0x0004, 0x037E, 0x037D,
    0x09BE, 0x0000, 0x09DE, 0x035E, 0x035E, 0x0005, 0x015C, 0x037E, 0x037E, 0x0B1F, 0x0B1F, 0x037E,
    0x035E, 0x223B, 0x0000, 0x620B, 0x522E, 0x4103, 0x40E2, 0x40E2, 0x1000, 0x1020, 0x6A25, 0x7224,
    0x7244, 0x73B7, 0x0803, 0x30E4, 0x1822, 0x7352, 0x4286, 0x5329, 0x3205, 0x2163, 0x0820, 0xF7BE,
    0xFFFF, 0xFFFF, 0x9CB1, 0x9C70, 0x0820, 0x0800, 0x1041, 0x5185, 0x38E2, 0x30E2, 0x013D, 0x035E,
    0x035E, 0x0AFF, 0x037E, 0x037D, 0x11DC, 0x0000, 0x0001, 0x037E, 0x035E, 0x017D, 0x019D, 0x019E,
    0x037E, 0x02BE, 0x0000, 0x01BD, 0x037E, 0x01DD, 0x0000, 0xE4AB, 0xE4AB, 0xDCAB, 0x0002, 0x035E,
    0x035E, 0x035E, 0x035E, 0x035E, 0x035E, 0x0004, 0x0000, 0x037E, 0x037E, 0x037E, 0x09BE, 0x09BE,
    0x0B1F, 0x037E, 0x017E, 0x0004, 0x037E, 0x037E, 0x09DD, 0x01FD, 0x035E, 0x035E, 0x035E, 0x0005,
    0x015C, 0x037E, 0x0B3F, 0x0000, 0x0002, 0x035E, 0x035D, 0x223B, 0x0000, 0x61CB, 0x49CA, 0x3903,
    0x48E2, 0x3903, 0x6226, 0x1860, 0x49E7, 0x9C71, 0x9C71, 0xFFFF, 0xF7FF, 0xFFFF, 0x0000, 0x0000,
    0x18E2, 0x5A8F, 0x4B07, 0x2181, 0x40A2, 0x6183, 0x0801, 0x6A0E, 0x20A5, 0x0000, 0xFFFF, 0xFFFF,
    0xFFFF, 0xA4F2, 0x9C91, 0x1061, 0x01DE, 0x035E, 0x037E, 0x017E, 0x033E, 0x035D, 0x035E, 0x0005,
    0x0002, 0x035D, 0x037C, 0x035E, 0x037E, 0x035E, 0x037E, 0x02BE, 0x0001, 0x01BD, 0x035E, 0x01DC,
    0x0000, 0xE4CC, 0xE4CC, 0xE4AB, 0x0001, 0x033E, 0x035E, 0x0B5F, 0x017E, 0x037E, 0x161F, 0x019E,
    0x0000, 0x037E, 0x15FF, 0x037E, 0x037E, 0x037D, 0x037E, 0x037E, 0x015E, 0x0004, 0x035E, 0x037E,
    0x09DE, 0x027C, 0x035D, 0x035E, 0x035E, 0x0005, 0x017C, 0x161F, 0x131F, 0x0001, 0x0003, 0x035D,
    0x035C, 0x223B, 0x0801, 0x6A2D, 0x0800, 0x0000, 0x7B8D, 0x9C91, 0xEF5C, 0xF7DF, 0xF7FF, 0x4249,
    0x0000, 0x2906, 0x7334, 0x59E9, 0x20C4, 0x6290, 0x1064, 0x8416, 0x4226, 0x29A3, 0x2861, 0x4123,
    0x4922, 0x0000, 0x7250, 0x0003, 0x48E3, 0x6228, 0x1000, 0x0000, 0x0020, 0x5ACB, 0x01FD, 0x037D,
    0x037D, 0x00AD, 0x127C, 0x04DD, 0x037E, 0x004D, 0x0001, 0x063E, 0x035D, 0x049D, 0x063F, 0x049C,
    0x037E, 0x0ADE, 0x0000, 0x01DB, 0x0CDE, 0x021B, 0x0000, 0x1000, 0x1020, 0xCCEF, 0x000B, 0x045D,
    0x037E, 0x2C7F, 0x2192, 0x033D, 0x035E, 0x021D, 0x0007, 0x04DD, 0x0D3E, 0x037D, 0x037C, 0x063F,
    0x0C7D, 0x0E1F, 0x015D, 0x0004, 0x14FF, 0x0C5D, 0x01BE, 0x0D1F, 0x04BD, 0x061F, 0x043D, 0x0005,
    0x01BB, 0x1D7F, 0x1BFF, 0x0000, 0x0004, 0x063F, 0x049D, 0x221A, 0x0000, 0x9CD2, 0xF7FF, 0xEFDE,
    0xE73C, 0x0800, 0x59E5, 0x6A25, 0x7245, 0x7245, 0x6204, 0x1020, 0x9476, 0x4103, 0x8C37, 0x7375,
    0x5230, 0x83B6, 0x949B, 0x4206, 0x6252, 0x28A2, 0x4081, 0x62D0, 0x83B8, 0x7398, 0x0000, 0x5987,
    0x2882, 0x30A1, 0x6227, 0x20C2, 0x063F, 0x061F, 0x061E, 0x1082, 0x11DC, 0x0D9F, 0x063F, 0x021A,
    0x0001, 0x063F, 0x063F, 0x09DE, 0x19B3, 0x1C5F, 0x063F, 0x0C7F, 0x0000, 0x01BA, 0x063F, 0x025B,
    0x0000, 0x1820, 0x1020, 0x51A3, 0x09DD, 0x063F, 0x063F, 0x29F3, 0x0000, 0x023C, 0x061F, 0x061F,
    0x09BC, 0x065F, 0x065F, 0x063F, 0x1131, 0x0913, 0x061F, 0x063F, 0x019D, 0x0004, 0x063F, 0x063F,
    0x02BA, 0x063F, 0x063F, 0x061F, 0x0E1F, 0x0004, 0x01BA, 0x063E, 0x2D7F, 0x0000, 0x0003, 0x05FE,
    0x063F, 0x225C, 0x0001, 0x3927, 0x0800, 0x1820, 0x5986, 0x1861, 0x7265, 0x69E4, 0x8AE7, 0x82C5,
    0x82A6, 0x7A85, 0x49A4, 0x4923, 0x1066, 0x7375, 0x7BB6, 0x83F8, 0x9CBB, 0x59A3, 0x7BD9, 0x0802,
    0x40A2, 0x5310, 0x7352, 0x7BB5, 0x0023, 0x5987, 0x4104, 0x6A27, 0x6226, 0x1040, 0x063F, 0x063F,
    0x063F, 0x41C8, 0x0001, 0x13DE, 0x063F, 0x01FA, 0x0001, 0x063F, 0x063F, 0x09DE, 0x0000, 0x1C7F,
    0x063F, 0x0C3E, 0x0000, 0x01BA, 0x063F, 0x025A, 0x0000, 0x59E4, 0x6204, 0x4163, 0x01BC, 0x063F,
    0x063F, 0x0000, 0x0801, 0x0007, 0x061F, 0x061F, 0x099C, 0x065F, 0x063F, 0x063F, 0x0000, 0x0003,
    0x063F, 0x063F, 0x019D, 0x0004, 0x063F, 0x063F, 0x063F, 0x063F, 0x01FC, 0x061F, 0x0E1F, 0x0004,
    0x01BA, 0x063F, 0x2D9F, 0x0001, 0x0003, 0x061E, 0x063F, 0x2A5B, 0x0001, 0x6AD0, 0x0000, 0x1000,
    0x5986, 0x38A2, 0x7A65, 0x7245, 0x7AA5, 0x82C5, 0x82C6, 0x7A85, 0x2040, 0x5145, 0x6B13, 0x7392,
    0xAA22, 0x6142, 0x1800, 0x1000, 0x8438, 0x6AF4, 0x3081, 0x4BF7, 0x0087, 0x2A0C, 0x5BB4, 0x59C8,
    0x59C8, 0x38E3, 0x28C2, 0x1020, 0x063F, 0x063F, 0x063F, 0x3944, 0x0000, 0x13FE, 0x063F, 0x021A,
    0x0001, 0x063F, 0x063F, 0x09DE, 0x0000, 0x1C7F, 0x063F, 0x0C3E, 0x0000, 0x01DA, 0x063F, 0x025A,
    0x0000, 0xACB1, 0x6268, 0x0800, 0x01DC, 0x063F, 0x065F, 0x0000, 0x28EF, 0x0006, 0x063F, 0x063F,
    0x099C, 0x065F, 0x063F, 0x063F, 0x0000, 0x0003, 0x063F, 0x063F, 0x01BE, 0x0004, 0x063F, 0x063F,
    0x063F, 0x0E3F, 0x01DE, 0x063F, 0x0E1F, 0x0004, 0x019A, 0x063F, 0x2D9F, 0x0000, 0x0004, 0x061F,
    0x063F, 0x223A, 0x0001, 0x6292, 0x1062, 0x51A6, 0x5986, 0x1000, 0x7A85, 0x7223, 0x5963, 0x8286,
    0x82A5, 0x69E3, 0x69C9, 0x6988, 0x7B76, 0x7B55, 0x2190, 0x21D1, 0x18C3, 0x5A05, 0x0800, 0x1040,
    0xBD0A, 0xFECB, 0xD423, 0xD383, 0x91E0, 0x89C2, 0x69A3, 0x1800, 0x1820, 0x1081, 0x063F, 0x063F,
    0x063F, 0x3965, 0x0000, 0x13FE, 0x063F, 0x01FA, 0x0001, 0x063F, 0x063F, 0x063E, 0x0C9E, 0x063F,
    0x063F, 0x03FD, 0x0000, 0x01DA, 0x063F, 0x025A, 0x0000, 0x2060, 0x5227, 0x1021, 0x01BD, 0x065F,
    0x065F, 0x0000, 0x290F, 0x0007, 0x063F, 0x061F, 0x099C, 0x063F, 0x065F, 0x063F, 0x1C7F, 0x15FF,
    0x063F, 0x063F, 0x019D, 0x0003, 0x063F, 0x063F, 0x063F, 0x42FA, 0x09DD, 0x063F, 0x0E1F, 0x0004,
    0x019A, 0x063F, 0x063F, 0x143E, 0x0C7D, 0x063E, 0x063F, 0x223C, 0x0000, 0x41CA, 0x0800, 0x38C3,
    0x7B12, 0x4962, 0x1000, 0x1000, 0x81E3, 0x91C2, 0xAA21, 0xBB01, 0xFD89, 0xFE4B, 0xE62E, 0x4140,
    0x38E3, 0x18A2, 0x6A67, 0x20E3, 0x1000, 0x2928, 0x7C39, 0x2861, 0x4186, 0x20A2, 0x0820, 0x4181,
    0xD5EF, 0xED69, 0xC3A4, 0x30A0, 0x063F, 0x063F, 0x063F, 0x0800, 0x0000, 0x141F, 0x063F, 0x021A,
    0x0001, 0x061F, 0x063F, 0x063F, 0x063F, 0x063F, 0x063F, 0x015C, 0x0000, 0x01DA, 0x063F, 0x025A,
    0x0000, 0x4103, 0x0820, 0x6A90, 0x01BC, 0x063F, 0x063F, 0x0000, 0x3130, 0x0007, 0x063F, 0x063F,
    0x09BC, 0x017C, 0x061E, 0x063F, 0x063F, 0x063F, 0x063F, 0x1DDF, 0x019D, 0x0004, 0x063F, 0x061F,
    0x063E, 0x0000, 0x01BE, 0x061F, 0x061F, 0x0005, 0x017D, 0x063F, 0x063F, 0x063F, 0x063F, 0x063F,
    0x061E, 0x2A5B, 0x0820, 0x2020, 0x81E4, 0x8A03, 0x91E2, 0xC383, 0xED69, 0xDD28, 0x9C0A, 0x1860,
    0x1000, 0x30C5, 0x720B, 0x69CA, 0x71CB, 0x71CB, 0x40C2, 0x6224, 0x28A1, 0x0802, 0x3948, 0x2840,
    0x9D1B, 0x38A2, 0x1820, 0x1841, 0x4167, 0x51CA, 0x0801, 0x5A09, 0x1820, 0x0821, 0x063F, 0x063F,
    0x063F, 0xBD0C, 0x0000, 0x0BFE, 0x063F, 0x021A, 0x0000, 0x019D, 0x0E1F, 0x063F, 0x063F, 0x063F,
    0x161F, 0x0000, 0x0000, 0x01BA, 0x063F, 0x027B, 0x0000, 0x4102, 0x2060, 0x7AD1, 0x09BC, 0x063F,
    0x065F, 0x0001, 0x3130, 0x0006, 0x063F, 0x063F, 0x099C, 0x0002, 0x02BB, 0x063F, 0x063F, 0x065F,
    0x063F, 0x11BC, 0x0000, 0x0004, 0x063F, 0x065F, 0x02DB, 0x0000, 0x09BD, 0x063F, 0x0E1F, 0x0005,
    0x0000, 0x0319, 0x063F, 0x063F, 0x063F, 0x063F, 0x02DB, 0x8349, 0xC488, 0xEE0A, 0x9407, 0x1020,
    0x0000, 0x28C2, 0x40E2, 0x0801, 0x6B54, 0x7394, 0x520C, 0x1820, 0x71EA, 0x30E4, 0x0801, 0x1083,
    0x0800, 0x0800, 0x2189, 0x7B13, 0x83D3, 0x0800, 0x4123, 0x7BD4, 0x40E2, 0x40C2, 0x0000, 0x0000,
    0x0000, 0x5165, 0x5185, 0x51E6, 0x1883, 0x0820, 0x1020, 0x4123, 0x2081, 0x1040, 0x18E5, 0x0801,
    0x18C4, 0x1881, 0x28A2, 0x28C2, 0x1021, 0x0820, 0x0820, 0xE5E9, 0x5A02, 0x61A1, 0x5121, 0x40E1,
    0x2860, 0x2020, 0x1000, 0x3106, 0x28A1, 0x0820, 0x0820, 0x28C2, 0x3112, 0x1068, 0x1048, 0x1069,
    0x1069, 0x5123, 0x2081, 0x2081, 0x30A2, 0x2881, 0x20A2, 0x1020, 0x1840, 0x2020, 0x38C1, 0x5121,
    0x5982, 0x6A42, 0x6264, 0x3123, 0x0800, 0x20A3, 0x2947, 0x20C5, 0x1084, 0x0841, 0x2081, 0x1861,
    0x20A1, 0x5143, 0x4903, 0x1000, 0x3984, 0x7334, 0x0000, 0x4103, 0x4902, 0x0001, 0x62F4, 0x526F,
    0x420C, 0x4923, 0x52EE, 0x72CF, 0x6A8F, 0x428D, 0x4A0C, 0x4124, 0x4B53, 0x0002, 0x20E5, 0x0000,
    0x4965, 0x0001, 0x0800, 0x38E2, 0x49AB, 0x498B, 0x622D, 0x5185, 0x5185, 0x5184, 0x1820, 0x59E6,
    0x4903, 0x38E2, 0x4103, 0x40E2, 0x0822, 0x6AB0, 0x4189, 0x4965, 0x59A5, 0x59A5, 0x5989, 0x520A,
    0x626D, 0x2040, 0x5143, 0x5143, 0x2060, 0x28A0, 0x9387, 0xBC06, 0x9240, 0x9A42, 0x71E4, 0x5143,
    0x2040, 0x4943, 0x28F2, 0x30F2, 0x30F2, 0x30F2, 0x30F2, 0x30A1, 0x2840, 0x3060, 0x8205, 0x8A03,
    0x9A62, 0xCC86, 0xDD68, 0xD58B, 0x1860, 0x1840, 0x3104, 0x72A6, 0x7286, 0x6A44, 0x4945, 0x62B0,
    0x5A6C, 0x1844, 0x732D, 0x5A2D, 0x4923, 0x5143, 0x5143, 0x5143, 0x4103, 0x1820, 0x0000, 0x416A,
    0x20C2, 0x4103, 0x4923, 0x3103, 0x4AF1, 0x5B51, 0x28A2, 0x4123, 0x5B0E, 0x622C, 0x624D, 0x4AEE,
    0xA4B1, 0x83CE, 0x0000, 0x0000, 0x29C9, 0x0841, 0x5143, 0x9D16, 0x3903, 0x38E2, 0x1843, 0x51CC,
    0x1041, 0x5165, 0x5164, 0x5185, 0x5185, 0x2020, 0x40E2, 0x6A6F, 0x1000, 0x4923, 0x6AEF, 0x626E,
    0x628E, 0x2840, 0x59A5, 0x59A5, 0x4144, 0x28A4, 0x6AAE, 0x5143, 0x5143, 0x5143, 0x5123, 0x5142,
    0x5963, 0x61A4, 0x5143, 0x4944, 0x2880, 0x30A0, 0x6222, 0x4943, 0x28F2, 0x30F2, 0x30F2, 0x30F2,
    0x28F2, 0xC488, 0xE5CC, 0xA428, 0x2880, 0x2040, 0x3903, 0x5143, 0x5943, 0x5143, 0x5983, 0x6A45,
    0x1022, 0x49A8, 0x7AA6, 0x2060, 0x30C3, 0x5A6F, 0x4945, 0x72EE, 0x49CB, 0x28A5, 0x38A1, 0x1820,
    0x4923, 0x5123, 0x38E2, 0x1820, 0x0001, 0x39CA, 0x7BB3, 0x38E3, 0x4102, 0x51A4, 0x40E2, 0x38C2,
    0x38C2, 0x1800, 0x1062, 0x39AA, 0x42AE, 0x42AF, 0x52AF, 0x494A, 0x51E9, 0x4189, 0x0000, 0x0800,
    0x0000, 0xFFFF, 0xF7BE, 0xFFFF, 0xFFFF, 0xC5D6, 0xA4D2, 0xACF2, 0x9C91, 0x1060, 0x0800, 0x2881,
    0x1040, 0x7AA9, 0x40E2, 0x4102, 0x21EB, 0x4ACE, 0x4310, 0x51A5, 0x2061, 0x59C6, 0x4164, 0x62AC,
    0x5A6E, 0x2860, 0x5143, 0x5123, 0x5123, 0x2860, 0x5963, 0x61A4, 0x5143, 0x5143, 0x5963, 0x3924,
    0x4144, 0x4124, 0x28D2, 0x316E, 0x314D, 0x314E, 0x294E, 0x4144, 0x5123, 0x5143, 0x61A4, 0x5984,
    0x5964, 0x5143, 0x1820, 0x5A6F, 0x5143, 0x28C4, 0x62B0, 0x49EB, 0x4103, 0x4903, 0x59E8, 0x5A90,
    0x5165, 0x5350, 0x63F3, 0x4B2E, 0x59C8, 0x59C8, 0x59C8, 0x49AB, 0x520A, 0x28A1, 0x49C5, 0x3924,
    0x2081, 0x0800, 0x20C2, 0xA4B1, 0xA4D2, 0xA4D2, 0xAD13, 0xFFFF, 0xFFDF, 0xEFBE, 0xDF1B, 0x39C7,
    0x2061, 0x5A4D, 0x7B51, 0x0800, 0x38C2, 0x40E4, 0x28C3, 0x1801, 0x30A1, 0x7AA7, 0x5209, 0x51E8,
    0x0000, 0x20E3, 0xCE59, 0xFFFF, 0xFFFF, 0xFFFF, 0xDE99, 0xACB1, 0xA4B1, 0x9C4F, 0x1020, 0x1820,
    0x2081, 0x624D, 0x49CB, 0x59A5, 0x4144, 0x4964, 0x30E2, 0x38E3, 0x38E2, 0x5143, 0x5143, 0x5983,
    0x5143, 0x59A3, 0x4902, 0x5123, 0x0020, 0x0000, 0x0000, 0x0000, 0x28F2, 0x0000, 0x0000, 0x0000,
    0x0000, 0x0000, 0x4944, 0x5143, 0x61A4, 0x5984, 0x5143, 0x5143, 0x1820, 0x6AF0, 0x5143, 0x2061,
    0x7311, 0x524C, 0x4123, 0x4903, 0x59A7, 0x41CA, 0x1842, 0x4944, 0x2040, 0x4144, 0x28C3, 0x1861,
    0x1020, 0x9C50, 0xBD33, 0xB4D1, 0xAD13, 0xF79D, 0xFFFF, 0xFFFF, 0xF7FF, 0xD6BA, 0x0800, 0x0800,
    0x0800, 0x49A7, 0x30E4, 0x38C2, 0x38C2, 0x2041, 0x2061, 0x72B0, 0x1043, 0x0000, 0x598B, 0x3881,
    0x38C4, 0x51A9, 0x3080, 0x28A2, 0x28A3, 0x3125, 0x5A0A, 0x72AE, 0x49AA, 0x0801, 0x61C5, 0x4943,
    0x4184, 0x0000, 0x1040, 0x83EF, 0xF7DF, 0xF7DE, 0xFFDE, 0x9490, 0xA4D1, 0x9C6F, 0x3984, 0x0800,
    0x0800, 0x4146, 0x5A09, 0x4943, 0x38C1, 0x61C4, 0x5983, 0x5983, 0x4922, 0x5123, 0x0000, 0x4396,
    0x2316, 0x0000, 0x3132, 0x0002, 0x2B16, 0x2B16, 0x2B37, 0x0000, 0x4944, 0x5144, 0x61C4, 0x5963,
    0x5123, 0x5143, 0x1000, 0x6AD0, 0x4923, 0x3968, 0x2927, 0x526C, 0x4123, 0x30C2, 0x0800, 0x0800,
    0x62CA, 0xA4B0, 0xA4B1, 0x946F, 0xFFFE, 0xFFDF, 0xFFDF, 0xCE59, 0x18E3, 0x0800, 0x0821, 0x1882,
    0x0820, 0x1820, 0x40C2, 0x40C2, 0x40C2, 0x622D, 0x41C7, 0x38C2, 0x38C2, 0x40E2, 0x38A1, 0x1001,
    0x28A2, 0x3107, 0x1003, 0x28A2, 0x51EB, 0x30A1, 0x422A, 0x624C, 0x40A1, 0x28A4, 0x51EB, 0x1800,
    0x40E2, 0x4103, 0x30C6, 0x28C3, 0x59EA, 0x61E5, 0x38A1, 0x6A8F, 0x5163, 0x5984, 0x59C4, 0x6205,
    0x5143, 0x2040, 0x38E2, 0x3925, 0x38E2, 0x5205, 0x3904, 0x30E2, 0x2062, 0x2081, 0x62CA, 0xFFBD,
    0xF79D, 0xEF3A, 0xA4D1, 0xA4F2, 0x1A11, 0x033D, 0x0069, 0x326F, 0x0000, 0x2927, 0x0020, 0x0000,
    0x0001, 0x135B, 0x0800, 0x0800, 0x942F, 0xACD1, 0x9C6F, 0xA4D2, 0xF77C, 0xFFFF, 0xF7BE, 0xCE58,
    0x20E3, 0x1020, 0x20E4, 0x4164, 0x51EA, 0x62AF, 0x3147, 0x4923, 0x4923, 0x5123, 0x626D, 0x49A9,
    0x5184, 0x4103, 0x4903, 0x38E2, 0x524B, 0x62AD, 0x38A1, 0x5A2B, 0x2041, 0x4984, 0x2040, 0x628C,
    0x626D, 0x1000, 0x1000, 0x6205, 0x61C4, 0x2040, 0x48E2, 0x52CD, 0x630E, 0x40E2, 0x620D, 0x4901,
    0x634D, 0x1040, 0x3081, 0x2041, 0x4187, 0x38E3, 0x38E1, 0x1021, 0x1000, 0x30E3, 0x38E5, 0x40A2,
    0x40C2, 0x6A8F, 0x5964, 0x40E2, 0x72AC, 0x6206, 0x4923, 0x4923, 0x4986, 0x5A4E, 0x3924, 0x49E4,
    0x41A7, 0x5143, 0x6209, 0x30C2, 0x59A5, 0x5184, 0x5184, 0x5184, 0x3902, 0x1020, 0x035D, 0x035D,
    0x0001, 0x237B, 0x0000, 0x0000, 0x0000, 0x0000, 0x0002, 0x137C, 0xFFFF, 0xF79D, 0x9D14, 0x1082,
    0x1040, 0x30E2, 0x38E2, 0x5A8C, 0x5123, 0x4923, 0x4903, 0x4923, 0x6ACF, 0x4964, 0x4988, 0x2062,
    0x3988, 0x4923, 0x4903, 0x4103, 0x6A8D, 0x626D, 0x59A5, 0x40E2, 0x4103, 0x40E2, 0x41AA, 0x1023,
    0x1000, 0x5A2E, 0x1821, 0x1881, 0x38A2, 0x20A2, 0x4146, 0x40E2, 0x2000, 0x61E4, 0x4943, 0x51C5,
    0x1894, 0x20D0, 0x20CE, 0x0007, 0x0000, 0x0800, 0x3944, 0x5983, 0x5164, 0x4103, 0x2041, 0x4985,
    0x1820, 0x5167, 0x2000, 0x624C, 0x1823, 0x2020, 0x4081, 0x6A6F, 0x5984, 0x7AAC, 0x4147, 0x59E5,
    0x4923, 0x2060, 0x4967, 0x62AE, 0x4145, 0x4A04, 0x3942, 0x5143, 0x5A4B, 0x1000, 0x5984, 0x5984,
    0x5984, 0x5984, 0x5183, 0x4123, 0x045C, 0x0001, 0x0820, 0x04BD, 0x0002, 0x0000, 0x043C, 0x043C,
    0x045D, 0x3B32, 0x4944, 0x5123, 0x5123, 0x5963, 0x4923, 0x61A4, 0x61A4, 0x61C4, 0x5123, 0x4923,
    0x5984, 0x4944, 0x4988, 0x5184, 0x3105, 0x2905, 0x41CA, 0x4923, 0x4923, 0x4903, 0x5A2C, 0x51A5,
    0x59A4, 0x6A26, 0x6A06, 0x6A26, 0x1003, 0x4168, 0x1000, 0x520B, 0x0801, 0x4A06, 0x1820, 0x3061,
    0x40E3, 0x5963, 0x2020, 0x6205, 0x5184, 0x4164, 0x4966, 0x4968, 0x38C2, 0x30E3, 0x626B, 0x0821,
    0x0800, 0x0001, 0x0022, 0x8454, 0xAD7F, 0x73FC, 0x4A99, 0x3179, 0x28F7, 0x1874, 0x1050, 0x18B2,
    0x20F0, 0x0005, 0x0002, 0x0000, 0x4944, 0x38A2, 0x4943, 0x2040, 0x51E5, 0x6AAA, 0x5205, 0x4A05,
    0x28A1, 0x4102, 0x4923, 0x4923, 0x5984, 0x5184, 0x5184, 0x5984, 0x5184, 0x5185, 0x063F, 0x0000,
    0x51A4, 0x063F, 0x0001, 0x0001, 0x25DC, 0x0000, 0x0000, 0x0000, 0x4124, 0x4923, 0x4923, 0x4923,
    0x4903, 0x61A4, 0x61A4, 0x59A4, 0x3080, 0x4923, 0x59C7, 0x62AD, 0x28E6, 0x5144, 0x5A08, 0x5A28,
    0x6A87, 0x5123, 0x5143, 0x4103, 0x4123, 0x4944, 0x2061, 0x1022, 0x0802, 0x0004, 0x290F, 0x28F2,
    0x20B2, 0x1052, 0x1894, 0x2917, 0x31B9, 0x2996, 0x52F9, 0x951E, 0x8CDA, 0x52F1, 0x0001, 0x0001,
    0x0000, 0x620D, 0x69E6, 0x4103, 0x61E5, 0x6A4F, 0x1820, 0x1800, 0x72AB, 0x2040, 0x6A89, 0x626B,
    0x1000, 0x0822, 0x0000, 0x2080, 0x0001, 0x0883, 0x7414, 0xADFF, 0x7C5E, 0x4239, 0x20D9, 0x20D7,
    0x18B5, 0x28F3, 0x3132, 0x3150, 0x0804, 0x1022, 0x1041, 0x30C2, 0x4123, 0x4943, 0x5184, 0x5983,
    0x5183, 0x5984, 0x59A4, 0x5185, 0x061F, 0x0000, 0x51A4, 0x063F, 0x0001, 0x0021, 0x063F, 0x0E1E,
    0x0DFE, 0x2E1D, 0x4124, 0x4923, 0x4903, 0x5164, 0x5165, 0x61C3, 0x69E3, 0x69E2, 0x2881, 0x51A4,
    0x59E7, 0x6249, 0x38C3, 0x2861, 0x1022, 0x1004, 0x1889, 0x3130, 0x2911, 0x20D2, 0x20F3, 0x2957,
    0x3978, 0x2997, 0x635B, 0x953F, 0x849A, 0x31EC, 0x0002, 0x0000, 0x0840, 0x28E3, 0x4A27, 0x1820,
    0x5983, 0x622B, 0x2840, 0x4963, 0x61C3, 0x61E8, 0x30C6, 0x496B, 0x69C6, 0x4944, 0x61E5, 0x5A0E,
    0x1000, 0x30A0, 0x9390, 0x59A3, 0x6268, 0x7B0E, 0x4165, 0x41E8, 0x3988, 0x6A25, 0x1820, 0x7A86,
    0x40C3, 0x38A1, 0x8B4A, 0x48E2, 0x4146, 0x4123, 0x3924, 0x0000, 0x0002, 0x18E7, 0x9D3E, 0x845D,
    0x4A98, 0x39D7, 0x3175, 0x20D2, 0x20F2, 0x3111, 0x312F, 0x0003, 0x0822, 0x1841, 0x0106, 0x0020,
    0x51C5, 0x0106, 0x0021, 0x4A34, 0x00C5, 0x00A5, 0x00A5, 0x0105, 0x59A5, 0x4923, 0x4966, 0x3904,
    0x1862, 0x1023, 0x1025, 0x1888, 0x2931, 0x20D1, 0x20B1, 0x2976, 0x3197, 0x31B8, 0x4A98, 0x7C5C,
    0x7C5A, 0x10A7, 0x0002, 0x0800, 0x1862, 0x3145, 0x2081, 0x5985, 0x51AA, 0x40C2, 0x3060, 0x6183,
    0x628D, 0x18A3, 0x41E6, 0x5A08, 0x5246, 0x2040, 0x5983, 0x59CA, 0x5964, 0x1021, 0x3040, 0x6A6D,
    0x0800, 0x0800, 0x71E6, 0x4967, 0x0800, 0x1002, 0x3144, 0xFFFE, 0xD611, 0x82C6, 0x20C2, 0x72AD,
    0x72CE, 0x8B50, 0x6A46, 0x6A46, 0x4146, 0x30C2, 0x726D, 0x59E9, 0x69C3, 0x1820, 0x51CB, 0x2860,
    0x30A1, 0x59A4, 0x49E6, 0x2060, 0x628B, 0x5209, 0x59A4, 0x4123, 0x4923, 0x4923, 0x4103, 0x51A4,
    0x51A4, 0x4903, 0x5984, 0x5143, 0x5184, 0x30C2, 0x2041, 0x1863, 0x3136, 0x3137, 0x3137, 0x3137,
    0x2937, 0x0004, 0x0001, 0x1021, 0x4166, 0x4123, 0x4943, 0x59E5, 0x51C7, 0x59C7, 0x51E9, 0x3081,
    0x51A6, 0x5185, 0x5185, 0x4902, 0x624D, 0x626C, 0x6248, 0x5963, 0x5964, 0x5984, 0x3967, 0x3967,
    0x3987, 0x622C, 0x5A0D, 0x51AA, 0x5983, 0x5963, 0x5143, 0x4902, 0x2883, 0x5A2D, 0x524B, 0x2020,
    0x5143, 0x3926, 0x1000, 0x624D, 0x5143, 0xE676, 0x1000, 0x7249, 0x61E8, 0x0800, 0x38C2, 0x0800,
    0x1861, 0xFFFF, 0xC58E, 0x59E3, 0x2060, 0x8CB3, 0x638F, 0x72AE, 0x1861, 0x38A1, 0x7265, 0x5963,
    0x7B2E, 0x624A, 0x59C4, 0x1800, 0x6A6D, 0x59C5, 0x2040, 0x51A4, 0x524D, 0x59E5, 0x49EA, 0x51E9,
    0x38C1, 0x38E2, 0x4103, 0x4923, 0x4923, 0x40C2, 0x4123, 0x5144, 0x61C5, 0x4923, 0x51A4, 0x51A4,
    0x59A4, 0x49AB, 0x2917, 0x3138, 0x3138, 0x3138, 0x2937, 0x4966, 0x59A3, 0x38C2, 0x40E6, 0x51CA,
    0x5143, 0x1821, 0x4146, 0x5184, 0x4944, 0x4145, 0x4106, 0x4965, 0x4902, 0x38C2, 0x520B, 0x5A2A,
    0x38E1, 0x3081, 0x5983, 0x2020, 0x3967, 0x3967, 0x3947, 0x5A0C, 0x6A4F, 0x4125, 0x6183, 0x5963,
    0x5963, 0x3040, 0x3105, 0x51EC, 0x0000, 0x1820, 0x5143, 0x28A3, 0x1800, 0x2863, 0x51E4, 0x8B48,
    0x1800, 0x7207, 0x1022, 0x4969, 0x7206, 0x1000, 0x2840, 0x9BE8, 0x7B06, 0x59E8, 0x4102, 0x6183,
    0x2020, 0x8BAF, 0x1000, 0x4100, 0x7284, 0x6A04, 0x7B4E, 0x1061, 0x7225, 0x69E5, 0x1000, 0x69E5,
    0x61C4, 0x59C5, 0x524D, 0x59A4, 0x38C1, 0x38C2, 0x38C2, 0x51A4, 0x5164, 0x51C5, 0x5983, 0x5983,
    0x4923, 0x5A2A, 0x5984, 0x4922, 0x5984, 0x59A4, 0x5183, 0x59E5, 0x2135, 0x3138, 0x3138, 0x3117,
    0x2937, 0x4104, 0x4923, 0x5163, 0x4906, 0x4107, 0x30C3, 0x51EB, 0x4965, 0x5964, 0x5185, 0x5A2A,
    0x520A, 0x51A6, 0x5963, 0x40E2, 0x4988, 0x51A8, 0x4942, 0x2860, 0x5163, 0x3967, 0x5209, 0x41A7,
    0x3967, 0x4103, 0x6228, 0x3081, 0x6183, 0x6183, 0x6183, 0x1800, 0x0801, 0x4AAC, 0x1820, 0x4989,
    0x5944, 0x4126, 0x4902, 0x1800, 0x72C6, 0xB4AB, 0x0801, 0x1000, 0x1864, 0x620F, 0x598C, 0x1800,
    0x7AA6, 0x5983, 0x61A4, 0x624B, 0x1000, 0x6182, 0x6A4D, 0x5143, 0x7B6D, 0xD610, 0x0020, 0x0000,
    0x0000, 0x0000, 0x0000, 0x1820, 0x3907, 0x1000, 0x0000, 0x0000, 0x0000, 0x0000, 0x0000, 0x0000,
    0x0000, 0x0000, 0x0000, 0x0000, 0x0000, 0x0000, 0x0000, 0x0000, 0x0000, 0x0000, 0x0000, 0x0000,
    0x0000, 0x0000, 0x0000, 0x0000, 0x4923, 0x6A05, 0x0020, 0x0000, 0x0000, 0x0000, 0x0000, 0x0000,
    0x0020, 0x0000, 0x0000, 0x0000, 0x0000, 0x0000, 0x0000, 0x0000, 0x0000, 0x0000, 0x0000, 0x0000,
    0x0000, 0x0000, 0x0000, 0x0000, 0x0000, 0x0000, 0x0000, 0x0000, 0x0000, 0x0000, 0x5166, 0x5164,
    0x38E2, 0x4A24, 0x5244, 0x5265, 0x48E2, 0x5A2C, 0x61C5, 0x4943, 0x30A1, 0x2020, 0x4164, 0xB4B1,
    0x496B, 0x1020, 0x1002, 0x0802, 0x5A0B, 0x51C5, 0x6A45, 0x2020, 0x5983, 0x62EC, 0x5A69, 0x69A3,
    0x1821, 0x61A3, 0x61C4, 0x82A5, 0x0000, 0x0002, 0x0002, 0x0001, 0x0000, 0x59E7, 0x4146, 0x0000,
    0x0000, 0x0002, 0x0002, 0x0002, 0x0002, 0x0002, 0x0002, 0x0002, 0x0002, 0x0002, 0x0002, 0x0000,
    0x0002, 0x0002, 0x0002, 0x0001, 0x0002, 0x0002, 0x0002, 0x0002, 0x0002, 0x0001, 0x0020, 0x51A4,
    0x0000, 0x0002, 0x0002, 0x0002, 0x0000, 0x0001, 0x0001, 0x0002, 0x0000, 0x0002, 0x0002, 0x0002,
    0x0002, 0x0002, 0x0001, 0x0002, 0x0002, 0x0002, 0x0002, 0x0002, 0x0002, 0x0002, 0x0002, 0x0000,
    0x0002, 0x0002, 0x0003, 0x0002, 0x520A, 0x1820, 0x4902, 0x5264, 0x5244, 0x5244, 0x48E2, 0x40E2,
    0x1000, 0x4943, 0x5184, 0x38C3, 0x3081, 0x6A2A, 0x398A, 0x40C5, 0x2040, 0x59A8, 0x520B, 0x51C5,
    0x51C8, 0x3060, 0x69C4, 0x61A4, 0x61A3, 0x69A2, 0x71E5, 0x72AB, 0x61A4, 0x5183, 0x0001, 0x133F,
    0x0B5F, 0x0B3F, 0x0003, 0x38E2, 0x2082, 0x0020, 0x1A1C, 0x0B5F, 0x0B5F, 0x035F, 0x0B5F, 0x0B5F,
    0x135F, 0x015E, 0x033E, 0x0B3F, 0x097D, 0x0000, 0x017D, 0x0B5E, 0x0B5F, 0x099C, 0x0B5F, 0x0B5F,
    0x0B5F, 0x0B5F, 0x0B3F, 0x0B5F, 0x0865, 0x0000, 0x0001, 0x0B5F, 0x0B5F, 0x133F, 0x0002, 0x133F,
    0x0B5F, 0x0B3F, 0x0002, 0x017E, 0x0B5F, 0x0B5F, 0x0B5F, 0x0B5F, 0x0B5F, 0x133F, 0x019D, 0x0B5F,
    0x0B5F, 0x033F, 0x0B5F, 0x0B5F, 0x133F, 0x0000, 0x015E, 0x0B5F, 0x0B5E, 0x2194, 0x5A0C, 0x30E5,
    0x5123, 0x5244, 0x49E4, 0x4A24, 0x5143, 0x48E2, 0x5144, 0x40E2, 0x40E3, 0x2860, 0x61C4, 0x2881,
    0x520D, 0x0800, 0x6A8D, 0x2840, 0x3927, 0x51CA, 0x620C, 0x6A2D, 0x2040, 0x30A4, 0x30A2, 0x59C5,
    0x2061, 0x4943, 0x20A0, 0x2040, 0x0002, 0x0B3F, 0x035E, 0x033E, 0x0003, 0xCCED, 0x3903, 0x19B7,
    0x037E, 0x037E, 0x037E, 0x037E, 0x035E, 0x037E, 0x0B5F, 0x015E, 0x035E, 0x035E, 0x099D, 0x0000,
    0x017D, 0x037E, 0x037E, 0x099B, 0x037E, 0x037E, 0x037E, 0x035E, 0x035E, 0x035E, 0x0B5E, 0x21B6,
    0x0002, 0x035E, 0x037E, 0x0B3F, 0x0002, 0x0B3F, 0x037E, 0x0B5F, 0x0002, 0x017D, 0x037E, 0x037E,
    0x037E, 0x035E, 0x035E, 0x133F, 0x019D, 0x035E, 0x037E, 0x035E, 0x035E, 0x035E, 0x0B1F, 0x0001,
    0x015D, 0x037E, 0x035E, 0x21B5, 0x4147, 0x40E2, 0x4966, 0x3106, 0x1001, 0x1820, 0x5984, 0x40A1,
    0x5964, 0x40C2, 0x40C2, 0x2881, 0x38A1, 0x5984, 0x59EA, 0x38A2, 0x0801, 0x48E2, 0x1821, 0x6A6C,
    0x620C, 0x2862, 0x51EA, 0x2000, 0x38E2, 0x38C2, 0x6227, 0x2881, 0x5A4B, 0x30A1, 0x0002, 0x0B5F,
    0x035E, 0x033E, 0x0003, 0x5187, 0x28A1, 0x19D7, 0x037E, 0x037E, 0x019E, 0x11BB, 0x09BB, 0x099B,
    0x099B, 0x017E, 0x035E, 0x037E, 0x099D, 0x0001, 0x017C, 0x037E, 0x035E, 0x119C, 0x037E, 0x037E,
    0x037E, 0x099B, 0x015E, 0x035E, 0x037E, 0x017E, 0x0002, 0x037E, 0x035E, 0x0B3F, 0x0002, 0x0B5F,
    0x037E, 0x0B5F, 0x0002, 0x017D, 0x037E, 0x037E, 0x099D, 0x099B, 0x097A, 0x097B, 0x01BE, 0x037E,
    0x035D, 0x099C, 0x09BB, 0x099B, 0x11BB, 0x0000, 0x015D, 0x037D, 0x037E, 0x21B5, 0x30A0, 0x4101,
    0x1000, 0x628D, 0x5A4C, 0x61C4, 0x69A4, 0x4902, 0x40A1, 0x61E5, 0x30C2, 0x2040, 0x5187, 0x5983,
    0x518A, 0x38A1, 0x6209, 0x3881, 0x40E2, 0x6225, 0x51A4, 0x59A4, 0x6A4D, 0x4964, 0x72C5, 0x6A45,
    0x1820, 0x49A9, 0x3923, 0x5167, 0x0002, 0x0B3F, 0x035E, 0x033E, 0x0003, 0x0800, 0x38C2, 0x19B8,
    0x037E, 0x035E, 0x017D, 0x0000, 0x3103, 0x30E3, 0x28A1, 0x015E, 0x035E, 0x035E, 0x099D, 0x19DB,
    0x037E, 0x035E, 0x033E, 0x099B, 0x035E, 0x037E, 0x035E, 0x0000, 0x1A1C, 0x035E, 0x037E, 0x017E,
    0x0002, 0x037E, 0x037E, 0x0B3F, 0x00B0, 0x0B3F, 0x037E, 0x035E, 0x0002, 0x015D, 0x035D, 0x037E,
    0x29D5, 0x28A2, 0x3104, 0x30E2, 0x019D, 0x035E, 0x037E, 0x006A, 0x1881, 0x2061, 0x30E2, 0x0000,
    0x017E, 0x035D, 0x035E, 0x21B5, 0x40E2, 0x4923, 0x4967, 0x40E1, 0x38A1, 0x61A4, 0x5964, 0x5923,
    0x38A1, 0x4924, 0x30A1, 0x5163, 0x59C8, 0x5165, 0x2041, 0x2021, 0x3063, 0x3081, 0x38C2, 0x30A1,
    0x1821, 0x38A2, 0x40C1, 0x30A2, 0xEED4, 0x934A, 0x38E3, 0x30E3, 0x40E1, 0x30C2, 0x21D7, 0x0B5F,
    0x035E, 0x033E, 0x21D7, 0x0020, 0x4166, 0x1996, 0x1D5F, 0x037E, 0x01BE, 0x0000, 0x0000, 0x0000,
    0x40E2, 0x017E, 0x151F, 0x035E, 0x12DF, 0x035E, 0x037E, 0x01DE, 0x0006, 0x0000, 0x1D9F, 0x037E,
    0x039E, 0x0000, 0x19FB, 0x1D9F, 0x15BF, 0x017C, 0x0002, 0x035D, 0x035D, 0x037E, 0x037E, 0x039E,
    0x037E, 0x0B5E, 0x0002, 0x017C, 0x039D, 0x039C, 0x29D5, 0x40E2, 0x4967, 0x4903, 0x01DC, 0x037D,
    0x037E, 0x0029, 0x38E3, 0x5166, 0x38A2, 0x0000, 0x017C, 0x03BC, 0x037D, 0x21D6, 0x2861, 0x3061,
    0x4923, 0x40C1, 0x30E3, 0x4966, 0x38E4, 0x1840, 0x61A4, 0x2041, 0x5147, 0x59A6, 0x4965, 0x5187,
    0x40E3, 0x48E3, 0x3881, 0x3082, 0x38C2, 0x3881, 0x30A1, 0x38C2, 0x6A05, 0x38C2, 0x6224, 0x38A2,
    0x4903, 0x38C2, 0x4944, 0x0000, 0x02FB, 0x039C, 0x0E3F, 0x035D, 0x03BC, 0x19DC, 0x38E2, 0x1996,
    0x039E, 0x037E, 0x01DC, 0x01DC, 0x019C, 0x0005, 0x40C1, 0x015D, 0x15FF, 0x061F, 0x037E, 0x037D,
    0x035D, 0x1A3C, 0x0000, 0x0000, 0x035D, 0x063F, 0x039D, 0x019D, 0x017D, 0x039D, 0x063F, 0x01FB,
    0x0002, 0x035C, 0x05FE, 0x037D, 0x037D, 0x039D, 0x063E, 0x037E, 0x0002, 0x015D, 0x1DFF, 0x15BF,
    0x29F6, 0x40E3, 0x38A2, 0x4903, 0x01FD, 0x0E1F, 0x15FF, 0x0028, 0x38E2, 0x4924, 0x5187, 0x0000,
    0x019C, 0x1DDF, 0x039D, 0x29D6, 0x4964, 0x51A7, 0x5123, 0x5186, 0x38A1, 0x51A5, 0x40E2, 0x6A25,
    0x5168, 0x4963, 0x2020, 0x5187, 0x4945, 0x5167, 0x40E3, 0x38C2, 0x2861, 0x40E2, 0x4966, 0x40C2,
    0x4902, 0x40C2, 0x6A46, 0x3081, 0x30A1, 0x38C2, 0x61E4, 0x40C2, 0x0800, 0x0001, 0x061F, 0x063F,
    0x15FF, 0x063F, 0x161F, 0x095D, 0x0000, 0x19D8, 0x061F, 0x15DF, 0x063F, 0x063F, 0x1DFF, 0x0005,
    0x40C2, 0x019D, 0x1DDF, 0x065F, 0x15DF, 0x0DFF, 0x15DF, 0x1DBF, 0x01D8, 0x0000, 0x15FF, 0x063F,
    0x15DF, 0x061F, 0x15DF, 0x161F, 0x09D9, 0x0000, 0x0002, 0x063F, 0x061F, 0x1DDF, 0x017A, 0x1DFF,
    0x063F, 0x0E1F, 0x0002, 0x019B, 0x15DF, 0x0E1F, 0x21D5, 0x48C2, 0x40C2, 0x40C3, 0x01FB, 0x063F,
    0x15BF, 0x0029, 0x38C2, 0x4904, 0x59A7, 0x0000, 0x01BC, 0x15BF, 0x0E1F, 0x29F6, 0x40E2, 0x59C7,
    0x40C2, 0x5166, 0x40A2, 0x59A5, 0x40C2, 0x3060, 0x38A3, 0x38C1, 0x38A1, 0x4946, 0x5165, 0x5986,
    0x40E3, 0x38A1, 0x4903, 0x40C2, 0x40C2, 0x40C2, 0x40C2, 0x38A1, 0x38A2, 0x61C4, 0x40C2, 0x40E1,
    0x40E2, 0x30C2, 0x0000, 0x017C, 0x063F, 0x065F, 0x01DA, 0x063F, 0x063F, 0x0E1F, 0x0000, 0x19D8,
    0x063F, 0x065F, 0x01D9, 0x01BA, 0x019B, 0x0005, 0x40E2, 0x019D, 0x061F, 0x063F, 0x099D, 0x0005,
    0x01D7, 0x063F, 0x061F, 0x11DC, 0x063F, 0x063F, 0x061F, 0x019A, 0x01BB, 0x061F, 0x0E3F, 0x121A,
    0x0002, 0x063F, 0x063F, 0x1DDF, 0x0003, 0x25DF, 0x063F, 0x0E1F, 0x0002, 0x01BB, 0x063F, 0x063F,
    0x29F6, 0x40C2, 0x40C2, 0x40C2, 0x01FA, 0x063E, 0x063F, 0x0049, 0x38C2, 0x40C2, 0x40C2, 0x0000,
    0x01BC, 0x061E, 0x063F, 0x21D6, 0x40C2, 0x40C2, 0x38A2, 0x40C2, 0x40C2, 0x40C2, 0x40C2, 0x5987,
    0x40A2, 0x40C2, 0x40C2, 0x40C2, 0x40C2, 0x40C2, 0x5983, 0x40C2, 0x40A2, 0x40C2, 0x40C2, 0x40C2,
    0x40C2, 0x38A1, 0x38A1, 0x40C2, 0x40C2, 0x40C2, 0x40C2, 0x38C2, 0x2A19, 0x01FA, 0x061F, 0x063E,
    0x093C, 0x061E, 0x061F, 0x063F, 0x11DC, 0x19D8, 0x063F, 0x063F, 0x019C, 0x0000, 0x0000, 0x0000,
    0x38C2, 0x019C, 0x061F, 0x063F, 0x097C, 0x0000, 0x01BB, 0x063F, 0x063F, 0x11BC, 0x063F, 0x061F,
    0x063F, 0x0000, 0x221C, 0x063F, 0x061E, 0x01BC, 0x0002, 0x063F, 0x063F, 0x1DDF, 0x0003, 0x25DF,
    0x063F, 0x0E1F, 0x0002, 0x01DC, 0x063F, 0x063F, 0x29F6, 0x40C2, 0x40C2, 0x40C2, 0x01FB, 0x063F,
    0x063F, 0x0049, 0x38C2, 0x40C2, 0x40C2, 0x0000, 0x01BC, 0x063F, 0x063F, 0x21D6, 0x40C2, 0x40C2,
    0x40C2, 0x48C2, 0x40C2, 0x40C2, 0x48C2, 0x40A1, 0x40C2, 0x40C2, 0x40C2, 0x40C2, 0x40C2, 0x48C2,
    0x40C2, 0x40C2, 0x40C2, 0x40C2, 0x40C2, 0x40C2, 0x40C2, 0x40C2, 0x40C2, 0x40C2, 0x40C2, 0x40C2,
    0x40C2, 0x38E2, 0x2219, 0x063F, 0x063F, 0x01F8, 0x0005, 0x01B8, 0x063F, 0x063E, 0x11BC, 0x19D7,
    0x063F, 0x063F, 0x01BD, 0x0000, 0x0000, 0x0000, 0x0000, 0x01BD, 0x061F, 0x063F, 0x097C, 0x0000,
    0x01DB, 0x063F, 0x063F, 0x09BC, 0x063F, 0x063F, 0x063F, 0x0020, 0x223D, 0x061F, 0x063F, 0x01BC,
    0x0002, 0x063F, 0x063F, 0x1DDF, 0x0002, 0x25DF, 0x063F, 0x0E3F, 0x0002, 0x01DC, 0x063F, 0x061F,
    0x29F6, 0x40C2, 0x40C2, 0x40C2, 0x021B, 0x063F, 0x061F, 0x0049, 0x38C2, 0x40C2, 0x40C2, 0x0000,
    0x01BD, 0x063F, 0x0E3F, 0x21D6, 0x40C2, 0x40C2, 0x40C2, 0x40C2, 0x40C2, 0x40C2, 0x40C2, 0x40C2,
    0x40A2, 0x40C2, 0x40C2, 0x40C2, 0x40C2, 0x40C2, 0x40C2, 0x40C2, 0x40C2, 0x40C2, 0x40C2, 0x40C2,
    0x40C2, 0x40C2, 0x40C2, 0x40C2, 0x40C2, 0x40C2, 0x40C2, 0x38E3, 0x21F8, 0x063F, 0x063F, 0x019C,
    0x0000, 0x019C, 0x063F, 0x061F, 0x09BC, 0x19D8, 0x065F, 0x063F, 0x1DFF, 0x1DDF, 0x15DF, 0x1DFF,
    0x25BF, 0x019D, 0x061F, 0x063F, 0x1DFF, 0x1DFF, 0x063F, 0x061F, 0x063F, 0x119C, 0x063F, 0x063F,
    0x063F, 0x1DDF, 0x061F, 0x063F, 0x061F, 0x019C, 0x0001, 0x061F, 0x063F, 0x063F, 0x063F, 0x063F,
    0x063F, 0x11BE, 0x0000, 0x01DC, 0x063F, 0x063F, 0x21D5, 0x40C2, 0x40C2, 0x40C2, 0x01FB, 0x063F,
    0x063F, 0x0029, 0x38C2, 0x40A2, 0x40A2, 0x0000, 0x01BC, 0x063F, 0x063F, 0x21F7, 0x40C2, 0x40C2,
    0x40C2, 0x40C2, 0x40C2, 0x40C2, 0x40C2, 0x40C2, 0x40C2, 0x40C2, 0x40C2, 0x48C2, 0x40C2, 0x40C2,
    0x40C2, 0x40C2, 0x40C2, 0x40C2, 0x40C2, 0x40C2, 0x40C2, 0x40C2, 0x40C2, 0x48C2, 0x40C2, 0x48C2,
    0x40C2, 0x38E2, 0x2218, 0x063F, 0x063F, 0x019C, 0x0000, 0x01BD, 0x063F, 0x061F, 0x11DD, 0x2A16,
    0x15FF, 0x063F, 0x063F, 0x063F, 0x063F, 0x063F, 0x15FF, 0x019D, 0x063F, 0x061F, 0x063F, 0x063F,
    0x061F, 0x063F, 0x01B7, 0x0000, 0x063F, 0x061F, 0x061F, 0x063F, 0x063F, 0x063F, 0x2DDF, 0x0002,
    0x0000, 0x09DB, 0x061F, 0x061F, 0x063F, 0x063F, 0x061F, 0x0000, 0x0000, 0x01BB, 0x063F, 0x061F,
    0x29D6, 0x40C2, 0x48C2, 0x40C2, 0x01FB, 0x063F, 0x063F, 0x0029, 0x38C2, 0x40C2, 0x40C2, 0x0000,
    0x019D, 0x061F, 0x063F, 0x21D7, 0x40A2, 0x40C2, 0x40C2, 0x40C2, 0x40C2, 0x40C2, 0x40C2, 0x40C2,
    0x40C2, 0x40C2, 0x40C2, 0x40C2, 0x40C2, 0x40C2, 0x40C2, 0x40C2, 0x40C2, 0x40C2, 0x40E2, 0x40C2,
    0x40C2, 0x40C2, 0x40C2, 0x40C2, 0x40C2, 0x40C2, 0x40C2, 0x38E3, 0x21F8, 0x063F, 0x065F, 0x019C,
    0x0000, 0x01BD, 0x063F, 0x063F, 0x11BC, 0x0000, 0x0005, 0x063F, 0x065F, 0x065F, 0x063F, 0x063F,
    0x161F, 0x019D, 0x063F, 0x065F, 0x065F, 0x065F, 0x063E, 0x09B9, 0x0001, 0x3903, 0x065F, 0x063F,
    0x065F, 0x065F, 0x063F, 0x063E, 0x0002, 0x38E3, 0x48C2, 0x0000, 0x11D9, 0x065F, 0x065F, 0x065F,
    0x11D9, 0x40E3, 0x0020, 0x01DC, 0x065F, 0x063E, 0x29F6, 0x40A2, 0x40C2, 0x48C2, 0x01DA, 0x063F,
    0x063F, 0x004A, 0x38E2, 0x40C2, 0x40C2, 0x0000, 0x019C, 0x065F, 0x063E, 0x29F7, 0x40C2, 0x40C2,
    0x40C2, 0x40C2, 0x40C2, 0x40A2, 0x40C2, 0x40C2, 0x40C2, 0x40C2, 0x40C2, 0x40C2, 0x40C2, 0x40C2,
    0x40C2, 0x40C2, 0x40C2, 0x40C2, 0x40C2, 0x40E2, 0x40C2, 0x40C2, 0x40C2, 0x40C2, 0x40C2, 0x40C2,
    0x40C2, 0x40C2, 0x38E3, 0x38E3, 0x38E3, 0x38E3, 0x40E3, 0x38E2, 0x38E3, 0x38E3, 0x38E3, 0x40C2,
    0x40C2, 0x38E2, 0x38E3, 0x38E3, 0x38E3, 0x38E2, 0x38E2, 0x38E3, 0x40E3, 0x38E3, 0x38E3, 0x38E3,
    0x38E3, 0x40E3, 0x40C2, 0x38A2, 0x38E3, 0x38E3, 0x38E3, 0x38E3, 0x38E3, 0x38E2, 0x40C2, 0x40C2,
    0x48C2, 0x40C2, 0x38E3, 0x38E3, 0x40E3, 0x38E2, 0x38E2, 0x40C2, 0x38E3, 0x38E3, 0x38E2, 0x38E2,
    0x38E3, 0x40C2, 0x40C2, 0x40C2, 0x38E2, 0x38E3, 0x38E2, 0x38E2, 0x40C2, 0x40C2, 0x40C2, 0x38E2,
    0x38E2, 0x38E2, 0x38E2, 0x38E3, 0x40C2, 0x40C2, 0x40C2, 0x40C2, 0x40C2, 0x40C2, 0x40C2, 0x40C2,
    0x40C2, 0x40C2, 0x40C2, 0x40C2, 0x40C2, 0x40C2, 0x40C2, 0x40C2, 0x40C2, 0x40C2, 0x40C2, 0x40C2,
    0x40C2, 0x40C2, 0x48C2, 0x40A2, 0x40C2, 0x40C2, 0x40C2, 0x40C2, 0x40C2, 0x48C2, 0x40C2, 0x40C2,
    0x40C2, 0x40C2, 0x40C2, 0x40C2, 0x40E2, 0x40C2, 0x40C2, 0x40E2, 0x40C2, 0x40C2, 0x40C2, 0x48C2,
    0x40C2, 0x40C2, 0x40C2, 0x40C2, 0x40C2, 0x40C2, 0x40C2, 0x40C2, 0x48C2, 0x40C2, 0x40C2, 0x40C2,
    0x40C2, 0x40C2, 0x40C2, 0x40C2, 0x40C2, 0x40C2, 0x48C2, 0x40C2, 0x40A2, 0x40C2, 0x40C2, 0x40C2,
    0x40C2, 0x40C2, 0x40A2, 0x40C2, 0x40C2, 0x40E2, 0x40C2, 0x40C2, 0x40C2, 0x40C2, 0x40C2, 0x40C2,
    0x40C2, 0x40C2, 0x48C2, 0x48C2, 0x40C2, 0x40C2, 0x40C2, 0x40C2, 0x40C2, 0x40C2, 0x40C2, 0x40C2,
    0x40C2, 0x40C2, 0x40C2, 0x40C2, 0x40C2, 0x40C2, 0x40C2, 0x40C2, 0x40C2, 0x48C2, 0x40C2, 0x40C2
  }
};

#define BOXING_RING_BG_FRAME_COUNT 1
#define BOXING_RING_BG_PIXELS_PER_FRAME 4640
#define BOXING_RING_BG_FRAME_WIDTH 160
#define BOXING_RING_BG_FRAME_HEIGHT 29

static const uint16_t boxing_ring_bg[1][4640] = {
  {
    0xFFFF, 0x8BE0, 0x8BE0, 0x8BE0, 0x8BE0, 0x8BE0, 0x8BE0, 0x8BE0, 0x8BE0, 0x8BE0, 0x8BE0, 0x8BE0,
    0x8BE0, 0x8BE0, 0x8BE0, 0x8BE0, 0x8BE0, 0x8BE0, 0x8BE0, 0x8BE0, 0x8BE0, 0x8BE0, 0x8BE0, 0x8BE0,
    0x8BE0, 0x8BE0, 0x8BE0, 0x8BE0, 0x8BE0, 0x8BE0, 0x8BE0, 0x8BE0, 0x8BE0, 0x8BE0, 0x8BE0, 0x8BE0,
    0x8BE0, 0x8BE0, 0x8BE0, 0x8BE0, 0x8BE0, 0x8BE0, 0x8BE0, 0x8BE0, 0x8BE0, 0x8BE0, 0x8BE0, 0x8BE0,
    0x8BE0, 0x8BE0, 0x8BE0, 0x8BE0, 0x8BE0, 0x8BE0, 0x8BE0, 0x8BE0, 0x8BE0, 0x8BE0, 0x8BE0, 0x8BE0,
    0x8BE0, 0x8BE0, 0x8BE0, 0x8BE0, 0x8BE0, 0x8BE0, 0x8BE0, 0x8BE0, 0x8BE0, 0x8BE0, 0x8BE0, 0x8BE0,
    0x8BE0, 0x8BE0, 0x8BE0, 0x8BE0, 0x8BE0, 0x8BE0, 0x8BE0, 0x8BE0, 0x8BE0, 0x8BE0, 0x8BE0, 0x8BE0,
    0x8BE0, 0x8BE0, 0x8BE0, 0x8BE0, 0x8BE0, 0x8BE0, 0x8BE0, 0x8BE0, 0x8BE0, 0x8BE0, 0x8BE0, 0x8BE0,
    0x8BE0, 0x8BE0, 0x8BE0, 0x8BE0, 0x8BE0, 0x8BE0, 0x8BE0, 0x8BE0, 0x8BE0, 0x8BE0, 0x8BE0, 0x8BE0,
    0x8BE0, 0x8BE0, 0x8BE0, 0x8BE0, 0x8BE0, 0x8BE0, 0x8BE0, 0x8BE0, 0x8BE0, 0x8BE0, 0x8BE0, 0x8BE0,
    0x8BE0, 0x8BE0, 0x8BE0, 0x8BE0, 0x8BE0, 0x8BE0, 0x8BE0, 0x8BE0, 0x8BE0, 0x8BE0, 0x8BE0, 0x8BE0,
    0x8BE0, 0x8BE0, 0x8BE0, 0x8BE0, 0x8BE0, 0x8BE0, 0x8BE0, 0x8BE0, 0x8BE0, 0x8BE0, 0x8BE0, 0x8BE0,
    0x8BE0, 0x8BE0, 0x8BE0, 0x8BE0, 0x8BE0, 0x8BE0, 0x8BE0, 0x8BE0, 0x8BE0, 0x8BE0, 0x8BE0, 0x8BE0,
    0x8BE0, 0x0000, 0x741F, 0x741F, 0xFFFF, 0x0000, 0x8BE0, 0x8BE0, 0x8BE0, 0x8BE0, 0x8BE0, 0x8BE0,
    0x8BE0, 0x8BE0, 0x8BE0, 0x8BE0, 0x8BE0, 0x8BE0, 0x8BE0, 0x8BE0, 0x8BE0, 0x8BE0, 0x8BE0, 0x8BE0,
    0x8BE0, 0x8BE0, 0x8BE0, 0x8BE0, 0x8BE0, 0x8BE0, 0x8BE0, 0x8BE0, 0x8BE0, 0x8BE0, 0x8BE0, 0x8BE0,
    0x8BE0, 0x8BE0, 0x8BE0, 0x8BE0, 0x8BE0, 0x8BE0, 0x8BE0, 0x8BE0, 0x8BE0, 0x8BE0, 0x8BE0, 0x8BE0,
    0x8BE0, 0x8BE0, 0x8BE0, 0x8BE0, 0x8BE0, 0x8BE0, 0x8BE0, 0x8BE0, 0x8BE0, 0x8BE0, 0x8BE0, 0x8BE0,
    0x8BE0, 0x8BE0, 0x8BE0, 0x8BE0, 0x8BE0, 0x8BE0, 0x8BE0, 0x8BE0, 0x8BE0, 0x8BE0, 0x8BE0, 0x8BE0,
    0x8BE0, 0x8BE0, 0x8BE0, 0x8BE0, 0x8BE0, 0x8BE0, 0x8BE0, 0x8BE0, 0x8BE0, 0x8BE0, 0x8BE0, 0x8BE0,
    0x8BE0, 0x8BE0, 0x8BE0, 0x8BE0, 0x8BE0, 0x8BE0, 0x8BE0, 0x8BE0, 0x8BE0, 0x8BE0, 0x8BE0, 0x8BE0,
    0x8BE0, 0x8BE0, 0x8BE0, 0x8BE0, 0x8BE0, 0x8BE0, 0x8BE0, 0x8BE0, 0x8BE0, 0x8BE0, 0x8BE0, 0x8BE0,
    0x8BE0, 0x8BE0, 0x8BE0, 0x8BE0, 0x8BE0, 0x8BE0, 0x8BE0, 0x8BE0, 0x8BE0, 0x8BE0, 0x8BE0, 0x8BE0,
    0x8BE0, 0x8BE0, 0x8BE0, 0x8BE0, 0x8BE0, 0x8BE0, 0x8BE0, 0x8BE0, 0x8BE0, 0x8BE0, 0x8BE0, 0x8BE0,
    0x8BE0, 0x8BE0, 0x8BE0, 0x8BE0, 0x8BE0, 0x8BE0, 0x8BE0, 0x8BE0, 0x8BE0, 0x8BE0, 0x8BE0, 0x8BE0,
    0x8BE0, 0x8BE0, 0x8BE0, 0x8BE0, 0x8BE0, 0x8BE0, 0x8BE0, 0x8BE0, 0x8BE0, 0x8BE0, 0x8BE0, 0x8BE0,
    0x8BE0, 0x8BE0, 0x8BE0, 0x8BE0, 0x0000, 0x741F, 0x0000, 0xFFFF, 0x0000, 0xFFFF, 0x0000, 0x8BE0,
    0x8BE0, 0x8BE0, 0x8BE0, 0x8BE0, 0x8BE0, 0x8BE0, 0x8BE0, 0x8BE0, 0x8BE0, 0x8BE0, 0x8BE0, 0x8BE0,
    0x8BE0, 0x8BE0, 0x8BE0, 0x8BE0, 0x8BE0, 0x8BE0, 0x8BE0, 0x8BE0, 0x8BE0, 0x8BE0, 0x8BE0, 0x8BE0,
    0x8BE0, 0x8BE0, 0x8BE0, 0x8BE0, 0x8BE0, 0x8BE0, 0x8BE0, 0x8BE0, 0x8BE0, 0x8BE0, 0x8BE0, 0x8BE0,
    0x8BE0, 0x8BE0, 0x8BE0, 0x8BE0, 0x8BE0, 0x8BE0, 0x8BE0, 0x8BE0, 0x8BE0, 0x8BE0, 0x8BE0, 0x8BE0,
    0x8BE0, 0x8BE0, 0x8BE0, 0x8BE0, 0x8BE0, 0x8BE0, 0x8BE0, 0x8BE0, 0x8BE0, 0x8BE0, 0x8BE0, 0x8BE0,
    0x8BE0, 0x8BE0, 0x8BE0, 0x8BE0, 0x8BE0, 0x8BE0, 0x8BE0, 0x8BE0, 0x8BE0, 0x8BE0, 0x8BE0, 0x8BE0,
    0x8BE0, 0x8BE0, 0x8BE0, 0x8BE0, 0x8BE0, 0x8BE0, 0x8BE0, 0x8BE0, 0x8BE0, 0x8BE0, 0x8BE0, 0x8BE0,
    0x8BE0, 0x8BE0, 0x8BE0, 0x8BE0, 0x8BE0, 0x8BE0, 0x8BE0, 0x8BE0, 0x8BE0, 0x8BE0, 0x8BE0, 0x8BE0,
    0x8BE0, 0x8BE0, 0x8BE0, 0x8BE0, 0x8BE0, 0x8BE0, 0x8BE0, 0x8BE0, 0x8BE0, 0x8BE0, 0x8BE0, 0x8BE0,
    0x8BE0, 0x8BE0, 0x8BE0, 0x8BE0, 0x8BE0, 0x8BE0, 0x8BE0, 0x8BE0, 0x8BE0, 0x8BE0, 0x8BE0, 0x8BE0,
    0x8BE0, 0x8BE0, 0x8BE0, 0x8BE0, 0x8BE0, 0x8BE0, 0x8BE0, 0x8BE0, 0x8BE0, 0x8BE0, 0x8BE0, 0x8BE0,
    0x8BE0, 0x8BE0, 0x8BE0, 0x8BE0, 0x8BE0, 0x8BE0, 0x8BE0, 0x8BE0, 0x8BE0, 0x8BE0, 0x8BE0, 0x8BE0,
    0x8BE0, 0x8BE0, 0x8BE0, 0x8BE0, 0x8BE0, 0x8BE0, 0x8BE0, 0x8BE0, 0x8BE0, 0x0000, 0x0000, 0xFFFF,
    0x0000, 0xFFFF, 0xFFFF, 0x8BE0, 0x8BE0, 0x8BE0, 0x8BE0, 0x8BE0, 0x8BE0, 0x8BE0, 0x8BE0, 0x8BE0,
    0x8BE0, 0x8BE0, 0x8BE0, 0x8BE0, 0x8BE0, 0x8BE0, 0x8BE0, 0x8BE0, 0x8BE0, 0x8BE0, 0x8BE0, 0x8BE0,
    0x8BE0, 0x8BE0, 0x8BE0, 0x8BE0, 0x8BE0, 0x8BE0, 0x8BE0, 0x8BE0, 0x8BE0, 0x8BE0, 0x8BE0, 0x8BE0,
    0x8BE0, 0x8BE0, 0x8BE0, 0x8BE0, 0x8BE0, 0x8BE0, 0x8BE0, 0x8BE0, 0x8BE0, 0x8BE0, 0x8BE0, 0x8BE0,
    0x8BE0, 0x8BE0, 0x8BE0, 0x8BE0, 0x8BE0, 0x8BE0, 0x8BE0, 0x8BE0, 0x8BE0, 0x8BE0, 0x8BE0, 0x8BE0,
    0x8BE0, 0x8BE0, 0x8BE0, 0x8BE0, 0x8BE0, 0x8BE0, 0x8BE0, 0x8BE0, 0x8BE0, 0x8BE0, 0x8BE0, 0x8BE0,
    0x8BE0, 0x8BE0, 0x8BE0, 0x8BE0, 0x8BE0, 0x8BE0, 0x8BE0, 0x8BE0, 0x8BE0, 0x8BE0, 0x8BE0, 0x8BE0,
    0x8BE0, 0x8BE0, 0x8BE0, 0x8BE0, 0x8BE0, 0x8BE0, 0x8BE0, 0x8BE0, 0x8BE0, 0x8BE0, 0x8BE0, 0x8BE0,
    0x8BE0, 0x8BE0, 0x8BE0, 0x8BE0, 0x8BE0, 0x8BE0, 0x8BE0, 0x8BE0, 0x8BE0, 0x8BE0, 0x8BE0, 0x8BE0,
    0x8BE0, 0x8BE0, 0x8BE0, 0x8BE0, 0x8BE0, 0x8BE0, 0x8BE0, 0x8BE0, 0x8BE0, 0x8BE0, 0x8BE0, 0x8BE0,
    0x8BE0, 0x8BE0, 0x8BE0, 0x8BE0, 0x8BE0, 0x8BE0, 0x8BE0, 0x8BE0, 0x8BE0, 0x8BE0, 0x8BE0, 0x8BE0,
    0x8BE0, 0x8BE0, 0x8BE0, 0x8BE0, 0x8BE0, 0x8BE0, 0x8BE0, 0x8BE0, 0x8BE0, 0x8BE0, 0x8BE0, 0x8BE0,
    0x8BE0, 0x8BE0, 0x8BE0, 0x8BE0, 0x8BE0, 0x8BE0, 0x8BE0, 0x8BE0, 0x8BE0, 0x8BE0, 0x8BE0, 0x8BE0,
    0x8BE0, 0x0000, 0xFFFF, 0x0000, 0xFFFF, 0x0000, 0xFFFF, 0x0000, 0x8BE0, 0x8BE0, 0x8BE0, 0x8BE0,
    0x8BE0, 0x8BE0, 0x8BE0, 0x8BE0, 0x8BE0, 0x8BE0, 0x8BE0, 0x8BE0, 0x8BE0, 0x8BE0, 0x8BE0, 0x8BE0,
    0x8BE0, 0x8BE0, 0x8BE0, 0x8BE0, 0x8BE0, 0x8BE0, 0x8BE0, 0x8BE0, 0x8BE0, 0x8BE0, 0x8BE0, 0x8BE0,
    0x8BE0, 0x8BE0, 0x8BE0, 0x8BE0, 0x8BE0, 0x8BE0, 0x8BE0, 0x8BE0, 0x8BE0, 0x8BE0, 0x8BE0, 0x8BE0,
    0x8BE0, 0x8BE0, 0x8BE0, 0x8BE0, 0x8BE0, 0x8BE0, 0x8BE0, 0x8BE0, 0x8BE0, 0x8BE0, 0x8BE0, 0x8BE0,
    0x8BE0, 0x8BE0, 0x8BE0, 0x8BE0, 0x8BE0, 0x8BE0, 0x8BE0, 0x8BE0, 0x8BE0, 0x8BE0, 0x8BE0, 0x8BE0,
    0x8BE0, 0x8BE0, 0x8BE0, 0x8BE0, 0x8BE0, 0x8BE0, 0x8BE0, 0x8BE0, 0x8BE0, 0x8BE0, 0x8BE0, 0x8BE0,
    0x8BE0, 0x8BE0, 0x8BE0, 0x8BE0, 0x8BE0, 0x8BE0, 0x8BE0, 0x8BE0, 0x8BE0, 0x8BE0, 0x8BE0, 0x8BE0,
    0x8BE0, 0x8BE0, 0x8BE0, 0x8BE0, 0x8BE0, 0x8BE0, 0x8BE0, 0x8BE0, 0x8BE0, 0x8BE0, 0x8BE0, 0x8BE0,
    0x8BE0, 0x8BE0, 0x8BE0, 0x8BE0, 0x8BE0, 0x8BE0, 0x8BE0, 0x8BE0, 0x8BE0, 0x8BE0, 0x8BE0, 0x8BE0,
    0x8BE0, 0x8BE0, 0x8BE0, 0x8BE0, 0x8BE0, 0x8BE0, 0x8BE0, 0x8BE0, 0x8BE0, 0x8BE0, 0x8BE0, 0x8BE0,
    0x8BE0, 0x8BE0, 0x8BE0, 0x8BE0, 0x8BE0, 0x8BE0, 0x8BE0, 0x8BE0, 0x8BE0, 0x8BE0, 0x8BE0, 0x8BE0,
    0x8BE0, 0x8BE0, 0x8BE0, 0x8BE0, 0x8BE0, 0x8BE0, 0x8BE0, 0x8BE0, 0x8BE0, 0x8BE0, 0x8BE0, 0x8BE0,
    0x8BE0, 0x8BE0, 0x8BE0, 0x8BE0, 0x8BE0, 0xFFFF, 0xFFFF, 0x741F, 0xFFFF, 0x0000, 0xFFFF, 0x0000,
    0x8BE0, 0x8BE0, 0x8BE0, 0x8BE0, 0x8BE0, 0x8BE0, 0x8BE0, 0x8BE0, 0x8BE0, 0x8BE0, 0x8BE0, 0x8BE0,
    0x8BE0, 0x8BE0, 0x8BE0, 0x8BE0, 0x8BE0, 0x8BE0, 0x8BE0, 0x8BE0, 0x8BE0, 0x8BE0, 0x8BE0, 0x8BE0,
    0x8BE0, 0x8BE0, 0x8BE0, 0x8BE0, 0x8BE0, 0x8BE0, 0x8BE0, 0x8BE0, 0x8BE0, 0x8BE0, 0x8BE0, 0x8BE0,
    0x8BE0, 0x8BE0, 0x8BE0, 0x8BE0, 0x8BE0, 0x8BE0, 0x8BE0, 0x8BE0, 0x8BE0, 0x8BE0, 0x8BE0, 0x8BE0,
    0x8BE0, 0x8BE0, 0x8BE0, 0x8BE0, 0x8BE0, 0x8BE0, 0x8BE0, 0x8BE0, 0x8BE0, 0x8BE0, 0x8BE0, 0x8BE0,
    0x8BE0, 0x8BE0, 0x8BE0, 0x8BE0, 0x8BE0, 0x8BE0, 0x8BE0, 0x8BE0, 0x8BE0, 0x8BE0, 0x8BE0, 0x8BE0,
    0x8BE0, 0x8BE0, 0x8BE0, 0x8BE0, 0x8BE0, 0x8BE0, 0x8BE0, 0x8BE0, 0x8BE0, 0x8BE0, 0x8BE0, 0x8BE0,
    0x8BE0, 0x8BE0, 0x8BE0, 0x8BE0, 0x8BE0, 0x8BE0, 0x8BE0, 0x8BE0, 0x8BE0, 0x8BE0, 0x8BE0, 0x8BE0,
    0x8BE0, 0x8BE0, 0x8BE0, 0x8BE0, 0x8BE0, 0x8BE0, 0x8BE0, 0x8BE0, 0x8BE0, 0x8BE0, 0x8BE0, 0x8BE0,
    0x8BE0, 0x8BE0, 0x8BE0, 0x8BE0, 0x8BE0, 0x8BE0, 0x8BE0, 0x8BE0, 0x8BE0, 0x8BE0, 0x8BE0, 0x8BE0,
    0x8BE0, 0x8BE0, 0x8BE0, 0x8BE0, 0x8BE0, 0x8BE0, 0x8BE0, 0x8BE0, 0x8BE0, 0x8BE0, 0x8BE0, 0x8BE0,
    0x8BE0, 0x8BE0, 0x8BE0, 0x8BE0, 0x8BE0, 0x8BE0, 0x8BE0, 0x8BE0, 0x8BE0, 0x8BE0, 0x8BE0, 0x8BE0,
    0x8BE0, 0x8BE0, 0x8BE0, 0x8BE0, 0x8BE0, 0x8BE0, 0x8BE0, 0x8BE0, 0x8BE0, 0xFFFF, 0xFFFF, 0x741F,
    0xFFFF, 0x0000, 0x0000, 0xFFFF, 0x8BE0, 0x8BE0, 0x741F, 0x741F, 0x741F, 0x8BE0, 0x8BE0, 0x8BE0,
    0x8BE0, 0x8BE0, 0x8BE0, 0x8BE0, 0x8BE0, 0x8BE0, 0x8BE0, 0x8BE0, 0x8BE0, 0x8BE0, 0x8BE0, 0x8BE0,
    0x8BE0, 0x8BE0, 0x8BE0, 0x8BE0, 0x8BE0, 0x8BE0, 0x8BE0, 0x8BE0, 0x8BE0, 0x8BE0, 0x8BE0, 0x8BE0,
    0x8BE0, 0x8BE0, 0x8BE0, 0x8BE0, 0x8BE0, 0x8BE0, 0x8BE0, 0x8BE0, 0x8BE0, 0x8BE0, 0x8BE0, 0x8BE0,
    0x8BE0, 0x8BE0, 0x8BE0, 0x8BE0, 0x8BE0, 0x8BE0, 0x8BE0, 0x8BE0, 0x8BE0, 0x8BE0, 0x8BE0, 0x8BE0,
    0x8BE0, 0x8BE0, 0x8BE0, 0x8BE0, 0x8BE0, 0x8BE0, 0x8BE0, 0x8BE0, 0x8BE0, 0x8BE0, 0x8BE0, 0x8BE0,
    0x8BE0, 0x8BE0, 0x8BE0, 0x8BE0, 0x8BE0, 0x8BE0, 0x8BE0, 0x8BE0, 0x8BE0, 0x8BE0, 0x8BE0, 0x8BE0,
    0x8BE0, 0x8BE0, 0x8BE0, 0x8BE0, 0x8BE0, 0x8BE0, 0x8BE0, 0x8BE0, 0x8BE0, 0x8BE0, 0x8BE0, 0x8BE0,
    0x8BE0, 0x8BE0, 0x8BE0, 0x8BE0, 0x8BE0, 0x8BE0, 0x8BE0, 0x8BE0, 0x8BE0, 0x8BE0, 0x8BE0, 0x8BE0,
    0x8BE0, 0x8BE0, 0x8BE0, 0x8BE0, 0x8BE0, 0x8BE0, 0x8BE0, 0x8BE0, 0x8BE0, 0x8BE0, 0x8BE0, 0x8BE0,
    0x8BE0, 0x8BE0, 0x8BE0, 0x8BE0, 0x8BE0, 0x8BE0, 0x8BE0, 0x8BE0, 0x8BE0, 0x8BE0, 0x8BE0, 0x8BE0,
    0x8BE0, 0x8BE0, 0x8BE0, 0x8BE0, 0x8BE0, 0x8BE0, 0x8BE0, 0x8BE0, 0x8BE0, 0x8BE0, 0x8BE0, 0x8BE0,
    0x8BE0, 0x8BE0, 0x8BE0, 0x8BE0, 0x8BE0, 0x8BE0, 0x8BE0, 0x0000, 0x741F, 0x741F, 0x0000, 0x8BE0,
    0x0000, 0xFFFF, 0x0000, 0xFFFF, 0x0000, 0xFFFF, 0x0000, 0xFFFF, 0x0000, 0x8BE0, 0x741F, 0xFFFF,
    0x741F, 0x8BE0, 0x8BE0, 0x8BE0, 0x8BE0, 0x8BE0, 0x8BE0, 0x8BE0, 0x8BE0, 0x8BE0, 0x8BE0, 0x8BE0,
    0x8BE0, 0x8BE0, 0x8BE0, 0x8BE0, 0x8BE0, 0x8BE0, 0x8BE0, 0x8BE0, 0x8BE0, 0x8BE0, 0x8BE0, 0x8BE0,
    0x8BE0, 0x8BE0, 0x8BE0, 0x8BE0, 0x8BE0, 0x8BE0, 0x8BE0, 0x8BE0, 0x8BE0, 0x8BE0, 0x8BE0, 0x8BE0,
    0x8BE0, 0x8BE0, 0x8BE0, 0x8BE0, 0x8BE0, 0x8BE0, 0x8BE0, 0x8BE0, 0x8BE0, 0x8BE0, 0x8BE0, 0x8BE0,
    0x8BE0, 0x8BE0, 0x8BE0, 0x8BE0, 0x8BE0, 0x8BE0, 0x8BE0, 0x8BE0, 0x8BE0, 0x8BE0, 0x8BE0, 0x8BE0,
    0x8BE0, 0x8BE0, 0x8BE0, 0x8BE0, 0x8BE0, 0x8BE0, 0x8BE0, 0x8BE0, 0x8BE0, 0x8BE0, 0x8BE0, 0x8BE0,
    0x8BE0, 0x8BE0, 0x8BE0, 0x8BE0, 0x8BE0, 0x8BE0, 0x8BE0, 0x8BE0, 0x8BE0, 0x8BE0, 0x8BE0, 0x8BE0,
    0x8BE0, 0x8BE0, 0x8BE0, 0x8BE0, 0x8BE0, 0x8BE0, 0x8BE0, 0x8BE0, 0x8BE0, 0x8BE0, 0x8BE0, 0x8BE0,
    0x8BE0, 0x8BE0, 0x8BE0, 0x8BE0, 0x8BE0, 0x8BE0, 0x8BE0, 0x8BE0, 0x8BE0, 0x8BE0, 0x8BE0, 0x8BE0,
    0x8BE0, 0x8BE0, 0x8BE0, 0x8BE0, 0x8BE0, 0x8BE0, 0x8BE0, 0x8BE0, 0x8BE0, 0x8BE0, 0x8BE0, 0x8BE0,
    0x8BE0, 0x8BE0, 0x8BE0, 0x8BE0, 0x8BE0, 0x8BE0, 0x8BE0, 0x8BE0, 0x8BE0, 0x8BE0, 0x8BE0, 0x8BE0,
    0x8BE0, 0x8BE0, 0x8BE0, 0x8BE0, 0x8BE0, 0x8BE0, 0x8BE0, 0x8BE0, 0x8BE0, 0x8BE0, 0x8BE0, 0x741F,
    0xFFFF, 0xFFFF, 0x741F, 0x8BE0, 0xFFFF, 0x0000, 0x0000, 0xFFFF, 0x0000, 0xFFFF, 0xFFFF, 0x0000,
    0xFFFF, 0x0000, 0x741F, 0xFFFF, 0xFFFF, 0x8BE0, 0x8BE0, 0x8BE0, 0x8BE0, 0x8BE0, 0x8BE0, 0x8BE0,
    0x8BE0, 0x8BE0, 0x8BE0, 0x8BE0, 0x8BE0, 0x8BE0, 0x8BE0, 0x8BE0, 0x8BE0, 0x8BE0, 0x8BE0, 0x8BE0,
    0x8BE0, 0x8BE0, 0x8BE0, 0x8BE0, 0x8BE0, 0x8BE0, 0x8BE0, 0x8BE0, 0x8BE0, 0x8BE0, 0x8BE0, 0x8BE0,
    0x8BE0, 0x8BE0, 0x8BE0, 0x8BE0, 0x8BE0, 0x8BE0, 0x8BE0, 0x8BE0, 0x8BE0, 0x8BE0, 0x8BE0, 0x8BE0,
    0x8BE0, 0x8BE0, 0x8BE0, 0x8BE0, 0x8BE0, 0x8BE0, 0x8BE0, 0x8BE0, 0x8BE0, 0x8BE0, 0x8BE0, 0x8BE0,
    0x8BE0, 0x8BE0, 0x8BE0, 0x8BE0, 0x8BE0, 0x8BE0, 0x8BE0, 0x8BE0, 0x8BE0, 0x8BE0, 0x8BE0, 0x8BE0,
    0x8BE0, 0x8BE0, 0x8BE0, 0x8BE0, 0x8BE0, 0x8BE0, 0x8BE0, 0x8BE0, 0x8BE0, 0x8BE0, 0x8BE0, 0x8BE0,
    0x8BE0, 0x8BE0, 0x8BE0, 0x8BE0, 0x8BE0, 0x8BE0, 0x8BE0, 0x8BE0, 0x8BE0, 0x8BE0, 0x8BE0, 0x8BE0,
    0x8BE0, 0x8BE0, 0x8BE0, 0x8BE0, 0x8BE0, 0x8BE0, 0x8BE0, 0x8BE0, 0x8BE0, 0x8BE0, 0x8BE0, 0x8BE0,
    0x8BE0, 0x8BE0, 0x8BE0, 0x8BE0, 0x8BE0, 0x8BE0, 0x8BE0, 0x8BE0, 0x8BE0, 0x8BE0, 0x8BE0, 0x8BE0,
    0x8BE0, 0x8BE0, 0x8BE0, 0x8BE0, 0x8BE0, 0x8BE0, 0x8BE0, 0x8BE0, 0x8BE0, 0x8BE0, 0x8BE0, 0x8BE0,
    0x8BE0, 0x8BE0, 0x8BE0, 0x8BE0, 0x8BE0, 0x8BE0, 0x8BE0, 0x8BE0, 0x8BE0, 0x8BE0, 0x8BE0, 0x8BE0,
    0x8BE0, 0x8BE0, 0x8BE0, 0x741F, 0xFFFF, 0xFFFF, 0x741F, 0x0000, 0xFFFF, 0x0000, 0xFFFF, 0x0000,
    0xFFFF, 0x0000, 0xFFFF, 0x0000, 0xFFFF, 0xFFFF, 0x741F, 0xFFFF, 0xFFFF, 0x0000, 0x741F, 0x741F,
    0x0000, 0x0000, 0x0000, 0x741F, 0x0000, 0x741F, 0x0000, 0x741F, 0x741F, 0x741F, 0x0000, 0x741F,
    0x741F, 0x0000, 0x0000, 0x741F, 0x741F, 0x741F, 0x0000, 0x0000, 0x741F, 0x741F, 0x0000, 0x0000,
    0x0000, 0x0000, 0x741F, 0x0000, 0x741F, 0x0000, 0x0000, 0x741F, 0x741F, 0x0000, 0x741F, 0x741F,
    0x0000, 0x741F, 0x741F, 0x741F, 0x741F, 0x0000, 0x741F, 0x741F, 0x0000, 0x741F, 0x0000, 0x0000,
    0x741F, 0x741F, 0x0000, 0x741F, 0x0000, 0x0000, 0x741F, 0x741F, 0x741F, 0x0000, 0x0000, 0x741F,
    0x741F, 0x741F, 0x0000, 0x0000, 0x741F, 0x0000, 0x741F, 0x0000, 0x741F, 0x0000, 0x741F, 0x0000,
    0x741F, 0x0000, 0x741F, 0x741F, 0x0000, 0x741F, 0x741F, 0x741F, 0x741F, 0x0000, 0x741F, 0x741F,
    0x741F, 0x741F, 0x741F, 0x0000, 0x741F, 0x741F, 0x0000, 0x741F, 0x0000, 0x0000, 0x741F, 0x741F,
    0x0000, 0x0000, 0x0000, 0x741F, 0x741F, 0x0000, 0x741F, 0x741F, 0x741F, 0x741F, 0x741F, 0x741F,
    0x0000, 0x741F, 0x741F, 0x741F, 0x0000, 0x0000, 0x741F, 0x741F, 0x741F, 0x741F, 0x741F, 0x741F,
    0x741F, 0x0000, 0x741F, 0x0000, 0x741F, 0x741F, 0x741F, 0x0000, 0x741F, 0x741F, 0x0000, 0x741F,
    0x0000, 0x741F, 0x741F, 0x741F, 0x0000, 0x0000, 0x741F, 0x741F, 0xFFFF, 0xFFFF, 0x741F, 0xFFFF,
    0x0000, 0xFFFF, 0xFFFF, 0x0000, 0xFFFF, 0x0000, 0xFFFF, 0x0000, 0xFFFF, 0xFFFF, 0x741F, 0x741F,
    0xFFFF, 0x0000, 0x741F, 0x741F, 0x741F, 0x741F, 0x0000, 0x0000, 0x0000, 0x741F, 0x741F, 0x0000,
    0x0000, 0x0000, 0x741F, 0x0000, 0x0000, 0x0000, 0x741F, 0x741F, 0x0000, 0x741F, 0x741F, 0x741F,
    0x741F, 0x741F, 0x741F, 0x741F, 0x0000, 0x741F, 0x0000, 0x741F, 0x741F, 0x0000, 0x741F, 0x0000,
    0x741F, 0x741F, 0x741F, 0x741F, 0x741F, 0x741F, 0x741F, 0x0000, 0x0000, 0x741F, 0x0000, 0x0000,
    0x0000, 0x741F, 0x741F, 0x741F, 0x0000, 0x0000, 0x741F, 0x0000, 0x0000, 0x0000, 0x0000, 0x741F,
    0x0000, 0x0000, 0x741F, 0x0000, 0x741F, 0x741F, 0x741F, 0x741F, 0x741F, 0x741F, 0x0000, 0x741F,
    0x741F, 0x0000, 0x741F, 0x0000, 0x741F, 0x741F, 0x741F, 0x741F, 0x741F, 0x741F, 0x741F, 0x0000,
    0x0000, 0x741F, 0x0000, 0x0000, 0x741F, 0x741F, 0x741F, 0x741F, 0x0000, 0x0000, 0x741F, 0x741F,
    0x0000, 0x0000, 0x0000, 0x741F, 0x741F, 0x0000, 0x741F, 0x0000, 0x741F, 0x0000, 0x741F, 0x0000,
    0x741F, 0x0000, 0x741F, 0x0000, 0x0000, 0x741F, 0x0000, 0x0000, 0x0000, 0x741F, 0x741F, 0x741F,
    0x0000, 0x741F, 0x0000, 0x0000, 0x0000, 0x741F, 0x0000, 0x741F, 0x741F, 0x741F, 0x741F, 0x741F,
    0x0000, 0x0000, 0x741F, 0x741F, 0x0000, 0x0000, 0x0000, 0x741F, 0x741F, 0x0000, 0x741F, 0x741F,
    0xFFFF, 0x741F, 0x741F, 0xFFFF, 0x0000, 0xFFFF, 0xFFFF, 0x0000, 0xFFFF, 0x0000, 0x0000, 0xFFFF,
    0x0000, 0xFFFF, 0x741F, 0x741F, 0xFFFF, 0x0000, 0x741F, 0x0000, 0x0000, 0x0000, 0x0000, 0x0000,
    0x0000, 0x741F, 0x741F, 0x0000, 0x0000, 0x0000, 0x0000, 0x741F, 0x741F, 0x741F, 0x0000, 0x0000,
    0x741F, 0x741F, 0x0000, 0x0000, 0x741F, 0x0000, 0x0000, 0x0000, 0x741F, 0x741F, 0x741F, 0x741F,
    0x0000, 0x741F, 0x741F, 0x741F, 0x0000, 0x741F, 0x741F, 0x0000, 0x0000, 0x741F, 0x0000, 0x0000,
    0x741F, 0x741F, 0x0000, 0x0000, 0x0000, 0x741F, 0x741F, 0x741F, 0x0000, 0x0000, 0x0000, 0x741F,
    0x0000, 0x741F, 0x741F, 0x0000, 0x741F, 0x0000, 0x0000, 0x741F, 0x741F, 0x0000, 0x0000, 0x0000,
    0x0000, 0x741F, 0x741F, 0x741F, 0x0000, 0x741F, 0x741F, 0x741F, 0x0000, 0x741F, 0x0000, 0x0000,
    0x0000, 0x741F, 0x0000, 0x741F, 0x741F, 0x741F, 0x0000, 0x0000, 0x741F, 0x741F, 0x741F, 0x741F,
    0x0000, 0x0000, 0x0000, 0x741F, 0x0000, 0x741F, 0x741F, 0x0000, 0x0000, 0x0000, 0x0000, 0x741F,
    0x741F, 0x0000, 0x0000, 0x0000, 0x741F, 0x741F, 0x0000, 0x741F, 0x741F, 0x0000, 0x741F, 0x0000,
    0x741F, 0x741F, 0x0000, 0x0000, 0x741F, 0x741F, 0x741F, 0x741F, 0x741F, 0x0000, 0x0000, 0x741F,
    0x741F, 0x741F, 0x741F, 0x741F, 0x0000, 0x0000, 0x0000, 0x741F, 0x0000, 0x741F, 0x0000, 0x0000,
    0x0000, 0x741F, 0x0000, 0x741F, 0xFFFF, 0x741F, 0xFFFF, 0xFFFF, 0x0000, 0xFFFF, 0x0000, 0xFFFF,
    0x0000, 0xFFFF, 0x0000, 0xFFFF, 0x0000, 0x0000, 0xFFFF, 0x741F, 0xFFFF, 0x0000, 0x741F, 0x0000,
    0x0000, 0x0000, 0x741F, 0x741F, 0x0000, 0x0000, 0x741F, 0x0000, 0x0000, 0x0000, 0x0000, 0x741F,
    0x741F, 0x741F, 0x741F, 0x741F, 0x0000, 0x741F, 0x741F, 0x0000, 0x741F, 0x741F, 0x0000, 0x0000,
    0x741F, 0x741F, 0x0000, 0x741F, 0x0000, 0x0000, 0x741F, 0x741F, 0x0000, 0x741F, 0x0000, 0x741F,
    0x741F, 0x0000, 0x0000, 0x741F, 0x741F, 0x741F, 0x0000, 0x741F, 0x0000, 0x0000, 0x741F, 0x741F,
    0x0000, 0x0000, 0x0000, 0x741F, 0x741F, 0x741F, 0x0000, 0x741F, 0x0000, 0x741F, 0x741F, 0x0000,
    0x741F, 0x741F, 0x0000, 0x0000, 0x0000, 0x741F, 0x0000, 0x741F, 0x0000, 0x741F, 0x741F, 0x741F,
    0x0000, 0x741F, 0x741F, 0x741F, 0x741F, 0x0000, 0x0000, 0x741F, 0x741F, 0x741F, 0x0000, 0x741F,
    0x741F, 0x0000, 0x741F, 0x741F, 0x0000, 0x741F, 0x0000, 0x741F, 0x741F, 0x741F, 0x0000, 0x741F,
    0x741F, 0x741F, 0x741F, 0x0000, 0x741F, 0x0000, 0x741F, 0x741F, 0x0000, 0x741F, 0x0000, 0x741F,
    0x741F, 0x0000, 0x0000, 0x0000, 0x741F, 0x741F, 0x741F, 0x741F, 0x741F, 0x0000, 0x0000, 0x741F,
    0x741F, 0x741F, 0x0000, 0x741F, 0x741F, 0x0000, 0x741F, 0x741F, 0x0000, 0x741F, 0x0000, 0x741F,
    0x741F, 0x741F, 0x0000, 0x741F, 0x741F, 0x0000, 0x741F, 0x741F, 0xFFFF, 0x741F, 0xFFFF, 0x0000,
    0xFFFF, 0x0000, 0x0000, 0xFFFF, 0x0000, 0xFFFF, 0xFFFF, 0x0000, 0xFFFF, 0x0000, 0xFFFF, 0x8BE0,
    0x8BE0, 0x8BE0, 0x8BE0, 0x0000, 0x741F, 0x741F, 0x741F, 0x741F, 0x741F, 0x741F, 0x0000, 0x741F,
    0x741F, 0x741F, 0x0000, 0x741F, 0x741F, 0x741F, 0x741F, 0x741F, 0x741F, 0x0000, 0x0000, 0x741F,
    0x741F, 0x0000, 0x741F, 0x741F, 0x0000, 0x741F, 0x0000, 0x741F, 0x741F, 0x0000, 0x0000, 0x0000,
    0x741F, 0x0000, 0x0000, 0x741F, 0x0000, 0x741F, 0x741F, 0x0000, 0x0000, 0x0000, 0x741F, 0x741F,
    0x741F, 0x741F, 0x0000, 0x0000, 0x741F, 0x741F, 0x0000, 0x741F, 0x741F, 0x741F, 0x0000, 0x741F,
    0x741F, 0x0000, 0x0000, 0x0000, 0x741F, 0x0000, 0x741F, 0x741F, 0x741F, 0x741F, 0x0000, 0x741F,
    0x741F, 0x0000, 0x0000, 0x0000, 0x741F, 0x0000, 0x741F, 0x741F, 0x0000, 0x741F, 0x741F, 0x0000,
    0x0000, 0x0000, 0x741F, 0x741F, 0x741F, 0x741F, 0x0000, 0x0000, 0x741F, 0x741F, 0x0000, 0x741F,
    0x741F, 0x741F, 0x0000, 0x741F, 0x741F, 0x0000, 0x0000, 0x0000, 0x741F, 0x741F, 0x0000, 0x0000,
    0x741F, 0x741F, 0x741F, 0x741F, 0x0000, 0x0000, 0x741F, 0x741F, 0x0000, 0x0000, 0x741F, 0x741F,
    0x741F, 0x741F, 0x741F, 0x0000, 0x0000, 0x0000, 0x741F, 0x741F, 0x741F, 0x741F, 0x0000, 0x0000,
    0x741F, 0x741F, 0x0000, 0x741F, 0x741F, 0x741F, 0x0000, 0x741F, 0x741F, 0x8BE0, 0x8BE0, 0x8BE0,
    0x8BE0, 0x8BE0, 0x741F, 0x0000, 0xFFFF, 0x0000, 0xFFFF, 0x0000, 0x0000, 0xFFFF, 0xFFFF, 0x0000,
    0xFFFF, 0x0000, 0x8BE0, 0x8BE0, 0x8BE0, 0x8BE0, 0x8BE0, 0x8BE0, 0x0000, 0x0000, 0x0000, 0x0000,
    0x0000, 0x0000, 0x0000, 0x0000, 0x0000, 0x0000, 0x0000, 0x0000, 0x0000, 0x0000, 0x0000, 0x0000,
    0x0000, 0x0000, 0x0000, 0x0000, 0x0000, 0x0000, 0x0000, 0x0000, 0x0000, 0x0000, 0x0000, 0x0000,
    0x0000, 0x0000, 0x0000, 0x0000, 0x0000, 0x0000, 0x0000, 0x0000, 0x0000, 0x0000, 0x0000, 0x0000,
    0x0000, 0x0000, 0x0000, 0x0000, 0x0000, 0x0000, 0x0000, 0x0000, 0x0000, 0x0000, 0x0000, 0x0000,
    0x0000, 0x0000, 0x0000, 0x0000, 0x0000, 0x0000, 0x0000, 0x0000, 0x0000, 0x0000, 0x0000, 0x0000,
    0x0000, 0x0000, 0x0000, 0x0000, 0x0000, 0x0000, 0x0000, 0x0000, 0x0000, 0x0000, 0x0000, 0x0000,
    0x0000, 0x0000, 0x0000, 0x0000, 0x0000, 0x0000, 0x0000, 0x0000, 0x0000, 0x0000, 0x0000, 0x0000,
    0x0000, 0x0000, 0x0000, 0x0000, 0x0000, 0x0000, 0x0000, 0x0000, 0x0000, 0x0000, 0x0000, 0x0000,
    0x0000, 0x0000, 0x0000, 0x0000, 0x0000, 0x0000, 0x0000, 0x0000, 0x0000, 0x0000, 0x0000, 0x0000,
    0x0000, 0x0000, 0x0000, 0x0000, 0x0000, 0x0000, 0x0000, 0x0000, 0x0000, 0x0000, 0x0000, 0x0000,
    0x0000, 0x0000, 0x0000, 0x0000, 0x0000, 0x0000, 0x0000, 0x0000, 0x0000, 0x0000, 0x0000, 0x0000,
    0x0000, 0x8BE0, 0x8BE0, 0x8BE0, 0x8BE0, 0x8BE0, 0x741F, 0x0000, 0xFFFF, 0x0000, 0xFFFF, 0x0000,
    0x0000, 0x0000, 0xFFFF, 0x0000, 0xFFFF, 0xFFFF, 0x0000, 0x8BE0, 0x8BE0, 0x8BE0, 0x8BE0, 0x0000,
    0xFFFF, 0xFFFF, 0xFFFF, 0xFFFF, 0xFFFF, 0xFFFF, 0xFFFF, 0xFFFF, 0xFFFF, 0xFFFF, 0xFFFF, 0xFFFF,
    0xFFFF, 0xFFFF, 0xFFFF, 0xFFFF, 0xFFFF, 0xFFFF, 0xFFFF, 0xFFFF, 0xFFFF, 0xFFFF, 0xFFFF, 0xFFFF,
    0xFFFF, 0xFFFF, 0xFFFF, 0xFFFF, 0xFFFF, 0xFFFF, 0xFFFF, 0xFFFF, 0xFFFF, 0xFFFF, 0xFFFF, 0xFFFF,
    0xFFFF, 0xFFFF, 0xFFFF, 0xFFFF, 0xFFFF, 0xFFFF, 0xFFFF, 0xFFFF, 0xFFFF, 0xFFFF, 0xFFFF, 0xFFFF,
    0xFFFF, 0xFFFF, 0xFFFF, 0xFFFF, 0xFFFF, 0xFFFF, 0xFFFF, 0xFFFF, 0xFFFF, 0xFFFF, 0xFFFF, 0xFFFF,
    0xFFFF, 0xFFFF, 0xFFFF, 0xFFFF, 0xFFFF, 0xFFFF, 0xFFFF, 0xFFFF, 0xFFFF, 0xFFFF, 0xFFFF, 0xFFFF,
    0xFFFF, 0xFFFF, 0xFFFF, 0xFFFF, 0xFFFF, 0xFFFF, 0xFFFF, 0xFFFF, 0xFFFF, 0xFFFF, 0xFFFF, 0xFFFF,
    0xFFFF, 0xFFFF, 0xFFFF, 0xFFFF, 0xFFFF, 0xFFFF, 0xFFFF, 0xFFFF, 0xFFFF, 0xFFFF, 0xFFFF, 0xFFFF,
    0xFFFF, 0xFFFF, 0xFFFF, 0xFFFF, 0xFFFF, 0xFFFF, 0xFFFF, 0xFFFF, 0xFFFF, 0xFFFF, 0xFFFF, 0xFFFF,
    0xFFFF, 0xFFFF, 0xFFFF, 0xFFFF, 0xFFFF, 0xFFFF, 0xFFFF, 0xFFFF, 0xFFFF, 0xFFFF, 0xFFFF, 0xFFFF,
    0xFFFF, 0xFFFF, 0xFFFF, 0xFFFF, 0xFFFF, 0xFFFF, 0xFFFF, 0xFFFF, 0xFFFF, 0xFFFF, 0xFFFF, 0xFFFF,
    0xFFFF, 0xFFFF, 0xFFFF, 0xFFFF, 0xFFFF, 0x8BE0, 0x8BE0, 0x8BE0, 0x8BE0, 0x8BE0, 0x741F, 0xFFFF,
    0x0000, 0xFFFF, 0xFFFF, 0x0000, 0x0000, 0x0000, 0x0000, 0xFFFF, 0x0000, 0xFFFF, 0x741F, 0x741F,
    0xFFFF, 0x0000, 0x741F, 0x0000, 0x741F, 0x0000, 0x741F, 0x741F, 0x0000, 0x0000, 0x741F, 0x0000,
    0x0000, 0x0000, 0x0000, 0x0000, 0x741F, 0x0000, 0x741F, 0x741F, 0x741F, 0x0000, 0x741F, 0x741F,
    0x741F, 0x0000, 0x741F, 0x0000, 0x0000, 0x741F, 0x0000, 0x0000, 0x0000, 0x741F, 0x741F, 0x0000,
    0x741F, 0x0000, 0x741F, 0x0000, 0x0000, 0x0000, 0x741F, 0x0000, 0x741F, 0x0000, 0x741F, 0x741F,
    0x0000, 0x0000, 0x741F, 0x0000, 0x0000, 0x0000, 0x0000, 0x0000, 0x741F, 0x0000, 0x0000, 0x0000,
    0x0000, 0x0000, 0x741F, 0x0000, 0x741F, 0x0000, 0x741F, 0x741F, 0x741F, 0x0000, 0x741F, 0x0000,
    0x0000, 0x0000, 0x741F, 0x0000, 0x741F, 0x0000, 0x0000, 0x0000, 0x0000, 0x0000, 0x741F, 0x0000,
    0x741F, 0x0000, 0x741F, 0x0000, 0x741F, 0x741F, 0x741F, 0x0000, 0x0000, 0x0000, 0x741F, 0x741F,
    0x741F, 0x0000, 0x0000, 0x0000, 0x741F, 0x0000, 0x741F, 0x0000, 0x741F, 0x0000, 0x741F, 0x741F,
    0x741F, 0x0000, 0x0000, 0x0000, 0x0000, 0x0000, 0x741F, 0x741F, 0x741F, 0x0000, 0x0000, 0x0000,
    0x741F, 0x0000, 0x0000, 0x0000, 0x741F, 0x0000, 0x741F, 0x741F, 0x741F, 0x0000, 0x0000, 0x0000,
    0x0000, 0x0000, 0x741F, 0x741F, 0x741F, 0x741F, 0x741F, 0x741F, 0x741F, 0x741F, 0x741F, 0x741F,
    0xFFFF, 0x741F, 0xFFFF, 0xFFFF, 0x0000, 0xFFFF, 0x0000, 0x0000, 0x0000, 0x0000, 0x0000, 0xFFFF,
    0x0000, 0x0000, 0xFFFF, 0x741F, 0xFFFF, 0x0000, 0x741F, 0x741F, 0x741F, 0x0000, 0x0000, 0x741F,
    0x0000, 0x0000, 0x741F, 0x0000, 0x0000, 0x0000, 0x0000, 0x741F, 0x741F, 0x0000, 0x0000, 0x741F,
    0x741F, 0x741F, 0x741F, 0x741F, 0x741F, 0x0000, 0x741F, 0x741F, 0x0000, 0x0000, 0x0000, 0x741F,
    0x0000, 0x0000, 0x0000, 0x741F, 0x0000, 0x0000, 0x741F, 0x741F, 0x0000, 0x0000, 0x741F, 0x0000,
    0x0000, 0x0000, 0x741F, 0x741F, 0x0000, 0x0000, 0x741F, 0x741F, 0x0000, 0x0000, 0x0000, 0x741F,
    0x0000, 0x0000, 0x741F, 0x741F, 0x0000, 0x0000, 0x741F, 0x741F, 0x0000, 0x0000, 0x741F, 0x741F,
    0x0000, 0x0000, 0x741F, 0x741F, 0x0000, 0x741F, 0x0000, 0x741F, 0x0000, 0x0000, 0x741F, 0x741F,
    0x0000, 0x0000, 0x741F, 0x0000, 0x741F, 0x0000, 0x741F, 0x741F, 0x741F, 0x0000, 0x741F, 0x741F,
    0x0000, 0x741F, 0x0000, 0x0000, 0x0000, 0x0000, 0x741F, 0x741F, 0x741F, 0x0000, 0x741F, 0x741F,
    0x0000, 0x0000, 0x741F, 0x741F, 0x0000, 0x0000, 0x741F, 0x741F, 0x0000, 0x741F, 0x0000, 0x0000,
    0x0000, 0x0000, 0x741F, 0x741F, 0x741F, 0x0000, 0x741F, 0x741F, 0x0000, 0x0000, 0x741F, 0x0000,
    0x0000, 0x0000, 0x741F, 0x741F, 0x0000, 0x741F, 0x0000, 0x0000, 0x0000, 0x741F, 0x0000, 0x0000,
    0x0000, 0x741F, 0x741F, 0x741F, 0xFFFF, 0x741F, 0xFFFF, 0x0000, 0xFFFF, 0x0000, 0x0000, 0x0000,
    0x0000, 0x0000, 0x0000, 0x0000, 0xFFFF, 0x0000, 0xFFFF, 0x8BE0, 0x8BE0, 0x8BE0, 0x8BE0, 0x0000,
    0x741F, 0x0000, 0x0000, 0x0000, 0x741F, 0x0000, 0x0000, 0x741F, 0x0000, 0x0000, 0x741F, 0x741F,
    0x0000, 0x741F, 0x0000, 0x0000, 0x0000, 0x0000, 0x0000, 0x741F, 0x0000, 0x0000, 0x0000, 0x741F,
    0x0000, 0x0000, 0x0000, 0x0000, 0x0000, 0x0000, 0x741F, 0x741F, 0x0000, 0x741F, 0x0000, 0x0000,
    0x741F, 0x0000, 0x0000, 0x741F, 0x741F, 0x0000, 0x0000, 0x0000, 0x741F, 0x0000, 0x0000, 0x0000,
    0x0000, 0x0000, 0x741F, 0x741F, 0x0000, 0x741F, 0x0000, 0x0000, 0x741F, 0x0000, 0x0000, 0x0000,
    0x741F, 0x0000, 0x0000, 0x0000, 0x0000, 0x0000, 0x0000, 0x0000, 0x0000, 0x741F, 0x741F, 0x741F,
    0x0000, 0x741F, 0x0000, 0x0000, 0x741F, 0x0000, 0x0000, 0x0000, 0x0000, 0x0000, 0x0000, 0x741F,
    0x741F, 0x0000, 0x0000, 0x0000, 0x0000, 0x741F, 0x741F, 0x0000, 0x0000, 0x741F, 0x0000, 0x0000,
    0x0000, 0x0000, 0x0000, 0x0000, 0x741F, 0x741F, 0x0000, 0x0000, 0x0000, 0x0000, 0x0000, 0x0000,
    0x0000, 0x741F, 0x741F, 0x0000, 0x0000, 0x741F, 0x0000, 0x0000, 0x0000, 0x0000, 0x0000, 0x0000,
    0x741F, 0x741F, 0x0000, 0x0000, 0x0000, 0x0000, 0x0000, 0x0000, 0x741F, 0x741F, 0x741F, 0x0000,
    0x0000, 0x0000, 0x741F, 0x741F, 0x741F, 0x8BE0, 0x8BE0, 0x8BE0, 0x8BE0, 0x8BE0, 0x741F, 0x0000,
    0xFFFF, 0x0000, 0x0000, 0x0000, 0x0000, 0x0000, 0x0000, 0x0000, 0xFFFF, 0x0000, 0x8BE0, 0x8BE0,
    0x8BE0, 0x8BE0, 0x8BE0, 0x8BE0, 0x0000, 0x0000, 0x0000, 0x0000, 0x0000, 0x0000, 0x0000, 0x0000,
    0x0000, 0x0000, 0x0000, 0x0000, 0x0000, 0x0000, 0x0000, 0x0000, 0x0000, 0x0000, 0x0000, 0x0000,
    0x0000, 0x0000, 0x0000, 0x0000, 0x0000, 0x0000, 0x0000, 0x0000, 0x0000, 0x0000, 0x0000, 0x0000,
    0x0000, 0x0000, 0x0000, 0x0000, 0x0000, 0x0000, 0x0000, 0x0000, 0x0000, 0x0000, 0x0000, 0x0000,
    0x0000, 0x0000, 0x0000, 0x0000, 0x0000, 0x0000, 0x0000, 0x0000, 0x0000, 0x0000, 0x0000, 0x0000,
    0x0000, 0x0000, 0x0000, 0x0000, 0x0000, 0x0000, 0x0000, 0x0000, 0x0000, 0x0000, 0x0000, 0x0000,
    0x0000, 0x0000, 0x0000, 0x0000, 0x0000, 0x0000, 0x0000, 0x0000, 0x0000, 0x0000, 0x0000, 0x0000,
    0x0000, 0x0000, 0x0000, 0x0000, 0x0000, 0x0000, 0x0000, 0x0000, 0x0000, 0x0000, 0x0000, 0x0000,
    0x0000, 0x0000, 0x0000, 0x0000, 0x0000, 0x0000, 0x0000, 0x0000, 0x0000, 0x0000, 0x0000, 0x0000,
    0x0000, 0x0000, 0x0000, 0x0000, 0x0000, 0x0000, 0x0000, 0x0000, 0x0000, 0x0000, 0x0000, 0x0000,
    0x0000, 0x0000, 0x0000, 0x0000, 0x0000, 0x0000, 0x0000, 0x0000, 0x0000, 0x0000, 0x0000, 0x0000,
    0x0000, 0x0000, 0x0000, 0x0000, 0x0000, 0x0000, 0x0000, 0x0000, 0x0000, 0x8BE0, 0x8BE0, 0x8BE0,
    0x8BE0, 0x8BE0, 0x741F, 0x0000, 0xFFFF, 0x0000, 0x0000, 0x0000, 0x0000, 0x0000, 0x0000, 0x0000,
    0xFFFF, 0xFFFF, 0x0000, 0x8BE0, 0x8BE0, 0x8BE0, 0x8BE0, 0x0000, 0xFFFF, 0xFFFF, 0xFFFF, 0xFFFF,
    0xFFFF, 0xFFFF, 0xFFFF, 0xFFFF, 0xFFFF, 0xFFFF, 0xFFFF, 0xFFFF, 0xFFFF, 0xFFFF, 0xFFFF, 0xFFFF,
    0xFFFF, 0xFFFF, 0xFFFF, 0xFFFF, 0xFFFF, 0xFFFF, 0xFFFF, 0xFFFF, 0xFFFF, 0xFFFF, 0xFFFF, 0xFFFF,
    0xFFFF, 0xFFFF, 0xFFFF, 0xFFFF, 0xFFFF, 0xFFFF, 0xFFFF, 0xFFFF, 0xFFFF, 0xFFFF, 0xFFFF, 0xFFFF,
    0xFFFF, 0xFFFF, 0xFFFF, 0xFFFF, 0xFFFF, 0xFFFF, 0xFFFF, 0xFFFF, 0xFFFF, 0xFFFF, 0xFFFF, 0xFFFF,
    0xFFFF, 0xFFFF, 0xFFFF, 0xFFFF, 0xFFFF, 0xFFFF, 0xFFFF, 0xFFFF, 0xFFFF, 0xFFFF, 0xFFFF, 0xFFFF,
    0xFFFF, 0xFFFF, 0xFFFF, 0xFFFF, 0xFFFF, 0xFFFF, 0xFFFF, 0xFFFF, 0xFFFF, 0xFFFF, 0xFFFF, 0xFFFF,
    0xFFFF, 0xFFFF, 0xFFFF, 0xFFFF, 0xFFFF, 0xFFFF, 0xFFFF, 0xFFFF, 0xFFFF, 0xFFFF, 0xFFFF, 0xFFFF,
    0xFFFF, 0xFFFF, 0xFFFF, 0xFFFF, 0xFFFF, 0xFFFF, 0xFFFF, 0xFFFF, 0xFFFF, 0xFFFF, 0xFFFF, 0xFFFF,
    0xFFFF, 0xFFFF, 0xFFFF, 0xFFFF, 0xFFFF, 0xFFFF, 0xFFFF, 0xFFFF, 0xFFFF, 0xFFFF, 0xFFFF, 0xFFFF,
    0xFFFF, 0xFFFF, 0xFFFF, 0xFFFF, 0xFFFF, 0xFFFF, 0xFFFF, 0xFFFF, 0xFFFF, 0xFFFF, 0xFFFF, 0xFFFF,
    0xFFFF, 0xFFFF, 0xFFFF, 0xFFFF, 0xFFFF, 0xFFFF, 0xFFFF, 0xFFFF, 0xFFFF, 0xFFFF, 0xFFFF, 0xFFFF,
    0xFFFF, 0x8BE0, 0x8BE0, 0x8BE0, 0x8BE0, 0x8BE0, 0x741F, 0xFFFF, 0x0000, 0x0000, 0x0000, 0x0000,
    0x0000, 0x0000, 0x0000, 0x0000, 0x0000, 0xFFFF, 0x741F, 0x741F, 0xFFFF, 0x0000, 0x741F, 0x741F,
    0x0000, 0x741F, 0x741F, 0x741F, 0x0000, 0x741F, 0x741F, 0x0000, 0x741F, 0x741F, 0x0000, 0x0000,
    0x0000, 0x741F, 0x0000, 0x741F, 0x741F, 0x0000, 0x741F, 0x741F, 0x0000, 0x741F, 0x741F, 0x741F,
    0x0000, 0x741F, 0x741F, 0x0000, 0x741F, 0x741F, 0x0000, 0x741F, 0x741F, 0x741F, 0x0000, 0x741F,
    0x741F, 0x0000, 0x741F, 0x741F, 0x0000, 0x741F, 0x741F, 0x741F, 0x0000, 0x741F, 0x741F, 0x0000,
    0x741F, 0x741F, 0x0000, 0x741F, 0x741F, 0x741F, 0x0000, 0x741F, 0x741F, 0x0000, 0x741F, 0x741F,
    0x0000, 0x741F, 0x741F, 0x741F, 0x0000, 0x741F, 0x741F, 0x0000, 0x741F, 0x741F, 0x0000, 0x741F,
    0x741F, 0x741F, 0x0000, 0x741F, 0x741F, 0x0000, 0x741F, 0x741F, 0x0000, 0x741F, 0x741F, 0x741F,
    0x0000, 0x741F, 0x741F, 0x0000, 0x741F, 0x741F, 0x0000, 0x741F, 0x741F, 0x741F, 0x0000, 0x741F,
    0x0000, 0x0000, 0x741F, 0x741F, 0x0000, 0x741F, 0x741F, 0x741F, 0x0000, 0x741F, 0x0000, 0x0000,
    0x741F, 0x741F, 0x0000, 0x741F, 0x741F, 0x741F, 0x0000, 0x741F, 0x0000, 0x0000, 0x0000, 0x741F,
    0x0000, 0x741F, 0x741F, 0x741F, 0x0000, 0x741F, 0x0000, 0x0000, 0x0000, 0x741F, 0x0000, 0x741F,
    0x741F, 0x741F, 0x0000, 0x741F, 0x741F, 0x0000, 0x741F, 0x741F, 0xFFFF, 0x741F, 0xFFFF, 0xFFFF,
    0x0000, 0x0000, 0x0000, 0x0000, 0x0000, 0x0000, 0x0000, 0x0000, 0x0000, 0x0000, 0xFFFF, 0x741F,
    0xFFFF, 0x0000, 0x741F, 0x0000, 0x0000, 0x0000, 0x0000, 0x741F, 0x0000, 0x0000, 0x741F, 0x0000,
    0x741F, 0x741F, 0x0000, 0x741F, 0x741F, 0x741F, 0x0000, 0x0000, 0x741F, 0x0000, 0x741F, 0x741F,
    0x0000, 0x0000, 0x741F, 0x741F, 0x0000, 0x0000, 0x741F, 0x741F, 0x741F, 0x741F, 0x0000, 0x0000,
    0x741F, 0x741F, 0x0000, 0x0000, 0x741F, 0x741F, 0x741F, 0x741F, 0x0000, 0x0000, 0x741F, 0x741F,
    0x0000, 0x0000, 0x741F, 0x741F, 0x741F, 0x741F, 0x0000, 0x0000, 0x741F, 0x741F, 0x0000, 0x0000,
    0x741F, 0x741F, 0x741F, 0x0000, 0x0000, 0x0000, 0x741F, 0x741F, 0x0000, 0x0000, 0x741F, 0x741F,
    0x741F, 0x0000, 0x0000, 0x0000, 0x741F, 0x741F, 0x0000, 0x0000, 0x741F, 0x741F, 0x741F, 0x0000,
    0x0000, 0x0000, 0x741F, 0x741F, 0x0000, 0x0000, 0x741F, 0x0000, 0x741F, 0x0000, 0x0000, 0x741F,
    0x741F, 0x741F, 0x0000, 0x0000, 0x741F, 0x741F, 0x741F, 0x0000, 0x0000, 0x741F, 0x741F, 0x741F,
    0x0000, 0x0000, 0x741F, 0x741F, 0x741F, 0x0000, 0x0000, 0x741F, 0x741F, 0x741F, 0x0000, 0x0000,
    0x741F, 0x741F, 0x0000, 0x0000, 0x0000, 0x741F, 0x741F, 0x0000, 0x0000, 0x0000, 0x741F, 0x741F,
    0x0000, 0x0000, 0x0000, 0x741F, 0x741F, 0x0000, 0x0000, 0x0000, 0x0000, 0x741F, 0x741F, 0x741F,
    0xFFFF, 0x741F, 0xFFFF, 0x0000, 0x0000, 0x0000, 0x0000, 0x0000, 0x0000, 0x0000, 0x0000, 0x0000,
    0x0000, 0x0000, 0xFFFF, 0x8BE0, 0x8BE0, 0x8BE0, 0x8BE0, 0x0000, 0x741F, 0x0000, 0x0000, 0x741F,
    0x741F, 0x0000, 0x0000, 0x0000, 0x0000, 0x0000, 0x741F, 0x741F, 0x741F, 0x741F, 0x741F, 0x0000,
    0x0000, 0x0000, 0x0000, 0x0000, 0x741F, 0x0000, 0x0000, 0x741F, 0x741F, 0x0000, 0x0000, 0x0000,
    0x0000, 0x0000, 0x741F, 0x0000, 0x0000, 0x741F, 0x741F, 0x0000, 0x0000, 0x0000, 0x0000, 0x0000,
    0x741F, 0x0000, 0x0000, 0x741F, 0x741F, 0x0000, 0x0000, 0x0000, 0x0000, 0x0000, 0x741F, 0x0000,
    0x0000, 0x741F, 0x741F, 0x0000, 0x0000, 0x0000, 0x0000, 0x0000, 0x741F, 0x0000, 0x0000, 0x741F,
    0x741F, 0x0000, 0x0000, 0x0000, 0x0000, 0x0000, 0x741F, 0x0000, 0x0000, 0x741F, 0x741F, 0x0000,
    0x0000, 0x0000, 0x0000, 0x0000, 0x741F, 0x0000, 0x0000, 0x741F, 0x741F, 0x0000, 0x0000, 0x741F,
    0x0000, 0x0000, 0x741F, 0x741F, 0x0000, 0x741F, 0x741F, 0x0000, 0x0000, 0x0000, 0x0000, 0x0000,
    0x741F, 0x741F, 0x0000, 0x741F, 0x741F, 0x0000, 0x0000, 0x0000, 0x0000, 0x0000, 0x741F, 0x741F,
    0x0000, 0x741F, 0x741F, 0x0000, 0x0000, 0x0000, 0x0000, 0x0000, 0x741F, 0x741F, 0x0000, 0x0000,
    0x741F, 0x0000, 0x0000, 0x0000, 0x0000, 0x0000, 0x741F, 0x741F, 0x0000, 0x0000, 0x741F, 0x741F,
    0x741F, 0x8BE0, 0x8BE0, 0x8BE0, 0x8BE0, 0x8BE0, 0x741F, 0x0000, 0x0000, 0x0000, 0x0000, 0x0000,
    0x0000, 0x0000, 0x0000, 0x0000, 0x0000, 0x0000, 0x8BE0, 0x8BE0, 0x8BE0, 0x8BE0, 0x8BE0, 0x8BE0,
    0x0000, 0x0000, 0x0000, 0x0000, 0x0000, 0x0000, 0x0000, 0x0000, 0x0000, 0x0000, 0x0000, 0x0000,
    0x0000, 0x0000, 0x0000, 0x0000, 0x0000, 0x0000, 0x0000, 0x0000, 0x0000, 0x0000, 0x0000, 0x0000,
    0x0000, 0x0000, 0x0000, 0x0000, 0x0000, 0x0000, 0x0000, 0x0000, 0x0000, 0x0000, 0x0000, 0x0000,
    0x0000, 0x0000, 0x0000, 0x0000, 0x0000, 0x0000, 0x0000, 0x0000, 0x0000, 0x0000, 0x0000, 0x0000,
    0x0000, 0x0000, 0x0000, 0x0000, 0x0000, 0x0000, 0x0000, 0x0000, 0x0000, 0x0000, 0x0000, 0x0000,
    0x0000, 0x0000, 0x0000, 0x0000, 0x0000, 0x0000, 0x0000, 0x0000, 0x0000, 0x0000, 0x0000, 0x0000,
    0x0000, 0x0000, 0x0000, 0x0000, 0x0000, 0x0000, 0x0000, 0x0000, 0x0000, 0x0000, 0x0000, 0x0000,
    0x0000, 0x0000, 0x0000, 0x0000, 0x0000, 0x0000, 0x0000, 0x0000, 0x0000, 0x0000, 0x0000, 0x0000,
    0x0000, 0x0000, 0x0000, 0x0000, 0x0000, 0x0000, 0x0000, 0x0000, 0x0000, 0x0000, 0x0000, 0x0000,
    0x0000, 0x0000, 0x0000, 0x0000, 0x0000, 0x0000, 0x0000, 0x0000, 0x0000, 0x0000, 0x0000, 0x0000,
    0x0000, 0x0000, 0x0000, 0x0000, 0x0000, 0x0000, 0x0000, 0x0000, 0x0000, 0x0000, 0x0000, 0x0000,
    0x0000, 0x0000, 0x0000, 0x0000, 0x0000, 0x8BE0, 0x8BE0, 0x8BE0, 0x8BE0, 0x8BE0, 0x741F, 0x0000,
    0x0000, 0x0000, 0x0000, 0x0000, 0x0000, 0x0000, 0x0000, 0x0000, 0x0000, 0x0000, 0x0000, 0x8BE0,
    0x8BE0, 0x8BE0, 0x8BE0, 0x0000, 0xFFFF, 0xFFFF, 0xFFFF, 0xFFFF, 0xFFFF, 0xFFFF, 0xFFFF, 0xFFFF,
    0xFFFF, 0xFFFF, 0xFFFF, 0xFFFF, 0xFFFF, 0xFFFF, 0xFFFF, 0xFFFF, 0xFFFF, 0xFFFF, 0xFFFF, 0xFFFF,
    0xFFFF, 0xFFFF, 0xFFFF, 0xFFFF, 0xFFFF, 0xFFFF, 0xFFFF, 0xFFFF, 0xFFFF, 0xFFFF, 0xFFFF, 0xFFFF,
    0xFFFF, 0xFFFF, 0xFFFF, 0xFFFF, 0xFFFF, 0xFFFF, 0xFFFF, 0xFFFF, 0xFFFF, 0xFFFF, 0xFFFF, 0xFFFF,
    0xFFFF, 0xFFFF, 0xFFFF, 0xFFFF, 0xFFFF, 0xFFFF, 0xFFFF, 0xFFFF, 0xFFFF, 0xFFFF, 0xFFFF, 0xFFFF,
    0xFFFF, 0xFFFF, 0xFFFF, 0xFFFF, 0xFFFF, 0xFFFF, 0xFFFF, 0xFFFF, 0xFFFF, 0xFFFF, 0xFFFF, 0xFFFF,
    0xFFFF, 0xFFFF, 0xFFFF, 0xFFFF, 0xFFFF, 0xFFFF, 0xFFFF, 0xFFFF, 0xFFFF, 0xFFFF, 0xFFFF, 0xFFFF,
    0xFFFF, 0xFFFF, 0xFFFF, 0xFFFF, 0xFFFF, 0xFFFF, 0xFFFF, 0xFFFF, 0xFFFF, 0xFFFF, 0xFFFF, 0xFFFF,
    0xFFFF, 0xFFFF, 0xFFFF, 0xFFFF, 0xFFFF, 0xFFFF, 0xFFFF, 0xFFFF, 0xFFFF, 0xFFFF, 0xFFFF, 0xFFFF,
    0xFFFF, 0xFFFF, 0xFFFF, 0xFFFF, 0xFFFF, 0xFFFF, 0xFFFF, 0xFFFF, 0xFFFF, 0xFFFF, 0xFFFF, 0xFFFF,
    0xFFFF, 0xFFFF, 0xFFFF, 0xFFFF, 0xFFFF, 0xFFFF, 0xFFFF, 0xFFFF, 0xFFFF, 0xFFFF, 0xFFFF, 0xFFFF,
    0xFFFF, 0xFFFF, 0xFFFF, 0xFFFF, 0xFFFF, 0xFFFF, 0xFFFF, 0xFFFF, 0xFFFF, 0x8BE0, 0x8BE0, 0x8BE0,
    0x8BE0, 0x8BE0, 0x741F, 0x0000, 0x0000, 0x0000, 0x0000, 0x0000, 0x0000, 0x0000, 0x0000, 0x0000,
    0x0000, 0x0000, 0x741F, 0x741F, 0xFFFF, 0x0000, 0x741F, 0x741F, 0x741F, 0x741F, 0x741F, 0x741F,
    0x741F, 0x0000, 0x741F, 0x741F, 0x741F, 0x741F, 0x0000, 0x0000, 0x741F, 0x741F, 0x741F, 0x0000,
    0x741F, 0x741F, 0x741F, 0x741F, 0x0000, 0x0000, 0x0000, 0x741F, 0x741F, 0x0000, 0x741F, 0x741F,
    0x741F, 0x741F, 0x0000, 0x0000, 0x0000, 0x741F, 0x741F, 0x0000, 0x741F, 0x741F, 0x741F, 0x741F,
    0x0000, 0x0000, 0x0000, 0x741F, 0x741F, 0x0000, 0x741F, 0x741F, 0x741F, 0x741F, 0x0000, 0x0000,
    0x0000, 0x741F, 0x741F, 0x0000, 0x741F, 0x741F, 0x741F, 0x0000, 0x0000, 0x0000, 0x0000, 0x741F,
    0x741F, 0x0000, 0x0000, 0x741F, 0x741F, 0x0000, 0x741F, 0x741F, 0x0000, 0x741F, 0x741F, 0x0000,
    0x741F, 0x741F, 0x741F, 0x0000, 0x0000, 0x0000, 0x0000, 0x741F, 0x741F, 0x0000, 0x741F, 0x741F,
    0x741F, 0x0000, 0x0000, 0x741F, 0x0000, 0x741F, 0x741F, 0x0000, 0x741F, 0x741F, 0x741F, 0x0000,
    0x741F, 0x0000, 0x0000, 0x741F, 0x741F, 0x0000, 0x741F, 0x741F, 0x741F, 0x0000, 0x0000, 0x741F,
    0x0000, 0x741F, 0x741F, 0x0000, 0x741F, 0x741F, 0x741F, 0x0000, 0x0000, 0x741F, 0x0000, 0x741F,
    0x741F, 0x0000, 0x741F, 0x741F, 0x741F, 0x0000, 0x0000, 0x741F, 0x0000, 0x741F, 0x741F, 0x0000,
    0x741F, 0x741F, 0x741F, 0x741F, 0xFFFF, 0x741F, 0x741F, 0x0000, 0x0000, 0x0000, 0x0000, 0x0000,
    0x0000, 0x0000, 0x0000, 0x0000, 0x0000, 0x0000, 0x741F, 0xFFFF, 0xFFFF, 0x0000, 0x741F, 0x741F,
    0x0000, 0x0000, 0x0000, 0x741F, 0x741F, 0x0000, 0x0000, 0x0000, 0x741F, 0x0000, 0x741F, 0x741F,
    0x0000, 0x741F, 0x741F, 0x0000, 0x0000, 0x0000, 0x741F, 0x0000, 0x741F, 0x741F, 0x0000, 0x741F,
    0x741F, 0x0000, 0x0000, 0x741F, 0x741F, 0x0000, 0x741F, 0x741F, 0x0000, 0x741F, 0x741F, 0x0000,
    0x0000, 0x741F, 0x741F, 0x0000, 0x741F, 0x741F, 0x0000, 0x741F, 0x741F, 0x0000, 0x0000, 0x741F,
    0x741F, 0x0000, 0x741F, 0x741F, 0x0000, 0x741F, 0x0000, 0x0000, 0x0000, 0x741F, 0x741F, 0x0000,
    0x741F, 0x741F, 0x0000, 0x741F, 0x0000, 0x0000, 0x741F, 0x741F, 0x0000, 0x0000, 0x741F, 0x741F,
    0x0000, 0x741F, 0x0000, 0x0000, 0x0000, 0x741F, 0x741F, 0x0000, 0x741F, 0x741F, 0x0000, 0x741F,
    0x0000, 0x0000, 0x741F, 0x741F, 0x741F, 0x0000, 0x741F, 0x741F, 0x0000, 0x741F, 0x0000, 0x0000,
    0x0000, 0x741F, 0x0000, 0x0000, 0x741F, 0x741F, 0x0000, 0x741F, 0x0000, 0x0000, 0x741F, 0x741F,
    0x741F, 0x0000, 0x741F, 0x741F, 0x0000, 0x741F, 0x0000, 0x0000, 0x741F, 0x741F, 0x0000, 0x0000,
    0x741F, 0x741F, 0x0000, 0x0000, 0x0000, 0x0000, 0x741F, 0x741F, 0x0000, 0x0000, 0x741F, 0x741F,
    0x0000, 0x0000, 0x0000, 0x0000, 0x741F, 0x741F, 0x0000, 0x741F, 0xFFFF, 0xFFFF, 0x741F, 0x0000,
    0x0000, 0x0000, 0x0000, 0x0000, 0x0000, 0x0000, 0x0000, 0x0000, 0x0000, 0x0000, 0x741F, 0xFFFF,
    0x741F, 0x0000, 0x0000, 0x0000, 0x0000, 0x0000, 0x0000, 0x0000, 0x0000, 0x0000, 0x0000, 0x0000,
    0x0000, 0x0000, 0x0000, 0x0000, 0x0000, 0x0000, 0x0000, 0x0000, 0x0000, 0x0000, 0x0000, 0x0000,
    0x0000, 0x0000, 0x0000, 0x0000, 0x0000, 0x0000, 0x0000, 0x0000, 0x0000, 0x0000, 0x0000, 0x0000,
    0x0000, 0x0000, 0x0000, 0x0000, 0x0000, 0x0000, 0x0000, 0x0000, 0x0000, 0x0000, 0x0000, 0x0000,
    0x0000, 0x0000, 0x0000, 0x0000, 0x0000, 0x0000, 0x0000, 0x0000, 0x0000, 0x0000, 0x0000, 0x0000,
    0x0000, 0x0000, 0x0000, 0x0000, 0x0000, 0x0000, 0x0000, 0x0000, 0x0000, 0x0000, 0x0000, 0x0000,
    0x0000, 0x0000, 0x741F, 0x741F, 0x0000, 0x0000, 0x0000, 0x0000, 0x0000, 0x0000, 0x0000, 0x0000,
    0x0000, 0x0000, 0x0000, 0x0000, 0x0000, 0x0000, 0x0000, 0x0000, 0x0000, 0x0000, 0x0000, 0x0000,
    0x0000, 0x0000, 0x0000, 0x0000, 0x0000, 0x0000, 0x0000, 0x0000, 0x741F, 0x741F, 0x0000, 0x0000,
    0x0000, 0x0000, 0x0000, 0x0000, 0x0000, 0x0000, 0x0000, 0x0000, 0x0000, 0x0000, 0x0000, 0x0000,
    0x0000, 0x0000, 0x0000, 0x0000, 0x0000, 0x0000, 0x0000, 0x0000, 0x0000, 0x0000, 0x0000, 0x0000,
    0x0000, 0x0000, 0x0000, 0x0000, 0x0000, 0x0000, 0x0000, 0x0000, 0x0000, 0x0000, 0x0000, 0x0000,
    0xFFFF, 0xFFFF, 0x0000, 0x0000, 0x0000, 0x0000, 0x0000, 0x0000
  }
};
