const unsigned short BLUE_PUNCHES_RED_IMAGE[] = {
 0x3106, 0x2062, 0x1801, 0x2022, 0x38A4, 0x2862, 0x2884, 0x38A4, 0x4947, 0x59EA, 0x4127, 0x4906, 0x7A09, 0x8A6B, 0x7A6C, 0x5106,
 0x4883, 0x5905, 0x6988, 0x4108, 0x18A9, 0x28EB, 0x290D, 0x3191, 0x39F2, 0x4294, 0x3A53, 0x294E, 0x31D1, 0x3A54, 0x3A34, 0x3214,
 0x31D1, 0x31D3, 0x3A55, 0x3A33, 0x3A33, 0x31B1, 0x292E, 0x20AB, 0x294E, 0x4318, 0x4B39, 0x3A34, 0x20EC, 0x1886, 0x7B2D, 0xD596,
 0xF679, 0xEDD7, 0xE5D8, 0xDD76, 0xE576, 0xDD75, 0xF679, 0xFEBA, 0xD535, 0x722E, 0x61CC, 0x4909, 0x38E8, 0x20A8, 0x310A, 0x416D,
 0x418D, 0x498D, 0x416D, 0x294D, 0x39AF, 0x394C, 0x20A6, 0x0804, 0x102B, 0x182B, 0x102B, 0x100B, 0x100B, 0x100B, 0x100C, 0x100B,
 0x100A, 0x1009, 0x0807, 0x0805, 0x0804, 0x0804, 0x0805, 0x0805, 0x0806, 0x082B, 0x000D, 0x000C, 0x080E, 0x0811, 0x0834, 0x0837,
 0x085A, 0x087D, 0x08BE, 0x087D, 0x089D, 0x005B, 0x001A, 0x0019, 0x0017, 0x0835, 0x0836, 0x0834, 0x0017, 0x7BBD, 0xFFFF, 0xFFFF,
 0xF75E, 0xDE7C, 0xA454, 0x8AEF, 0x9B92, 0x5A33, 0x000F, 0x000B, 0x0004, 0x0808, 0x080E, 0x080C, 0x100B, 0x1009, 0x180B, 0x0824,
 0xA430, 0xEDF6, 0xE574, 0xBBAF, 0xB411, 0xBCD6, 0xB453, 0xB495, 0xB432, 0x926B, 0x6946, 0x6146, 0x6967, 0x79E9, 0x8A6B, 0x92ED,
 0x824B, 0x826C, 0x82CE, 0x7B11, 0x69EB, 0x5946, 0x5906, 0x5926, 0x6146, 0x50C4, 0x3863, 0x40A4, 0x40E6, 0x38C5, 0x3084, 0x2002,
 0x4106, 0x51A9, 0x4106, 0x3883, 0x4083, 0x50E5, 0x50C4, 0x50E5, 0x48C4, 0x50E5, 0x61EA, 0x61CB, 0x5927, 0x79E9, 0xA30D, 0xA390,
 0x7A4B, 0x6926, 0x7146, 0x79C8, 0x4128, 0x294D, 0x398F, 0x3190, 0x3A13, 0x42B5, 0x4B16, 0x3A12, 0x318F, 0x316F, 0x39D1, 0x3A13,
 0x3A34, 0x4275, 0x4B58, 0x5C3C, 0x5C1C, 0x5C3C, 0x53DA, 0x4B38, 0x18CA, 0x18A9, 0x31F1, 0x3A74, 0x3A96, 0x294F, 0x18AB, 0x2908,
 0x734D, 0x9CB2, 0x7B2C, 0x730C, 0x730C, 0x72CB, 0x72CB, 0x8B6D, 0xBCD3, 0xA412, 0x9B51, 0x8ACF, 0x516B, 0x3909, 0x392B, 0x418E,
 0x41CF, 0x418D, 0x49AD, 0x41D0, 0x39D1, 0x30E8, 0x1004, 0x100D, 0x102E, 0x182E, 0x182F, 0x182F, 0x080E, 0x0830, 0x102F, 0x100B,
 0x100A, 0x1009, 0x0809, 0x0809, 0x080A, 0x0808, 0x0807, 0x0825, 0x0823, 0x0804, 0x0807, 0x0009, 0x000B, 0x000B, 0x000C, 0x002D,
 0x002F, 0x0011, 0x0012, 0x0015, 0x0016, 0x0838, 0x005A, 0x193C, 0x191C, 0x003B, 0x0058, 0x0037, 0x0038, 0x0017, 0x5AD9, 0xD5FA,
 0xAC95, 0x8310, 0x8B51, 0xCDB9, 0xDE1A, 0xAC97, 0x0809, 0x0007, 0x0010, 0x0812, 0x080A, 0x1008, 0x1808, 0x180A, 0x100A, 0x180C,
 0x4189, 0xF6B8, 0xEE17, 0xD576, 0xD5D7, 0xEE59, 0xDDF8, 0xBC51, 0x9249, 0x81C8, 0x822A, 0x928A, 0xA32D, 0xB3F1, 0xA38F, 0x92CC,
 0x930E, 0x8B71, 0x8B30, 0x79E9, 0x71A8, 0x7A0A, 0x71C8, 0x6167, 0x5105, 0x5106, 0x5168, 0x59A9, 0x5126, 0x3863, 0x3043, 0x38C5,
 0x1800, 0x2842, 0x4126, 0x5168, 0x5106, 0x50E5, 0x6167, 0x69A8, 0x6988, 0x6987, 0x79C8, 0x822A, 0x720B, 0x720A, 0x79E9, 0x9ACC,
 0xABF1, 0xA412, 0x92ED, 0x926A, 0x8A09, 0x38E8, 0x39D0, 0x4A73, 0x3A54, 0x4317, 0x4B99, 0x42B5, 0x294E, 0x39F2, 0x42D6, 0x4B38,
 0x4B9A, 0x53DB, 0x5379, 0x4B79, 0x53BA, 0x53DB, 0x541C, 0x64FF, 0x3AB5, 0x20CC, 0x296F, 0x210C, 0x212D, 0x212D, 0x210D, 0x31B1,
 0x318E, 0x1885, 0x0000, 0x0000, 0x1800, 0x4000, 0x4000, 0x4000, 0x6040, 0x7145, 0x82CC, 0xBCD5, 0x8AEF, 0x720C, 0x69ED, 0x498D,
 0x4A11, 0x4A11, 0x5A52, 0x5272, 0x418D, 0x2066, 0x100D, 0x1030, 0x102F, 0x1831, 0x2053, 0x1032, 0x0810, 0x0810, 0x100D, 0x100A,
 0x080C, 0x082F, 0x0831, 0x080D, 0x0807, 0x0805, 0x0808, 0x0806, 0x0805, 0x1028, 0x1008, 0x0808, 0x080A, 0x000B, 0x000E, 0x0832,
 0x0034, 0x0035, 0x0836, 0x0038, 0x0017, 0x0878, 0x08B8, 0x0894, 0x0870, 0x000F, 0x000D, 0x000E, 0x0012, 0x0011, 0x0011, 0x4194,
 0xB4D6, 0xC5B8, 0xE6DD, 0xD65B, 0xAC95, 0x9BD2, 0x5A10, 0x000E, 0x000D, 0x080B, 0x080A, 0x0809, 0x100A, 0x102E, 0x080D, 0x284E,
 0x1827, 0xC594, 0xFF3B, 0xE67A, 0xF6DB, 0xF699, 0xB3AE, 0xA30C, 0xBC31, 0xC410, 0xC451, 0xC471, 0xBC52, 0xABB0, 0xA34E, 0xA3B0,
 0xA412, 0x9B4F, 0x92AC, 0x8A8C, 0x8A8C, 0x79E9, 0x6146, 0x5926, 0x69A8, 0x726C, 0x69EA, 0x5126, 0x48C5, 0x5126, 0x4926, 0x3084,
 0x40E6, 0x2022, 0x1802, 0x3085, 0x6188, 0x6168, 0x6147, 0x71A8, 0x7A0A, 0x828C, 0x928C, 0x9ACC, 0x824B, 0x8ACE, 0x8AEF, 0x822B,
 0x928B, 0xA38F, 0xB473, 0xBCB4, 0xABAF, 0xA34E, 0x51EC, 0x41EF, 0x5B16, 0x5358, 0x53DA, 0x53FB, 0x3A33, 0x3A34, 0x4B9A, 0x5C5D,
 0x5C5D, 0x53BB, 0x5BFB, 0x649D, 0x6D3F, 0x64BD, 0x53BA, 0x649E, 0x53FB, 0x3A33, 0x42B6, 0x3A76, 0x3A35, 0x2990, 0x212D, 0x210D,
 0x39B0, 0x4A53, 0x5271, 0x18C6, 0x0000, 0x0800, 0x2800, 0x4800, 0x5000, 0x5800, 0x5000, 0x6166, 0x8AEE, 0x8AEF, 0x7A6E, 0x59EE,
 0x5210, 0x5252, 0x5294, 0x5A51, 0x4148, 0x204A, 0x1833, 0x1010, 0x1032, 0x1833, 0x1854, 0x1833, 0x1032, 0x100E, 0x100D, 0x0833,
 0x0858, 0x0857, 0x080F, 0x0807, 0x0809, 0x080E, 0x0807, 0x0804, 0x0807, 0x0809, 0x102C, 0x080E, 0x080E, 0x080E, 0x0010, 0x0013,
 0x0035, 0x0856, 0x0854, 0x0832, 0x000C, 0x000A, 0x000B, 0x000B, 0x000C, 0x0010, 0x0013, 0x0876, 0x0858, 0x0017, 0x0015, 0x0013,
 0x7B75, 0xB4B5, 0xA475, 0x9392, 0x8B30, 0x9392, 0x9BB3, 0x312A, 0x000A, 0x0012, 0x080D, 0x080C, 0x0810, 0x080C, 0x000B, 0x284F,
 0x1827, 0xB575, 0xFFDE, 0xF6DA, 0xF658, 0xD491, 0xCCB2, 0xEDF6, 0xEDF6, 0xEDD6, 0xDD75, 0xCCD3, 0xBC10, 0xB3D0, 0xBC94, 0xB453,
 0xABF0, 0xB3F0, 0xB411, 0x9B2D, 0x79E9, 0x6987, 0x69A8, 0x7A0A, 0x7A6C, 0x720A, 0x6188, 0x6167, 0x5967, 0x40E5, 0x3043, 0x3063,
 0x4969, 0x61EB, 0x38E8, 0x1804, 0x2844, 0x6147, 0x71C9, 0x6967, 0x7187, 0x820A, 0x7A4B, 0x8A8C, 0xA30D, 0xA36F, 0x92EE, 0x824C,
 0x92ED, 0x92AC, 0xA2CC, 0xAB8F, 0xBCB4, 0xD596, 0xD596, 0x8B90, 0x4A2E, 0x31D0, 0x31B1, 0x4B38, 0x4B58, 0x3A13, 0x4B7A, 0x6D5F,
 0x861F, 0x7DBF, 0x759F, 0x6D3F, 0x6D1F, 0x755F, 0x649D, 0x647D, 0x649C, 0x42B6, 0x4318, 0x4B5A, 0x4B18, 0x42B7, 0x42B7, 0x3A54,
 0x31B1, 0x210E, 0x39D1, 0x5AB5, 0x294C, 0x0001, 0x0000, 0x1000, 0x2000, 0x2000, 0x2000, 0x6820, 0x68E3, 0x82CF, 0x8B73, 0x6250,
 0x5A31, 0x5A51, 0x5A52, 0x51AD, 0x40E7, 0x286F, 0x2852, 0x1832, 0x1034, 0x1034, 0x1035, 0x1034, 0x1012, 0x0833, 0x087A, 0x0859,
 0x0831, 0x100D, 0x0809, 0x080C, 0x0835, 0x080D, 0x0808, 0x0807, 0x080A, 0x080D, 0x080E, 0x0831, 0x0833, 0x0813, 0x0813, 0x0012,
 0x0014, 0x0014, 0x0012, 0x0013, 0x0857, 0x0058, 0x0899, 0x08DB, 0x08DB, 0x0036, 0x0037, 0x10D8, 0x0855, 0x0013, 0x0830, 0x000D,
 0x104F, 0xC5BA, 0xD65A, 0xC578, 0xBD58, 0xB4D6, 0xB475, 0x8B74, 0x000D, 0x000C, 0x080D, 0x0010, 0x080D, 0x080A, 0x080B, 0x282E,
 0x2087, 0xE71C, 0xFF7D, 0xF677, 0xFEB8, 0xFF7C, 0xFFFD, 0xFF3A, 0xF71A, 0xFF1A, 0xFF3A, 0xF6B9, 0xDDB6, 0xD575, 0xC4D3, 0xBC51,
 0xB3AF, 0xAB4E, 0xA30D, 0x8A4A, 0x92AC, 0x92ED, 0x8A8C, 0x826B, 0x8AAC, 0x8A8C, 0x7A2A, 0x5926, 0x40A4, 0x48C5, 0x5946, 0x5967,
 0x1003, 0x30A5, 0x6189, 0x61CA, 0x5127, 0x50C5, 0x6147, 0x69CA, 0x69EB, 0x824A, 0x9ACC, 0x7A0A, 0x8209, 0x9B0D, 0xABD0, 0xA3B0,
 0xAB8F, 0xB3F0, 0xBC72, 0xB3D0, 0xAB4E, 0xBC31, 0xC4F4, 0xE617, 0xD5D7, 0x93F1, 0x1046, 0x3A74, 0x541C, 0x4B17, 0x31F2, 0x53FB,
 0x861F, 0xA6FF, 0x645B, 0x53DB, 0x541C, 0x5C3C, 0x6CBD, 0x963E, 0x8DFE, 0x4BBB, 0x5C5D, 0x5C7E, 0x541C, 0x4BBB, 0x4B9A, 0x4B59,
 0x4B18, 0x4275, 0x2970, 0x31B1, 0x52D6, 0x39F1, 0x0865, 0x0000, 0x0000, 0x0000, 0x0000, 0x5061, 0xB1E6, 0x5905, 0x82F0, 0x7AF2,
 0x6292, 0x6292, 0x62B3, 0x59ED, 0x40E9, 0x3091, 0x3091, 0x2873, 0x1854, 0x1035, 0x0837, 0x1036, 0x0836, 0x087C, 0x0879, 0x0810,
 0x080D, 0x080C, 0x080C, 0x0835, 0x0831, 0x080C, 0x0830, 0x0808, 0x080B, 0x0811, 0x0832, 0x0037, 0x0039, 0x0037, 0x0038, 0x0039,
 0x003A, 0x001A, 0x0018, 0x087A, 0x08BB, 0x0857, 0x0897, 0x0896, 0x08D7, 0x0877, 0x0898, 0x0879, 0x0058, 0x0859, 0x0039, 0x0016,
 0x0012, 0x83D6, 0xC597, 0x9BF2, 0x8B50, 0x7ACE, 0x7AAE, 0x622C, 0x0004, 0x0006, 0x0009, 0x0007, 0x0005, 0x0005, 0x100B, 0x280E,
 0x522B, 0xFFFF, 0xFFFF, 0xFFFF, 0xD699, 0x9472, 0x5A8D, 0x39AB, 0x41CD, 0x4A2D, 0x7B8F, 0xCD95, 0xFF1A, 0xF678, 0xD513, 0xBBAF,
 0xA2EC, 0xAB4D, 0xB3F0, 0xB3F0, 0xABD1, 0xA36F, 0xA36F, 0xABD0, 0xA36F, 0x8209, 0x6126, 0x69A8, 0x722A, 0x7A2B, 0x71A8, 0x5967,
 0x2843, 0x1801, 0x2023, 0x4907, 0x69AA, 0x598A, 0x4108, 0x38E8, 0x59EC, 0x61EC, 0x8AEE, 0xC451, 0xA38F, 0x9AED, 0x9ACC, 0xA36F,
 0xBC94, 0xC535, 0xBCF5, 0xC536, 0xD597, 0xBC73, 0xB3AF, 0xB3D0, 0xDDB6, 0xFF3C, 0x9C72, 0x29AF, 0x6CFF, 0x53BA, 0x316F, 0x31D2,
 0x4338, 0x859E, 0x85BE, 0x85BE, 0x961F, 0x755F, 0x6D1F, 0x8E5F, 0x85DF, 0x757F, 0x8E5F, 0x64FE, 0x5C9E, 0x64BE, 0x64DE, 0x5C3C,
 0x4B9B, 0x4B7A, 0x4296, 0x3191, 0x31B1, 0x4275, 0x39B2, 0x1087, 0x0000, 0x0000, 0x0000, 0x2800, 0xBA06, 0xA1E6, 0x5127, 0x8311,
 0x8312, 0x7B33, 0x7314, 0x5A0D, 0x490B, 0x38B2, 0x38D2, 0x3094, 0x2875, 0x2075, 0x1856, 0x1057, 0x0859, 0x0858, 0x1031, 0x100D,
 0x0810, 0x0812, 0x0836, 0x0835, 0x0833, 0x0832, 0x0811, 0x0009, 0x002F, 0x0812, 0x0035, 0x0836, 0x0834, 0x0813, 0x0813, 0x0837,
 0x0039, 0x0038, 0x0037, 0x0837, 0x0036, 0x0032, 0x0012, 0x0012, 0x0013, 0x0014, 0x0014, 0x0012, 0x000E, 0x000B, 0x080A, 0x104A,
 0x18A8, 0x49AB, 0x6A6D, 0x6A6D, 0x622C, 0x620B, 0x726D, 0x6A4C, 0x624C, 0x624B, 0x728C, 0x51A8, 0x4167, 0x20A4, 0x1026, 0x1008,
 0xAD35, 0xF79D, 0xBDD7, 0x6B0D, 0x3109, 0x28ED, 0x20CE, 0x18AE, 0x18AE, 0x18CE, 0x18AD, 0x28E9, 0x6ACC, 0xEE37, 0xEDF6, 0xD513,
 0xCCD3, 0xC4D4, 0xC4D3, 0xB3F1, 0xB431, 0xABF1, 0xAB8F, 0xB38E, 0x8209, 0x7A6B, 0x8B4F, 0x9B90, 0x828C, 0x71C9, 0x6167, 0x5127,
 0x61EA, 0x5968, 0x2865, 0x1005, 0x2087, 0x412A, 0x518B, 0x514A, 0x4929, 0x620D, 0x61CC, 0x9B70, 0xD576, 0xCD15, 0xBC93, 0xB3D0,
 0xAB6F, 0xB3F1, 0xC4B3, 0xC4F5, 0xE659, 0xE67A, 0xD5D8, 0xC4B3, 0xC492, 0xE5D7, 0xFFDE, 0x5A8B, 0x42B2, 0x5337, 0x39F2, 0x42F8,
 0x42F8, 0x4339, 0x53FB, 0x74FC, 0x853D, 0x6D1E, 0x64FF, 0x6D5F, 0x6D1E, 0x7DFF, 0x9E9F, 0x755F, 0x6D1F, 0x755F, 0x7DBF, 0x64DE,
 0x5C9E, 0x543D, 0x4B7A, 0x42D8, 0x31D2, 0x31B1, 0x3A13, 0x294F, 0x1067, 0x0000, 0x0000, 0x1800, 0x7041, 0xA9C6, 0x91C6, 0x8B6F,
 0xBD16, 0x8B92, 0x8352, 0x622D, 0x6A0D, 0x5132, 0x61D4, 0x61D6, 0x30B6, 0x2855, 0x2076, 0x1857, 0x1058, 0x1034, 0x1010, 0x0855,
 0x089A, 0x0814, 0x0838, 0x0038, 0x0838, 0x000D, 0x0014, 0x0008, 0x0012, 0x0037, 0x0034, 0x0833, 0x0830, 0x0856, 0x007C, 0x0039,
 0x0835, 0x0835, 0x0815, 0x0015, 0x0037, 0x0837, 0x0039, 0x0019, 0x0016, 0x0011, 0x082C, 0x20EA, 0x6AF0, 0x83B1, 0x93F2, 0x9391,
 0x9BF3, 0x93B2, 0x82EF, 0x7AAF, 0x726D, 0x8B51, 0x9372, 0x8B31, 0x82EF, 0x7AAE, 0x82CE, 0x82AE, 0x7A4D, 0x5168, 0x4125, 0x0001,
 0x41EB, 0x316A, 0x0805, 0x28EB, 0x4A34, 0x31D2, 0x214F, 0x2970, 0x3191, 0x2991, 0x2970, 0x3170, 0x188B, 0x49CA, 0xEE78, 0xEE99,
 0xCD55, 0xABD0, 0xBC52, 0xC4B3, 0xBC11, 0xA30D, 0x822A, 0x92CC, 0x9B90, 0xAC33, 0x9B4F, 0x826B, 0x79E9, 0x71E9, 0x6A0B, 0x628F,
 0x4906, 0x4969, 0x59CB, 0x4949, 0x2886, 0x1866, 0x28C9, 0x390A, 0x4929, 0x5148, 0x61AA, 0x598A, 0x9B70, 0xC4F5, 0xD597, 0xE63A,
 0xE5D8, 0xC4B3, 0xB3F1, 0xC4B3, 0xDD76, 0xE5B7, 0xE619, 0xE69B, 0xDDF8, 0xE618, 0xFFBE, 0x6A89, 0x0800, 0x4AB4, 0x4275, 0x4B59,
 0x53FC, 0x64BE, 0x64DE, 0x5C9D, 0x53DB, 0x53BB, 0x5C3C, 0x6CFE, 0x6D1F, 0x85DF, 0x8E3F, 0x7DDF, 0x757F, 0x757F, 0x6D3F, 0x6D3F,
 0x755F, 0x5C7D, 0x541C, 0x4BBB, 0x4319, 0x2990, 0x210C, 0x2990, 0x210E, 0x0804, 0x0000, 0x2800, 0x7841, 0x7062, 0xA9E7, 0x79E8,
 0xDE19, 0xDE19, 0xCD77, 0xB4B5, 0x82AF, 0x8AF5, 0x7AB5, 0xAC79, 0x8358, 0x4977, 0x2056, 0x1015, 0x1036, 0x1033, 0x1834, 0x0858,
 0x0833, 0x0811, 0x0839, 0x003B, 0x0812, 0x0829, 0x0877, 0x0009, 0x0032, 0x003A, 0x0813, 0x0813, 0x0859, 0x0059, 0x0034, 0x0012,
 0x0812, 0x0814, 0x0835, 0x085A, 0x089E, 0x007D, 0x0014, 0x104E, 0x4A0D, 0x730E, 0x9C53, 0xACB5, 0xBD57, 0xD5FA, 0xAC95, 0x93B2,
 0x9392, 0x8B51, 0x8B10, 0x7AAE, 0x6A2C, 0x82CF, 0x9B92, 0x8B51, 0x7AAE, 0x728E, 0x726D, 0x722C, 0x4127, 0x2908, 0x318C, 0x31B0,
 0x20EE, 0x106B, 0x20EC, 0x31B0, 0x31B1, 0x294E, 0x3190, 0x3A76, 0x42F8, 0x42F8, 0x4275, 0x31F2, 0x31D2, 0x190E, 0x522D, 0xFEB9,
 0xDD54, 0xD534, 0xD534, 0xC451, 0xA2EC, 0xABAF, 0xAC11, 0xA3F1, 0xA3B0, 0xA390, 0x9B2F, 0x8AAD, 0x82EE, 0x8330, 0x7B0F, 0x722B,
 0x2024, 0x0804, 0x2086, 0x494A, 0x61CC, 0x598B, 0x4949, 0x412A, 0x392B, 0x414B, 0x4909, 0x516A, 0x69CD, 0x722D, 0x7A8D, 0x9BB0,
 0xD596, 0xFF3C, 0xEE9A, 0xD5B8, 0xEE39, 0xFF1C, 0xFF3C, 0xFFBE, 0xFFFF, 0xFFFF, 0xF79D, 0x50E3, 0x1000, 0x1909, 0x4A96, 0x4B19,
 0x4B9A, 0x64DE, 0x757F, 0x85FF, 0x861F, 0x755E, 0x5C3C, 0x5C1C, 0x53DB, 0x7D7E, 0x8E5F, 0x8E3F, 0x85FF, 0x7DBF, 0x7DBF, 0x7DBF,
 0x759F, 0x6D1E, 0x5C9E, 0x5C5D, 0x53DC, 0x42D7, 0x294E, 0x1889, 0x1069, 0x1047, 0x0001, 0x5860, 0x98C2, 0x7041, 0x8104, 0x91C6,
 0x7AED, 0xF6FC, 0xDDD7, 0xDDF8, 0xAC74, 0x82D1, 0x5130, 0x61D5, 0xA439, 0xC53B, 0x9C1A, 0x49B7, 0x1035, 0x0015, 0x0814, 0x1012,
 0x1010, 0x0812, 0x0037, 0x0039, 0x080E, 0x084C, 0x08BA, 0x000D, 0x0033, 0x005B, 0x0814, 0x0835, 0x003A, 0x0011, 0x000F, 0x0011,
 0x0018, 0x005B, 0x087D, 0x001A, 0x0011, 0x104B, 0x7350, 0xD639, 0xF75E, 0xE6DD, 0xB517, 0xA434, 0x8B92, 0xACF6, 0xBD37, 0xA455,
 0x9BF3, 0x9BB3, 0x9351, 0x9371, 0x8310, 0x6A4D, 0x7ACF, 0x7ACF, 0x7A8E, 0x724D, 0x4947, 0x20C6, 0x39CF, 0x4212, 0x31D2, 0x31B1,
 0x210D, 0x294E, 0x3A13, 0x3213, 0x31D2, 0x31B1, 0x31D2, 0x42B7, 0x53DB, 0x541C, 0x4B9B, 0x42F8, 0x42D7, 0x39F3, 0x18CB, 0xC596,
 0xFF7C, 0xE5B5, 0xC410, 0xC430, 0xBC31, 0xBC73, 0xB494, 0xAC74, 0xA3B1, 0xA3F2, 0xAC94, 0xA494, 0x9391, 0x828C, 0x6988, 0x48E5,
 0x28C8, 0x2087, 0x2066, 0x1867, 0x30E9, 0x51AD, 0x6A2E, 0x61ED, 0x496B, 0x392C, 0x414C, 0x4109, 0x494B, 0x59EF, 0x59CD, 0x496C,
 0x518B, 0x9390, 0xE69B, 0xF75E, 0xD67A, 0xC618, 0xA4F4, 0xA4F3, 0xA514, 0xC679, 0xEFBE, 0x6A08, 0x1000, 0x0021, 0x31D1, 0x4B19,
 0x4339, 0x541D, 0x757F, 0x85DF, 0x8E1F, 0x861F, 0x85DF, 0x8E1F, 0x6CDD, 0x6CFE, 0x8E1F, 0x9E9F, 0xB71F, 0xAEDF, 0x967F, 0x861F,
 0x7DBF, 0x757F, 0x6CFE, 0x6D1F, 0x5C7D, 0x4319, 0x3A34, 0x31B0, 0x1869, 0x0026, 0x2801, 0xB122, 0xA902, 0x8082, 0x7062, 0xA185,
 0x58C3, 0xACF5, 0xFF7D, 0xEE59, 0xEEBB, 0xCD56, 0x9B91, 0x61AF, 0x38B1, 0x51B5, 0x8B79, 0xA43A, 0x93BA, 0x6AB8, 0x3976, 0x0811,
 0x080F, 0x0811, 0x0015, 0x0836, 0x000D, 0x0030, 0x089C, 0x000F, 0x0031, 0x087A, 0x0835, 0x0833, 0x0033, 0x080F, 0x0012, 0x0058,
 0x003A, 0x007B, 0x0014, 0x20EF, 0x7350, 0xA494, 0xDE7C, 0xD65B, 0xB538, 0xBD79, 0xB517, 0xB517, 0xACD6, 0xA454, 0xBD58, 0xAC95,
 0xA414, 0x9BF3, 0x9BD3, 0x93B2, 0x8B30, 0x82EF, 0x724D, 0x7A8E, 0x82AE, 0x4147, 0x2109, 0x3A13, 0x39F4, 0x31F3, 0x3A96, 0x3A34,
 0x31D2, 0x3A55, 0x3A33, 0x39D1, 0x31B2, 0x3A55, 0x42B6, 0x3A96, 0x3A54, 0x3212, 0x2990, 0x2990, 0x294E, 0x292D, 0x1069, 0x5A8C,
 0xFFBD, 0xEDD6, 0xD514, 0xCD35, 0xCD77, 0xC536, 0xB474, 0xB432, 0xB4D5, 0xBD78, 0xACB5, 0x9B70, 0x824A, 0x6987, 0x5106, 0x5926,
 0x38E8, 0x28A6, 0x3909, 0x390A, 0x30EA, 0x30C9, 0x414B, 0x51CF, 0x622F, 0x59EF, 0x49AF, 0x418E, 0x3909, 0x392A, 0x498C, 0x496C,
 0x392B, 0x2046, 0x30C5, 0x51A7, 0x3882, 0x5021, 0x6000, 0x6800, 0x6000, 0x3800, 0x4925, 0x30A3, 0x3000, 0x0000, 0x0844, 0x42B6,
 0x4B5A, 0x4B7A, 0x5C7E, 0x6D3F, 0x759F, 0x7DFF, 0x967F, 0xA6DF, 0x9EBF, 0x7DFF, 0x757F, 0x85DF, 0xAEDF, 0xC73F, 0xA6DF, 0x8E7F,
 0x85FF, 0x7DBF, 0x7DDF, 0x759F, 0x543D, 0x42D7, 0x39F2, 0x3190, 0x0827, 0x0800, 0x90E1, 0xD1E3, 0xA922, 0x98E2, 0x8082, 0x80A2,
 0xA143, 0x48E4, 0xDEBB, 0xFFBD, 0xFF5C, 0xEEBB, 0xEE9A, 0xEEDA, 0xC536, 0x72D2, 0x3911, 0x1853, 0x3936, 0x7B1A, 0x93BA, 0x6277,
 0x4174, 0x1872, 0x1053, 0x0811, 0x080C, 0x0812, 0x0039, 0x0010, 0x000D, 0x0033, 0x0833, 0x080F, 0x080F, 0x080F, 0x0035, 0x007C,
 0x003A, 0x000D, 0x39CA, 0xC5B7, 0xCDD9, 0xB538, 0xA475, 0xA475, 0xCE1B, 0xD65C, 0xBD99, 0xACB6, 0xA434, 0x9BD3, 0xA475, 0xB538,
 0xACB6, 0x9BF3, 0x9BD3, 0x8B51, 0x728E, 0x8B30, 0x726E, 0x6A2C, 0x3906, 0x420E, 0x5AD6, 0x4255, 0x42B7, 0x42F8, 0x42F7, 0x3A34,
 0x4275, 0x3A55, 0x3A75, 0x4B18, 0x53DB, 0x53FC, 0x4B59, 0x31F2, 0x3190, 0x31B1, 0x31B1, 0x316F, 0x290C, 0x20EB, 0x210D, 0x1089,
 0x8C12, 0xFFFF, 0xEEBA, 0xDDF8, 0xC535, 0xBC72, 0xBCD4, 0xC5B8, 0xCDB8, 0xC4F5, 0xABD0, 0x8A8B, 0x71C9, 0x71C8, 0x7A2A, 0x82AD,
 0x414A, 0x494A, 0x390A, 0x414C, 0x418F, 0x394C, 0x390A, 0x394C, 0x394D, 0x49D0, 0x49D0, 0x41AF, 0x416D, 0x30C8, 0x28A6, 0x2043,
 0x3021, 0x5021, 0x5800, 0x5800, 0x6000, 0x7021, 0x8861, 0x8882, 0x98E2, 0x8061, 0x5000, 0x3800, 0x4020, 0x4840, 0x0000, 0x08A6,
 0x4B18, 0x4B39, 0x4B7A, 0x543D, 0x64DE, 0x757F, 0x861F, 0x9E9F, 0xB71F, 0x967F, 0x7DFF, 0x7D9F, 0x755F, 0x7DBF, 0x861F, 0x8E5F,
 0x8E5F, 0x8E3F, 0x7DBF, 0x5C5D, 0x42B7, 0x4254, 0x3190, 0x0806, 0x18C6, 0x92AC, 0xD9E3, 0xC9A2, 0xA942, 0xB163, 0x90C2, 0x7862,
 0x9903, 0x90C1, 0x6A08, 0xF7BF, 0xFF9D, 0xEE9A, 0xEE9B, 0xEEBB, 0xF71D, 0xFFBE, 0xF75C, 0xBD99, 0x6B14, 0x3111, 0x080F, 0x28D3,
 0x3956, 0xA45B, 0x93DA, 0x080F, 0x182B, 0x0812, 0x0013, 0x080F, 0x080E, 0x000C, 0x0011, 0x080B, 0x080E, 0x0832, 0x0035, 0x0014,
 0x000B, 0x522C, 0xB4F6, 0xB517, 0xBD99, 0xBD99, 0xC5DA, 0xBD78, 0xC5FA, 0xB538, 0xB4F7, 0xACB6, 0xAC75, 0x9C34, 0x8351, 0xA475,
 0xA455, 0x9BF3, 0xA414, 0x8B71, 0x7AEF, 0x8330, 0x728E, 0x4148, 0x4A2D, 0x7399, 0x4AD7, 0x42D7, 0x42F8, 0x42F8, 0x4296, 0x3A75,
 0x4276, 0x42F8, 0x53FB, 0x64DF, 0x5C7D, 0x4B79, 0x4295, 0x3A33, 0x42B6, 0x42D7, 0x42F7, 0x4275, 0x3A13, 0x31D1, 0x290D, 0x31B0,
 0x20EA, 0xCE38, 0xFFBD, 0xE67A, 0xDDF8, 0xDE39, 0xCDF9, 0xCD35, 0xC4B3, 0xBC52, 0xAB8F, 0xA36F, 0xA390, 0x9B90, 0x8B50, 0x82CF,
 0x2087, 0x416C, 0x51CE, 0x49CF, 0x4212, 0x41D1, 0x398F, 0x396E, 0x392D, 0x312C, 0x290B, 0x28EA, 0x20C9, 0x1844, 0x3021, 0x5820,
 0x7841, 0x7861, 0x7061, 0x6841, 0x6021, 0x5821, 0x6841, 0x8082, 0x90A2, 0x98A2, 0x8061, 0x5800, 0x2800, 0x80A1, 0x78C1, 0x1000,
 0x08C7, 0x2A13, 0x3A96, 0x4B7A, 0x541D, 0x64DF, 0x757F, 0x85FF, 0xA6BF, 0xAF1F, 0x8E1F, 0x759F, 0x6D1F, 0x6CDE, 0x6CFF, 0x757F,
 0x85FF, 0x7D9F, 0x53FC, 0x3A35, 0x31B1, 0x18CC, 0x0005, 0x3947, 0xC538, 0xFF5F, 0xDC2F, 0xB100, 0xB162, 0xC1A3, 0xA942, 0x8082,
 0x8882, 0x9903, 0x9142, 0x9C72, 0xFFFF, 0xFFBF, 0xF75E, 0xEEBC, 0xEEBB, 0xE67B, 0xEEBC, 0xFF5D, 0xFFBE, 0xFF9D, 0xCE19, 0x7BD3,
 0x3190, 0x2912, 0x4154, 0x100E, 0x204C, 0x51F6, 0x1893, 0x000D, 0x000E, 0x0009, 0x000C, 0x080B, 0x082D, 0x0033, 0x0013, 0x000B,
 0x51EB, 0xB4F7, 0xA475, 0xB517, 0xBD99, 0xC5DA, 0xACD7, 0xA454, 0x93D3, 0xB517, 0xB538, 0xB4F7, 0xA475, 0x93D3, 0x8B91, 0x93F2,
 0x7B0F, 0x520A, 0x3988, 0x20C5, 0x1885, 0x1065, 0x0822, 0x41CA, 0x8419, 0x3A97, 0x3AB8, 0x3AB7, 0x42D8, 0x3A96, 0x3A55, 0x4296,
 0x4B59, 0x64DE, 0x6D5F, 0x53DA, 0x4296, 0x4318, 0x4318, 0x42F8, 0x4B18, 0x42F8, 0x42D7, 0x42B6, 0x3A97, 0x3A76, 0x3A13, 0x316F,
 0x210D, 0x6B2E, 0xFFFF, 0xFF9E, 0xF73C, 0xEE9A, 0xC4F5, 0xBCD4, 0xBCD5, 0xC536, 0xC556, 0xBCF5, 0xAC54, 0x9B70, 0x8AEE, 0x724C,
 0x2045, 0x2088, 0x294D, 0x4A32, 0x4A11, 0x39D1, 0x4254, 0x3A13, 0x3190, 0x28EB, 0x1888, 0x0824, 0x2801, 0x6840, 0x9081, 0x8862,
 0x8062, 0x7862, 0x7041, 0x7041, 0x6821, 0x6021, 0x6021, 0x5821, 0x5001, 0x5821, 0x6041, 0x5820, 0x3000, 0x1800, 0x98E2, 0xA8E1,
 0x5820, 0x1802, 0x0888, 0x194F, 0x3235, 0x4359, 0x5C7D, 0x6D1F, 0x85FF, 0x96BF, 0x8E5F, 0x757F, 0x6CFE, 0x5C1C, 0x4296, 0x42B7,
 0x53FB, 0x42D7, 0x2171, 0x10AB, 0x0004, 0x30E6, 0x93B0, 0xEEBD, 0xFF9F, 0xEEDD, 0xD599, 0xBA47, 0xB941, 0xC1C3, 0xB183, 0x8082,
 0x90A2, 0x7041, 0xB1C5, 0x6944, 0xDEFC, 0xFFFF, 0xFFBF, 0xF77F, 0xF77F, 0xF75E, 0xEEFD, 0xEEDC, 0xEE9B, 0xF75E, 0xFFFF, 0xFFFF,
 0xFFFF, 0xCE5A, 0xAD17, 0x6B30, 0x3168, 0x6271, 0x9BFB, 0x104E, 0x104E, 0x104C, 0x0008, 0x000C, 0x080B, 0x0831, 0x000C, 0x3148,
 0xAC75, 0x8B71, 0x93B2, 0xB517, 0xAC96, 0xA434, 0x9C14, 0x8B51, 0x8B51, 0x93B2, 0xACB6, 0xACB5, 0x7B4F, 0x49C9, 0x316A, 0x18CA,
 0x0848, 0x10AB, 0x18EE, 0x18ED, 0x18AC, 0x0828, 0x1065, 0x73F7, 0x4296, 0x3A13, 0x3A13, 0x3A14, 0x3A35, 0x31B2, 0x3A34, 0x42B6,
 0x543D, 0x5CBE, 0x4B18, 0x3A55, 0x4319, 0x4B9A, 0x4318, 0x4339, 0x4B9A, 0x4B39, 0x42D7, 0x42D7, 0x4319, 0x4B79, 0x42F7, 0x31B1,
 0x31B1, 0x314A, 0xFFBD, 0xF6FB, 0xD556, 0xD556, 0xCD97, 0xC598, 0xC598, 0xC577, 0xCD97, 0xCD77, 0xB432, 0x8ACD, 0x720A, 0x69A9,
 0x28A8, 0x28EB, 0x28CA, 0x398F, 0x4212, 0x39D1, 0x4233, 0x39D1, 0x3190, 0x20CA, 0x1023, 0x4820, 0x98A1, 0x98A2, 0x9082, 0x8882,
 0x8882, 0x90A2, 0x88A2, 0x7041, 0x7041, 0x7861, 0x7041, 0x6841, 0x6021, 0x5000, 0x4800, 0x4800, 0x4800, 0x2000, 0x1000, 0x7861,
 0xA0A1, 0x98C1, 0x7080, 0x4021, 0x1804, 0x0007, 0x08CC, 0x1991, 0x3254, 0x3296, 0x3AB6, 0x3A96, 0x3235, 0x29B2, 0x18ED, 0x110D,
 0x088A, 0x0027, 0x1003, 0x40E4, 0xA4B5, 0xEEFD, 0xFFFF, 0xFFFF, 0xF73D, 0xDDFA, 0xE67C, 0xDDD8, 0xCA05, 0xC182, 0xB9A3, 0xA102,
 0xA0E2, 0x8061, 0x90E3, 0x8102, 0x83AF, 0xFFFF, 0xFF9F, 0xEF5E, 0xF77F, 0xF79F, 0xF77F, 0xEF7F, 0xEF7F, 0xEF5F, 0xF79F, 0xF77F,
 0xF77F, 0xFFFF, 0xFFFF, 0xFFFF, 0xFFDE, 0x7B92, 0x72D3, 0x49D3, 0x49B2, 0x8335, 0x310C, 0x28D0, 0x0007, 0x080B, 0x0006, 0x6A8C,
 0xA414, 0x8B51, 0x7B10, 0x93D3, 0xA434, 0xA414, 0xA434, 0x9BF3, 0xB517, 0x8BD2, 0x520B, 0x2909, 0x1067, 0x0827, 0x18ED, 0x29B2,
 0x31F3, 0x31D2, 0x2970, 0x294F, 0x18CA, 0x0004, 0x20E6, 0x31AC, 0x0867, 0x0867, 0x0866, 0x1066, 0x18A8, 0x20EB, 0x31D1, 0x3A55,
 0x3A95, 0x31F2, 0x4296, 0x4B7A, 0x53FC, 0x4B7A, 0x4B39, 0x541D, 0x543D, 0x545D, 0x4BBB, 0x4BDB, 0x6CFD, 0x5C9D, 0x4B7A, 0x31F2,
 0x31B1, 0x20EA, 0xDEBA, 0xFF1B, 0xDDB7, 0xD5F8, 0xD5B7, 0xD597, 0xD5B8, 0xC4B4, 0xB411, 0xB412, 0xA36F, 0x930E, 0x930E, 0x9350,
 0x392A, 0x314E, 0x41B0, 0x394D, 0x39B0, 0x42B6, 0x4275, 0x316E, 0x18EB, 0x1843, 0x7060, 0x98C2, 0xA0E2, 0x98C2, 0x90C2, 0x98C2,
 0x98E2, 0xA0E2, 0xA902, 0x88A2, 0x7841, 0x90A2, 0x8061, 0x6821, 0x6821, 0x6021, 0x5000, 0x3800, 0x3800, 0x4000, 0x1000, 0x2800,
 0x7841, 0x90A2, 0xB122, 0xB942, 0xA901, 0x90E0, 0x6880, 0x4041, 0x2022, 0x1002, 0x0803, 0x0804, 0x0804, 0x1002, 0x1800, 0x3000,
 0x5860, 0x8921, 0xCA02, 0xFAE5, 0xFEDA, 0xFFFF, 0xF73D, 0xE67B, 0xE61B, 0xEE7C, 0xEEBD, 0xEEDE, 0xE4F3, 0xD1C2, 0xC1C3, 0xB163,
 0xB143, 0x98E2, 0x7862, 0xA162, 0x59E8, 0xFFFF, 0xFF9F, 0xEF5F, 0xF77F, 0xF77F, 0xF77F, 0xEF7F, 0xF79F, 0xF7BF, 0xEF5F, 0xEF5F,
 0xEF7F, 0xF79F, 0xF79F, 0xF79F, 0xFFDF, 0xFFFF, 0xC618, 0x9CB7, 0x8BD5, 0x9C57, 0x49CD, 0x392D, 0x3110, 0x0007, 0x18A5, 0x82CE,
 0x7AAE, 0x8310, 0x8330, 0x7AEF, 0x9BF3, 0x9C14, 0xA455, 0x9C54, 0x5A6C, 0x20C9, 0x18ED, 0x29D3, 0x3214, 0x31B2, 0x20EC, 0x18EC,
 0x29B1, 0x31D1, 0x210D, 0x0846, 0x1845, 0x1869, 0x0809, 0x0009, 0x000D, 0x000E, 0x000F, 0x000F, 0x000D, 0x0007, 0x0845, 0x20E9,
 0x290D, 0x3191, 0x4B39, 0x547E, 0x653F, 0x547E, 0x543D, 0x5C5D, 0x543D, 0x5C5E, 0x5C7E, 0x5C7E, 0x64DE, 0x64DE, 0x53DB, 0x31D2,
 0x3A54, 0x210B, 0xCE59, 0xFFFF, 0xF6BA, 0xD596, 0xCCD4, 0xCD14, 0xCCF4, 0xBC72, 0xB453, 0xBCB5, 0xBCD5, 0xACB6, 0x9C76, 0x93F4,
 0x61ED, 0x51CE, 0x396F, 0x41F1, 0x41D0, 0x4212, 0x39F2, 0x294E, 0x1822, 0x7860, 0xA0C2, 0x98C2, 0xA922, 0xA923, 0xA922, 0xA922,
 0xA102, 0xA102, 0x98E2, 0x8881, 0x6821, 0x7041, 0x6821, 0x5800, 0x5801, 0x5821, 0x4800, 0x3800, 0x2000, 0x1000, 0x0800, 0x0000,
 0x5020, 0x8862, 0x8882, 0xA102, 0xB142, 0xD1C3, 0xD9C2, 0xEA02, 0xE202, 0xD1E2, 0xD222, 0xC243, 0xCAA5, 0xD348, 0xDC2C, 0xF42C,
 0xFB46, 0xFB04, 0xFB04, 0xEA83, 0xD204, 0xE575, 0xF77F, 0xF75E, 0xF75E, 0xF73E, 0xFF5F, 0xEE7C, 0xD61B, 0xD38D, 0xC961, 0xD203,
 0xC1A3, 0xA923, 0x7841, 0xA122, 0x4944, 0xE75D, 0xFFFF, 0xFFBF, 0xEF5F, 0xF77F, 0xF79F, 0xEF7F, 0xF79F, 0xEFBF, 0xEF7F, 0xEF5F,
 0xEF7F, 0xEF7F, 0xEF7F, 0xF79F, 0xF79F, 0xF79F, 0xFFDF, 0xFFFF, 0xFFFF, 0xF79E, 0xD6BB, 0x8C52, 0x5A10, 0x310F, 0x28E9, 0x8B70,
 0x6A4C, 0x6A4D, 0x9392, 0x830F, 0x7AEF, 0xA414, 0x6ACE, 0x1045, 0x108B, 0x31D3, 0x3A75, 0x3A96, 0x3A13, 0x3191, 0x294E, 0x294F,
 0x2970, 0x210E, 0x0865, 0x2848, 0x284D, 0x0829, 0x0008, 0x000A, 0x000A, 0x000B, 0x000B, 0x000A, 0x000C, 0x000E, 0x000E, 0x0009,
 0x0844, 0x294D, 0x42D8, 0x5C3C, 0x651E, 0x4B79, 0x64DE, 0x6D3F, 0x6D1F, 0x6D7F, 0x649D, 0x53DB, 0x5C7D, 0x651F, 0x53DB, 0x31D2,
 0x3214, 0x39AC, 0xF79E, 0xFF7C, 0xEE37, 0xDD75, 0xD555, 0xDDB7, 0xCD57, 0xCD98, 0xD619, 0xC578, 0xA4D7, 0x9C96, 0x9BF3, 0x9B92,
 0x5969, 0x59ED, 0x396E, 0x39F2, 0x4274, 0x3190, 0x20CC, 0x1024, 0x7080, 0xB102, 0x98E2, 0xA943, 0xB983, 0xB983, 0xA962, 0xA102,
 0x98E2, 0x88A2, 0x7861, 0x7021, 0x6841, 0x7041, 0x7041, 0x7041, 0x7061, 0x6841, 0x5840, 0x5820, 0x4820, 0x3800, 0x2800, 0x1800,
 0x1800, 0x80A1, 0x9082, 0x98C2, 0xA902, 0xB163, 0xC1A3, 0xC9C3, 0xE223, 0xEA84, 0xF2E5, 0xFB25, 0xFBA8, 0xFD72, 0xFEB9, 0xFCCE,
 0xFB25, 0xF2A4, 0xF2C4, 0xF305, 0xE263, 0xDA44, 0xF699, 0xFFFF, 0xFFFF, 0xFFFF, 0xEEDD, 0xCD58, 0xCD99, 0xE61A, 0xCA88, 0xE202,
 0xC1C3, 0xA922, 0x7861, 0xA144, 0x4040, 0x8C92, 0xFFFF, 0xF75E, 0xEF1E, 0xF79F, 0xF77F, 0xEF5F, 0xE73E, 0xEF7F, 0xEF9F, 0xEF7F,
 0xEF5F, 0xEF7F, 0xEF7F, 0xEF7F, 0xF79F, 0xEF3E, 0xDDF9, 0xEF1D, 0xFFBF, 0xFFFF, 0xFFFF, 0xFFFF, 0xAD36, 0x8B93, 0x5A2E, 0x5A2B,
 0x8330, 0x61EB, 0x7AAE, 0x7B10, 0x8330, 0x4168, 0x0005, 0x106A, 0x2970, 0x3A34, 0x3A96, 0x3A76, 0x3A13, 0x31D1, 0x298F, 0x294F,
 0x294F, 0x0866, 0x1024, 0x3092, 0x080D, 0x080C, 0x080D, 0x080C, 0x000C, 0x000E, 0x000E, 0x000C, 0x000C, 0x000B, 0x000D, 0x0012,
 0x0010, 0x0826, 0x31AF, 0x42B7, 0x541B, 0x64DD, 0x7DBF, 0x75BF, 0x75BF, 0x75BF, 0x5CBE, 0x64BE, 0x6D3F, 0x64DE, 0x4B9A, 0x42B7,
 0x2991, 0x1867, 0xDEDB, 0xFFDE, 0xFEFB, 0xEEBB, 0xF73D, 0xEEFC, 0xCDFA, 0xD65A, 0xCE1A, 0xB538, 0xACB6, 0xAC54, 0x9B91, 0x8AEE,
 0xABF1, 0x726E, 0x6292, 0x4A53, 0x3A55, 0x31D1, 0x0846, 0x5040, 0xB963, 0xA922, 0xB983, 0xC1A3, 0xB983, 0xA942, 0xA102, 0x90C2,
 0x98E2, 0xA922, 0xB963, 0xB963, 0xC9A3, 0xDA03, 0xDA03, 0xC9A2, 0xC162, 0xA901, 0x98C1, 0x8881, 0x7841, 0x7020, 0x6820, 0x5800,
 0x2000, 0x2820, 0xB122, 0x8882, 0x90C2, 0xB963, 0xC9A3, 0xDA03, 0xE244, 0xEA64, 0xF2C4, 0xFB25, 0xFB25, 0xFB67, 0xFC09, 0xFBA7,
 0xFB26, 0xFB05, 0xFB05, 0xFB25, 0xF2E5, 0xF242, 0xF348, 0xFF5D, 0xF77F, 0xE63B, 0xCD58, 0xD5DA, 0xF6DD, 0xF75F, 0xED76, 0xD9E2,
 0xB983, 0xA942, 0x7861, 0xB9C4, 0x7060, 0x7B8E, 0xFFFF, 0xFFFF, 0xF7BF, 0xFFDF, 0xFFDF, 0xE73E, 0xDEDD, 0xEF9F, 0xEF9F, 0xEFBF,
 0xEF9F, 0xEF9F, 0xEF9F, 0xEF9F, 0xEF7F, 0xEF7F, 0xEF5E, 0xF73E, 0xF79F, 0xF7BF, 0xF79F, 0xFFDF, 0xFFFF, 0xFFFF, 0xFFFF, 0xAD35,
 0x59CA, 0x7ACE, 0x61EB, 0x7ACF, 0x4189, 0x088B, 0x2971, 0x212E, 0x212E, 0x3A55, 0x3A76, 0x3A34, 0x31F3, 0x31D2, 0x31D1, 0x210D,
 0x0866, 0x2068, 0x2891, 0x082C, 0x0009, 0x080D, 0x080F, 0x0010, 0x0810, 0x000F, 0x0012, 0x0012, 0x0010, 0x0011, 0x0012, 0x000D,
 0x0012, 0x0013, 0x0826, 0x39F2, 0x5C3D, 0x75DF, 0x759F, 0x759F, 0x757F, 0x7DBF, 0x64FE, 0x759F, 0x7D5E, 0x3AD6, 0x541D, 0x4B7A,
 0x20ED, 0x1869, 0x83F0, 0xFFFF, 0xFF9E, 0xEF3D, 0xEF1D, 0xDEBC, 0xDE9B, 0xE69B, 0xCD98, 0xB474, 0xABF1, 0xA390, 0x930E, 0x8B0E,
 0xC4D4, 0xBCF5, 0x6AB0, 0x6B14, 0x4A94, 0x18CC, 0x1802, 0x98E1, 0xB963, 0xA942, 0xB9A3, 0xB183, 0xB163, 0xB962, 0xB982, 0xDA04,
 0xEA65, 0xEA85, 0xDA24, 0xC9C3, 0xB142, 0x98E2, 0x90C2, 0x80A1, 0x7061, 0x6841, 0x5820, 0x4800, 0x4000, 0x3000, 0x2800, 0x2800,
 0x1800, 0x0000, 0x4861, 0x98A2, 0x7841, 0x8062, 0x98E2, 0xC183, 0xD203, 0xDA24, 0xEA64, 0xF2E5, 0xFB46, 0xFB66, 0xFBA7, 0xFBC7,
 0xFB25, 0xFB25, 0xFB05, 0xF2C4, 0xEAA4, 0xF2A5, 0xE223, 0xDAA7, 0xEE5A, 0xEF3E, 0xF73E, 0xF6DD, 0xF73E, 0xFF5E, 0xEE7C, 0xC247,
 0xB941, 0xA942, 0x90C2, 0xB1A4, 0x98E2, 0x5923, 0xB5D7, 0xFFFF, 0xFFDF, 0xFF9E, 0xF7BF, 0xF7DF, 0xF7DF, 0xF79F, 0xEF9F, 0xEFBF,
 0xEFBF, 0xEFBF, 0xEFBF, 0xEFBF, 0xEF9F, 0xEF7F, 0xEF7F, 0xEF5F, 0xEF5F, 0xEF7F, 0xF77F, 0xF79F, 0xFFBF, 0xFFDF, 0xFFFF, 0xFFFF,
 0x9452, 0x622C, 0x6A4C, 0x51A9, 0x0846, 0x31F3, 0x3213, 0x31D2, 0x212F, 0x31F2, 0x31D1, 0x31D2, 0x3190, 0x292E, 0x20EC, 0x0824,
 0x2868, 0x30B0, 0x0009, 0x0006, 0x0009, 0x080D, 0x0011, 0x0010, 0x0811, 0x0013, 0x0015, 0x0016, 0x0015, 0x0015, 0x0036, 0x0036,
 0x000F, 0x0036, 0x0013, 0x10A9, 0x6C9C, 0x8E9F, 0x8E7F, 0x8E7F, 0x757F, 0x759F, 0x969F, 0x8DBD, 0x42D5, 0x543B, 0x651F, 0x3A54,
 0x292E, 0x39F2, 0x314A, 0xE73C, 0xFFFF, 0xEF3D, 0xE6BB, 0xE6BB, 0xE67A, 0xDE19, 0xCD77, 0xBCD5, 0xC516, 0xBD16, 0xAC95, 0xAC74,
 0x930E, 0xCD36, 0xD5B7, 0x6ACF, 0x5251, 0x18EA, 0x5040, 0xA902, 0x9902, 0xB162, 0xA942, 0xB183, 0xC9C3, 0xEA43, 0xE223, 0xD1E3,
 0xB143, 0x98C2, 0x90A2, 0x90C2, 0x98E2, 0x98C2, 0x90A2, 0x8061, 0x7841, 0x6821, 0x6841, 0x6861, 0x6861, 0x6841, 0x6021, 0x5020,
 0x4800, 0x4000, 0x1000, 0x4040, 0xA902, 0x8861, 0x7841, 0x8082, 0xA923, 0xC1A3, 0xD1E3, 0xDA44, 0xF2A4, 0xFB25, 0xFBA7, 0xFBE8,
 0xFBC7, 0xFBC8, 0xFB67, 0xFB05, 0xF2C4, 0xF2A5, 0xE244, 0xD181, 0xE3AB, 0xFFFF, 0xFFFF, 0xFFFF, 0xF75E, 0xE61B, 0xE65B, 0xEE19,
 0xDA66, 0x98A1, 0x7861, 0x7041, 0xA985, 0x9984, 0x5904, 0xE73D, 0xFFFF, 0xFF7D, 0xF71D, 0xEF3E, 0xE71E, 0xDF3F, 0xE77F, 0xEF9F,
 0xEFBF, 0xEF9F, 0xEF9F, 0xEF9F, 0xEF9F, 0xEF9F, 0xEF9F, 0xEFDF, 0xEFBF, 0xEF9F, 0xF79F, 0xF79F, 0xFFBF, 0xF7BF, 0xF79F, 0xFFFF,
 0xFFFF, 0x5A6C, 0x8B50, 0x1865, 0x212C, 0x5317, 0x3234, 0x3214, 0x296F, 0x18AA, 0x18CB, 0x18EC, 0x1088, 0x0867, 0x0023, 0x0003,
 0x0808, 0x0006, 0x0008, 0x0009, 0x000A, 0x000C, 0x000F, 0x000F, 0x0012, 0x0015, 0x0036, 0x0037, 0x0037, 0x0016, 0x003A, 0x003A,
 0x0038, 0x000F, 0x0018, 0x000A, 0x53B5, 0x8E7F, 0x865F, 0x6D9F, 0x75DF, 0xA6DF, 0x8CF8, 0x3A32, 0x4C3C, 0x8EBF, 0x53FA, 0x31D3,
 0x3A34, 0x3A33, 0x294E, 0x9CB3, 0xFFFF, 0xEE9A, 0xDE5A, 0xEEFC, 0xEEFC, 0xD63A, 0xC61B, 0xBDBA, 0xBD99, 0xACF7, 0x93F3, 0x8351,
 0xAC33, 0x9B70, 0xBC73, 0xDDD7, 0x8391, 0x2085, 0x7060, 0x98C2, 0x9902, 0xA942, 0xC1A3, 0xD1E3, 0xC1A3, 0xA0E2, 0x90A2, 0x90A1,
 0x88A2, 0x88C2, 0x9902, 0xA922, 0xA942, 0xA922, 0xA102, 0xA922, 0xB162, 0xC1A3, 0xC1A3, 0xB962, 0xB122, 0x9081, 0x7841, 0x6020,
 0x4000, 0x3800, 0x2800, 0x1000, 0x3020, 0x6041, 0x88A1, 0x90A2, 0x98E2, 0xB142, 0xB983, 0xC1A3, 0xC9E3, 0xE243, 0xF2C5, 0xFB06,
 0xFB46, 0xFB66, 0xF2E5, 0xF284, 0xEA84, 0xF284, 0xF2A4, 0xF2A4, 0xEA02, 0xF46F, 0xFFFF, 0xEF3D, 0xE65B, 0xDE3B, 0xF73E, 0xF6FE,
 0xA207, 0x6000, 0x6821, 0x98C1, 0xB1A4, 0x7903, 0x7185, 0xE75D, 0xFFFF, 0xFFFF, 0xF7BF, 0xEF9F, 0xEF7F, 0xE77F, 0xDEFE, 0xD6BD,
 0xEFBF, 0xEF9F, 0xEF7F, 0xEF9F, 0xEFBF, 0xEF7F, 0xEF7F, 0xEF9F, 0xEF7F, 0xEF9F, 0xF7BF, 0xF7BF, 0xF7BF, 0xF79F, 0xF79F, 0xF79F,
 0xFFFF, 0xB576, 0x834F, 0x396B, 0x210D, 0x5316, 0x29D2, 0x29B1, 0x212D, 0x0845, 0x0845, 0x1847, 0x2049, 0x288D, 0x288D, 0x286E,
 0x184A, 0x1027, 0x0805, 0x0005, 0x0007, 0x0008, 0x000D, 0x0012, 0x0011, 0x0013, 0x003A, 0x003B, 0x0039, 0x0037, 0x003A, 0x003A,
 0x003B, 0x0014, 0x0012, 0x0011, 0x32EF, 0x973F, 0x96BF, 0x8DDD, 0x7D19, 0x4AD3, 0x3214, 0x4319, 0x53DB, 0x64DD, 0x4318, 0x4BBB,
 0x4B59, 0x3A34, 0x2990, 0x5A8D, 0xFFFF, 0xF73D, 0xDE5B, 0xDE5B, 0xE6DC, 0xD67C, 0xC5FA, 0xC578, 0xACD7, 0x9C75, 0x9C34, 0x93F3,
 0xBCB4, 0xC4F6, 0xBCB5, 0xDE18, 0xFF9D, 0x6249, 0x7020, 0x88A2, 0x98E2, 0xA963, 0xB982, 0x88A1, 0x7021, 0x7021, 0x88A2, 0x9902,
 0xA122, 0xB163, 0xB983, 0xB163, 0xB983, 0xB983, 0xD203, 0xEA63, 0xDA03, 0xC1A3, 0xA0E2, 0x88A1, 0x8061, 0x6020, 0x4800, 0x4000,
 0x4820, 0x5020, 0x2000, 0x3000, 0x3800, 0x3800, 0x4800, 0x6861, 0x80A1, 0x98E2, 0xB142, 0xC9C3, 0xDA23, 0xE243, 0xE243, 0xE264,
 0xEAC6, 0xFAC5, 0xF305, 0xFB05, 0xFB05, 0xFAE4, 0xFAC4, 0xF263, 0xD9E2, 0xC1A3, 0xCCB3, 0xC579, 0xDE3B, 0xF75E, 0xEF1D, 0xC517,
 0x8AAD, 0x6841, 0xA902, 0xD9E3, 0x88E2, 0x6081, 0x30A3, 0xC618, 0xFFFF, 0xF77E, 0xEF1E, 0xEF5F, 0xF79F, 0xF7FF, 0xF7BF, 0xE77F,
 0xEF7F, 0xEFBF, 0xEF9F, 0xF7BF, 0xF7DF, 0xEF9F, 0xEF7F, 0xEF5F, 0xEF5F, 0xEF7F, 0xEF7F, 0xEF9F, 0xEF7F, 0xEF5F, 0xEF7F, 0xF77F,
 0xFFDF, 0xFFFF, 0xD67A, 0x4A0E, 0x294E, 0x39AF, 0x18CB, 0x18CB, 0x0844, 0x1026, 0x182B, 0x202F, 0x102E, 0x100C, 0x082F, 0x0830,
 0x102E, 0x100E, 0x100F, 0x100E, 0x100D, 0x080C, 0x0009, 0x000C, 0x0034, 0x0036, 0x0036, 0x003A, 0x005D, 0x085B, 0x003B, 0x003C,
 0x005C, 0x005A, 0x0050, 0x0036, 0x19AA, 0x4374, 0x3AB2, 0x31D0, 0x3234, 0x4BBB, 0x5C9E, 0x53DB, 0x4B5A, 0x42F8, 0x53DB, 0x5C9E,
 0x4BBB, 0x3A56, 0x3213, 0x62CF, 0xFFFF, 0xEF1D, 0xE69C, 0xDE9C, 0xE6FD, 0xEF3D, 0xD63A, 0xC599, 0xBD17, 0xAC74, 0x9B90, 0x8A8C,
 0x8A8B, 0xABB0, 0xBCB4, 0xD576, 0xF6DA, 0x728A, 0x80A2, 0x88A2, 0xA943, 0x90E2, 0x6021, 0x6001, 0x7041, 0x8082, 0x9902, 0xA943,
 0xB183, 0xB9C3, 0xB9A3, 0xB9A3, 0xD1E3, 0xD1E3, 0xD1E3, 0xC1A3, 0xA902, 0xA102, 0xB142, 0xB122, 0x8061, 0x6821, 0x7881, 0x98A1,
 0x7841, 0x3000, 0x2000, 0x6021, 0x5821, 0x6021, 0x4800, 0x5820, 0x8081, 0x98C1, 0x90E1, 0x88E1, 0x9902, 0xB982, 0xDA23, 0xEB05,
 0xF40A, 0xFBA8, 0xFBE8, 0xF326, 0xE263, 0xD1E3, 0xB162, 0xA922, 0xA942, 0xC182, 0xDA04, 0xFF3D, 0xFFFF, 0xE67B, 0xA3F3, 0x8B0F,
 0xB4F7, 0xDD35, 0xF284, 0xB142, 0x4800, 0x70C2, 0x8060, 0x5924, 0xEF7D, 0xFFFF, 0xF77E, 0xEEFD, 0xEEBC, 0xEF3E, 0xEF3E, 0xEF5E,
 0xEF3E, 0xEF5E, 0xEF9F, 0xEFBF, 0xEFBF, 0xEF9F, 0xEF9F, 0xEF9F, 0xEF7F, 0xEF7F, 0xDEFE, 0xEF3E, 0xEF3E, 0xF77F, 0xEF7F, 0xF79F,
 0xFFFF, 0xFFFF, 0xFFFF, 0x4A2E, 0x5A92, 0x4234, 0x212E, 0x0825, 0x180B, 0x080E, 0x000B, 0x0007, 0x0009, 0x000E, 0x000F, 0x000E,
 0x000E, 0x000E, 0x000E, 0x000E, 0x080D, 0x080F, 0x0832, 0x082D, 0x0006, 0x0033, 0x005B, 0x0016, 0x003A, 0x005D, 0x005C, 0x005C,
 0x087D, 0x005C, 0x0052, 0x10D5, 0x18E9, 0x3A56, 0x42F9, 0x541C, 0x6D3F, 0x757F, 0x649E, 0x543D, 0x5C9E, 0x53BB, 0x64BD, 0x64FE,
 0x4BDC, 0x4B39, 0x4252, 0x8C12, 0xFFFF, 0xF77F, 0xE6DD, 0xDE9C, 0xDE39, 0xD576, 0xC4D4, 0xB453, 0xA3B0, 0xA390, 0x934F, 0x934F,
 0x9B2E, 0xABD0, 0xB3F0, 0xCCD4, 0xFEB9, 0x830C, 0x79C9, 0x9965, 0x8881, 0x5801, 0x5801, 0x6821, 0x7882, 0x88C2, 0x90E2, 0x90E2,
 0x9923, 0xA963, 0xB1A3, 0xC9E3, 0xD203, 0xB9A3, 0xB163, 0xB143, 0xB122, 0xB142, 0x88C1, 0x6041, 0x7061, 0xC1A3, 0xC142, 0x7041,
 0x4000, 0x5020, 0x5000, 0x7841, 0x6021, 0x7861, 0x98C2, 0x7861, 0x7041, 0x8881, 0xB122, 0xD1C3, 0xD223, 0xC1E3, 0xC9C3, 0xD1E3,
 0xE243, 0xDA03, 0xCA04, 0xC1C3, 0xB983, 0xB983, 0xC1A3, 0xDA23, 0xEA64, 0xF284, 0xD9A1, 0xCBEE, 0xC5DA, 0xAC34, 0xAC74, 0xD5DA,
 0xE69D, 0xD599, 0xA164, 0x5000, 0x5001, 0x6001, 0xB142, 0x7144, 0xE73D, 0xFFFF, 0xFF7E, 0xF71D, 0xEE9B, 0xEEDC, 0xEEBC, 0xDE5A,
 0xBD37, 0xCDB9, 0xEF3E, 0xEF3E, 0xEF7F, 0xEF7F, 0xEF7F, 0xEF9F, 0xEF7F, 0xEF7F, 0xEF5F, 0xF77F, 0xF77F, 0xFFDF, 0xF79F, 0xFFBF,
 0xFFFF, 0xFFFF, 0xF77D, 0x62EF, 0x5291, 0x18CC, 0x0865, 0x180A, 0x080F, 0x080F, 0x000E, 0x000F, 0x000F, 0x0810, 0x0810, 0x0831,
 0x0011, 0x000F, 0x0010, 0x080F, 0x0010, 0x000F, 0x000E, 0x0831, 0x080C, 0x0004, 0x0032, 0x003C, 0x0016, 0x003A, 0x003C, 0x003C,
 0x003D, 0x10BC, 0x4238, 0x398F, 0x3252, 0x5C7E, 0x6D3F, 0x759F, 0x75BF, 0x7DFF, 0x6CDE, 0x6CFE, 0x64BE, 0x53DB, 0x7D9F, 0x757F,
 0x4BFC, 0x63DB, 0x420F, 0xB597, 0xFFFF, 0xEEDB, 0xE638, 0xDDB6, 0xD514, 0xC493, 0xBC72, 0xB432, 0xA3B0, 0xA3D1, 0x9BD1, 0x9BD2,
 0x9BD2, 0x9B2E, 0xA32E, 0xBBEF, 0xEDD5, 0xD553, 0x71EA, 0x9ACE, 0x5042, 0x5106, 0x7127, 0x78C3, 0x80A2, 0x88C2, 0x88E3, 0x88E3,
 0x88E3, 0x9903, 0xA943, 0xC1C3, 0xB983, 0xA943, 0xA122, 0x90C2, 0x88A2, 0x7861, 0x6821, 0x98E2, 0xDA24, 0xD1E3, 0x8861, 0x5000,
 0x90A1, 0x6861, 0x7041, 0x90C2, 0x98C2, 0x88C2, 0xA102, 0xA102, 0xA922, 0x90C1, 0x7840, 0x7861, 0xB162, 0xDA23, 0xE264, 0xF2E5,
 0xF325, 0xEB47, 0xE40C, 0xEB68, 0xF283, 0xEA43, 0xE203, 0xDA03, 0xC9A2, 0xA901, 0x90C1, 0x8840, 0xBBF1, 0xF7BF, 0xFFFF, 0xFFDF,
 0xCD78, 0x9310, 0x5083, 0x4800, 0x8881, 0xA0E2, 0x9162, 0x7B6E, 0xFFFF, 0xFFFF, 0xFFFF, 0xFFDF, 0xF77E, 0xF77E, 0xFFDF, 0xF7BF,
 0xEF7E, 0xEF7E, 0xEF7F, 0xEF3F, 0xF79F, 0xEF7F, 0xF7BF, 0xF7DF, 0xF7DF, 0xF7FF, 0xF7BF, 0xF7DF, 0xF7BF, 0xFFDF, 0xFFFF, 0xFFFF,
 0xEF5C, 0x842F, 0x3188, 0x108A, 0x0849, 0x0002, 0x0002, 0x3093, 0x2073, 0x080F, 0x0010, 0x0011, 0x0811, 0x0832, 0x0834, 0x0035,
 0x0814, 0x0012, 0x0013, 0x0012, 0x0011, 0x0012, 0x0010, 0x000D, 0x080F, 0x0006, 0x0005, 0x0035, 0x007B, 0x0016, 0x085C, 0x005D,
 0x113F, 0x529D, 0x4A14, 0x4291, 0x5C7D, 0x64FF, 0x7DDF, 0x861F, 0x757F, 0x753F, 0x7D7F, 0x755F, 0x5C3C, 0x5C1C, 0x7DDF, 0x64FF,
 0x4BDC, 0x63B9, 0x4A0D, 0xF7BD, 0xFF9C, 0xF637, 0xE5B6, 0xDDB6, 0xD597, 0xCD76, 0xBD16, 0xBCF5, 0xAC94, 0xA433, 0x9BD1, 0x9370,
 0xA433, 0xB4B4, 0xB473, 0xB411, 0xCCD2, 0xF698, 0xD5B5, 0x9B6F, 0x71CA, 0x5927, 0x92CF, 0x92CE, 0x9186, 0x88C2, 0x88E2, 0x9103,
 0x9103, 0x90E3, 0x90E2, 0x9923, 0x9902, 0x88C2, 0x88A2, 0x90E2, 0x88A1, 0x8881, 0xA922, 0xDA03, 0xDA23, 0x98E1, 0x6001, 0xA102,
 0xA922, 0x5020, 0x90C2, 0xB163, 0xC9E4, 0xC1C3, 0xC9C3, 0xC9A3, 0xC183, 0xC9A3, 0xD9C2, 0xC9C3, 0xB9A3, 0xB983, 0xA901, 0xA901,
 0xA942, 0xA942, 0xB142, 0xC182, 0xC182, 0xC9C3, 0xD203, 0xC9E3, 0xD224, 0xE2C6, 0xEA84, 0xE9C1, 0xE328, 0xE69B, 0xC598, 0x9BF2,
 0x9351, 0xA3F4, 0x9BD3, 0x9103, 0xB101, 0xA943, 0x6060, 0x5A29, 0xF7DF, 0xFFFF, 0xFFBF, 0xF7BF, 0xF79F, 0xF7BF, 0xF7BF, 0xF79F,
 0xF7BF, 0xF7BF, 0xF79F, 0xEF5F, 0xEF3E, 0xEF1E, 0xEF1E, 0xEF1D, 0xEF1D, 0xE6DC, 0xDE7B, 0xF71D, 0xFF5D, 0xFF9E, 0xFFFF, 0xAD14,
 0x20C7, 0x080B, 0x000F, 0x000E, 0x000B, 0x0002, 0x1005, 0x308D, 0x0006, 0x000A, 0x000F, 0x0013, 0x0015, 0x0037, 0x0836, 0x0036,
 0x0036, 0x0015, 0x0016, 0x0015, 0x0015, 0x0034, 0x0012, 0x0011, 0x0011, 0x000D, 0x000A, 0x0007, 0x111B, 0x0899, 0x001C, 0x197F,
 0x739C, 0x312A, 0x42D1, 0x757E, 0x64DF, 0x7DBF, 0x9E9F, 0x967F, 0x7DBF, 0x6CFF, 0x755F, 0x64FF, 0x4B9A, 0x541C, 0x64FF, 0x541D,
 0x3AD8, 0x210C, 0xAD56, 0xFFFF, 0xFF7D, 0xF6DA, 0xEE9A, 0xE69B, 0xDE7B, 0xDE3A, 0xC597, 0xBCF5, 0xAC53, 0xA3D1, 0x9B90, 0x9B4F,
 0x71A8, 0x92EC, 0xB452, 0xC535, 0xC535, 0xCD35, 0xE5B5, 0xE5F6, 0xC4F3, 0x826B, 0x826C, 0xA391, 0xA391, 0x924B, 0x9186, 0x9103,
 0x9102, 0x88E2, 0x88E2, 0x9102, 0x88C2, 0x88C2, 0xA123, 0xB163, 0x88A1, 0x8081, 0xA922, 0xB142, 0x90C2, 0x6001, 0x98E2, 0xB962,
 0x7061, 0x6841, 0xC9C3, 0xD1E3, 0xB163, 0xC9C3, 0xB982, 0xB962, 0xB142, 0xA922, 0xB942, 0xD1C3, 0xE264, 0xF2C4, 0xEB47, 0xD2A7,
 0xB982, 0xA101, 0x98E1, 0xA101, 0x9901, 0x9922, 0xA9A3, 0xB9A3, 0xC204, 0xC286, 0xB1A3, 0x80A1, 0x7040, 0x89EA, 0xA434, 0xB4F6,
 0xDE3B, 0xD61B, 0xBCF7, 0x9945, 0x8060, 0x5821, 0x90A1, 0x7860, 0x9CF4, 0xFFFF, 0xFF9F, 0xFFDF, 0xF79F, 0xF77F, 0xEF5E, 0xEF3E,
 0xEF3E, 0xEF3E, 0xF75E, 0xEF5E, 0xEF5E, 0xEF3E, 0xE6FD, 0xE6BC, 0xE6DD, 0xEF3E, 0xF75D, 0xFF9E, 0xFFDF, 0xFFFF, 0xA513, 0x0006,
 0x080D, 0x1835, 0x0858, 0x0030, 0x0007, 0x0000, 0x0006, 0x002D, 0x0010, 0x000E, 0x000F, 0x000D, 0x0013, 0x0037, 0x0036, 0x0036,
 0x0015, 0x0014, 0x0015, 0x0016, 0x0036, 0x0836, 0x0835, 0x0013, 0x0011, 0x0011, 0x0013, 0x0005, 0x1913, 0x219D, 0x31DF, 0x841B,
 0x6372, 0x74D5, 0x8E3F, 0x64FF, 0x7DBF, 0x9EBF, 0xCF9F, 0xA6FF, 0x7DBF, 0x757F, 0x64DF, 0x64DD, 0x6D1D, 0x3AB6, 0x3AB7, 0x3A55,
 0x210F, 0x314A, 0xFFDE, 0xFFFF, 0xFF7E, 0xFF1C, 0xF6FB, 0xEE79, 0xDDD7, 0xD555, 0xC4B3, 0xBC11, 0xAB8F, 0xA34E, 0x92ED, 0x8A8C,
 0x81E9, 0x8A6A, 0x9ACC, 0xAB6E, 0xBC93, 0xCD55, 0xE618, 0xEE38, 0xEE17, 0xE5F6, 0xBCB2, 0x934E, 0xA370, 0xABF3, 0xA392, 0x92AD,
 0x8945, 0x88E2, 0x88C2, 0x8082, 0x7882, 0x88A2, 0x7882, 0x6821, 0x6821, 0x9902, 0xA122, 0x8882, 0x5800, 0x88E2, 0xC1A3, 0x80A1,
 0x7041, 0xA122, 0xF2A4, 0xB963, 0x98C2, 0xA102, 0x90C1, 0x8903, 0xC1E4, 0xD204, 0xD9E3, 0xC162, 0xA902, 0x98E2, 0xA963, 0xCA46,
 0xEA84, 0xE203, 0xD1E2, 0xD203, 0xD223, 0xCA44, 0xCA65, 0xD2A6, 0xD2A6, 0xD203, 0xD9E2, 0xD9E2, 0xD9A1, 0xC162, 0xD598, 0xDEBC,
 0xD63B, 0xB496, 0x9392, 0x5842, 0x5800, 0x7021, 0x8882, 0xA941, 0x7B4D, 0xFFFF, 0xFFDF, 0xFF9E, 0xF77E, 0xF77E, 0xF79E, 0xEF7E,
 0xEF7E, 0xEF3E, 0xEF3E, 0xF77E, 0xEF9F, 0xEF9F, 0xF7BF, 0xF7BF, 0xF79F, 0xF79F, 0xFFDF, 0xFFFF, 0xFFFF, 0xCE58, 0x0846, 0x000C,
 0x000D, 0x000A, 0x0007, 0x082A, 0x0808, 0x0829, 0x000B, 0x002E, 0x000D, 0x000E, 0x0012, 0x0015, 0x0038, 0x005A, 0x003A, 0x0838,
 0x0017, 0x0038, 0x0836, 0x0014, 0x0834, 0x0836, 0x0037, 0x0036, 0x0014, 0x0010, 0x0812, 0x0008, 0x2970, 0x7BDF, 0x5294, 0x42F2,
 0x757D, 0x64FF, 0x5C9E, 0x759F, 0x8E5F, 0xBF7F, 0xC7BF, 0x85FF, 0x64FF, 0x5C7D, 0x4B7A, 0x539A, 0x42D7, 0x3191, 0x292F, 0x31B1,
 0x188A, 0x3149, 0xFFFF, 0xFFDD, 0xF678, 0xDD74, 0xD4D2, 0xBC0F, 0xB34D, 0xA2CB, 0x8A4A, 0x69A7, 0x5946, 0x40C4, 0x2862, 0x1841,
 0x6187, 0x8A6B, 0xAB4E, 0xBBF0, 0xBC31, 0xBC31, 0xBC72, 0xC515, 0xD5D8, 0xE639, 0xF679, 0xEE58, 0xC534, 0xA3F1, 0x9330, 0x9B30,
 0xA350, 0x924B, 0x7062, 0x7062, 0x6841, 0x6041, 0x6021, 0x6841, 0x8082, 0x98E2, 0x90A2, 0x6821, 0x7881, 0xB982, 0x6040, 0x80C1,
 0x90C2, 0xDA24, 0xC9A3, 0x98C2, 0xB163, 0xD1E3, 0xD1E3, 0xCA04, 0xD224, 0xD204, 0xB962, 0xB142, 0xB983, 0xB162, 0xA0E2, 0x98E2,
 0xB162, 0xC183, 0xC1C3, 0xC1E3, 0xC9E3, 0xD224, 0xD224, 0xD286, 0xC2A7, 0xB1C3, 0xB142, 0xA902, 0x90A1, 0x7061, 0x9B91, 0xB517,
 0xAC75, 0x9BF3, 0x9BD3, 0x822B, 0x8061, 0x7062, 0x7862, 0xB1A3, 0x5165, 0xF7DE, 0xFFDE, 0xF73C, 0xF71C, 0xEF1C, 0xEF1D, 0xEF1D,
 0xEF1D, 0xE6DD, 0xE6BC, 0xE69C, 0xE6BC, 0xE6BD, 0xEF3E, 0xF75E, 0xF75E, 0xF73D, 0xFF5D, 0xFFBE, 0xFFDE, 0x3187, 0x000C, 0x1030,
 0x000B, 0x000B, 0x080E, 0x0830, 0x000D, 0x082E, 0x082F, 0x000D, 0x000F, 0x0011, 0x0037, 0x005B, 0x085A, 0x085B, 0x003B, 0x003A,
 0x083A, 0x003A, 0x0039, 0x0038, 0x0016, 0x0016, 0x0038, 0x0039, 0x0037, 0x0012, 0x0011, 0x000D, 0x49F0, 0x4A33, 0x114D, 0x3AB5,
 0x4B5A, 0x547E, 0x5C9E, 0x5C9E, 0x6D5E, 0x751C, 0x647B, 0x4BDC, 0x4319, 0x42F8, 0x42F8, 0x42D8, 0x42D8, 0x3A34, 0x31B1, 0x31D2,
 0x4A33, 0x20C9, 0xC5F7, 0xFF59, 0xE4B0, 0xB2EA, 0x7986, 0x7166, 0x7146, 0x60E5, 0x48A4, 0x3863, 0x3863, 0x3863, 0x2001, 0x0000,
 0x1002, 0x2863, 0x5106, 0x7A09, 0x9AEC, 0xBC10, 0xD555, 0xD596, 0xB473, 0xC4D5, 0xDE19, 0xF6DC, 0xFF5D, 0xFF1C, 0xD618, 0xA411,
 0x92EE, 0x8A4C, 0x8A8C, 0x9B2F, 0x68C4, 0x5821, 0x6041, 0x6841, 0x7041, 0x7041, 0x7041, 0x8082, 0xA922, 0x7861, 0x4020, 0xA0E2,
 0xB143, 0xC9C3, 0xA902, 0xC9C3, 0xB9A3, 0xB142, 0xA902, 0x98C2, 0x7081, 0x90C2, 0x98C2, 0xA922, 0xB983, 0xC9E3, 0xDA44, 0xDA03,
 0xD203, 0xC9A2, 0xD1C2, 0xC9C2, 0xC1A2, 0xC9C2, 0xD1C2, 0xD181, 0xD1A1, 0xC9C2, 0xC182, 0xA922, 0x90C1, 0x8060, 0x9229, 0xC5B9,
 0xBD58, 0xACB6, 0xAC75, 0xAC54, 0x88C3, 0x7841, 0x7041, 0x98E1, 0x6A28, 0xFFFF, 0xFFFF, 0xFFBE, 0xFF5D, 0xF75E, 0xF75E, 0xEF3E,
 0xEF3E, 0xE6DD, 0xDEBD, 0xDE9C, 0xDE9C, 0xDE9C, 0xE6FD, 0xF75F, 0xFF9F, 0xFFDF, 0xFFFF, 0xFFFF, 0xBDD6, 0x0006, 0x080F, 0x080D,
 0x080D, 0x0830, 0x000D, 0x000C, 0x000F, 0x000A, 0x0031, 0x0035, 0x087A, 0x005D, 0x089E, 0x089F, 0x003A, 0x003B, 0x003C, 0x003C,
 0x003C, 0x003B, 0x003B, 0x003C, 0x003C, 0x085B, 0x003A, 0x003A, 0x0038, 0x0015, 0x0012, 0x0011, 0x1046, 0x2970, 0x3191, 0x20CC,
 0x2991, 0x3A75, 0x42D7, 0x4319, 0x4B19, 0x4BBC, 0x541D, 0x53FC, 0x4B7A, 0x4B5A, 0x435A, 0x4B7A, 0x4B7B, 0x42B7, 0x3A54, 0x3AB6,
 0x3A34, 0x39D1, 0x39AA, 0xFF18, 0xF510, 0xCB6C, 0xAA69, 0x89C8, 0x7167, 0x7166, 0x6126, 0x6126, 0x6106, 0x58E5, 0x48A4, 0x2842,
 0x38E6, 0x5147, 0x5947, 0x48C5, 0x5926, 0x71A8, 0x928B, 0xB3F0, 0xCD14, 0xCD15, 0xD597, 0xDDD8, 0xEEBB, 0xFF3D, 0xFFDF, 0xFFFF,
 0xE6DB, 0xBD15, 0x9B90, 0x822B, 0xA3D2, 0x92EE, 0x6062, 0x5800, 0x5800, 0x5800, 0x7841, 0x98E2, 0x90A2, 0x4800, 0x78C1, 0xC183,
 0xA102, 0x8881, 0xA122, 0xB983, 0x88C2, 0x8882, 0x90C2, 0xB142, 0xA122, 0xC1A3, 0xE244, 0xE224, 0xEA23, 0xF284, 0xEAC5, 0xE1E1,
 0xE222, 0xB940, 0xB920, 0xD180, 0xB100, 0x98C0, 0x90A0, 0xA900, 0xA920, 0xA900, 0xB921, 0xC961, 0xC961, 0xC900, 0xDC0F, 0xF79F,
 0xC578, 0x9BD2, 0x9372, 0x8A6D, 0x5800, 0x5821, 0x7841, 0x88E1, 0x9410, 0xFFFF, 0xFF7D, 0xFF3C, 0xFEFB, 0xF6BA, 0xF6BA, 0xE69A,
 0xEEBA, 0xDE59, 0xCD97, 0xD5B7, 0xDDD8, 0xDDD7, 0xDDF8, 0xF69A, 0xF6DB, 0xFF1C, 0xFF7D, 0xFFFF, 0x734E, 0x080C, 0x0810, 0x1011,
 0x0011, 0x0034, 0x0011, 0x0036, 0x0037, 0x0010, 0x000E, 0x0056, 0x087C, 0x08DF, 0x21BF, 0x10FF, 0x003D, 0x007E, 0x007E, 0x005D,
 0x005D, 0x003C, 0x003C, 0x003C, 0x005D, 0x085D, 0x085D, 0x003C, 0x0039, 0x0037, 0x0013, 0x0010, 0x10E8, 0x42B6, 0x4AF8, 0x31D2,
 0x2970, 0x3A35, 0x4339, 0x4319, 0x53DB, 0x651F, 0x6D5F, 0x6CFE, 0x543D, 0x543D, 0x5C3D, 0x53BB, 0x4B9B, 0x4B59, 0x3A96, 0x4B59,
 0x42F7, 0x52F7, 0x296C, 0xB532, 0xFE75, 0xDC2E, 0xBB2C, 0xAAAA, 0x89C8, 0x81E8, 0x926A, 0x6967, 0x6106, 0x50C5, 0x4083, 0x3042,
 0x3063, 0x5906, 0x7187, 0x6146, 0x6946, 0x79A7, 0x79A7, 0x8A09, 0x9AAC, 0xB3AF, 0xC4F4, 0xD576, 0xD555, 0xDDF8, 0xEE7A, 0xEEBB,
 0xF6DB, 0xFF3C, 0xF71B, 0xE659, 0xEF5D, 0x9B91, 0x5884, 0x8A4B, 0x92AD, 0x6083, 0x99A7, 0x7061, 0x5000, 0x5001, 0x9902, 0x98E2,
 0x6821, 0x7041, 0x90C2, 0x8081, 0x8061, 0x98E2, 0xB163, 0xE244, 0xF2A4, 0xD223, 0xD244, 0xC182, 0x9902, 0x8902, 0x91C6, 0x8A49,
 0x61A7, 0x624A, 0x6AAC, 0x8BB0, 0xA452, 0xA453, 0x9412, 0x72EE, 0x520A, 0x59E9, 0x722A, 0x6967, 0x60E4, 0x6082, 0x9391, 0xACB6,
 0xB4D6, 0xB4D7, 0x9BD3, 0x81A9, 0x7820, 0x6000, 0x90E3, 0x7944, 0xBDD5, 0xFFBA, 0xEDB3, 0xDCF2, 0xDD13, 0xCC0F, 0xDCB1, 0xDCF2,
 0xD4B2, 0xA32D, 0x6988, 0x7A09, 0xA32D, 0xAB6E, 0xAB4E, 0xBBCF, 0xAB4D, 0xD491, 0xEDB4, 0xFF79, 0x4A2C, 0x1810, 0x1010, 0x0834,
 0x0035, 0x0037, 0x0038, 0x111F, 0x111F, 0x005C, 0x0879, 0x0018, 0x003C, 0x007E, 0x087E, 0x087E, 0x08BF, 0x10FF, 0x08FF, 0x08FF,
 0x08BF, 0x005D, 0x005C, 0x005D, 0x005C, 0x005C, 0x005D, 0x085D, 0x085A, 0x0037, 0x0013, 0x000C, 0x324C, 0x64BF, 0x3A76, 0x31F3,
 0x4318, 0x4B9B, 0x53DC, 0x5C3D, 0x64BE, 0x64FF, 0x757F, 0x753F, 0x64BE, 0x649E, 0x64BE, 0x5C5D, 0x53DC, 0x53DC, 0x4319, 0x4B7A,
 0x4B9A, 0x5B9A, 0x4A52, 0x7B6D, 0xFED7, 0xD44F, 0xC3AD, 0xB30B, 0x89E8, 0x81A7, 0x7187, 0x5905, 0x58E5, 0x2842, 0x3863, 0x38A4,
 0x40A4, 0x40A4, 0x48C4, 0x5905, 0x6946, 0x81A8, 0x81E8, 0x9A8A, 0xAB0C, 0x9AAB, 0x926A, 0xA2CC, 0x9A6A, 0xA2AB, 0xB30C, 0xB34D,
 0xB30C, 0xB34D, 0xCC30, 0xE533, 0xF635, 0xDE16, 0xB515, 0x93B1, 0x9BD2, 0xB453, 0x726B, 0x4883, 0x3800, 0x7041, 0x8882, 0x6821,
 0x4800, 0x7861, 0x7841, 0x8061, 0x98E2, 0xB162, 0xC9C3, 0xC982, 0xA921, 0x7880, 0x48A3, 0x82ED, 0x8BD1, 0x9C74, 0xC5FA, 0xC5FA,
 0xA4F6, 0xC5FB, 0xCE1B, 0xDE9C, 0xEF9F, 0xF79F, 0xF79F, 0xE71E, 0xC5BA, 0xAD17, 0xDEDD, 0xC5DA, 0xB558, 0x9434, 0x72CF, 0x6A4D,
 0x6A4C, 0x59EB, 0x622B, 0x5800, 0x6800, 0x90A2, 0x9184, 0x59E8, 0xFFFD, 0xFED6, 0xFD92, 0xED32, 0xDD33, 0xCC70, 0xD4D2, 0xDCD2,
 0xCC50, 0xC3EF, 0xAB0C, 0xAB0C, 0xBBEF, 0xDD33, 0xCCD3, 0xD4D2, 0xBBAE, 0xD470, 0xFE96, 0xFF59, 0x292A, 0x1011, 0x0054, 0x0056,
 0x0837, 0x085A, 0x007D, 0x091F, 0x199F, 0x115F, 0x117F, 0x113F, 0x42BF, 0x3A9F, 0x08FF, 0x219F, 0x2A3F, 0x21BF, 0x197F, 0x195F,
 0x10FF, 0x08BF, 0x009E, 0x089F, 0x005D, 0x003D, 0x007D, 0x085D, 0x085C, 0x0037, 0x0015, 0x0009, 0x6473, 0x5C3C, 0x3A35, 0x53FC,
 0x5C3D, 0x53FC, 0x53DC, 0x5CBE, 0x64DE, 0x64DF, 0x64FF, 0x64FF, 0x64DF, 0x6D1F, 0x64DE, 0x5C5D, 0x5C5D, 0x5C7E, 0x4BDC, 0x4B9B,
 0x4BBB, 0x4B7A, 0x4274, 0x522B, 0xFF39, 0xE512, 0xCC0E, 0xC36C, 0x9A69, 0x7987, 0x6126, 0x6125, 0x50E5, 0x48A4, 0x40C5, 0x38C5,
 0x50E5, 0x5905, 0x6946, 0x89E8, 0xA28A, 0x9ACC, 0x81C8, 0x81E8, 0x81E8, 0x81C7, 0x9208, 0x9A69, 0xA2CB, 0xBB8D, 0xC3EE, 0xCC50,
 0xCC70, 0xCC91, 0xD4D2, 0xDD34, 0xEDD5, 0xFEB7, 0xFFFB, 0xEF5B, 0x9C31, 0x826B, 0x2000, 0x79C8, 0x80E4, 0x6800, 0x6021, 0x4800,
 0x4000, 0x7021, 0x7041, 0x90A2, 0xA0E2, 0x90A1, 0x6820, 0x60C3, 0x5168, 0x8BD3, 0xA4B6, 0xB517, 0xB4F7, 0xB516, 0xCDD9, 0xDE9C,
 0xC598, 0x9C34, 0xBD58, 0xACF6, 0xC5D9, 0xCDDA, 0xDE7C, 0xCDDA, 0xB4F6, 0xA434, 0xBD57, 0xB517, 0xACD6, 0xBD58, 0x93B2, 0x8B51,
 0xA495, 0x8310, 0x6A6D, 0x59A9, 0x3821, 0x80A1, 0x9163, 0xA4B2, 0xFFFE, 0xFE96, 0xF511, 0xED32, 0xE5B5, 0xDD54, 0xDDB7, 0xDD13,
 0xE574, 0xED73, 0xCC71, 0xCC71, 0xDD54, 0xE5B6, 0xDD96, 0xDDD8, 0xED95, 0xEDB4, 0xFF59, 0xFFDC, 0x524D, 0x0010, 0x00FB, 0x0078,
 0x085A, 0x089B, 0x087C, 0x005D, 0x08BF, 0x111F, 0x199F, 0x19BF, 0x849F, 0xFFFF, 0x63BF, 0x19BF, 0x325F, 0x21BE, 0x199F, 0x195F,
 0x111F, 0x10FE, 0x08DF, 0x08DE, 0x005E, 0x005D, 0x005C, 0x005D, 0x005C, 0x0016, 0x0015, 0x088A, 0x753A, 0x4B19, 0x53FC, 0x64BE,
 0x64DE, 0x6D1F, 0x6CDE, 0x64BE, 0x757F, 0x7DBF, 0x7D9F, 0x757F, 0x755F, 0x6D3F, 0x5C9E, 0x64BE, 0x6D3F, 0x755F, 0x64DF, 0x4BFC,
 0x4BDB, 0x4B5A, 0x4AB5, 0x524D, 0xFF9B, 0xED52, 0xC3AD, 0xB30B, 0xA269, 0x79A7, 0x7187, 0x7987, 0x6946, 0x6105, 0x50E5, 0x50C5,
 0x58E5, 0x7166, 0x89E8, 0xAACB, 0xBB6D, 0xBB4C, 0xAAAA, 0xAAAA, 0xAACA, 0x9A28, 0x99E8, 0xB30B, 0xCBEE, 0xCBCE, 0xD40F, 0xD42F,
 0xDCB0, 0xE533, 0xDD33, 0xE554, 0xE574, 0xED95, 0xF616, 0xFEF8, 0xFFBB, 0xEF3B, 0x9B4D, 0x71E9, 0xA2EE, 0x6000, 0x6841, 0x4041,
 0x3000, 0x5001, 0x7861, 0x8881, 0x6800, 0x4042, 0x622B, 0xA4F7, 0xA475, 0xACB6, 0x9BF3, 0xA434, 0xCDDA, 0xDE5B, 0xF75F, 0xFFFF,
 0xFFFF, 0xACD6, 0xCE1A, 0xC599, 0xE6FD, 0xEF3E, 0xEF5E, 0xE6FD, 0xD65B, 0xB4D6, 0xBD78, 0xDE9C, 0xAC96, 0xBD58, 0xA475, 0x7ACF,
 0x9C13, 0x8B71, 0x7ACF, 0x93B3, 0x6A6E, 0x50E4, 0x934D, 0xFFDE, 0xFEF8, 0xFE55, 0xE4D1, 0xDC70, 0xEDD5, 0xEE99, 0xE5F6, 0xDD33,
 0xF657, 0xF6BA, 0xE639, 0xDD13, 0xDD75, 0xDCD2, 0xDD13, 0xCD99, 0xEDF6, 0xDCD2, 0xF615, 0xFFFF, 0x94B3, 0x000D, 0x0057, 0x0035,
 0x0059, 0x089B, 0x08FD, 0x089D, 0x08BE, 0x113F, 0x113F, 0x115F, 0x2A3F, 0xD6FF, 0xBE1F, 0x19BF, 0x21DF, 0x21BE, 0x199F, 0x199F,
 0x21DF, 0x199F, 0x115F, 0x115F, 0x08DE, 0x085C, 0x083B, 0x083B, 0x085C, 0x18B8, 0x0014, 0x4AF0, 0x6CDE, 0x4B7B, 0x5C9E, 0x64BE,
 0x755F, 0x7DBF, 0x85DF, 0x85FF, 0x861F, 0x861F, 0x861F, 0x861F, 0x85DF, 0x757F, 0x757F, 0x759F, 0x759F, 0x7D9F, 0x7DFF, 0x5C9E,
 0x439B, 0x5359, 0x52F6, 0x62AE, 0xFF39, 0xDC90, 0xC38D, 0xB32C, 0xAB0C, 0xA2EC, 0x8A09, 0x7167, 0x6947, 0x6167, 0x6167, 0x5106,
 0x7146, 0x7167, 0x7187, 0x89E8, 0xA2AA, 0xBB4C, 0xC36C, 0xCBCD, 0xDC4E, 0xD40D, 0xD44E, 0xE4D0, 0xE511, 0xED32, 0xED11, 0xD3CD,
 0xD3AD, 0xDC2F, 0xE4D1, 0xED53, 0xEDD5, 0xEE17, 0xEE37, 0xFE99, 0xFED9, 0xFF79, 0xFFFE, 0x728B, 0x92CF, 0x81C9, 0x7987, 0x5945,
 0x4841, 0x5000, 0x7821, 0x5000, 0x4106, 0x8331, 0x9BF4, 0xA455, 0xACB5, 0x93F3, 0xB4D6, 0xCDBA, 0xEEFE, 0xE6BC, 0xE67C, 0xEF1D,
 0xF77E, 0xACD6, 0xBD37, 0xC5B9, 0xACD6, 0xBD17, 0xCDB9, 0xD61A, 0xCDB9, 0xAC95, 0xA454, 0xDE7C, 0xB4D6, 0xBD17, 0xACD6, 0x8B51,
 0x9C34, 0xAC75, 0x8310, 0x7ACE, 0x8310, 0x626C, 0xCE7A, 0xFFFF, 0xFED7, 0xF552, 0xDC2F, 0xDC70, 0xED73, 0xFF1A, 0xFEFB, 0xF657,
 0xF656, 0xFE78, 0xDE19, 0xE5D7, 0xE5D6, 0xDD95, 0xED94, 0xE5B6, 0xEDF7, 0xCC10, 0xF697, 0xFFFE, 0xE73C, 0x290C, 0x1873, 0x0011,
 0x0836, 0x0039, 0x08BD, 0x08DF, 0x089D, 0x089E, 0x08DF, 0x197F, 0x21BF, 0x327F, 0x42DF, 0x327F, 0x2A3F, 0x2A3F, 0x325F, 0x2A3F,
 0x21FF, 0x21DF, 0x21DF, 0x199F, 0x08FF, 0x005E, 0x087D, 0x005C, 0x087B, 0x395B, 0x108C, 0xA63A, 0x649E, 0x53DC, 0x5C5D, 0x755F,
 0x7DDF, 0x8E3F, 0x861F, 0x861F, 0x8E3F, 0x8E7F, 0x8E7F, 0x8E3F, 0x861F, 0x861F, 0x7DDF, 0x7DDF, 0x7DBF, 0x7D9F, 0x7DFF, 0x64DE,
 0x437B, 0x5BBB, 0x4AB3, 0x9412, 0xFE97, 0xCC50, 0xC3EF, 0xBBAF, 0xB38E, 0xAB0C, 0x81A8, 0x7167, 0x6967, 0x5947, 0x5106, 0x40A4,
 0x8A2A, 0x81E8, 0x81C7, 0x89C7, 0xAACA, 0xC32C, 0xDC4F, 0xFDD3, 0xF654, 0xF675, 0xF6D7, 0xFF18, 0xFFBB, 0xFF59, 0xFF17, 0xFED6,
 0xFE95, 0xFE55, 0xFDF4, 0xFE55, 0xFE76, 0xF677, 0xE595, 0xDD13, 0xE574, 0xF5F5, 0xFF18, 0xEF19, 0x9BF0, 0x82AD, 0x82AD, 0x61C7,
 0x70C4, 0x4800, 0x4000, 0x4106, 0x8B92, 0x8B51, 0x82EF, 0x9392, 0xBD78, 0xA475, 0xA475, 0xB4D6, 0xC579, 0xC599, 0xC558, 0xCDDA,
 0xE69C, 0xCDDA, 0xAC95, 0xDE9C, 0xC5B9, 0xE6DC, 0xEEFD, 0xDE9C, 0xD65B, 0xCDDA, 0xA455, 0xE6DC, 0xCDFA, 0xB4D6, 0xB4B6, 0x9392,
 0x8B51, 0x9C14, 0x8330, 0x7AEF, 0x7AEF, 0x5A0A, 0xDEFB, 0xFFFE, 0xFF39, 0xFE15, 0xED12, 0xF616, 0xED73, 0xF616, 0xFF5D, 0xF6BA,
 0xE5B5, 0xF5F5, 0xF5D5, 0xEE79, 0xF657, 0xCD78, 0xEDF7, 0xFE77, 0xFEF9, 0xF658, 0xFFBD, 0xFFFF, 0xFFFF, 0xA516, 0x28F0, 0x1873,
 0x0033, 0x1159, 0x001A, 0x007D, 0x087D, 0x085D, 0x08DF, 0x195F, 0x21BF, 0x29FF, 0x2A5F, 0x539F, 0x84FF, 0x63FF, 0x4B5F, 0x431F,
 0x327F, 0x21FF, 0x21DF, 0x199F, 0x115F, 0x111F, 0x08BE, 0x009C, 0x107B, 0x1874, 0x63D2, 0x9E7F, 0x4BDC, 0x5C3D, 0x6CFE, 0x85FF,
 0x861F, 0x8E5F, 0x8E5F, 0x8E7F, 0x96BF, 0x9EBF, 0x9E9F, 0x969F, 0x8E7F, 0x861F, 0x757F, 0x85FF, 0x861F, 0x757F, 0x759F, 0x64DE,
 0x4B7B, 0x747C, 0x4230, 0xCDB7, 0xFE56, 0xCC50, 0xBBCF, 0xB36E, 0xAAEB, 0x9229, 0x89C8, 0x7987, 0x58E5, 0x50C4, 0x48A4, 0x48A4,
 0x7A2A, 0x926A, 0x9A49, 0xB30A, 0xD44E, 0xFDF3, 0xCCCF, 0x730D, 0x4A4F, 0x420D, 0x39CA, 0x4A4A, 0x526B, 0x524C, 0x528D, 0x73D0,
 0xB594, 0xF738, 0xFF99, 0xFED7, 0xF593, 0xE512, 0xCC50, 0xD4D1, 0xDD33, 0xE553, 0xF573, 0xFEB7, 0xFFFC, 0xEF5B, 0xE71C, 0x6ACC,
 0x99C8, 0x5000, 0x2062, 0x6A6D, 0x7AAE, 0x7ACF, 0x830F, 0x9BB2, 0xB4B6, 0xACB6, 0x9BF3, 0xACB6, 0xB4D6, 0xCDFA, 0xCE1A, 0xCDD9,
 0xDE9C, 0xC5B9, 0xA495, 0xD65B, 0xC5B9, 0xC599, 0xE6FD, 0xDE9B, 0xD63B, 0xBD58, 0x9BF3, 0xBD57, 0xD65B, 0xBD17, 0xACB6, 0xA475,
 0x8330, 0x9C14, 0x8B51, 0x8310, 0x8B50, 0x5A2B, 0xD6BB, 0xFFFF, 0xFF3A, 0xFE57, 0xFE56, 0xFED9, 0xFEB9, 0xF5D4, 0xFEFA, 0xFF5C,
 0xF658, 0xF637, 0xFE37, 0xF637, 0xFE78, 0xEDF7, 0xEE9B, 0xFFFD, 0xFFFF, 0xFFFF, 0xDEFB, 0xAD76, 0xC619, 0xF79D, 0x5270, 0x4257,
 0x1917, 0x6C7D, 0x193B, 0x001C, 0x007E, 0x007F, 0x08FF, 0x21BF, 0x2A1F, 0x327F, 0x329F, 0x42FF, 0xE71F, 0xE75F, 0x745F, 0x3ADF,
 0x329F, 0x327F, 0x2A1F, 0x221F, 0x221F, 0x113F, 0x003E, 0x005C, 0x3959, 0x4A4F, 0x969E, 0x541C, 0x541D, 0x64DF, 0x7D9F, 0x861F,
 0x85DF, 0x861F, 0x9EFF, 0xCF7F, 0xD7BF, 0xB75F, 0x9EBF, 0x9EBF, 0x967F, 0x6D1E, 0x6D3F, 0x8E5F, 0x861F, 0x757F, 0x759F, 0x4C1D,
 0x5BFB, 0x6BF9, 0x528F, 0xFF7B, 0xEDD4, 0xCC2F, 0xBB4C, 0xAAAA, 0x9208, 0x89E8, 0x89C7, 0x81E9, 0x72D1, 0x5969, 0x58C4, 0x4083,
 0x7145, 0x7987, 0x9A49, 0xC38C, 0xF5B2, 0xAC6F, 0x210A, 0x18CE, 0x210F, 0x292F, 0x314F, 0x314E, 0x418F, 0x51F1, 0x418F, 0x188B,
 0x1889, 0x41CB, 0x8BEF, 0xF6D7, 0xFE15, 0xDC4F, 0xC36D, 0xC3AE, 0xBB4D, 0xB2EC, 0xD40F, 0xE533, 0xFEB7, 0xFF18, 0xFFFD, 0xCE18,
 0x79E8, 0x88C1, 0x5105, 0x8351, 0x6A0C, 0x7A8E, 0x8310, 0x9392, 0xAC95, 0xBD58, 0x9C33, 0x9C54, 0x9C34, 0xCDD9, 0xDE9C, 0xDE9C,
 0xE6FC, 0xD67A, 0xCE18, 0xCE39, 0xBD96, 0xA4D4, 0xCE59, 0xCE18, 0xCE18, 0xBDB8, 0xA4B4, 0xBD77, 0xE6BB, 0xD61A, 0xC599, 0xB4B6,
 0x8B51, 0x93F3, 0x8B71, 0x82EF, 0x93B2, 0x8B70, 0xA4B3, 0xFFFF, 0xFFFE, 0xFF1A, 0xFE36, 0xFED9, 0xFF1B, 0xFE98, 0xF658, 0xF6DB,
 0xFF3C, 0xF699, 0xFE99, 0xF637, 0xFEFB, 0xFF5B, 0xFFFF, 0xF7BE, 0x9472, 0x49EC, 0x186A, 0x0007, 0x0005, 0x18E5, 0x1049, 0x3BB9,
 0x4CDF, 0x751E, 0x3A7B, 0x0019, 0x005D, 0x005E, 0x08DF, 0x197F, 0x21DF, 0x2A1F, 0x535F, 0x94DF, 0xEF3F, 0xFFFF, 0xF7BF, 0x6C1F,
 0x2A3F, 0x2A1F, 0x221F, 0x2A3F, 0x19BF, 0x08BE, 0x003D, 0x317D, 0x4212, 0xAE9C, 0x755E, 0x42B7, 0x543E, 0x6D3F, 0x759F, 0x7DBF,
 0x85DF, 0x969F, 0xCF9F, 0xFFFF, 0xFFFF, 0xDFBF, 0xA71F, 0xA6DF, 0x755E, 0x545E, 0x75BF, 0x96BF, 0x863F, 0x7DBF, 0x651F, 0x4BDC,
 0x7CFE, 0x29B0, 0xBDB7, 0xFF7A, 0xE553, 0xBBAE, 0xAACB, 0xA28A, 0x9208, 0x81A7, 0x6928, 0x9C58, 0x9D5D, 0x5129, 0x58A4, 0x3042,
 0x91E8, 0x89E8, 0x89E8, 0xCBED, 0xD572, 0x31AD, 0x3236, 0x292E, 0x294E, 0x39F2, 0x3A34, 0x31F3, 0x2991, 0x3190, 0x39B0, 0x418F,
 0x396F, 0x396F, 0x416D, 0x49EA, 0xDEF9, 0xFFB9, 0xF614, 0xE511, 0xD42F, 0xA26A, 0xDCB1, 0xFE56, 0xFE77, 0xFEB7, 0xFEF8, 0xFFFC,
 0xE6FB, 0xBC92, 0x726A, 0x7B2F, 0x7AEF, 0x620C, 0x8310, 0x93B2, 0x93D2, 0xA475, 0x93F3, 0xACD6, 0xBD57, 0xA4F4, 0x9493, 0x736F,
 0x528E, 0x422D, 0x29AD, 0x3210, 0x29AE, 0x18C9, 0x218E, 0x31F1, 0x216D, 0x18C8, 0x20E9, 0x3A0D, 0x4A4E, 0x526D, 0x62CD, 0x732F,
 0x7B2F, 0xAC95, 0x9BF3, 0x7AEF, 0x728E, 0x8B30, 0x7B2E, 0xFFFF, 0xFFFE, 0xFFBD, 0xFEFA, 0xFE78, 0xFED9, 0xFEDA, 0xFEDA, 0xFEFB,
 0xFF1B, 0xFF3C, 0xFEDB, 0xFEDA, 0xF6FA, 0xFFFF, 0xDEDA, 0x398A, 0x080A, 0x080B, 0x100C, 0x0806, 0x1024, 0x1005, 0x1809, 0x0848,
 0x0993, 0x4C7C, 0x6C3C, 0x0858, 0x001B, 0x003E, 0x007F, 0x111F, 0x195F, 0x19BF, 0x327F, 0x6B9F, 0xB5DF, 0xFFFF, 0xFFDF, 0x849F,
 0x221F, 0x2A1F, 0x29FF, 0x2A1F, 0x193E, 0x4A7F, 0x39DE, 0x39B3, 0x753A, 0x759F, 0x3A96, 0x42B7, 0x5C7E, 0x6D3F, 0x757F, 0x757F,
 0x861F, 0x8E7F, 0xB73F, 0xE7BF, 0xDF9F, 0xBF5F, 0xA6FF, 0x85FF, 0x5C9E, 0x7DBF, 0xC75F, 0xAF5F, 0x8EBF, 0x6D1E, 0x435B, 0x6C9E,
 0x4B77, 0x62F1, 0xFFFC, 0xE4F1, 0xDCD2, 0xCC50, 0xB34D, 0xAACB, 0x9A8A, 0x79C9, 0x71A9, 0x720D, 0x5949, 0x4883, 0x50A3, 0x4063,
 0x9209, 0x9A49, 0xAACA, 0xFDF3, 0xA4B0, 0x21D2, 0x3A96, 0x3190, 0x3A34, 0x3A54, 0x4275, 0x3A55, 0x3A34, 0x3A34, 0x31D2, 0x31B1,
 0x39B1, 0x2950, 0x3190, 0x41AF, 0x3949, 0xD698, 0xFFFB, 0xFE54, 0xFED6, 0xDD11, 0xE4F1, 0xFE77, 0xFE77, 0xFE57, 0xFE57, 0xFE97,
 0xFFDB, 0xFFFF, 0xEF9E, 0x6ACC, 0x830F, 0x6A4D, 0x726D, 0x7ACF, 0xA434, 0xACB6, 0x8BF2, 0x4A0C, 0x31AD, 0x1089, 0x0007, 0x088C,
 0x2192, 0x2A14, 0x3AD8, 0x4339, 0x435A, 0x3AD7, 0x3255, 0x4BDB, 0x4BDC, 0x3A76, 0x2970, 0x3296, 0x3AF8, 0x2A14, 0x10ED, 0x0807,
 0x18EA, 0x39AD, 0x49CB, 0x7AEE, 0x8B51, 0x9351, 0x6A4C, 0xEF5D, 0xFFFF, 0xFFDE, 0xFF9D, 0xFF3C, 0xFEB9, 0xF6BA, 0xFF1B, 0xFF1B,
 0xFEFB, 0xFF3D, 0xFF5D, 0xFF9D, 0xFFDE, 0xEF5C, 0x2907, 0x0009, 0x1009, 0x1008, 0x1009, 0x102B, 0x204D, 0x102E, 0x100F, 0x100D,
 0x0007, 0x00B0, 0x3B17, 0x6296, 0x4A1E, 0x085F, 0x001E, 0x007E, 0x08DF, 0x115F, 0x21BF, 0x21FF, 0x323F, 0x4ADF, 0x73DF, 0xAD9F,
 0xADBF, 0x637F, 0x5B1F, 0x5AFF, 0x739F, 0x18BA, 0x2991, 0x7519, 0x6D3F, 0x4B9B, 0x42D8, 0x42F8, 0x547E, 0x543E, 0x545D, 0x757F,
 0x757F, 0x759F, 0x75BF, 0x7DFF, 0x64FE, 0x6D3F, 0x651F, 0x755F, 0x861F, 0xB73F, 0xDFDF, 0x9EBF, 0x64DD, 0x3B3A, 0x6C5C, 0x6C39,
 0x4A2E, 0xEF5B, 0xFF18, 0xC3AF, 0xB38F, 0xE5D6, 0xBBAE, 0x9ACC, 0xAB0C, 0x926A, 0x7166, 0x60E4, 0x4883, 0x3042, 0x3063, 0x3064,
 0xA269, 0xB30B, 0xCBCD, 0xFF17, 0x9470, 0x196F, 0x3A34, 0x3A34, 0x4275, 0x4275, 0x4295, 0x42B6, 0x42B6, 0x42B7, 0x3A75, 0x3A34,
 0x31D2, 0x31D3, 0x2970, 0x3190, 0x398F, 0x3148, 0xEF5B, 0xFF7A, 0xFEB6, 0xFEB6, 0xED93, 0xEDD5, 0xFF19, 0xFEF9, 0xFE98, 0xFE77,
 0xFEB7, 0xFFDC, 0xFFFF, 0x83D0, 0x8B70, 0x6A2C, 0x726E, 0x9392, 0x628C, 0x20C5, 0x0847, 0x2150, 0x2A15, 0x3215, 0x2150, 0x210D,
 0x3A13, 0x3A54, 0x3A95, 0x3A96, 0x3A96, 0x3A96, 0x3A34, 0x42F7, 0x541C, 0x53FC, 0x3A76, 0x3234, 0x4BBB, 0x4B7A, 0x42B7, 0x31B1,
 0x2970, 0x3256, 0x21B1, 0x18A9, 0x28C7, 0x7AEE, 0x9BF3, 0xB556, 0xFFFF, 0xFFFF, 0xFFFF, 0xFFDF, 0xFF5C, 0xEE9A, 0xF6BB, 0xFF5C,
 0xFF1B, 0xFF1C, 0xFF9E, 0xFFDF, 0xFFFF, 0x7B8F, 0x000B, 0x182C, 0x204D, 0x080F, 0x10F2, 0x08D7, 0x0010, 0x0011, 0x0010, 0x0010,
 0x0810, 0x0012, 0x0010, 0x0847, 0x4A4C, 0x7379, 0x527F, 0x295F, 0x089F, 0x007F, 0x08DF, 0x093F, 0x21DF, 0x6BDF, 0x73FF, 0x6B9F,
 0x3A5F, 0x3A5F, 0x637F, 0x6B7E, 0x4A55, 0x4270, 0x8D59, 0x5BFB, 0x3AD9, 0x3AB7, 0x3213, 0x31D2, 0x435A, 0x547F, 0x5CBE, 0x6D5F,
 0x759F, 0x6D7F, 0x6D5F, 0x8E5F, 0x6CFE, 0x545E, 0x64FF, 0x6D3F, 0x7DDF, 0x759F, 0x64FE, 0x5C7E, 0x545E, 0x64DE, 0x63B6, 0x6B52,
 0xEF3B, 0xFF7A, 0xED94, 0xB3B0, 0xB390, 0xAB6E, 0xA2AB, 0xAAEB, 0xB30B, 0xA28A, 0x58E5, 0x2822, 0x3043, 0x3063, 0x3884, 0x3064,
 0x9A69, 0xC3AC, 0xFE12, 0xF758, 0x3169, 0x212F, 0x31B1, 0x42B7, 0x42F7, 0x42F7, 0x42B7, 0x42D7, 0x42F8, 0x3AB7, 0x21B1, 0x190C,
 0x18A9, 0x18A8, 0x18C9, 0x18CA, 0x2970, 0x18CC, 0x526C, 0xFFFF, 0xFFBA, 0xF531, 0xEC6F, 0xE490, 0xFE97, 0xFF7B, 0xFF5B, 0xFF3B,
 0xFED9, 0xFF39, 0xFFFE, 0xDEBB, 0x5A0A, 0x724D, 0x622C, 0x28E8, 0x0005, 0x0006, 0x294F, 0x3A13, 0x3233, 0x3A74, 0x29B1, 0x29D2,
 0x42F7, 0x4338, 0x4359, 0x42F7, 0x4BBA, 0x4BBB, 0x42F8, 0x3A55, 0x42F8, 0x4BBB, 0x4BBB, 0x3234, 0x42F8, 0x541C, 0x4339, 0x42B7,
 0x31D2, 0x2990, 0x3A96, 0x29B2, 0x18ED, 0x396A, 0x8B70, 0xC5F8, 0xFFFF, 0xFF9B, 0xFFDE, 0xFFFF, 0xFFDF, 0xFF5D, 0xFF3C, 0xFF7D,
 0xFF7D, 0xFF3C, 0xFFBF, 0xFFFF, 0xEF5C, 0x20C9, 0x3032, 0x3072, 0x0833, 0x0016, 0x2199, 0x113C, 0x0058, 0x0838, 0x0837, 0x08F9,
 0x0015, 0x0013, 0x0014, 0x0011, 0x0007, 0x0847, 0x3190, 0x62F5, 0x7B9A, 0x73BE, 0x5AFE, 0x635F, 0x843F, 0x7BFF, 0x423E, 0x0013,
 0x0017, 0x4A7B, 0x7374, 0x83D1, 0x9D56, 0x855D, 0x3A97, 0x5BD9, 0x649B, 0x5C19, 0x5C5B, 0x64DD, 0x6D1D, 0x759F, 0x6D7F, 0x75BF,
 0x7DFF, 0x863F, 0x967F, 0xAF3F, 0x7DBE, 0x543D, 0x5C9E, 0x547E, 0x545E, 0x4BDC, 0x437B, 0x4B9C, 0x3AB7, 0x52D2, 0xAD37, 0xFFFE,
 0xFFBB, 0xEDB5, 0xDD33, 0xBBD0, 0xAB4E, 0x9AAB, 0xB32C, 0xBB0C, 0xC36D, 0xA269, 0x6125, 0x3863, 0x48C4, 0x48C5, 0x40C5, 0x38C6,
 0x9208, 0xC36C, 0xF5F3, 0xACD1, 0x190E, 0x31F3, 0x212E, 0x3A96, 0x4BBA, 0x4B38, 0x42B7, 0x3214, 0x194F, 0x20A8, 0x3801, 0x3800,
 0x3800, 0x3800, 0x3800, 0x4020, 0x3042, 0x30C8, 0x0004, 0x83D4, 0xFFFF, 0xFF39, 0xFDF4, 0xFDF4, 0xFE76, 0xFF19, 0xFF9C, 0xFFBD,
 0xFF5B, 0xFF5B, 0xFFFD, 0xEF5D, 0x5A4B, 0x8B30, 0x1885, 0x110D, 0x18CB, 0x18CB, 0x31F3, 0x3AB6, 0x42D7, 0x4359, 0x3AF7, 0x29F3,
 0x3AB7, 0x3B39, 0x4BBB, 0x5C5C, 0x543C, 0x4B9A, 0x3AB6, 0x3A55, 0x4BBA, 0x4BBB, 0x541C, 0x543C, 0x42F8, 0x4BBB, 0x4C1D, 0x435A,
 0x3A76, 0x2990, 0x29B1, 0x3234, 0x39D2, 0x41EF, 0x732F, 0xFFFF, 0xFFDF, 0xFF7B, 0xFF9B, 0xFFDD, 0xFFFF, 0xFFDF, 0xFF9E, 0xFFBE,
 0xFFFF, 0xFFDE, 0xFFBE, 0xFFFF, 0xB5D6, 0x0808, 0x40B6, 0x1033, 0x0012, 0x0833, 0x0014, 0x0016, 0x0857, 0x0838, 0x085A, 0x11DD,
 0x091D, 0x085B, 0x323C, 0x1938, 0x000D, 0x0007, 0x000F, 0x000D, 0x084C, 0x29B1, 0x747E, 0x951D, 0x8CBA, 0x6BF6, 0x4AD0, 0x3A30,
 0x5AF5, 0x6B93, 0x7C14, 0x7C58, 0x5BFB, 0x3AB7, 0x3295, 0x5C59, 0x757E, 0x7D9E, 0x6D1D, 0x6CFD, 0x757E, 0x64DC, 0x4B9A, 0x5C5B,
 0x753D, 0x7DBE, 0x965F, 0x9E1E, 0x543D, 0x5C7E, 0x64FF, 0x5CBE, 0x543D, 0x435A, 0x42D8, 0x29F4, 0x6B32, 0xEF5D, 0xFFFE, 0xFF7B,
 0xFEFA, 0xEDD5, 0xDD33, 0xC411, 0xB36E, 0xB36E, 0xABD2, 0xB32D, 0xB3B0, 0xBB6D, 0xA2AB, 0x71C8, 0x6188, 0x4927, 0x40C6, 0x3085,
 0x924D, 0xBB6F, 0xFE97, 0x7B90, 0x31F3, 0x3A55, 0x31D2, 0x31D2, 0x4BBA, 0x53FC, 0x3214, 0x1089, 0x3801, 0x6800, 0x7020, 0x7041,
 0x7861, 0x7021, 0x7021, 0x6020, 0x5000, 0x7080, 0x4861, 0x0007, 0x6B31, 0xFFDF, 0xFFFD, 0xFF59, 0xFE96, 0xFE76, 0xFF3A, 0xFFBD,
 0xFF5B, 0xFF5B, 0xFFBC, 0xFFDF, 0xA4B4, 0x624C, 0x298E, 0x2150, 0x20CB, 0x1889, 0x212E, 0x2990, 0x29F2, 0x3234, 0x3213, 0x212E,
 0x18EC, 0x18EC, 0x2990, 0x3213, 0x31D2, 0x2970, 0x29B1, 0x3214, 0x3A54, 0x4317, 0x4BBB, 0x5CBE, 0x53FC, 0x3235, 0x3B18, 0x4BBC,
 0x4319, 0x3A34, 0x292E, 0x29B1, 0x2970, 0x4A52, 0x6B52, 0xFFFF, 0xF7BF, 0xDEFE, 0xFFBD, 0xFFBC, 0xFFBC, 0xFFFF, 0xFFFF, 0xF77E,
 0xDEBE, 0xFFFF, 0xF75D, 0xFFFF, 0xBDF7, 0x180A, 0x2052, 0x0011, 0x0013, 0x0833, 0x0034, 0x0814, 0x0836, 0x0037, 0x0858, 0x007B,
 0x08BC, 0x08BD, 0x43FF, 0x193A, 0x000D, 0x0004, 0x0007, 0x000E, 0x000B, 0x0046, 0x29F2, 0x42D6, 0x4B36, 0x4337, 0x3295, 0x3A72,
 0x4250, 0x3A12, 0x2971, 0x2171, 0x31F3, 0x3A55, 0x3255, 0x3AB7, 0x5C9D, 0x64FF, 0x545E, 0x5C9E, 0x757F, 0x4BBB, 0x3AB8, 0x42F9,
 0x4B9B, 0x5C9E, 0x651F, 0x7DBF, 0x6D3F, 0x653F, 0x6D7F, 0x6D7F, 0x5CFE, 0x4BDC, 0x3298, 0x39CD, 0xF7BE, 0xFFFE, 0xFF3A, 0xFF1B,
 0xFF1B, 0xFF1A, 0xF678, 0xE5F7, 0xD534, 0xBC30, 0xB3F0, 0xAB8E, 0xA2EC, 0xAAEC, 0x9A8A, 0x7187, 0x5906, 0x40C5, 0x38C6, 0x30C7,
 0xAB16, 0xCC37, 0xFE9D, 0x6B30, 0x3234, 0x3AD7, 0x3A75, 0x42D7, 0x4339, 0x3A55, 0x10AA, 0x5020, 0x7820, 0x8081, 0x98E2, 0x90C2,
 0x90A2, 0x8882, 0x7841, 0x7841, 0x6021, 0x5000, 0x9102, 0x3081, 0x0004, 0x41EB, 0xAD56, 0xFFDE, 0xFFFE, 0xFF9B, 0xFF5A, 0xFF7A,
 0xFE76, 0xFEB8, 0xFFBC, 0xFFFF, 0xFFFF, 0x6B2D, 0x10A7, 0x20A9, 0x49AF, 0x210C, 0x296F, 0x210D, 0x210D, 0x212D, 0x20EC, 0x210D,
 0x2990, 0x31D1, 0x3233, 0x3235, 0x3214, 0x3234, 0x3A96, 0x42B7, 0x3A75, 0x3213, 0x42B7, 0x3AB7, 0x3275, 0x3A75, 0x3214, 0x3AD8,
 0x437A, 0x3A76, 0x294F, 0x294E, 0x31F3, 0x4212, 0x394C, 0xBDD8, 0xFFFF, 0xF7BF, 0xF7BF, 0xFFDE, 0xFFFE, 0xFFFE, 0xFFFF, 0xFFDF,
 0xC61D, 0xF79F, 0xFFFF, 0xF7FF, 0xDF1C, 0x392C, 0x2051, 0x0032, 0x0033, 0x0011, 0x0813, 0x0813, 0x0833, 0x0835, 0x0838, 0x0038,
 0x08FC, 0x009D, 0x21FD, 0x0037, 0x0010, 0x0007, 0x0007, 0x0009, 0x0008, 0x0005, 0x0003, 0x0808, 0x104A, 0x1049, 0x1049, 0x1069,
 0x18ED, 0x210E, 0x2970, 0x31D2, 0x3A13, 0x3A76, 0x3AB7, 0x3A76, 0x4BDA, 0x5C3C, 0x5C3D, 0x545D, 0x64DE, 0x53DB, 0x4319, 0x4BDC,
 0x64DF, 0x85FF, 0x9EDF, 0x9EDF, 0x8E5F, 0x7E1F, 0x75BF, 0x653F, 0x4C1C, 0x649E, 0x29B0, 0xAD35, 0xFFFF, 0xFFFE, 0xFFFE, 0xFFFE,
 0xFF5C, 0xF678, 0xDD54, 0xDD54, 0xDD32, 0xB32C, 0x81E8, 0x81A8, 0x9209, 0xAB2D, 0xB38E, 0x928B, 0x724B, 0x61EA, 0x4927, 0x40A4,
 0xAB5B, 0xCC9B, 0xFF1F, 0x7B51, 0x32D5, 0x4B59, 0x4318, 0x4339, 0x4B7A, 0x214F, 0x3821, 0x8060, 0x90C2, 0xB143, 0xA102, 0x98C2,
 0x8881, 0x8061, 0x7020, 0x5820, 0x5020, 0x4000, 0x5020, 0xA163, 0x2063, 0x10AB, 0x41CF, 0x5AB0, 0xD69C, 0xFFFF, 0xFF9C, 0xFF9B,
 0xFF1A, 0xFF3B, 0xFFFF, 0xFFFF, 0x9CB4, 0x4A0C, 0x290A, 0x396D, 0x49F1, 0x31F3, 0x3A34, 0x3A54, 0x3A75, 0x3A54, 0x210D, 0x3A54,
 0x42D7, 0x42D7, 0x42F8, 0x4359, 0x4359, 0x4339, 0x42F7, 0x42D7, 0x42B6, 0x3A54, 0x3213, 0x3190, 0x2970, 0x2970, 0x2990, 0x2990,
 0x3234, 0x3214, 0x31B2, 0x31D2, 0x3214, 0x4A95, 0x396E, 0x734F, 0xFFFF, 0xFFFF, 0xFFFF, 0xDEDE, 0xCE7E, 0xFFDE, 0xFFFF, 0xFFFF,
 0xFFFF, 0xFFFF, 0xFFFF, 0xFFFF, 0xFFFF, 0x7B93, 0x2010, 0x00B4, 0x019A, 0x0851, 0x0852, 0x0833, 0x0833, 0x0833, 0x0814, 0x0016,
 0x2A3A, 0x537C, 0x0015, 0x0035, 0x080F, 0x086D, 0x00D3, 0x000B, 0x0008, 0x0007, 0x0004, 0x0000, 0x0000, 0x0000, 0x0002, 0x0004,
 0x0005, 0x0848, 0x108A, 0x18AB, 0x212F, 0x2991, 0x31D2, 0x3A55, 0x3A76, 0x4276, 0x4B39, 0x4BBA, 0x3AB7, 0x42D7, 0x42D7, 0x541D,
 0x6D5F, 0x7DFF, 0x969F, 0x9EFF, 0x7DDF, 0x653F, 0x653F, 0x4BFD, 0x5C5E, 0x5BB7, 0x62D0, 0xFFFF, 0xFFDD, 0xFF3A, 0xEDF5, 0xDD53,
 0xD470, 0xBB6D, 0xB32C, 0xBBAD, 0xB32C, 0xA28A, 0x8A29, 0x928B, 0x92EC, 0x9B2D, 0x92CC, 0x7A09, 0x5126, 0x4083, 0x3842, 0x2823,
 0xA37B, 0xC49C, 0xF65F, 0xAC75, 0x3AB3, 0x53FC, 0x4BDB, 0x53FC, 0x3AD7, 0x1887, 0x6840, 0x90E2, 0xB163, 0xB142, 0xA102, 0x8081,
 0x7041, 0x6061, 0x3820, 0x1800, 0x2000, 0x4882, 0x4061, 0x4841, 0x68C1, 0x0003, 0x212C, 0x318E, 0x18EA, 0xADB9, 0xFFFF, 0xFFFF,
 0xFFDF, 0xFFFF, 0xFFFF, 0x8C13, 0x49CF, 0x39D1, 0x190F, 0x314F, 0x3191, 0x3234, 0x3AB6, 0x4359, 0x4BBB, 0x4BDB, 0x3234, 0x3AF8,
 0x4339, 0x4B7A, 0x4BBA, 0x4BFC, 0x4C3D, 0x439A, 0x437A, 0x4339, 0x42D7, 0x3A34, 0x2990, 0x29B1, 0x3B39, 0x4318, 0x3A33, 0x294F,
 0x188A, 0x210E, 0x2990, 0x3213, 0x3234, 0x3A75, 0x4A95, 0x292C, 0xC619, 0xFFFF, 0xFFFF, 0xFFFF, 0xD6BE, 0xCE7E, 0xF79D, 0xFFFF,
 0xFFFF, 0xFFDF, 0xE75F, 0xFFFF, 0xFFFF, 0xCE7A, 0x204C, 0x1830, 0x0092, 0x0917, 0x08B5, 0x0895, 0x0812, 0x0054, 0x0834, 0x0013,
 0x0834, 0x641C, 0x2A39, 0x0011, 0x0810, 0x084F, 0x0892, 0x000C, 0x0009, 0x0005, 0x0003, 0x218C, 0x3293, 0x3B36, 0x3AB3, 0x2A0F,
 0x216B, 0x20E9, 0x2908, 0x2908, 0x1087, 0x1088, 0x1067, 0x188A, 0x20ED, 0x2970, 0x3A34, 0x42D7, 0x4318, 0x31B1, 0x3190, 0x42D7,
 0x541C, 0x64FE, 0x755F, 0x6D3F, 0x545E, 0x549E, 0x547E, 0x6CFF, 0x7C99, 0x526F, 0xEF5D, 0xFFBD, 0xF616, 0xE492, 0xBB4F, 0xB32F,
 0xBBF2, 0xC412, 0xB3B2, 0xAB71, 0x928F, 0x822F, 0x7A0F, 0x69AE, 0x616D, 0x592D, 0x48CB, 0x388A, 0x306A, 0x286B, 0x306E, 0x30B0,
 0x89E9, 0xAAED, 0xDC91, 0xF677, 0x4A4E, 0x5C7C, 0x4C1C, 0x547E, 0x439A, 0x2822, 0x7860, 0xA943, 0xB983, 0xA122, 0x9902, 0x5840,
 0x5881, 0x5061, 0x4820, 0x7081, 0x5040, 0x6082, 0x70C2, 0x2820, 0x2841, 0x6060, 0x6081, 0x8123, 0x68A1, 0x48E3, 0x8C10, 0xEF9E,
 0xFFFF, 0xFFFF, 0xBDD7, 0x20C9, 0x292C, 0x0847, 0x18CA, 0x18AA, 0x18EC, 0x31D2, 0x3A76, 0x3AF8, 0x4BFB, 0x4BFC, 0x3AB7, 0x4318,
 0x4BDB, 0x541C, 0x549E, 0x6D3F, 0x64FE, 0x4C1D, 0x439A, 0x3AD7, 0x3213, 0x31B1, 0x29B1, 0x2990, 0x29D1, 0x3AB7, 0x4B7A, 0x42D7,
 0x296F, 0x210E, 0x294F, 0x294F, 0x2970, 0x214F, 0x39F2, 0x31B1, 0x5A6F, 0xF79E, 0xFFFF, 0xFFFF, 0xFFFF, 0xFFBF, 0xD69D, 0xB5FE,
 0xFFFF, 0xFFFF, 0xC65E, 0x8CBC, 0xFFFF, 0xFFFF, 0x8C13, 0x180D, 0x1010, 0x0012, 0x0871, 0x19B6, 0x0854, 0x0812, 0x0117, 0x08F5,
 0x0011, 0x0033, 0x2B1C, 0x1196, 0x000F, 0x080F, 0x080E, 0x000A, 0x0003, 0x0002, 0x3AD5, 0x965F, 0x863F, 0x651F, 0x6D3F, 0x6D5F,
 0x5C9E, 0x53BB, 0x5338, 0x4AF7, 0x42B5, 0x4274, 0x3A10, 0x39F0, 0x294D, 0x212D, 0x316E, 0x294E, 0x3234, 0x42B7, 0x294F, 0x296F,
 0x31F3, 0x3234, 0x3A75, 0x3A76, 0x3A55, 0x3A34, 0x3235, 0x52F3, 0x7351, 0xEF3D, 0xFFFF, 0xFF7F, 0xF67D, 0xDD1A, 0xD51A, 0xD55B,
 0xD51B, 0xBC59, 0xB3D9, 0xB3D9, 0x9B17, 0x7A55, 0x71F5, 0x69D5, 0x69F5, 0x61B3, 0x4972, 0x38F1, 0x3113, 0x4115, 0x40F6, 0x40F6,
 0x9248, 0x9A49, 0xB32B, 0xFE94, 0xB512, 0x5B53, 0x8DBF, 0x547F, 0x3B79, 0x2801, 0x8080, 0xC1A3, 0xB983, 0x90C2, 0x6081, 0x6144,
 0x78C3, 0x6800, 0x8861, 0xE285, 0xB942, 0x5000, 0x1800, 0x0800, 0x9102, 0xBA27, 0x88A2, 0x6001, 0x6841, 0x88A1, 0x6800, 0x59A6,
 0xD6BA, 0xB576, 0x2925, 0x28C8, 0x1865, 0x312A, 0x49CF, 0x314D, 0x18EB, 0x212D, 0x2970, 0x3234, 0x42F8, 0x3A75, 0x31B1, 0x3A54,
 0x4338, 0x4339, 0x3AB6, 0x42D6, 0x3AD7, 0x3A76, 0x3A96, 0x3AB7, 0x4318, 0x3A76, 0x3A75, 0x433A, 0x3AB6, 0x3214, 0x3213, 0x3A54,
 0x3A34, 0x29B1, 0x29D2, 0x29B2, 0x3A55, 0x39D1, 0x18EC, 0x2990, 0x31D1, 0x7350, 0xFFFF, 0xFFFF, 0xFFFF, 0xFFFF, 0xFFFF, 0xBE5F,
 0xD6DF, 0xFFFF, 0xF7BF, 0x63BC, 0x5BBD, 0xE75F, 0xFFFF, 0x6AD1, 0x2850, 0x20B5, 0x0093, 0x10F2, 0x21D7, 0x0894, 0x0031, 0x439B,
 0x4236, 0x000F, 0x0873, 0x0976, 0x0810, 0x0830, 0x002E, 0x0005, 0x216B, 0x42F8, 0x6D9F, 0x963D, 0x5399, 0x32B9, 0x3B7C, 0x54BF,
 0x6D7F, 0x6D7F, 0x6D3F, 0x541C, 0x541D, 0x545E, 0x5C5E, 0x53FD, 0x4B9C, 0x4319, 0x4AD7, 0x52B4, 0x318D, 0x214E, 0x2991, 0x18AA,
 0x1047, 0x1089, 0x1069, 0x18AA, 0x20AB, 0x188A, 0x314B, 0x9473, 0xFFDF, 0xFFFF, 0xFFDF, 0xFF7F, 0xF71F, 0xEE7F, 0xEE5F, 0xDE1F,
 0xD59E, 0xC4FE, 0xB45E, 0xA3DE, 0x8B5C, 0x729A, 0x72DB, 0x7BBC, 0x6B3C, 0x529B, 0x41BB, 0x3919, 0x3918, 0x41DA, 0x6BFD, 0x421A,
 0xA2EC, 0x9A8A, 0xA28A, 0xCC0E, 0xFF17, 0xA535, 0x6BF4, 0x961F, 0x545C, 0x2822, 0x8880, 0xC1A3, 0xA122, 0x5000, 0x50E3, 0x9145,
 0x6000, 0x7841, 0xA184, 0xB287, 0x9923, 0x3800, 0x1000, 0x40A2, 0x60C2, 0xA247, 0xC226, 0x7861, 0x6821, 0x6001, 0x6021, 0x8060,
 0x6943, 0x0002, 0x106B, 0x292E, 0x108A, 0x296F, 0x31D3, 0x31F3, 0x3A76, 0x3A55, 0x31F2, 0x31D1, 0x3A75, 0x4338, 0x4B38, 0x3A74,
 0x31D1, 0x2970, 0x294F, 0x2970, 0x214E, 0x294E, 0x292E, 0x294F, 0x31F2, 0x3AF8, 0x42D7, 0x42B7, 0x435A, 0x4319, 0x3AB7, 0x3213,
 0x31F3, 0x2990, 0x2970, 0x210E, 0x29D1, 0x3AF8, 0x3234, 0x18CC, 0x3A54, 0x3A12, 0xC5D9, 0xFFFF, 0xE79F, 0xDF1F, 0xEF7F, 0xFFFF,
 0xF7BF, 0xEFBF, 0xFFFF, 0xFFFF, 0x7CDD, 0x8D5E, 0xFFFF, 0xEFBF, 0x83B4, 0x4111, 0x30D4, 0x19D8, 0x2A54, 0x10F4, 0x000F, 0x18F2,
 0xB65E, 0x4AB6, 0x000C, 0x000F, 0x0051, 0x08F3, 0x000B, 0x296B, 0x539C, 0x5C9E, 0x4377, 0x3297, 0x84FD, 0x94FA, 0x94D9, 0x8CF9,
 0x4BB8, 0x651F, 0x7DDF, 0x7DBF, 0x755F, 0x6D5F, 0x759F, 0x757F, 0x651F, 0x5C7E, 0x4B9B, 0x42F9, 0x52F7, 0x4231, 0x18A8, 0x0825,
 0x32F4, 0x4C19, 0x4398, 0x2A11, 0x112B, 0x08A8, 0x73B0, 0xF79D, 0xFFFF, 0xFFFF, 0xFFDF, 0xFF1E, 0xFF3D, 0xFF1D, 0xEE5C, 0xE5FC,
 0xDDFB, 0xCD7B, 0xA3BA, 0x9359, 0x8B57, 0x8338, 0x7B5A, 0x839A, 0x8359, 0x7AB7, 0x61D5, 0x4113, 0x40F1, 0x3931, 0x4277, 0x84DF,
 0xA2AB, 0xA2AB, 0x924A, 0xAACB, 0xE4D0, 0xFF99, 0xAD55, 0x5B12, 0x95BC, 0x624A, 0x98E0, 0xB982, 0x7081, 0x5082, 0x8125, 0x6821,
 0x6000, 0x70A2, 0x9AA9, 0x79E6, 0x58C2, 0x3861, 0x4881, 0x80C2, 0x6841, 0x6861, 0xA984, 0x90C2, 0x8861, 0x8061, 0x7861, 0x6821,
 0x90E2, 0x58C2, 0x1024, 0x2886, 0x190D, 0x3214, 0x3213, 0x3A34, 0x3A75, 0x3A76, 0x3A96, 0x3A75, 0x3A33, 0x4359, 0x3A74, 0x31B1,
 0x3234, 0x3A75, 0x42B6, 0x42B6, 0x3A96, 0x3A75, 0x3A54, 0x3213, 0x29B0, 0x296F, 0x2990, 0x31D2, 0x3214, 0x3AB7, 0x3AF8, 0x42F8,
 0x3A34, 0x296F, 0x3233, 0x31F3, 0x31D2, 0x2170, 0x643B, 0x4A94, 0x210E, 0x4B37, 0x5AF1, 0xFFBE, 0xFFFF, 0xEF7F, 0xC5DC, 0xB57C,
 0xFFDF, 0xFFFF, 0xFFFF, 0xF7BF, 0xD6BF, 0xD6FF, 0xFFFF, 0xBE5F, 0xB69F, 0xAD58, 0x59F2, 0x4133, 0x639A, 0x7C59, 0x106E, 0x000A,
 0x2131, 0xCEBF, 0x5B15, 0x000D, 0x10D2, 0x19B5, 0x0007, 0x29AC, 0x42FA, 0x29F5, 0x4319, 0x8D5D, 0x9CDA, 0x73BC, 0x735D, 0x735C,
 0x186C, 0x4B95, 0x863F, 0x861F, 0x7DDF, 0x7DBF, 0x85FF, 0x85DF, 0x7DBF, 0x6D1F, 0x5C7E, 0x437B, 0x3AB8, 0x4B19, 0x42B5, 0x2A13,
 0x545E, 0x4BDA, 0x5C7C, 0x543C, 0x32FA, 0x3B3B, 0x2A76, 0x3253, 0x73D4, 0xDEDB, 0xFFFE, 0xFEF8, 0xFE97, 0xFE76, 0xFE77, 0xF616,
 0xE553, 0xD470, 0xC40F, 0xB38F, 0x9ACE, 0x92CE, 0x92CE, 0x928D, 0x8A6B, 0x71A8, 0x5906, 0x48E6, 0x4907, 0x4908, 0x51EE, 0x6B12,
 0x79E9, 0xA2CB, 0xB32C, 0xBB6D, 0xD40F, 0xFE34, 0xFFFB, 0x6310, 0x39F3, 0x294C, 0xB2EA, 0xE2C7, 0x5040, 0x5882, 0x7042, 0x6001,
 0x5800, 0x6841, 0x78A2, 0x6021, 0x7041, 0x7082, 0x6841, 0x6000, 0x7861, 0x90A1, 0xD224, 0xB9A3, 0xA922, 0x98E2, 0x90A2, 0x7841,
 0x6801, 0x9944, 0x48A1, 0x6840, 0x6040, 0x20A8, 0x3234, 0x3A96, 0x42D7, 0x435A, 0x4B9A, 0x4B59, 0x4296, 0x3A33, 0x3A33, 0x42B7,
 0x42D7, 0x42F7, 0x4318, 0x4318, 0x42D7, 0x3AB6, 0x3A96, 0x3235, 0x29B1, 0x296E, 0x20EB, 0x18EC, 0x210D, 0x212E, 0x2990, 0x29B1,
 0x31D2, 0x29D1, 0x2990, 0x2970, 0x31F2, 0x31B2, 0x63D8, 0x851C, 0x2A14, 0x4B38, 0x4250, 0xCE39, 0xFFFF, 0xFFFF, 0xFFDF, 0xA4FB,
 0x6359, 0xB5DC, 0xFFFF, 0xFFFF, 0xDF1F, 0x9D5E, 0xBE1E, 0xEF9F, 0xA61F, 0xFFFF, 0xEF5D, 0x83D5, 0x5193, 0x7BBA, 0xA55B, 0x51F1,
 0x000A, 0x20EF, 0xADBB, 0x4AB6, 0x084C, 0x1110, 0x0009, 0x0888, 0x3A76, 0x29F8, 0x743B, 0xA4F8, 0x529B, 0x39DD, 0x2918, 0x20B3,
 0x0006, 0x4B74, 0x861F, 0x861F, 0x85FF, 0x7DDF, 0x7DBF, 0x7DBF, 0x85BF, 0x64DE, 0x541D, 0x4B9B, 0x3AD9, 0x3A77, 0x4296, 0x42B7,
 0x4297, 0x3AD8, 0x3AD5, 0x214E, 0x29F4, 0x3257, 0x437B, 0x3B1A, 0x2AFB, 0x3A93, 0xD69B, 0xFFFD, 0xFF39, 0xFE56, 0xFE97, 0xFE56,
 0xFE78, 0xDD96, 0xCCB3, 0xC472, 0xBBD0, 0x9AAC, 0x71CA, 0x7A2B, 0x79E9, 0x6988, 0x69A9, 0x6168, 0x5148, 0x5948, 0x4907, 0x40A5,
 0x79E9, 0xAAEC, 0xCC70, 0xD490, 0xD491, 0xED52, 0xFF17, 0xB573, 0x31AF, 0x29F5, 0x51CB, 0xF44D, 0x60E2, 0x5800, 0x8061, 0x90A2,
 0x88A2, 0x7841, 0x6821, 0x8081, 0x88C2, 0x6021, 0x8082, 0xA942, 0xC9C3, 0xE285, 0xFB26, 0xEAA5, 0xDA04, 0xB9A3, 0xB143, 0x98C2,
 0x7841, 0x7042, 0x7124, 0x5041, 0xA8E2, 0x5800, 0x20E8, 0x3AD8, 0x42F8, 0x4BDB, 0x4BFC, 0x5C7D, 0x4BBA, 0x31D1, 0x42F7, 0x4BBB,
 0x4BBB, 0x4B9A, 0x4B7A, 0x4B7A, 0x4B7A, 0x4B7A, 0x42F8, 0x3A76, 0x3214, 0x212F, 0x212E, 0x190D, 0x1089, 0x2970, 0x3234, 0x2990,
 0x210D, 0x3A96, 0x3AD8, 0x3234, 0x2970, 0x20EC, 0x18ED, 0x3A55, 0x29F3, 0x3AF7, 0x5B98, 0x7B92, 0xFFFF, 0xFFFF, 0xFFFF, 0xFFFF,
 0xD6BE, 0x52B7, 0x52FA, 0xC65F, 0xFFFF, 0xFFFF, 0xE79F, 0xFFFF, 0xF7DF, 0xDF3F, 0xF7DF, 0xF7DF, 0xEF5D, 0xA4D7, 0x7BF8, 0x84FD,
 0x5214, 0x206A, 0x0025, 0x3AF1, 0x00A9, 0x0024, 0x3250, 0x0005, 0x298F, 0x3299, 0x7BF7, 0x7312, 0x41F9, 0x20D1, 0x0804, 0x3127,
 0x31AB, 0x75BE, 0x759E, 0x7D9E, 0x85FF, 0x7DBF, 0x7D9F, 0x7D9F, 0x7D9F, 0x647D, 0x543D, 0x5C9E, 0x541C, 0x4B59, 0x42D8, 0x42D8,
 0x3A75, 0x3253, 0x4BBA, 0x29F3, 0x18ED, 0x2151, 0x439B, 0x4B9B, 0x29B3, 0x2237, 0x6B94, 0xFFFE, 0xFF7A, 0xFE75, 0xFDF4, 0xFE57,
 0xFEFB, 0xDDD8, 0xC3EF, 0xB30C, 0xA28A, 0x81C8, 0x50E6, 0x6148, 0x71A8, 0x71C9, 0x79C9, 0x5947, 0x50E6, 0x50E5, 0x48A4, 0x4084,
 0x8A29, 0x9A6A, 0xAACB, 0xB38E, 0xBB4C, 0xD40E, 0xFE13, 0xFF38, 0x4A6E, 0x4B19, 0x3B39, 0x6AAD, 0x6124, 0x7841, 0x8082, 0xB963,
 0xA922, 0x7861, 0x98E2, 0xDA24, 0xA142, 0x98E1, 0xC183, 0xFB05, 0xFBA8, 0xFB87, 0xFAA4, 0xFAC4, 0xFB25, 0xEA84, 0xC1A3, 0xB163,
 0x98C2, 0x7021, 0x80A2, 0x5881, 0xCA24, 0xDA03, 0x5820, 0x21D0, 0x4339, 0x4BDB, 0x545D, 0x75DF, 0x64DE, 0x3A75, 0x543C, 0x5CDE,
 0x5C7D, 0x543C, 0x5C5D, 0x53FC, 0x4BBB, 0x53BB, 0x4B9B, 0x4319, 0x42B7, 0x3A76, 0x3A55, 0x3A34, 0x214F, 0x18A9, 0x3A76, 0x3AF8,
 0x31D2, 0x210D, 0x3A96, 0x439B, 0x42D7, 0x31F3, 0x20EC, 0x29B1, 0x2970, 0x29D3, 0x641B, 0x63F8, 0xFFFF, 0xFFFF, 0xE75F, 0xFFFF,
 0xFFFF, 0xFFFF, 0x9D3E, 0x3AB9, 0x7BF2, 0x7B6D, 0x7B4D, 0x732D, 0x8411, 0x9D39, 0xEF9F, 0x9D9F, 0x849E, 0xC69F, 0xFFFF, 0xDF3E,
 0x7417, 0x2131, 0x082A, 0x000A, 0x0071, 0x000B, 0x320C, 0x6BF5, 0x18CC, 0x42F9, 0x3253, 0x3105, 0x0803, 0x3969, 0x9412, 0x8C56,
 0x961E, 0x9F1F, 0x7DBD, 0x7D9E, 0x85BF, 0x859F, 0x7D5F, 0x7D5F, 0x759F, 0x6CFD, 0x757F, 0x6D7F, 0x759F, 0x5CDF, 0x545E, 0x545F,
 0x21AE, 0x0000, 0x0825, 0x194E, 0x3B18, 0x43DA, 0x4336, 0x3AB6, 0x3233, 0x2AD9, 0x4AB2, 0xFFDD, 0xFF59, 0xFF39, 0xFE15, 0xFDF5,
 0xFE56, 0xDC90, 0xBB4D, 0x8A09, 0x81C8, 0x79C8, 0x79A8, 0x7187, 0x7188, 0x79C9, 0x5906, 0x48A4, 0x4883, 0x4063, 0x48A4, 0x48A4,
 0x6105, 0x89C7, 0x9AEC, 0xB411, 0xB34D, 0xBB4D, 0xD40E, 0xF5B2, 0xBD12, 0x3A52, 0x6D1F, 0x43FC, 0x2884, 0x8040, 0x90A2, 0xA943,
 0xB9A3, 0xC1A3, 0xDA64, 0xFC0A, 0xDA64, 0xF327, 0xF306, 0xFB87, 0xFB67, 0xF284, 0xE244, 0xF284, 0xFB25, 0xFAE5, 0xEA64, 0xD204,
 0xB143, 0x8882, 0x8061, 0x4840, 0x6943, 0xFB65, 0xB920, 0x28E8, 0x439B, 0x53FC, 0x5CBE, 0x6D3E, 0x4B77, 0x3212, 0x5C5D, 0x64FE,
 0x5CDE, 0x545D, 0x757E, 0x7DFF, 0x6D3E, 0x5C7D, 0x53DB, 0x4BBB, 0x4B59, 0x42F8, 0x4296, 0x3A55, 0x3A56, 0x18CB, 0x20EC, 0x3A96,
 0x3A55, 0x212D, 0x18EC, 0x3213, 0x3AF8, 0x42F8, 0x31D2, 0x18AB, 0x20ED, 0x29B2, 0x5B59, 0x31F2, 0xCE7C, 0xE73F, 0xDEFF, 0xFFFF,
 0xE75D, 0x9492, 0x628A, 0x50C3, 0x5800, 0x6000, 0x6800, 0x7000, 0x6800, 0x3820, 0x7BD0, 0xE73D, 0x9D3C, 0x3ABA, 0x53BB, 0x6315,
 0x182F, 0x1994, 0x1A79, 0x08D3, 0x000D, 0x000A, 0x2991, 0x95DF, 0x7437, 0x42B7, 0x3276, 0x0001, 0x41C8, 0x73B5, 0x6CDB, 0x865F,
 0x9EBF, 0x967E, 0x7DDE, 0x7D7F, 0x7D9F, 0x7D9F, 0x7D7F, 0x963F, 0xA69F, 0x8DFF, 0x757E, 0x861F, 0x64DD, 0x543B, 0x4BBC, 0x543E,
 0x4BBA, 0x192A, 0x1002, 0x0801, 0x1086, 0x32B4, 0x4397, 0x4398, 0x43B7, 0x3AF3, 0xCE3A, 0xFFFF, 0xFFDC, 0xFF18, 0xFDD3, 0xFD92,
 0xECF1, 0xC36D, 0x9A6A, 0xAB0C, 0xC40F, 0xCC4F, 0xAAEB, 0x9A49, 0x89C8, 0x8186, 0x7125, 0x58C4, 0x50A4, 0x3863, 0x3063, 0x3863,
 0x48C5, 0x7987, 0xA2CB, 0xC38D, 0xBB0B, 0x9208, 0x91E8, 0xCB6C, 0xFF17, 0x8C52, 0x5356, 0x6D9F, 0x29AC, 0x7820, 0xA0E2, 0xC1C3,
 0xD244, 0xF2C4, 0xFB46, 0xFC2A, 0xFBE9, 0xFE77, 0xFD30, 0xFAE4, 0xF2E5, 0xEAC5, 0xDA64, 0xEA85, 0xF2C5, 0xF2E5, 0xFAE5, 0xEA84,
 0xC9C3, 0xA923, 0x8862, 0x68A2, 0x1800, 0xE348, 0xE223, 0x38E7, 0x43BC, 0x4BDC, 0x541C, 0x541C, 0x3232, 0x31F1, 0x53DB, 0x5C7D,
 0x5C9E, 0x53DB, 0x5C9D, 0x759F, 0x7DDF, 0x7DBF, 0x64FE, 0x545D, 0x53FC, 0x4B7A, 0x4B39, 0x42B6, 0x4295, 0x3A12, 0x1026, 0x210D,
 0x31D2, 0x31D2, 0x31D2, 0x210D, 0x212E, 0x29D2, 0x3B39, 0x3234, 0x210D, 0x292E, 0x5AF7, 0x292F, 0xAD57, 0xFFFF, 0xDF3E, 0x8C51,
 0x4125, 0x5042, 0x6842, 0x7841, 0x98A2, 0x9881, 0x8041, 0x5000, 0x4000, 0x5041, 0x30C8, 0x59ED, 0x71C6, 0x6985, 0x3865, 0x3045,
 0x2067, 0x0006, 0x000B, 0x00B2, 0x0050, 0x314F, 0x4236, 0x3B9C, 0xA6DF, 0x74FC, 0x3297, 0x1065, 0x52B3, 0x3297, 0x3275, 0x3A53,
 0x5357, 0x53BB, 0x5BFA, 0x7DBF, 0x8E1F, 0x965F, 0x85FE, 0x8DDD, 0x9E7F, 0x53D8, 0x4B57, 0x53DB, 0x53FB, 0x53FA, 0x4B7B, 0x4BFC,
 0x5C9F, 0x4B9A, 0x1086, 0x1025, 0x1025, 0x1004, 0x0002, 0x0000, 0x1803, 0x30A4, 0x6B4D, 0xCE59, 0xFFFF, 0xFF17, 0xFE14, 0xDC4F,
 0xBB2C, 0xBB2C, 0xBB4C, 0xBB4C, 0xED32, 0xDCF1, 0xB2EB, 0xAAAB, 0xA269, 0x9249, 0x8166, 0x7966, 0x7966, 0x6925, 0x48A4, 0x3043,
 0x6946, 0x81A7, 0x7146, 0x91E7, 0xCBCE, 0x9A49, 0x7967, 0xA269, 0xECCF, 0xFED6, 0x8C13, 0x63F8, 0x5C17, 0x68A1, 0xB122, 0xC1C3,
 0xDA44, 0xEAA4, 0xFB25, 0xFB66, 0xFBC9, 0xFE57, 0xFF1B, 0xFC0B, 0xFB67, 0xF367, 0xF367, 0xFB67, 0xF2C5, 0xF2C5, 0xFAC5, 0xFAE5,
 0xEA64, 0xD1E3, 0x98C2, 0x90E3, 0x4081, 0xBB8A, 0xF2A4, 0x4107, 0x3B7B, 0x435A, 0x4339, 0x4B59, 0x3A54, 0x3AB6, 0x5CDF, 0x6D7F,
 0x651F, 0x6D3F, 0x653F, 0x6D5F, 0x64DE, 0x5C3D, 0x5C9D, 0x5C7D, 0x53DB, 0x4B9A, 0x4B7A, 0x42F8, 0x3A95, 0x4275, 0x18C9, 0x1047,
 0x2970, 0x3213, 0x29B0, 0x294E, 0x1047, 0x1047, 0x3295, 0x3234, 0x212E, 0x292E, 0x5AF6, 0x7BB6, 0xC61A, 0xD6BA, 0x6229, 0x3000,
 0x6801, 0x7021, 0x8881, 0xD203, 0xB162, 0x5840, 0x3861, 0x4903, 0x81C5, 0x9164, 0x70A3, 0x60C6, 0x60A8, 0x70A4, 0x88C2, 0x9123,
 0xA184, 0x91A4, 0x6123, 0x2042, 0x0004, 0x5B78, 0x7D1E, 0x2A7B, 0x4C1E, 0x9DFE, 0x5BDA, 0x29F2, 0x29B2, 0x42B6, 0x5BFB, 0x64BC,
 0xA63F, 0x7D5E, 0x6CFE, 0x85DF, 0xAEDF, 0x8DFE, 0x4BBB, 0x751D, 0x74B5, 0x4311, 0x4338, 0x64BE, 0x64DE, 0x5C7F, 0x4B9A, 0x541C,
 0x547E, 0x5CBF, 0x32F5, 0x0001, 0x1025, 0x1026, 0x1026, 0x0001, 0x0822, 0x3087, 0x2845, 0x1843, 0x630D, 0xEF5C, 0xFFFD, 0xFE75,
 0xD40E, 0xC36C, 0xB2EB, 0xA229, 0xB2EB, 0xB2CA, 0xA249, 0xA269, 0xA269, 0x8A2A, 0x9B2F, 0xAA8A, 0x9A08, 0x8987, 0x7146, 0x2842,
 0x6105, 0x7146, 0x7145, 0x6925, 0x9A69, 0xBB2B, 0xB32B, 0xA28A, 0xDBED, 0xFDD3, 0xFFFB, 0xAD77, 0x6396, 0x5167, 0xA943, 0xA922,
 0xC9E3, 0xCA04, 0xF2A4, 0xFB46, 0xFB87, 0xFC8D, 0xFFDF, 0xFFBE, 0xFD0F, 0xFC09, 0xFC4A, 0xFBE9, 0xFB46, 0xFB05, 0xFAE5, 0xFAE4,
 0xF2A4, 0xE264, 0xB122, 0x8924, 0x6103, 0xB224, 0xC1C1, 0x318D, 0x42F9, 0x42F8, 0x4318, 0x3A75, 0x3A54, 0x3A75, 0x4BBA, 0x6D5F,
 0x757F, 0x6D5F, 0x6D5F, 0x757F, 0x759F, 0x6CFE, 0x5C3C, 0x5C3C, 0x4B5A, 0x4B39, 0x4318, 0x42B7, 0x42B6, 0x4296, 0x214D, 0x0825,
 0x20EC, 0x18AA, 0x1089, 0x214F, 0x3213, 0x3254, 0x18CC, 0x18AB, 0x18CB, 0x20ED, 0x4AB4, 0xEFFF, 0xB576, 0x6125, 0x80A3, 0x8882,
 0xB101, 0xDA24, 0xF285, 0xA962, 0x3020, 0x48E3, 0x6944, 0x68E3, 0x80A2, 0x6841, 0x5800, 0x6820, 0x6842, 0x6085, 0x6043, 0x6001,
 0x5801, 0x6821, 0x80A2, 0x88E2, 0x70C2, 0x28C7, 0x5C97, 0x75DF, 0x439E, 0x8D5C, 0x747C, 0x29D4, 0x212F, 0x757F, 0xBF9F, 0x861F,
 0x651F, 0x75BF, 0x7DFF, 0x7D9F, 0x859E, 0x539A, 0x5B77, 0x31EB, 0x32B2, 0x53DB, 0x539C, 0x6D3F, 0x759F, 0x4313, 0x21CF, 0x543D,
 0x5C7E, 0x5C5E, 0x3AF6, 0x0023, 0x1026, 0x1025, 0x1046, 0x0824, 0x0002, 0x0002, 0x1024, 0x2045, 0x1843, 0x41E9, 0xBDB7, 0xFFFE,
 0xFE75, 0xDC4F, 0xBAEB, 0xB30B, 0xB32C, 0xB2EB, 0xAA69, 0xA249, 0xAAAA, 0xAA8A, 0xBBB0, 0xB2AA, 0x8186, 0x58E4, 0x4083, 0x2022,
 0x4083, 0x58E4, 0x8186, 0x89C7, 0x89C7, 0xA269, 0xBB2B, 0xC3AD, 0xDC90, 0xF5B3, 0xFEB6, 0xFF78, 0xD69A, 0x6BD7, 0xC4D4, 0xA0E1,
 0xB982, 0xC1C3, 0xE264, 0xFB05, 0xFB87, 0xFBA8, 0xFD92, 0xFFFF, 0xFEB8, 0xFC4A, 0xFC4B, 0xFC4A, 0xFC09, 0xFB46, 0xF2E5, 0xFAC4,
 0xFAE4, 0xF284, 0xA0E1, 0xAA48, 0x6965, 0xB140, 0x7923, 0x2A34, 0x3A97, 0x42D7, 0x3A34, 0x3A34, 0x42F7, 0x3AB6, 0x42B6, 0x4B9A,
 0x6D1F, 0x75DF, 0x7DFF, 0x7DFF, 0x7DBF, 0x7DBF, 0x6D1E, 0x4BBB, 0x4B59, 0x4B18, 0x42F8, 0x3A14, 0x3234, 0x3A96, 0x298F, 0x0825,
 0x18AB, 0x1048, 0x18EC, 0x18CB, 0x190D, 0x3255, 0x31F2, 0x1048, 0x0827, 0x18CC, 0x4317, 0x84B6, 0x50C3, 0x7841, 0x98C1, 0xC182,
 0xFB05, 0xFB06, 0x80E2, 0x2841, 0x60C3, 0x7082, 0x6841, 0x5821, 0x5000, 0x7021, 0x8062, 0x8862, 0x8861, 0x8861, 0x8862, 0x8062,
 0x7042, 0x6821, 0x6001, 0x5801, 0x8062, 0x8903, 0x2843, 0x4310, 0x869F, 0x8DBF, 0xAE3E, 0x4B59, 0x3214, 0x3AD8, 0x5BFA, 0x85FF,
 0x7DBF, 0x6D3F, 0x759F, 0x5C3C, 0x4319, 0x31F0, 0x0003, 0x0002, 0x0027, 0x0025, 0x0867, 0x10E9, 0x0885, 0x10E8, 0x53FA, 0x4B9B,
 0x4B3A, 0x42F7, 0x10A7, 0x0003, 0x1046, 0x0823, 0x0824, 0x1067, 0x1046, 0x1867, 0x0803, 0x0001, 0x0801, 0x1003, 0x20C4, 0xAD55,
 0xFFDC, 0xFEB6, 0xEDB3, 0xE552, 0xDCD1, 0xCC0F, 0xB30B, 0xBB2B, 0xBB0B, 0xA249, 0x89A6, 0x58E4, 0x4083, 0x3022, 0x2822, 0x3863,
 0x3842, 0x50C4, 0x6945, 0x79A7, 0x8A29, 0xA32C, 0xAB6D, 0xBBAD, 0xC3AD, 0xCC0E, 0xDC2E, 0xF5B3, 0xFFFB, 0xE73E, 0xA4FB, 0xCBCF,
 0xA0C0, 0xC9C3, 0xE244, 0xFAE5, 0xFB46, 0xFC0A, 0xFC0A, 0xFCEF, 0xFD0E, 0xFCAC, 0xFC8B, 0xFC6B, 0xFC2A, 0xFB87, 0xFB26, 0xFB05,
 0xF2A4, 0xC9A3, 0xA102, 0xCA67, 0x81A4, 0x79A5, 0x31F0, 0x3276, 0x3A55, 0x3A54, 0x3275, 0x4B9B, 0x3A34, 0x2970, 0x42D6, 0x4B79,
 0x4B59, 0x64DE, 0x7DFF, 0x863F, 0x8E5F, 0x85FF, 0x759F, 0x757F, 0x53DB, 0x4B39, 0x4B39, 0x42B7, 0x2970, 0x29B1, 0x31D2, 0x0824,
 0x1048, 0x1089, 0x214E, 0x212F, 0x0828, 0x1068, 0x18CC, 0x108A, 0x0004, 0x1048, 0x08CB, 0x4946, 0x90E3, 0xA0E2, 0xEA84, 0xF2E5,
 0xB9A3, 0x7061, 0x2862, 0x99C6, 0x8062, 0x6821, 0x7021, 0x7841, 0x7041, 0x7861, 0x8882, 0x8882, 0x90A2, 0x9082, 0x8882, 0x8861,
 0x8062, 0x7862, 0x8062, 0x7842, 0x5800, 0x5001, 0x60C5, 0x78A3, 0x41EB, 0x2B7A, 0xA61F, 0x963F, 0x541D, 0x4318, 0x2993, 0x3AB6,
 0x7DBF, 0x8E3F, 0x5C3D, 0x31F3, 0x0846, 0x0001, 0x1106, 0x3A6C, 0x3AAC, 0x324C, 0x21CB, 0x2A6E, 0x3AB0, 0x6D7F, 0x759F, 0x5C1B,
 0x4B59, 0x42D7, 0x29F0, 0x10A7, 0x1045, 0x18A9, 0x1887, 0x1067, 0x0825, 0x0824, 0x0002, 0x0000, 0x0000, 0x0000, 0x1804, 0x2025,
 0x62AC, 0xDEFA, 0xFFFB, 0xFE14, 0xDCB0, 0xC38C, 0xAA8A, 0x9A49, 0x9A08, 0x89A7, 0x58E4, 0x2842, 0x3843, 0x3863, 0x40A4, 0x50C4,
 0x72AD, 0x6A2B, 0x6A0B, 0x82EE, 0x9BF2, 0xABF2, 0xA38F, 0xABB0, 0xAB8F, 0xAB2D, 0xBBCF, 0xE554, 0xFEFA, 0xFFDD, 0x8477, 0xC6BE,
 0xDB8C, 0xB121, 0xC9E3, 0xEA84, 0xFB05, 0xFB87, 0xFC0A, 0xFC0A, 0xFD51, 0xFF9D, 0xFDF4, 0xFCAC, 0xFC8C, 0xFC0A, 0xFBC8, 0xFBA7,
 0xFAE5, 0xEA44, 0xC183, 0xA0C0, 0x40E5, 0x42F6, 0x3AD8, 0x3A55, 0x3234, 0x29F3, 0x42F7, 0x42D7, 0x31F3, 0x2991, 0x3A75, 0x3AD6,
 0x3212, 0x3A54, 0x53BB, 0x7DDF, 0x8E9F, 0x8E5F, 0x861F, 0x861F, 0x755F, 0x53FC, 0x4339, 0x4319, 0x3A35, 0x18EB, 0x212E, 0x0844,
 0x0003, 0x0826, 0x1068, 0x18AB, 0x0827, 0x0003, 0x0003, 0x0002, 0x0001, 0x0002, 0x1862, 0x99E7, 0x98A2, 0xE223, 0xE369, 0xB246,
 0x7000, 0x1000, 0x8208, 0x88A3, 0x6801, 0x90A1, 0xB122, 0xB943, 0xA0C2, 0x8882, 0xA0E2, 0xA0E2, 0xA0E2, 0xA0E2, 0xA0E2, 0x98C2,
 0x90A2, 0x8882, 0x8882, 0x8062, 0x7862, 0x6021, 0x5001, 0x6861, 0x80C1, 0x2846, 0x21F5, 0xAEBF, 0x8E7F, 0x64FF, 0x53DC, 0x3214,
 0x3233, 0x6CDD, 0x5BFA, 0x3296, 0x2A50, 0x64FA, 0x653F, 0x971F, 0xA79F, 0x9F3F, 0xAF5F, 0xCFFF, 0x8EDF, 0x651F, 0x64BE, 0x7DFF,
 0x7DDF, 0x6CFE, 0x539C, 0x3A75, 0x0042, 0x0802, 0x0002, 0x0804, 0x0002, 0x0001, 0x0002, 0x0000, 0x0023, 0x0002, 0x2067, 0x2866,
 0x0000, 0x4A09, 0xC5F8, 0xFEB6, 0xDC6E, 0xB2CA, 0xAA69, 0x89E7, 0x91E7, 0x9A07, 0x60E4, 0x48A4, 0x48A4, 0x40C4, 0x40A4, 0x2822,
 0xAC32, 0xAC32, 0xAC53, 0xB494, 0xB4B4, 0xC515, 0xC4F5, 0xBCB4, 0xCD36, 0xD5B7, 0xD597, 0xEE79, 0xFF5D, 0xFFFF, 0x9CD4, 0x4335,
 0xA475, 0xC2C8, 0xD225, 0xC9A3, 0xE264, 0xFB05, 0xFB87, 0xFBE9, 0xFC6C, 0xFF3B, 0xFFFF, 0xFD92, 0xFC8C, 0xFC6B, 0xFC6B, 0xFC09,
 0xFB46, 0xEA43, 0xC182, 0x7901, 0x4312, 0x53BA, 0x31F2, 0x20ED, 0x1048, 0x31D1, 0x3A75, 0x2990, 0x31D2, 0x2990, 0x294F, 0x31F3,
 0x212D, 0x1068, 0x106A, 0x3213, 0x649C, 0x8E9F, 0x8EBF, 0x8E7F, 0x7DFF, 0x64FF, 0x4BFC, 0x4B5A, 0x42F9, 0x31F2, 0x18A9, 0x18EB,
 0x0001, 0x0803, 0x0002, 0x0003, 0x0001, 0x0822, 0x0822, 0x1084, 0x294C, 0x10CB, 0x69C7, 0xA924, 0xDA24, 0xF46C, 0xB2A7, 0x6040,
 0x2800, 0x28E3, 0x99C7, 0x7000, 0x98C2, 0xD204, 0xFB89, 0xF327, 0xD1A3, 0xA102, 0x90C2, 0x98C2, 0xA0E2, 0xA0E2, 0xA0E2, 0xA0E2,
 0xA0E2, 0xA0E2, 0xA0E2, 0x90A2, 0x90A2, 0x8062, 0x7042, 0x4822, 0x5842, 0x9942, 0x0005, 0x643A, 0xD7DF, 0x7E1F, 0x5C7E, 0x42B7,
 0x20EC, 0x2A13, 0x6D3E, 0x647B, 0x6D7F, 0xA71F, 0xA69F, 0x757E, 0x75BF, 0x7E1F, 0xCF5F, 0xBEDF, 0x7DBF, 0x755E, 0x757F, 0x7DDF,
 0x6CFE, 0x5C5C, 0x4B7A, 0x31F3, 0x0865, 0x0001, 0x0002, 0x0003, 0x0002, 0x0002, 0x1046, 0x0824, 0x1087, 0x0845, 0x0803, 0x0000,
 0x0001, 0x31A7, 0x7BD0, 0xFF7B, 0xFE96, 0xD4F2, 0xAB8E, 0x92ED, 0x9B0D, 0x92ED, 0x826B, 0x6A0A, 0x61E9, 0x5188, 0x4106, 0x30A5,
 0xBD56, 0xC5F9, 0xC5B8, 0xCE19, 0xD67B, 0xDEFD, 0xDE9C, 0xDE9B, 0xEF7E, 0xFFFF, 0xFFBF, 0xFFDF, 0xFFFF, 0xFFFF, 0xD69A, 0x31EF,
 0x3AD8, 0x49EC, 0xBB0A, 0xDAE9, 0xC9C3, 0xEA64, 0xFB26, 0xFB67, 0xFBEA, 0xFF1A, 0xFFFF, 0xFFDE, 0xFD0F, 0xFC2A, 0xFC2A, 0xFC29,
 0xFB04, 0xD9E3, 0xAA06, 0x630D, 0x5BFA, 0x3191, 0x210E, 0x1089, 0x39F1, 0x3A55, 0x212E, 0x18CC, 0x210E, 0x18AA, 0x0803, 0x0824,
 0x18EA, 0x214D, 0x190B, 0x0005, 0x1028, 0x4293, 0x53DA, 0x5C3D, 0x5C3C, 0x4318, 0x3256, 0x3255, 0x3A95, 0x3A13, 0x31AF, 0x18CA,
 0x10A9, 0x0000, 0x0000, 0x2908, 0x41EE, 0x41D0, 0x292D, 0x3170, 0x294E, 0x1022, 0x79C6, 0xC9C4, 0xF305, 0x7922, 0x48A2, 0x60A2,
 0x1800, 0x5985, 0x90E4, 0x9081, 0xC9E4, 0xEAC6, 0xE285, 0xD203, 0xC9E3, 0xC1C3, 0xB143, 0xA922, 0xB122, 0xB942, 0xB143, 0xB122,
 0xA102, 0xA0E2, 0xA0E2, 0xA0E2, 0x98E2, 0x90A2, 0x8882, 0x7085, 0x50A7, 0x7928, 0x4082, 0x19B0, 0xC75F, 0x961F, 0x4B7B, 0x214C,
 0x0044, 0x3B37, 0x751C, 0x8E3E, 0x75BF, 0x755E, 0x7D7E, 0x759F, 0x7DFF, 0x7E1F, 0x7DDF, 0x8E5F, 0xA71F, 0xA6FF, 0x967F, 0x8E5F,
 0x6CFE, 0x29F1, 0x0887, 0x10A8, 0x0865, 0x0001, 0x18C9, 0x1088, 0x0846, 0x0825, 0x0825, 0x20EB, 0x210C, 0x18A9, 0x0824, 0x18A8,
 0x18A9, 0x1007, 0x1826, 0x5A8C, 0xF79D, 0xF71B, 0xD5B7, 0xC556, 0xBCF5, 0xB473, 0xA432, 0x9BB1, 0x9B91, 0x9370, 0x8B2F, 0x82EE,
 0xACF6, 0xBDB8, 0xBDD9, 0xD67A, 0xDE9B, 0xDE7B, 0xD61A, 0xD65A, 0xE6BC, 0xEEDB, 0xEEBB, 0xE659, 0xEE79, 0xFF5B, 0xFFDD, 0x62D0,
 0x539A, 0x3B7B, 0x4270, 0x92EB, 0xCAEA, 0xDA46, 0xEA44, 0xFAC4, 0xFBC9, 0xFD71, 0xFED9, 0xFFBE, 0xFE36, 0xFC8D, 0xFC4C, 0xFAE5,
 0xD224, 0xA287, 0x9451, 0x8D9D, 0x3A76, 0x29B2, 0x20EC, 0x39D2, 0x31B1, 0x1089, 0x0806, 0x0825, 0x1887, 0x18C8, 0x298D, 0x4316,
 0x5C5D, 0x6D3F, 0x863F, 0x6D3B, 0x216D, 0x0848, 0x1049, 0x3AB6, 0x5CDE, 0x5C5B, 0x6439, 0x4B78, 0x42B7, 0x3A13, 0x39F2, 0x292C,
 0x0004, 0x1085, 0x4A10, 0x52B5, 0x4A74, 0x4234, 0x2990, 0x190E, 0x1045, 0x2800, 0x7103, 0xF2C5, 0x99A3, 0x6124, 0x9165, 0x6020,
 0x40C3, 0x7985, 0x88E3, 0xA922, 0xCA03, 0xD202, 0xE223, 0xEA44, 0xDA44, 0xDA24, 0xC9C3, 0xC9C3, 0xC9A3, 0xC9C3, 0xC9C3, 0xD203,
 0xC9E3, 0xB983, 0xA922, 0xA102, 0xA902, 0xA902, 0x90A2, 0x8061, 0x7062, 0x58A7, 0x60E5, 0x0867, 0x751E, 0x95BF, 0x5B54, 0x0001,
 0x2A4D, 0x75DF, 0x64BD, 0x6D7F, 0x6D3E, 0x5C1C, 0x4B7A, 0x757E, 0x8E5F, 0x96BF, 0x757E, 0x6D1D, 0xB6FF, 0xBF9F, 0x85DF, 0x53F9,
 0x3AF6, 0x3253, 0x0886, 0x0000, 0x0804, 0x1045, 0x18E9, 0x4272, 0x296E, 0x292C, 0x1888, 0x18CA, 0x3A32, 0x294C, 0x20C9, 0x0844,
 0x1887, 0x30EB, 0x5A8D, 0x8C32, 0xD67B, 0xFFFF, 0xEF3D, 0xE75E, 0xDEFD, 0xD65B, 0xC5D8, 0xBD57, 0xC557, 0xACD5, 0x9C33, 0x9C12,
 0x4906, 0x61A9, 0x722B, 0x826B, 0x824B, 0x92AC, 0xA30D, 0xB3AE, 0xBBCE, 0xC3CE, 0xE594, 0xE533, 0xC34C, 0xDC2E, 0xFF78, 0xB555,
 0x4A72, 0x5BFC, 0x43FE, 0x6CB9, 0x838E, 0x9247, 0xC2A8, 0xEBED, 0xFBCA, 0xFC0A, 0xFCCE, 0xFC2C, 0xF38A, 0xF4D0, 0xDD75, 0xB2E8,
 0x936B, 0x8495, 0x747B, 0x42F8, 0x3A76, 0x31B1, 0x20ED, 0x18CA, 0x0886, 0x1908, 0x31AD, 0x4253, 0x4296, 0x4B9A, 0x64DF, 0x6D7F,
 0x543D, 0x433A, 0x5399, 0x8DDC, 0x863F, 0x759E, 0x3A93, 0x210C, 0x757E, 0x7E5F, 0xAF3F, 0xC7DF, 0x6D7F, 0x435A, 0x3A56, 0x212E,
 0x18E8, 0x4AB5, 0x4255, 0x3A55, 0x42B6, 0x42B6, 0x3A55, 0x190D, 0x3800, 0x2020, 0x9983, 0xA962, 0x5103, 0x9904, 0x8861, 0x78A2,
 0x7164, 0x88C2, 0x7841, 0x98E2, 0xB9A3, 0xEAC5, 0xFAC4, 0xFAA4, 0xEA64, 0xDA44, 0xDA24, 0xD203, 0xD1E3, 0xD203, 0xD203, 0xDA23,
 0xDA23, 0xDA24, 0xD1E3, 0xC9E3, 0xC1A3, 0xB143, 0xA922, 0xA0E2, 0x8881, 0x7020, 0x6861, 0x1823, 0x1972, 0x4251, 0x39EE, 0x0023,
 0x5CB8, 0x865F, 0x6D3E, 0x6D5F, 0x64BD, 0x216E, 0x3233, 0x4B5A, 0x5BFC, 0x649D, 0x5C7D, 0x2A13, 0x218E, 0x5396, 0x53D8, 0x2A11,
 0x0864, 0x0844, 0x1087, 0x18A8, 0x1888, 0x1889, 0x1068, 0x422F, 0x4210, 0x296E, 0x39F0, 0x210B, 0x4230, 0x4211, 0x212A, 0x0002,
 0x1066, 0x2925, 0xA513, 0xFFFF, 0xFFFF, 0xFFFF, 0xF7BF, 0xEF9F, 0xF7FF, 0xF7FF, 0xEF9F, 0xEF5E, 0xE73D, 0xCE5B, 0xB578, 0xC67C,
 0x59A9, 0x5989, 0x5947, 0x6147, 0x6967, 0x8A09, 0xAB0C, 0xBBAD, 0xC3CE, 0xCC0F, 0xDD12, 0xDCF2, 0xC34C, 0xD40F, 0xFE75, 0xFFFC,
 0x7372, 0x5B57, 0x53BB, 0x547F, 0x8E1F, 0x8D9A, 0x94B4, 0x8BF0, 0x93EF, 0xA3EE, 0x9B8C, 0xA36C, 0x9B4B, 0x940F, 0x9493, 0x8CB7,
 0x7C38, 0x31D0, 0x18CD, 0x3214, 0x2990, 0x18CA, 0x316B, 0x39EF, 0x3A75, 0x4B5A, 0x5C1D, 0x5C3D, 0x64FE, 0x759F, 0x759F, 0x64DC,
 0x6C7B, 0x84BB, 0x84DC, 0x4B7A, 0x4B57, 0x751B, 0x7DDF, 0x21CF, 0x53D7, 0x7E3F, 0x7DFF, 0x969F, 0x6D5F, 0x3AD7, 0x2991, 0x18CA,
 0x4AB5, 0x4276, 0x3A76, 0x42F8, 0x4B38, 0x4B39, 0x3A97, 0x18A6, 0x3800, 0x2841, 0xBA87, 0x68A1, 0x8985, 0x90A2, 0x90C2, 0x68A2,
 0x4821, 0x90A2, 0x98C2, 0xB142, 0xEA64, 0xFC09, 0xFB87, 0xFAC4, 0xF284, 0xF284, 0xF284, 0xEA43, 0xE243, 0xE244, 0xE243, 0xDA23,
 0xDA03, 0xD223, 0xD203, 0xDA43, 0xDA64, 0xD203, 0xC1A3, 0xB962, 0x98C2, 0x6801, 0x99A6, 0x5186, 0x0004, 0x10CB, 0x3276, 0x0864,
 0x64F9, 0x64FE, 0x6D3E, 0x64DE, 0x6D1F, 0x10C9, 0x0000, 0x10EA, 0x29AF, 0x29F1, 0x3233, 0x2A11, 0x0044, 0x0000, 0x0826, 0x1086,
 0x0002, 0x0002, 0x0824, 0x212B, 0x31AE, 0x4291, 0x4271, 0x296D, 0x318E, 0x294D, 0x39D0, 0x18A9, 0x20EA, 0x3A11, 0x210A, 0x290A,
 0x294B, 0x0002, 0x0000, 0x7BB0, 0xFFDD, 0xF615, 0xCC91, 0xB3D0, 0xABF0, 0xB431, 0xAC11, 0xA432, 0x9C12, 0x93F2, 0x8BF2, 0x8C33,
 0x69C9, 0x6987, 0x6146, 0x5105, 0x6126, 0x81E8, 0x926A, 0xA2CB, 0xB36D, 0xC3EF, 0xB32C, 0xB2EB, 0xC38E, 0xCBEF, 0xDC70, 0xFED6,
 0xF79B, 0x6B53, 0x73F7, 0x645C, 0x4C3E, 0x5D1F, 0x867F, 0xAF1F, 0xA67D, 0x95BB, 0x8D3A, 0x853B, 0x853C, 0x6BD7, 0x5B78, 0x3A34,
 0x18AD, 0x1049, 0x1028, 0x10AB, 0x1066, 0x6311, 0x6378, 0x42F9, 0x4B9B, 0x5C9E, 0x6D3F, 0x759F, 0x7DDF, 0x861F, 0x4B95, 0x0805,
 0x3974, 0x62FB, 0x8C7C, 0x9D3D, 0x8CDC, 0x5BBA, 0x4BBB, 0x32B3, 0x29EF, 0x5CDF, 0x5C9F, 0x547E, 0x3A96, 0x31F3, 0x296F, 0x318F,
 0x4275, 0x3A96, 0x4B39, 0x4B39, 0x4B59, 0x4B9B, 0x3A96, 0x2042, 0x4800, 0x4000, 0xA2A7, 0x7902, 0x8082, 0xA922, 0xA942, 0x78C2,
 0x88A1, 0xA102, 0xDA23, 0xE264, 0xF2E5, 0xFAA4, 0xFA84, 0xFA84, 0xFAA4, 0xFA84, 0xFA84, 0xFAA4, 0xFAE4, 0xF2C4, 0xF2C4, 0xF2A4,
 0xE2A4, 0xDA64, 0xDA44, 0xEA63, 0xEA43, 0xEA43, 0xDA03, 0xC9A3, 0xA902, 0x6800, 0xAA8B, 0x6A29, 0x0802, 0x3256, 0x435A, 0x0885,
 0x5C59, 0x4B9B, 0x53FA, 0x4317, 0x64FF, 0x3AB5, 0x0022, 0x0803, 0x0804, 0x0803, 0x0002, 0x0001, 0x0003, 0x0002, 0x0004, 0x292B,
 0x4A30, 0x39CD, 0x1887, 0x0804, 0x20C9, 0x316C, 0x6BF7, 0x5B76, 0x296E, 0x20CA, 0x20CA, 0x20EA, 0x316E, 0x39F0, 0x296B, 0x0844,
 0x0022, 0x316A, 0x526C, 0x1063, 0xC5B5, 0xF593, 0xBB4D, 0xBB6D, 0xAB2C, 0xAB6D, 0x928B, 0x8A4A, 0x8A4A, 0x69A8, 0x5107, 0x3885,
 0x48C4, 0x5905, 0x58E5, 0x5905, 0x6146, 0x79C8, 0x924A, 0x9A8B, 0x9A8B, 0x926A, 0x9229, 0x9A6A, 0xB32D, 0xB32D, 0xBB4D, 0xE470,
 0xFED6, 0xF7BC, 0x8C34, 0x6B75, 0x6C5B, 0x5C5E, 0x543D, 0x8DFE, 0x7DDF, 0x4C5E, 0x439B, 0x3AB7, 0x31F4, 0x212F, 0x20ED, 0x1068,
 0x0887, 0x10C8, 0x0003, 0x0823, 0x6332, 0x63BA, 0x3A76, 0x4339, 0x541D, 0x6D1F, 0x757F, 0x7DDF, 0x85FF, 0x85DF, 0x6D1B, 0x322E,
 0x394C, 0x5211, 0x41F5, 0x3177, 0x7B9A, 0x8CBA, 0x4C1E, 0x3AF6, 0x18CA, 0x5C7C, 0x4BDB, 0x31F3, 0x31D3, 0x42B7, 0x31D1, 0x31F2,
 0x42D8, 0x4B39, 0x4B7A, 0x53DB, 0x5C9E, 0x5C9E, 0x3274, 0x4020, 0x7020, 0x6000, 0x8A06, 0x9163, 0x90A2, 0xD1E3, 0xD202, 0x78E2,
 0xDA44, 0xA942, 0xF284, 0xFBE8, 0xFD2D, 0xFB87, 0xFB66, 0xFB05, 0xFB25, 0xFB25, 0xFB05, 0xFB25, 0xFB05, 0xF2E5, 0xF2C5, 0xF2C4,
 0xF2E4, 0xF2C4, 0xFAE4, 0xFB66, 0xFC09, 0xFBA8, 0xEAC5, 0xC9C3, 0xA0E2, 0x70C3, 0x9AEC, 0x79A5, 0x2864, 0x2A15, 0x2191, 0x0024,
 0x4BD9, 0x4B5B, 0x3AD5, 0x0866, 0x31F1, 0x3A55, 0x216F, 0x1087, 0x210B, 0x296E, 0x39CE, 0x39EF, 0x39EF, 0x31AE, 0x31AD, 0x296D,
 0x4251, 0x8457, 0x8D3A, 0x5B96, 0x39F1, 0x316E, 0x294E, 0x39CF, 0x296D, 0x318D, 0x4A2F, 0x39EE, 0x1086, 0x1066, 0x1067, 0x0865,
 0x0003, 0x18C3, 0xDEDA, 0xBD97, 0xAD14, 0xFE96, 0xBBCE, 0xB32D, 0xAB4D, 0xA30C, 0x9AAC, 0x92AC, 0x8A8C, 0x71EA, 0x4927, 0x40E6,
 0x3043, 0x40A4, 0x5905, 0x7167, 0x81E8, 0x9A6A, 0xA2CB, 0xA28A, 0x81C8, 0x89E8, 0xBBAE, 0xC3EF, 0xC3EF, 0xCC30, 0xDD13, 0xE4F2,
 0xFE15, 0xFF79, 0xFFFD, 0xBDB8, 0x8415, 0x7C37, 0x63B8, 0x3A34, 0x31B1, 0x29B1, 0x294F, 0x20CC, 0x20CB, 0x1088, 0x10C9, 0x2A32,
 0x54BD, 0x54BD, 0x29AD, 0x4A50, 0x5B37, 0x39F3, 0x2991, 0x42F8, 0x53DC, 0x647D, 0x6CFF, 0x7D9F, 0x85FF, 0x861F, 0x969F, 0x9EFF,
 0x8DDD, 0x9539, 0x9496, 0x62D0, 0x51AE, 0x292A, 0x5CBE, 0x543A, 0x1049, 0x5C3A, 0x4338, 0x3A14, 0x4B18, 0x4B59, 0x31F2, 0x3A95,
 0x537A, 0x53BB, 0x5C9E, 0x64FF, 0x759F, 0x6D1F, 0x3295, 0x5060, 0x90A1, 0x8881, 0x8184, 0xB205, 0xA922, 0xF284, 0xF2A4, 0xA942,
 0xFB04, 0xEAC5, 0xF2A4, 0xFC09, 0xFD4E, 0xFB87, 0xFB87, 0xFB67, 0xFB66, 0xFB66, 0xFB66, 0xFB87, 0xFB66, 0xFB46, 0xFB26, 0xFB25,
 0xFB25, 0xFB25, 0xFB05, 0xF2C5, 0xEB27, 0xE307, 0xD286, 0xC1E4, 0xA143, 0x99A6, 0x60E3, 0x80E2, 0x40E3, 0x4AB2, 0x214E, 0x194F,
 0x53DB, 0x4B5A, 0x4B9C, 0x1108, 0x0001, 0x0825, 0x0888, 0x0002, 0x0002, 0x212C, 0x4AB4, 0x7459, 0x5335, 0x3A11, 0x39F1, 0x39F0,
 0x294C, 0x314C, 0x4230, 0x4AD3, 0x31CF, 0x292C, 0x1888, 0x1046, 0x1026, 0x18A9, 0x20E8, 0x0844, 0x0003, 0x0803, 0x18A9, 0x39B0,
 0x296D, 0x1887, 0x41C9, 0xE6FC, 0xFEFA, 0xE532, 0xB38E, 0xA32D, 0x9ACC, 0x8A2A, 0x71A8, 0x79E9, 0x79C8, 0x6966, 0x48C4, 0x40A5,
 0x48C5, 0x5927, 0x6188, 0x71A8, 0x8A09, 0x9A49, 0xA269, 0xA28A, 0x9208, 0x9A49, 0xBB8D, 0xCC0F, 0xD4B1, 0xD4B1, 0xDD33, 0xE554,
 0xF5D6, 0xFE98, 0xFF3A, 0xFFFD, 0xFFFD, 0xCE5A, 0xA4F6, 0x8393, 0x5A4E, 0x2088, 0x51EF, 0x292B, 0x214D, 0x2A75, 0x32B7, 0x4358,
 0x3B16, 0x3AD8, 0x5B17, 0x6AF5, 0x5AD5, 0x4AF7, 0x5C7C, 0x85FF, 0x9E9F, 0x965F, 0x7D7F, 0x755F, 0x85FF, 0x8E1F, 0x85FF, 0x7D7D,
 0x64BC, 0x4357, 0x2A36, 0x4B18, 0x73F5, 0x1863, 0x4376, 0x6D1E, 0x18EC, 0x42F6, 0x42B6, 0x42F8, 0x539A, 0x539A, 0x3A55, 0x42F7,
 0x5C1C, 0x64DF, 0x64FF, 0x757F, 0x8E1F, 0x7DBF, 0x32F6, 0x5880, 0xA901, 0xB122, 0x8123, 0x99C5, 0xB9C3, 0xF2C4, 0xFB25, 0xF284,
 0xFB05, 0xFBC7, 0xFC09, 0xFC4A, 0xFC4A, 0xFBE9, 0xFC29, 0xFBE8, 0xFBA7, 0xFB86, 0xFBA7, 0xFBA7, 0xFB87, 0xFB87, 0xFB66, 0xFB66,
 0xFB87, 0xFB66, 0xFB45, 0xFAE4, 0xE244, 0xC9A3, 0xB142, 0xA0C1, 0x98C2, 0x98A2, 0x7000, 0x9122, 0x30A3, 0x39D1, 0x73D9, 0x3277,
 0x42D9, 0x3212, 0x216E, 0x2A33, 0x0867, 0x1867, 0x210B, 0x214C, 0x212B, 0x210A, 0x314D, 0x41EF, 0x318E, 0x422F, 0x420E, 0x31AD,
 0x3A10, 0x39D0, 0x316E, 0x20EB, 0x20C9, 0x1887, 0x18C9, 0x20C9, 0x1088, 0x0847, 0x0805, 0x0825, 0x1047, 0x1888, 0x1065, 0x212A,
 0x3A31, 0x62F2, 0x62EE, 0x94B3, 0xFEF8, 0xCC70, 0xB36D, 0x9AAB, 0x926A, 0x924A, 0x79C8, 0x7187, 0x6966, 0x7167, 0x6126, 0x3063,
 0x5968, 0x5947, 0x5926, 0x50E5, 0x6125, 0x7966, 0x89E8, 0x9208, 0x89E8, 0x9A69, 0xB30B, 0xC452, 0xCC92, 0xCC70, 0xDD34, 0xE5D6,
 0xF637, 0xED54, 0xED12, 0xF615, 0xFF38, 0xFFFC, 0xFFFF, 0xFFFF, 0xF7BE, 0xCE39, 0x628E, 0x3233, 0x439B, 0x3AF8, 0x2151, 0x214E,
 0x4B78, 0x3A32, 0x5AD5, 0x5B58, 0x53FB, 0x75BF, 0xAF5F, 0xC77F, 0x9EBF, 0x969F, 0x8E5F, 0x861F, 0x861F, 0x8E3F, 0x757E, 0x4BDC,
 0x5C7C, 0x3AF7, 0x641A, 0x5359, 0x53DA, 0x7D3A, 0x6CFA, 0x7D9F, 0x42B2, 0x210D, 0x42B7, 0x4B9B, 0x5C5D, 0x64FF, 0x4B9A, 0x4318,
 0x5C7E, 0x757F, 0x6D5F, 0x757F, 0x85FF, 0x7DBF, 0x4BDB, 0x3883, 0xA8C0, 0xD9E3, 0xA102, 0x3821, 0xA9E5, 0xEA84, 0xFB86, 0xFB65,
 0xFB05, 0xFB25, 0xFB87, 0xFD71, 0xFF5C, 0xFF7D, 0xFE96, 0xFCED, 0xFC08, 0xFC08, 0xFC4A, 0xFC2A, 0xFC09, 0xFC09, 0xFBA7, 0xFBA7,
 0xFBC8, 0xFB46, 0xFB45, 0xFB45, 0xFB66, 0xFAC4, 0xFB66, 0xFB26, 0xE243, 0xB962, 0x98C2, 0x7060, 0x1068, 0x1955, 0x52B5, 0x73F8,
 0x29D4, 0x2170, 0x0024, 0x0046, 0x0847, 0x0845, 0x292C, 0x39F1, 0x39D0, 0x39D0, 0x314D, 0x20AB, 0x292D, 0x4A50, 0x6374, 0x5314,
 0x4AD4, 0x4273, 0x39F1, 0x316D, 0x292C, 0x28EA, 0x20EB, 0x20CA, 0x20C9, 0x18A8, 0x1046, 0x292C, 0x290B, 0x20EA, 0x1887, 0x18C3,
 0x420B, 0x2929, 0xB576, 0xB514, 0xFE76, 0xD4D1, 0xC42F, 0xAB2C, 0x924A, 0x8A09, 0x6987, 0x6187, 0x71A8, 0x81A8, 0x6126, 0x1822,
 0x5926, 0x6966, 0x6925, 0x40A4, 0x48A4, 0x50C4, 0x6926, 0x7966, 0x81A7, 0x9A6A, 0xBBF0, 0xCD56, 0xCCF5, 0xCCB2, 0xD4F2, 0xCC0F,
 0xD40E, 0xDC4F, 0xD3CE, 0xED93, 0xFF7A, 0xFFDB, 0xFF9A, 0xFFDD, 0xFFFF, 0xEF7D, 0x4292, 0x21D5, 0x437B, 0x3275, 0x29B1, 0x3275,
 0x2129, 0x0000, 0x3A95, 0x541D, 0x5C9E, 0x755E, 0x5C19, 0x4AD5, 0x7CBC, 0x8DDF, 0x6CDE, 0x7D7E, 0xAEFF, 0x8E5F, 0x7DDF, 0x6D5F,
 0x64DF, 0x64FF, 0xAF1F, 0xB6DF, 0x53B8, 0x8E5F, 0x969F, 0x755F, 0x541A, 0x18CA, 0x4BBB, 0x64BF, 0x651F, 0x757F, 0x75BF, 0x4BBB,
 0x649E, 0x7D9F, 0x7DBF, 0x757F, 0x7DFF, 0x6D1F, 0x64DF, 0x4290, 0x98C0, 0xEA84, 0xEA84, 0x6881, 0x8A8B, 0xD246, 0xF2C4, 0xFB65,
 0xFB25, 0xFB46, 0xFBA7, 0xFD91, 0xFFFF, 0xFFFF, 0xFFFF, 0xFF9C, 0xFE13, 0xFCEC, 0xFCEC, 0xFC6A, 0xFC4A, 0xFC29, 0xFBE8, 0xFC8C,
 0xFC8B, 0xFB87, 0xFB46, 0xFB26, 0xFBA7, 0xFBA7, 0xFC09, 0xFB46, 0xD1E3, 0xB163, 0xA902, 0x4001, 0x3356, 0x5BDC, 0x0010, 0x18A9,
 0x10CA, 0x108A, 0x0846, 0x0003, 0x1026, 0x1067, 0x1047, 0x210B, 0x31AF, 0x3A52, 0x6BD5, 0x84B8, 0x52F5, 0x39D0, 0x294D, 0x292C,
 0x318E, 0x296D, 0x1888, 0x290B, 0x316D, 0x316D, 0x292C, 0x31AE, 0x296D, 0x1867, 0x18A8, 0x4A73, 0x39CF, 0x20EB, 0x28E9, 0x3167,
 0xC5F8, 0x3987, 0xB596, 0xFEB8, 0xEDD4, 0xDD53, 0xCC70, 0xBBAE, 0x8A29, 0x79E9, 0x6988, 0x6167, 0x6947, 0x6946, 0x50E4, 0x2842,
 0x50C4, 0x7186, 0x5905, 0x40A4, 0x48C4, 0x58E5, 0x6946, 0x81E9, 0x9ACC, 0xA36F, 0xAB8F, 0xAB4D, 0xA2CB, 0x9228, 0x9A29, 0xAAAA,
 0xBAEB, 0xDCB0, 0xEDB3, 0xF5D4, 0xFE55, 0xFE35, 0xF5B3, 0xFF18, 0xFFFF, 0xB596, 0x114F, 0x29D1, 0x4B37, 0x541A, 0x5C9D, 0x312A,
 0x1800, 0x216C, 0x4BDD, 0x4B9B, 0x4318, 0x4B5A, 0x3AB7, 0x212D, 0x8BB2, 0xDE59, 0x938E, 0x218F, 0x7CFD, 0x85BF, 0x6D1F, 0x6D1F,
 0x5C5E, 0x85DF, 0x8E1F, 0x6CDD, 0x7D3D, 0x85DE, 0x8E7F, 0x6D3F, 0x5C9E, 0x214B, 0x4BBA, 0x6D3F, 0x6D3F, 0x757F, 0x8E7F, 0x649D,
 0x5C9D, 0x7DBF, 0x7DBF, 0x75BF, 0x863F, 0x7DBF, 0x7DDF, 0x651C, 0x6123, 0xEA63, 0xFB25, 0xDA22, 0x5966, 0xC3F0, 0xDA04, 0xFAC4,
 0xFB25, 0xFB25, 0xFC09, 0xFC29, 0xFD50, 0xFF3B, 0xFFFF, 0xFFFF, 0xFFFF, 0xFDF2, 0xFCEB, 0xFCAB, 0xFC4A, 0xFC29, 0xFC6A, 0xFCAB,
 0xFBE9, 0xFBA8, 0xFB87, 0xFB67, 0xFBC8, 0xFB87, 0xFAC4, 0xEA63, 0xDA03, 0xDA03, 0x99A5, 0x6330, 0x95BF, 0x2976, 0x0891, 0x084E,
 0x0008, 0x0007, 0x0004, 0x1067, 0x1087, 0x20EA, 0x294D, 0x210B, 0x212C, 0x318F, 0x5334, 0x6C36, 0x4AD2, 0x31CF, 0x318D, 0x31AE,
 0x296D, 0x1868, 0x31AF, 0x4232, 0x39F0, 0x39D0, 0x3A73, 0x3A11, 0x1887, 0x1888, 0x39CF, 0x5AF4, 0x52F5, 0x210A, 0x3149, 0x20C7,
 0xE73E, 0xA4F3, 0xDDD5, 0xEDD5, 0xDD13, 0xC450, 0xAB4D, 0x9AED, 0x9B51, 0x8A4B, 0x89E8, 0x7187, 0x5927, 0x4906, 0x5106, 0x5926,
 0x3043, 0x3863, 0x3043, 0x48C4, 0x6966, 0x8229, 0x8A6B, 0x824B, 0x7A4B, 0x7A09, 0x81A7, 0x7966, 0x7966, 0x7966, 0x81A7, 0xA289,
 0xBB4C, 0xC38C, 0xDC6F, 0xDC6F, 0xDC4F, 0xED32, 0xF5B4, 0xFE97, 0xFFDD, 0xEF3C, 0x73F5, 0x43F7, 0x5435, 0x3290, 0x28C7, 0x3000,
 0x1042, 0x3B39, 0x4BDC, 0x4339, 0x3213, 0x4B9A, 0x6D5F, 0x4BBC, 0x08AE, 0x1026, 0x1000, 0x0000, 0x18E7, 0x29AF, 0x3AB7, 0x53FC,
 0x7DBF, 0xAEFF, 0x64BD, 0x64DE, 0x863F, 0x8E1F, 0x8E1F, 0x64BE, 0x645C, 0x318C, 0x4B79, 0x6D5F, 0x755F, 0x759F, 0x7DBF, 0x6D3F,
 0x5C3D, 0x85BF, 0xAEBF, 0x9E7F, 0x8E7F, 0x96DF, 0xAF3F, 0x869F, 0x53B3, 0x9900, 0xFAC4, 0xFB45, 0xCA23, 0x82CB, 0xC431, 0xE225,
 0xF222, 0xFAE4, 0xFB66, 0xFBE8, 0xFBE8, 0xFC4B, 0xFD71, 0xFE55, 0xFE54, 0xFD4F, 0xFD2E, 0xFD2F, 0xFCEE, 0xFD2E, 0xFCEC, 0xFC4A,
 0xFBE9, 0xFBC8, 0xFBC8, 0xFBE8, 0xFC29, 0xFBA7, 0xFAE4, 0xF263, 0xEA64, 0xC267, 0x392C, 0xB65E, 0x9E3F, 0x3AD8, 0x004F, 0x002C,
 0x0008, 0x0806, 0x0826, 0x20CB, 0x296E, 0x318F, 0x31F1, 0x3A31, 0x52D2, 0x73B4, 0x6BB3, 0x39AD, 0x1068, 0x3A0E, 0x39CF, 0x314D,
 0x292C, 0x4AD3, 0x4AF5, 0x316D, 0x3A10, 0x4231, 0x318E, 0x20EA, 0x1887, 0x318E, 0x4252, 0x20C8, 0x31AF, 0x3A52, 0x526C, 0xA4D5,
 0xE6FB, 0xFEB8, 0xDCD1, 0xBBEF, 0xB3D0, 0x930E, 0x8A6C, 0x9AEE, 0xB496, 0xA32E, 0x79A8, 0x50E5, 0x50E6, 0x50E6, 0x3084, 0x40A5,
 0x3042, 0x3863, 0x4905, 0x69E9, 0x824A, 0x71C8, 0x6166, 0x6125, 0x6105, 0x58E4, 0x6126, 0x6126, 0x7188, 0x9A6B, 0x9A6B, 0x9AAD,
 0xB34F, 0xC3D1, 0xC413, 0xCC54, 0xCC76, 0xC457, 0xCC98, 0xF61C, 0xFF9F, 0xFFFF, 0xCE79, 0x20A3, 0x2801, 0x2800, 0x4042, 0x4022,
 0x1085, 0x437A, 0x435A, 0x42D8, 0x31F1, 0x10E8, 0x1107, 0x0044, 0x0042, 0x10C4, 0x2A0A, 0x3ACD, 0x328C, 0x1127, 0x214D, 0x4B7A,
 0x6D5E, 0x5C1A, 0x4B9A, 0x85BF, 0x8E3F, 0x8E5F, 0x8E5F, 0x757F, 0x5B78, 0x39CF, 0x4BDB, 0x759F, 0x755F, 0x757F, 0x863F, 0x85FF,
 0x64BE, 0x64BE, 0x95BE, 0xB65F, 0xBEBF, 0xD77F, 0xF7FF, 0xBF5F, 0x867F, 0x6B2F, 0xB181, 0xEA83, 0xFB86, 0xE347, 0x830C, 0xA3CF,
 0xDB09, 0xD9C3, 0xF263, 0xFB66, 0xFBE8, 0xFBC8, 0xFBC8, 0xFC08, 0xFBE9, 0xFC4A, 0xFED8, 0xFFFF, 0xFFFF, 0xFFBD, 0xFE75, 0xFD90,
 0xFD0E, 0xFCED, 0xFC8B, 0xFCCA, 0xFC8A, 0xEB06, 0xD9C3, 0xD1E4, 0x8A08, 0x41F1, 0x4AFC, 0x853F, 0x439C, 0x0034, 0x000E, 0x082A,
 0x086A, 0x18AB, 0x2990, 0x31D1, 0x31B0, 0x296F, 0x294E, 0x39F0, 0x4A71, 0x4A71, 0x31AD, 0x292C, 0x5B55, 0x8D5B, 0x4A93, 0x318E,
 0x39AE, 0x424F, 0x1046, 0x316C, 0x63D7, 0x31AE, 0x39AE, 0x31AE, 0x292C, 0x318E, 0x294C, 0x0000, 0x18C8, 0x31F0, 0xA515, 0xFFFE,
 0xFE13, 0xDC2E, 0xC36C, 0xA2AA, 0x89E8, 0x81C8, 0x81E8, 0x926A, 0xA2CB, 0xAACB, 0x6988, 0x40A5, 0x40A4, 0x3084, 0x2023, 0x2822,
 0x2064, 0x396A, 0x414A, 0x38E9, 0x3887, 0x3066, 0x3887, 0x40A9, 0x4089, 0x48CB, 0x48ED, 0x5950, 0x8233, 0x9273, 0x8A53, 0x9B15,
 0xC479, 0xCCDB, 0xCCDB, 0xC49B, 0xABFA, 0x9339, 0xCCFC, 0xFF7F, 0xFFFF, 0x9CF3, 0x0861, 0x4063, 0x50A4, 0x3042, 0x4884, 0x3042,
 0x0000, 0x214C, 0x3A76, 0x4296, 0x5C7E, 0x5C7C, 0x4393, 0x84F4, 0xBEFB, 0x9EDE, 0x8E9F, 0x8EBF, 0x8EBF, 0x7E1F, 0x7D9D, 0x649B,
 0x5C9D, 0x29F3, 0x212D, 0x6C1A, 0x8DDF, 0x757E, 0x967F, 0xBF7F, 0x5C3B, 0x214F, 0x4BBB, 0x6D1F, 0x755F, 0x6D5F, 0x863F, 0x9EBF,
 0x9E9F, 0x7DFF, 0x651F, 0x5C9E, 0x647E, 0x6C1C, 0x74BD, 0xADDE, 0x6BDA, 0xAD7C, 0xAC92, 0x9A04, 0xE284, 0xFBA8, 0xF616, 0xA451,
 0x8BAF, 0xB38E, 0xD2E9, 0xEA85, 0xFAE4, 0xFB66, 0xFBC8, 0xFC08, 0xFC4A, 0xFCCC, 0xFDB1, 0xFEF8, 0xFF7C, 0xFF1A, 0xFDB2, 0xFD91,
 0xFDB2, 0xFD50, 0xFBE9, 0xF2E5, 0xE264, 0xC9E3, 0x9144, 0x61CA, 0x7C35, 0xDF3F, 0x8D9F, 0x5C3B, 0x4234, 0x6336, 0x31D2, 0x2952,
 0x3191, 0x212D, 0x212D, 0x18CB, 0x20CB, 0x292D, 0x4272, 0x6BD4, 0x3A0E, 0x0806, 0x1868, 0x318E, 0x5B96, 0x6C18, 0x4231, 0x4A50,
 0x39CE, 0x20A9, 0x31AD, 0x4AF4, 0x292C, 0x294C, 0x5AF2, 0x6C17, 0x294C, 0x20A9, 0x18A7, 0x2124, 0x0004, 0x7371, 0xFFFE, 0xFE98,
 0xE513, 0xCC0F, 0xB34D, 0x9A6A, 0x81E8, 0x7987, 0x81A7, 0x9208, 0x9229, 0x9208, 0x6968, 0x5926, 0x40A4, 0x2042, 0x1801, 0x1800,
 0x390F, 0x38EE, 0x386D, 0x388E, 0x40B0, 0x48F2, 0x48F2, 0x40D2, 0x4913, 0x5977, 0x61B7, 0x7259, 0x7A5A, 0x82DA, 0x9C5C, 0xA45D,
 0x9BDD, 0xA41E, 0xBCDF, 0xC51F, 0xD59F, 0xE63F, 0xFF3F, 0xFFFF, 0xAD55, 0x1882, 0x2821, 0x4083, 0x2821, 0x2822, 0x3863, 0x2021,
 0x08A6, 0x3A96, 0x4B5A, 0x5C3D, 0x541D, 0x545D, 0x75BF, 0x9EDF, 0xC75F, 0x9EBF, 0x7DBF, 0x6D1E, 0x7D9E, 0x861F, 0xA6BF, 0x85FE,
 0x7D7D, 0x545B, 0x10E7, 0x3946, 0xC533, 0x5A4F, 0x53FA, 0xB73F, 0x95DE, 0x296F, 0x42B7, 0x5BFC, 0x5C7E, 0x6D1F, 0x6D7F, 0xAEFF,
 0xFFFF, 0xC75F, 0x8E5F, 0x75FF, 0x6D7F, 0x549F, 0x42DB, 0xC4D8, 0xECD3, 0xEBCD, 0xFDD6, 0xAD37, 0x834C, 0xBB28, 0xF48E, 0xFDD3,
 0xE48E, 0xA38B, 0x8B2C, 0xA411, 0xDC2F, 0xEBCC, 0xF347, 0xFB46, 0xFB25, 0xFB66, 0xFB05, 0xFAC4, 0xFAE4, 0xFAA3, 0xF242, 0xE1E2,
 0xEA84, 0xFC6C, 0xF3C9, 0xC2E9, 0x826B, 0x620C, 0x7372, 0xCEBD, 0xFFFF, 0xCEBF, 0xA61F, 0xE71D, 0xFFFF, 0xCE9E, 0x323A, 0x2154,
 0x082C, 0x0006, 0x0006, 0x18CB, 0x2990, 0x3A53, 0x4250, 0x294C, 0x210C, 0x290C, 0x39F0, 0x4273, 0x5B97, 0x84DA, 0x6BB5, 0x52D2,
 0x31AE, 0x290C, 0x4A93, 0x39AF, 0x314D, 0x318E, 0x1887, 0x5354, 0x314C, 0x314C, 0x4A0A, 0xA514, 0x0804, 0xCE39, 0xFF3F, 0xE57B,
 0xCC99, 0xB3B5, 0xAB54, 0xAB33, 0x9270, 0x822F, 0x8A70, 0x826E, 0x824D, 0x6149, 0x48A6, 0x40A6, 0x38C6, 0x30C6, 0x28A5, 0x1842,
 0x40D3, 0x38B3, 0x40D3, 0x4116, 0x51BA, 0x521D, 0x51BB, 0x51BB, 0x5A1C, 0x6A7C, 0x72DC, 0x839D, 0x9C5E, 0x9C9D, 0xACDC, 0xB4BB,
 0xBCBA, 0xCD18, 0xCCF7, 0xD517, 0xDD15, 0xF5B6, 0xFFDC, 0xA4D3, 0x3986, 0x6926, 0x40A3, 0x0000, 0x0000, 0x0000, 0x0800, 0x0000,
 0x192F, 0x3A98, 0x541D, 0x42B6, 0x10AA, 0x4337, 0x863F, 0x7E1F, 0x7DFF, 0x96BF, 0x8E7F, 0x6CFE, 0x5C3C, 0x5BFB, 0x755F, 0x759F,
 0x7D9F, 0x969F, 0x863E, 0x1987, 0x0801, 0x3905, 0x7352, 0x8E5F, 0x95BC, 0x3AB5, 0x4B39, 0x843B, 0x63FB, 0x4BDD, 0x6C9E, 0x757F,
 0xC75F, 0xF7FF, 0xEFFF, 0xCEDD, 0xCDBA, 0xCCF6, 0xD3AF, 0xBAED, 0xE535, 0xFE37, 0xFCCF, 0xFCD0, 0xDD35, 0x8C55, 0x7B0D, 0xA2C8,
 0xCB8A, 0xDB68, 0xC2E8, 0x9B8F, 0x8412, 0x7351, 0x8B90, 0x9B90, 0xABB0, 0xC3F0, 0xBB8E, 0xC38E, 0xC38E, 0xBACA, 0xB227, 0x92AD,
 0x82EE, 0x7AEF, 0x83B2, 0x9497, 0xAD9B, 0xE75F, 0xE77F, 0x953F, 0xFFFF, 0xE75F, 0xFFFF, 0xFFFF, 0xE73F, 0x3A9A, 0x52FA, 0x10B1,
 0x000A, 0x0009, 0x20CB, 0x318F, 0x318F, 0x18AA, 0x1048, 0x20EB, 0x294D, 0x4211, 0x4A53, 0x316D, 0x28EB, 0x4A51, 0x52F3, 0x4211,
 0x316D, 0x4271, 0x52F4, 0x292C, 0x316D, 0x1086, 0x0823, 0x4AB2, 0x398D, 0x8C12, 0xEF7D, 0x8C52, 0x83D1, 0xFFFF, 0xEE9F, 0xD57E,
 0xBC7C, 0xB45B, 0xABDB, 0x9B59, 0x8AD8, 0x82B7, 0x7A97, 0x7276, 0x7254, 0x7233, 0x5150, 0x40CC, 0x386A, 0x2848, 0x2048, 0x1848,
 0x4938, 0x4158, 0x3918, 0x51D9, 0x51F9, 0x5A38, 0x6A77, 0x6276, 0x6A94, 0x6A71, 0x7291, 0x9352, 0xA3B0, 0x92CD, 0xAB2D, 0xBB8D,
 0xBB4C, 0xC3AD, 0xC3CE, 0xC3EF, 0xE4D0, 0xEE35, 0x8BD0, 0x0841, 0x2021, 0x3863, 0x0800, 0x0000, 0x0000, 0x0000, 0x0001, 0x0801,
 0x0888, 0x0866, 0x2190, 0x0843, 0x0001, 0x4B59, 0x96DF, 0x647B, 0x4316, 0xAF3F, 0x9F1F, 0x757F, 0x42D8, 0x18EC, 0x3A94, 0x759F,
 0x6D3F, 0x6D1E, 0x9EDF, 0x9E9C, 0x0043, 0x2190, 0x31D0, 0x5C3C, 0x7CB9, 0x4B15, 0x6BF8, 0x7312, 0xABF3, 0xA3B4, 0xBB92, 0xB476,
 0xCE5C, 0xFF3D, 0xFF9E, 0xFF9E, 0xFD95, 0xFC2D, 0xFCAF, 0xF44F, 0x89EB, 0x92EF, 0xC4D5, 0xE513, 0xED34, 0xBD5A, 0x84FC, 0x6439,
 0x3AB3, 0x212D, 0x62D0, 0xA473, 0xB493, 0xB4D5, 0xCE9B, 0xCE7B, 0xA579, 0x94B8, 0x8C77, 0x8C97, 0x8C97, 0x8437, 0x7BD5, 0x8C98,
 0xB5FB, 0xDEFD, 0xFFFF, 0xFFFF, 0xFFFF, 0xFFFF, 0xDF3F, 0xDF3F, 0xF79F, 0xB5FE, 0xF7BF, 0xEF7F, 0xEF9F, 0xC6BF, 0x94B8, 0x000B,
 0x002B, 0x294F, 0x31B2, 0x18ED, 0x0848, 0x0827, 0x1068, 0x20EB, 0x4272, 0x52F5, 0x294E, 0x1888, 0x294D, 0x4B15, 0x6BF7, 0x5AF3,
 0x1087, 0x5355, 0x52B2, 0x290C, 0x290B, 0x41E8, 0x10C8, 0x212C, 0x7370, 0xFFFF, 0xFF5D, 0xD618, 0xFF3E, 0xDE1D, 0xC51C, 0xAC5B,
 0xAC7C, 0xBCFE, 0xB4DE, 0xAC9E, 0x8B9E, 0x833D, 0x6A9C, 0x59D9, 0x5158, 0x59B8, 0x51D7, 0x49B6, 0x3995, 0x3133, 0x30B1, 0x2871,
 0x38CD, 0x38EB, 0x516C, 0x61AB, 0x5928, 0x6989, 0x5147, 0x5946, 0x6966, 0x71A7, 0x8A09, 0x8A29, 0x926A, 0xB30B, 0xC3CE, 0xC3EF,
 0xCC91, 0xDD54, 0xDD74, 0xDD73, 0xFF18, 0xEF3B, 0xB556, 0x3125, 0x1000, 0x0000, 0x0000, 0x0801, 0x1843, 0x0801, 0x1843, 0x2885,
 0x0800, 0x0800, 0x0001, 0x2021, 0x1863, 0x192D, 0x3A73, 0x10A8, 0x0846, 0x6CDE, 0x649E, 0x42F9, 0x2170, 0x0002, 0x0824, 0x539A,
 0x75DF, 0x64DE, 0x5BFB, 0x8E1F, 0x4AAB, 0x10C9, 0x5C7F, 0x847A, 0x4A92, 0x9474, 0xDEBB, 0xC576, 0xABF1, 0xBBAF, 0xE4F2, 0xFD30,
 0xFCEF, 0xFCAF, 0xFCB0, 0xFD33, 0xFCD1, 0xFCF0, 0xFD52, 0xECB2, 0x9A0B, 0xA3D3, 0xCDDB, 0x9457, 0x39D0, 0x5271, 0x8C57, 0x8C78,
 0x73F7, 0xAD7A, 0xF79F, 0xFFFF, 0xFFFF, 0xFFFF, 0xFFFF, 0xFFFF, 0xFFFF, 0xFFFF, 0xFFFF, 0xFFFF, 0xFFFF, 0xFFFF, 0xFFFF, 0xFFFF,
 0xFFFF, 0xADFF, 0xBE5E, 0xFFFF, 0xFFFF, 0xCEDF, 0xEF7F, 0xFFFF, 0xFFFF, 0xFFFF, 0xD6FF, 0xE77F, 0xFFFF, 0xFFFF, 0x4A72, 0x210E,
 0x6B14, 0x6336, 0x1176, 0x004D, 0x0006, 0x0848, 0x20EC, 0x398F, 0x31B0, 0x210B, 0x0004, 0x1889, 0x3A12, 0x39D0, 0x292C, 0x0843,
 0x1087, 0x4AB4, 0x20EC, 0x20EB, 0x62EE, 0xAD35, 0x0002, 0x83F0, 0xFFFE, 0xFFBD, 0xF6FB, 0xF6FB, 0xEE18, 0xD514, 0xC4B3, 0xBC32,
 0xA32F, 0x8A8E, 0x9AEF, 0x9B10, 0x9B32, 0x8AF3, 0x7295, 0x72B6, 0x72D7, 0x6A98, 0x623A, 0x5A3B, 0x41FB, 0x31BB, 0x293B, 0x291A,
 0x3882, 0x40C4, 0x40E4, 0x48E5, 0x69C8, 0x61A9, 0x40C5, 0x6126, 0x71A8, 0x79E9, 0x79E9, 0x81E9, 0x9AAB, 0xB34D, 0xBC10, 0xCC92,
 0xD534, 0xDD75, 0xD533, 0xD4D1, 0xEE16, 0xACF3, 0x3986, 0x28C4, 0x1862, 0x0000, 0x0000, 0x1002, 0x38E6, 0x2043, 0x2044, 0x4948,
 0x2083, 0x2084, 0x0800, 0x598A, 0x3948, 0x1043, 0x0000, 0x2000, 0x1043, 0x110C, 0x10AA, 0x1067, 0x0822, 0x1021, 0x0800, 0x29B0,
 0x6D3F, 0x53DC, 0x2992, 0x3AF5, 0x8DDA, 0x0000, 0x3A92, 0x9CF9, 0x2A34, 0xA538, 0xFFFF, 0xFFFF, 0xFFFF, 0xDE7A, 0xAC73, 0x9BF1,
 0xB412, 0xC412, 0xD431, 0xD411, 0xCC52, 0xA30E, 0x81EB, 0x826E, 0xA371, 0xBCB6, 0x9C76, 0x8C56, 0xBDDA, 0xEF3D, 0xFFDF, 0xFFFF,
 0xFFFF, 0xFFFF, 0xFFFF, 0xFFDF, 0xFFFF, 0xFFFF, 0xF7DF, 0xF7BF, 0xFFFF, 0xF7FF, 0xDF3F, 0xFFFF, 0xF7DF, 0xE75F, 0xFFFF, 0xFFFF,
 0xFFFF, 0xCEBF, 0xDF1F, 0xFFFF, 0xFFFF, 0xFFFF, 0xFFFF, 0xFFFF, 0xFFFF, 0xFFFF, 0x4B5E, 0xADFF, 0xFFFF, 0xF79F, 0x7BD7, 0xEF7E,
 0xFFFF, 0xB5FD, 0x52F4, 0x0027, 0x10AA, 0x290E, 0x290D, 0x4A51, 0x422E, 0x10A6, 0x0006, 0x294D, 0x292C, 0x1068, 0x528C, 0x18C5,
 0x10AB, 0x39AC, 0x6B4F, 0xBDF8, 0xFFFF, 0x8C72, 0x9471, 0xFFFF, 0xF6BA, 0xDD56, 0xDD76, 0xDDB7, 0xDDB7, 0xD5B7, 0xCD76, 0xB473,
 0x932F, 0x8AED, 0x82CD, 0x6A0B, 0x69A8, 0x79C7, 0x71A7, 0x71A8, 0x6167, 0x5127, 0x40E7, 0x40E8, 0x40EA, 0x30AC, 0x30AE, 0x30D1,
 0x4968, 0x4927, 0x4926, 0x48C5, 0x48C5, 0x48A4, 0x50E5, 0x6188, 0x69C9, 0x71E9, 0x824B, 0x92CC, 0xA2EC, 0xA2CB, 0xAAEB, 0xB34D,
 0xBB8E, 0xBBEF, 0xCCB2, 0xE594, 0xF697, 0xB534, 0xB575, 0x624B, 0x38E6, 0x2884, 0x2063, 0x2885, 0x30A5, 0x38E7, 0x3085, 0x38E7,
 0x1863, 0x4107, 0x2023, 0x59AA, 0x620B, 0x2063, 0x30C5, 0x5148, 0x0821, 0x1000, 0x2042, 0x1001, 0x30C5, 0x30A5, 0x2863, 0x194E,
 0x42F8, 0x29B1, 0x0845, 0x196A, 0x7DFF, 0x4C18, 0x6C16, 0x5B13, 0x3B38, 0xB578, 0xFFFF, 0xFFFF, 0xFFFF, 0xFFFF, 0xFFFF, 0xE73D,
 0xC5D9, 0xACD6, 0x9C75, 0x9C74, 0xACF6, 0xB578, 0xB577, 0xBDB8, 0xBD98, 0xBD98, 0xDEBC, 0xFFFF, 0xFFFF, 0xFFFF, 0xFFFF, 0xF7FF,
 0xDFFF, 0xEFFF, 0xE7DF, 0xD7DF, 0xE7FF, 0xF7FF, 0xFFFF, 0xFFFF, 0xFFFF, 0xE7BF, 0xEF9F, 0xF7DF, 0xFFFF, 0xFFFF, 0xFFFF, 0xFFDF,
 0xF7BF, 0xF79F, 0xE75F, 0xFFFF, 0xFFFF, 0xF7DF, 0xE75F, 0xE77F, 0xFFFF, 0xFFFF, 0xBE3F, 0xD6FF, 0xFFFF, 0xF7FF, 0xFFFF, 0xFFFF,
 0xF7DF, 0xEF9F, 0x9433, 0x0007, 0x318F, 0x62D2, 0x8C56, 0x9D19, 0x94B6, 0x0849, 0x292D, 0x8C34, 0x8413, 0x9495, 0xB557, 0x18C8,
 0x8412, 0xE6DA, 0xFFFF, 0xFFFE, 0xFF5C, 0xE6B9, 0xFEDA, 0xEE17, 0xDD97, 0xC4F5, 0xC536, 0xD597, 0xDD55, 0xDD13, 0xC431, 0xA30D,
 0x8A6B, 0x824C, 0x8AEE, 0x8310, 0x728E, 0x61EA, 0x61CA, 0x69EA, 0x61CA, 0x5988, 0x5126, 0x4083, 0x3841, 0x3000, 0x2800, 0x1000,
 0x38E6, 0x4906, 0x6988, 0x5926, 0x6988, 0x69A8, 0x69C9, 0x7A2A, 0x6168, 0x69A8, 0x81E9, 0x81C8, 0x9249, 0xAB2D, 0xAB6E, 0xA2CC,
 0xAB2D, 0xBBCF, 0xDCD2, 0xD42F, 0xF5D3, 0xFFFD, 0x8C31, 0x0000, 0x1001, 0x1842, 0x3907, 0x622C, 0x4969, 0x72AE, 0x7B10, 0x622C,
 0x28E5, 0x5A0C, 0x5A0B, 0x624D, 0x7AEF, 0x61EC, 0x30C6, 0x28C5, 0x1822, 0x3065, 0x38E7, 0x6A4D, 0x6A2D, 0x4107, 0x1864, 0x0865,
 0x0844, 0x0800, 0x1000, 0x298C, 0x3AD7, 0x541E, 0x5B95, 0x216B, 0x4AD5, 0xDEBB, 0xFFFF, 0xFFDE, 0xFFDE, 0xFFDE, 0xFFFF, 0xFFFF,
 0xFFFF, 0xFFFF, 0xFFFF, 0xFFFF, 0xFFFF, 0xFFFF, 0xFFFF, 0xFFFF, 0xFFFF, 0xFFFF, 0xFFFF, 0xEFBF, 0xDFBF, 0xD7BF, 0xDFDF, 0xC79F,
 0xA75F, 0xAF7F, 0xC7BF, 0xDFFF, 0xE7FF, 0xE7FF, 0xDFDF, 0xDFDF, 0xFFFF, 0xFFFF, 0xFFFF, 0xFFFF, 0xFFFF, 0xFFFF, 0xFFFF, 0xEF7F,
 0xD6FF, 0xF7BF, 0xE75F, 0xFFFF, 0xFFFF, 0xE77F, 0xA5DF, 0x5C5E, 0xDF7F, 0xFFFF, 0xEFBF, 0xDF5F, 0xF7FF, 0xE7DF, 0xFFFF, 0xC6BF,
 0xEFBF, 0xFFFF, 0xA4F6, 0x290D, 0xC5F9, 0xFFFF, 0xFFFF, 0xFFBF, 0xBDB9, 0x49EE, 0xDEBB, 0xFFFF, 0xF7BF, 0xFFFF, 0xB536, 0xDE18,
 0xFF9D, 0xFF7D, 0xF6FB, 0xEE18, 0xEDD7, 0xDD56, 0xC4B5, 0xD537, 0xCCD4, 0xC451, 0xC473, 0xBCD5, 0xCD35, 0xC451, 0xB32D, 0x8A29,
 0x81E8, 0x79A8, 0x61A9, 0x69A9, 0x69A9, 0x69C9, 0x69EA, 0x6189, 0x5969, 0x5169, 0x4969, 0x3929, 0x290A, 0x28E9, 0x2085, 0x1802,
 0x40C5, 0x5947, 0x6988, 0x6188, 0x6188, 0x6188, 0x6188, 0x6967, 0x48A4, 0x6105, 0x6967, 0x8AAC, 0xA390, 0xABAF, 0xAB4E, 0x9AAB,
 0xA28B, 0xBB6D, 0xDC70, 0xEE37, 0xFF5A, 0xC5B6, 0x3105, 0x83AF, 0x51A8, 0x0821, 0x1022, 0x30C5, 0x4948, 0x620B, 0x624C, 0x622C,
 0x6A6D, 0x51EB, 0x8BB2, 0xA474, 0x728E, 0x6A6D, 0x6AAD, 0x3085, 0x5189, 0x8BB1, 0x8351, 0x7AF0, 0x51AA, 0x30C6, 0x1021, 0x2063,
 0x2843, 0x38E6, 0x4127, 0x10C8, 0x0887, 0x192D, 0x0823, 0x20E5, 0x8C56, 0xEF1C, 0xFFFF, 0xFFBC, 0xFF7C, 0xFF9E, 0xFFFF, 0xFF7E,
 0xFF9E, 0xEE9C, 0xE65B, 0xF6FD, 0xFF9F, 0xFFBF, 0xF79F, 0xEF9F, 0xE79F, 0xE75F, 0xDF5F, 0xCEFF, 0xB67F, 0xAE3F, 0xAEDF, 0xB75F,
 0xC7BF, 0xC7BF, 0x9F7F, 0x8F5F, 0x877F, 0x8F9F, 0xB7DF, 0xF7FF, 0xFFFF, 0xFFFF, 0xFFFF, 0xEFFF, 0xE7FF, 0xE73F, 0xD6DF, 0xFFFF,
 0xFFFF, 0xF7FF, 0xEFDF, 0xEFDF, 0xFFFF, 0xFFFF, 0xFFFF, 0xE75F, 0xFFDF, 0xF7FF, 0xEFDF, 0xEFBF, 0xE7DF, 0xD7BF, 0xE7FF, 0xEF9F,
 0xF7DF, 0xFFFF, 0xBDBA, 0xB59A, 0xFFFF, 0xFFFF, 0xF7FF, 0xFFFF, 0xE73D, 0xEF3D, 0xFFFF, 0xEFFF, 0xEFDF, 0xF7BF, 0xFFBF, 0xF69C,
 0xD558, 0xC518, 0xC518, 0xB434, 0xA34F, 0xABB1, 0xABB1, 0xCCB4, 0xCCF5, 0xC452, 0xB3D0, 0xAB6F, 0xAB4E, 0xAAEC, 0x71C9, 0x69A9,
 0x7A0A, 0x6988, 0x5905, 0x5905, 0x79A7, 0x6987, 0x5125, 0x5106, 0x5126, 0x4927, 0x40E6, 0x4928, 0x30E8, 0x2909, 0x214B, 0x192B,
 0x40C6, 0x5106, 0x5106, 0x5106, 0x5106, 0x5905, 0x5905, 0x48C5, 0x5147, 0x69CA, 0x720A, 0x822A, 0x926A, 0xAAEC, 0xAAEC, 0xA28A,
 0xA26A, 0xB34D, 0xCC70, 0xE574, 0xED11, 0xCD34, 0xDE79, 0xA4D4, 0x1062, 0x1001, 0x28A5, 0x4148, 0x4949, 0x38E7, 0x2884, 0x20A4,
 0x5A0B, 0x4948, 0x4949, 0x4989, 0x38E6, 0x7B50, 0x8371, 0x61EC, 0x8BD3, 0xCE3B, 0x93D3, 0x624C, 0x4969, 0x2043, 0x2043, 0x38C6,
 0x5149, 0x72AF, 0x20A4, 0x0000, 0x1842, 0x0000, 0x2041, 0x1062, 0x49C8, 0x9452, 0xE6DC, 0xFFFF, 0xFFFF, 0xFFBD, 0xFF7D, 0xF71C,
 0xE65A, 0xD578, 0xF6BC, 0xF73D, 0xEF5E, 0xEF9F, 0xDF5F, 0xDEDE, 0xDE7E, 0xD65E, 0xBDFE, 0xB61F, 0xAE7F, 0xBF3F, 0xCF9F, 0xBF3F,
 0x96BF, 0x765F, 0x5E7F, 0x5EDF, 0x4EFF, 0x777F, 0xEFFF, 0xFFFF, 0xEFFF, 0xC7FF, 0xC7FF, 0xB7BF, 0xF7FF, 0x8D1E, 0xBE3F, 0xFFFF,
 0xF7FF, 0xF7FF, 0xDFBF, 0xCF5F, 0xF7DF, 0xFFFF, 0xF7FF, 0xFFFF, 0xF7FF, 0xFFFF, 0xEFFF, 0xFFFF, 0xFFFF, 0xFFFF, 0xEFDF, 0xF7FF,
 0xFFFF, 0xF7FF, 0xF7FF, 0xF7FF, 0xFFFF, 0xFFFF, 0xF7FF, 0xDFFF, 0xCFBF, 0xE7BF, 0xE7BF, 0xDFDF, 0xCF3F, 0xC63E, 0xDEDE, 0xE7BF,
 0xE75E, 0xC57A, 0xA372, 0x9AF0, 0x9B71, 0xABF2, 0x8A8D, 0x9ACD, 0xAB6F, 0xBBF0, 0xB3D1, 0xABF2, 0x9B4F, 0x822A, 0x5927, 0x40A4,
 0x5926, 0x79C9, 0x8A4A, 0x822A, 0x71A8, 0x4906, 0x40A4, 0x3863, 0x3042, 0x3043, 0x3884, 0x38C5, 0x2884, 0x2864, 0x2044, 0x2065,
 0x2863, 0x38A5, 0x40C5, 0x48E5, 0x6987, 0x69A8, 0x5148, 0x5169, 0x69CA, 0x6167, 0x5946, 0x79A8, 0x8A09, 0x9A6A, 0xAACB, 0xA28A,
 0xA2AA, 0xAB0C, 0xAAEB, 0xAACA, 0xB289, 0xE512, 0xE6FB, 0x6AEC, 0x2063, 0x59AA, 0x59EB, 0x30C5, 0x30A5, 0x30A5, 0x2064, 0x1843,
 0x1002, 0x2064, 0x2064, 0x2043, 0x38E7, 0x5A4C, 0x626C, 0x5A2C, 0x4989, 0x622C, 0x8330, 0x8BB2, 0x620C, 0x6A6D, 0x6A8D, 0x59EB,
 0x8BB2, 0x3927, 0x1021, 0x30C5, 0x30C6, 0x30C5, 0x2883, 0x2021, 0x1000, 0x3946, 0xB536, 0xFFBE, 0xFF3A, 0xF679, 0xEE58, 0xE638,
 0xDDD9, 0xDE9B, 0xDF1E, 0xDF3F, 0xDF1E, 0xD65C, 0xCDDB, 0xCDDB, 0xD5DC, 0xC59D, 0xB65F, 0xB6FF, 0xB6BF, 0xA63F, 0x95FF, 0x7DDF,
 0x6D7F, 0x659F, 0x663F, 0x567F, 0x677F, 0xEFFF, 0xF7FF, 0xB7DF, 0x6FBF, 0x5F7F, 0x675F, 0xBFBF, 0xFFFF, 0xD75F, 0xFFFF, 0xEFFF,
 0xDFFF, 0xFFFF, 0xCFBF, 0xCF9F, 0xFFFF, 0xDFDF, 0xDFDF, 0xDFFF, 0xBFDF, 0xE7FF, 0xDFDF, 0xB7BF, 0xFFFF, 0xEFFF, 0xDFDF, 0xA79F,
 0xDFFF, 0xFFFF, 0xFFFF, 0xEFFF, 0xF7FF, 0xFFFF, 0xDFDF, 0xC79F, 0xCF7F, 0xB6DF, 0xA63F, 0xAE1E, 0xBE9E, 0xB69F, 0xBDFD, 0xB4D9,
 0xC599, 0xDF1E, 0xC67D, 0xA476, 0xA372, 0xABB1, 0xB3D0, 0x92CC, 0x820A, 0x820A, 0x822B, 0x8AAD, 0x822A, 0x820A, 0x822A, 0x6168,
 0x6167, 0x71A7, 0x81E8, 0x6146, 0x50C4, 0x50E5, 0x5106, 0x48E6, 0x40C5, 0x40A4, 0x3863, 0x3043, 0x2022, 0x1801, 0x1822, 0x1822,
 0x4128, 0x38C5, 0x40E5, 0x40E6, 0x4948, 0x51AA, 0x4107, 0x5905, 0x81A7, 0x7187, 0x5105, 0x7187, 0x79A7, 0x8187, 0x9208, 0xA2AB,
 0xB34D, 0x9A49, 0x7146, 0x7987, 0xAAAA, 0xDCAF, 0xFF9A, 0x9471, 0x38A6, 0x49A9, 0x0821, 0x0000, 0x2885, 0x518A, 0x4949, 0x2885,
 0x2884, 0x2864, 0x2865, 0x2864, 0x38E7, 0x38E7, 0x30C6, 0x2864, 0x1823, 0x2064, 0x2864, 0x4969, 0x5A0B, 0x6A4D, 0x7AF0, 0x728E,
 0x622C, 0x5A0B, 0x59AA, 0x4928, 0x38C6, 0x3085, 0x0801, 0x0000, 0x1882, 0xB556, 0xFFFF, 0xFFBB, 0xF678, 0xF658, 0xE639, 0xCE1B,
 0xBE5C, 0xC67D, 0xD65C, 0xE63A, 0xC517, 0xC559, 0xCDBB, 0xCDBC, 0xB61E, 0xAE9F, 0xBE7E, 0xA59D, 0x847D, 0x8D5E, 0x8DBF, 0x7D7F,
 0x755F, 0x7DFF, 0x5D9F, 0x6EDF, 0xDFFF, 0xC7BF, 0x673F, 0x577F, 0x569F, 0x563F, 0x5F3F, 0xDFFF, 0xFFFF, 0xFFFF, 0xC7FF, 0x9FBF,
 0xFFFF, 0xFFFF, 0xDFDF, 0xDFDF, 0xFFFF, 0x9F7F, 0xAF7F, 0x8F9F, 0x4F3F, 0x97BF, 0xF7DF, 0x4F1F, 0xBFDF, 0xE7DF, 0x8F9F, 0x8F5F,
 0x5EFF, 0xC7FF, 0xF7FF, 0xFFFF, 0xFFFF, 0xFFFF, 0xEFDF, 0x973F, 0x8E9F, 0xA6BF, 0x85BF, 0x747D, 0x8C7B, 0xA55C, 0xA5DD, 0x9DBC,
 0x9417, 0xA353, 0xB476, 0xA55A, 0x9478, 0x72B2, 0x722D, 0x7A2B, 0x79C9, 0x81E9, 0x79C9, 0x6947, 0x6147, 0x6126, 0x5905, 0x5926,
 0x5988, 0x4927, 0x5147, 0x48E6, 0x61EB, 0x618A, 0x48C5, 0x40A4, 0x40C5, 0x40C5, 0x4906, 0x69A8, 0x3063, 0x2001, 0x1801, 0x1001,
 0x5147, 0x2884, 0x2885, 0x30A6, 0x38A5, 0x48E5, 0x50C4, 0x50E5, 0x7166, 0x6125, 0x48C4, 0x6126, 0x7987, 0x9228, 0xAAEB, 0xA28A,
 0x9229, 0x7146, 0x7167, 0x9A29, 0xBB2C, 0xD40E, 0xFDF4, 0x9C50, 0x72ED, 0x9452, 0x20E4, 0x1802, 0x5169, 0x4989, 0x38E7, 0x4108,
 0x30C6, 0x38C6, 0x30A6, 0x28A5, 0x2885, 0x3908, 0x624D, 0x9C34, 0x8371, 0x496A, 0x624D, 0x9C74, 0xA4B4, 0x4989, 0x30C6, 0x2884,
 0x49E9, 0x6AEE, 0x5A2B, 0x622C, 0x5169, 0x38C6, 0x28A4, 0x20A4, 0x1822, 0x1001, 0x9431, 0xFFBD, 0xFF5D, 0xEF1C, 0xDE7B, 0xC558,
 0xCD78, 0xE61A, 0xEE7A, 0xD5B9, 0xB4B7, 0xBCF8, 0xB53A, 0xADFD, 0xADFC, 0x9459, 0x8BD9, 0x8C9C, 0xAE3F, 0x9E3F, 0x7CFE, 0x6C7E,
 0x757F, 0x6D5F, 0x5E1F, 0x97DF, 0x871F, 0x4DFF, 0x569F, 0x55FF, 0x4D9F, 0x465F, 0x8F3F, 0xFFFF, 0xE7FF, 0x7FBF, 0x3EFF, 0x775F,
 0xBFDF, 0xE7DF, 0xFFFF, 0xFFFF, 0xE7FF, 0x46BF, 0x56FF, 0x4F3F, 0x367F, 0x46BF, 0xD7DF, 0x669F, 0x46DF, 0xBFBF, 0x66DF, 0x673F,
 0x4E1F, 0x565F, 0x779F, 0xA7BF, 0xD7DF, 0xFFFF, 0xFFFF, 0xE7FF, 0x6EDF, 0x6DBF, 0x757F, 0x6C9D, 0x6B99, 0x7378, 0x7B78, 0x7BB8,
 0x84BA, 0x8478, 0x82F2, 0x822E, 0x7A6F, 0x8312, 0x7A90, 0x7A2E, 0x7A0C, 0x79EB, 0x79EA, 0x71A9, 0x69A9, 0x59AA, 0x48E7, 0x2022,
 0x1802, 0x1822, 0x2842, 0x3065, 0x7418, 0x95BE, 0x49AF, 0x48C5, 0x4083, 0x3042, 0x3863, 0x40C4, 0x3084, 0x3063, 0x2843, 0x3063,
 0x2843, 0x2043, 0x2063, 0x2843, 0x3883, 0x50C4, 0x4083, 0x40A4, 0x58E5, 0x50C4, 0x48C4, 0x6126, 0x81A7, 0x89E8, 0x9A49, 0x81A7,
 0x7946, 0x81A7, 0x9A08, 0xAAAA, 0xBB6D, 0xCC0F, 0xDC90, 0xE5B4, 0xEF1A, 0xCE19, 0xA4D4, 0x3907, 0x518A, 0x0000, 0x1863, 0x4149,
 0x4148, 0x51AA, 0x626E, 0x59EC, 0x4148, 0x4168, 0x5A2C, 0xB538, 0xCDFA, 0x7B50, 0x59EC, 0xA475, 0xA4B6, 0x6A8F, 0x59CB, 0x3927,
 0x28C5, 0x30E6, 0x28C5, 0x3927, 0x4128, 0x28A5, 0x28E5, 0x72CD, 0xACD4, 0xC5D8, 0x9C93, 0xEF1C, 0xFF1B, 0xEE18, 0xE5F7, 0xF69A,
 0xFF3D, 0xEE9A, 0xBCD5, 0xBCB5, 0xBCB6, 0xBD59, 0xA59C, 0xA53A, 0x93B6, 0x7B78, 0x959D, 0xC6FF, 0xADFD, 0x7C5C, 0x743D, 0x74DE,
 0x5C7F, 0x659F, 0x6F5F, 0x5E1F, 0x4D1F, 0x65DF, 0x5DBF, 0x5D9F, 0x55FF, 0x4E9F, 0xEFFF, 0xD7BF, 0x5F5F, 0x3EBF, 0x2D9F, 0x575F,
 0x571F, 0xC79F, 0xFFFF, 0xFFFF, 0xA7BF, 0x361F, 0x363F, 0x367F, 0x3DFF, 0x24FF, 0x8F1F, 0x86BF, 0x25DF, 0x3E9F, 0x3E1F, 0x3E1F,
 0x45FF, 0x34BF, 0x45FF, 0x575F, 0x4E7F, 0x975F, 0xF7FF, 0xFFFF, 0xD7FF, 0x66BF, 0x5D5F, 0x651F, 0x5BFA, 0x5B37, 0x6BDB, 0x8C9B,
 0x6234, 0x7356, 0x73D5, 0x6B53, 0x6A0D, 0x69AB, 0x724D, 0x7A6E, 0x69AA, 0x6969, 0x69AA, 0x69A9, 0x6988, 0x6168, 0x6168, 0x5106,
 0x2843, 0x1001, 0x1001, 0x1801, 0x2887, 0x398D, 0x412A, 0x6147, 0x5905, 0x3884, 0x3063, 0x3042, 0x3043, 0x2842, 0x2822, 0x3883,
 0x2843, 0x2022, 0x2842, 0x2842, 0x3043, 0x3883, 0x40C5, 0x5105, 0x6125, 0x5905, 0x6125, 0x6105, 0x7146, 0x8187, 0x8187, 0x7966,
 0x7966, 0x89C8, 0xA2CB, 0xAB4E, 0xAB4D, 0xBBAE, 0xC3CE, 0xDC70, 0xF5B2, 0xFF39, 0xE6DA, 0x3907, 0x49A9, 0x28E4, 0x0800, 0x1022,
 0x4128, 0x7B10, 0x5A2C, 0x624D, 0x626D, 0xA4D6, 0x5A2D, 0x59AC, 0x59CB, 0x49C9, 0x498A, 0x38E7, 0x51EC, 0x59EC, 0x4969, 0x38E7,
 0x30C6, 0x4949, 0x59CB, 0x4948, 0x1842, 0x1863, 0x28C4, 0x1862, 0xAD35, 0xFFFF, 0xFFFC, 0xFEB8, 0xF657, 0xEE17, 0xEE39, 0xF75E,
 0xEEDB, 0xC472, 0xBC53, 0xCD77, 0xB59B, 0xAD3A, 0xB4B8, 0x9375, 0x83B8, 0x84BC, 0xADBD, 0x9CDA, 0x6B79, 0x6BDA, 0x749D, 0x5C5F,
 0x65BF, 0x771F, 0x655F, 0x5CBF, 0x64FF, 0x5D3F, 0x5CBF, 0x763F, 0x459F, 0x9F1F, 0xDF7F, 0x45DF, 0x363F, 0x349F, 0x2CBF, 0x3E9F,
 0x2DFF, 0xC7BF, 0xFFFF, 0xFFFF, 0x6F5F, 0x2D9F, 0x2D1F, 0x2D9F, 0x359F, 0x245F, 0x4CFF, 0x7E7F, 0x2CFF, 0x353F, 0x351F, 0x2C5F,
 0x55BF, 0x447E, 0x2BDF, 0x45BF, 0x56BF, 0x2D3F, 0x5E7F, 0xBFFF, 0xFFFF, 0xDFDF, 0x5E5F, 0x4CBF, 0x53FB, 0x5398, 0x63FA, 0x73FA,
 0x62B5, 0x6398, 0x6231, 0x6A6F, 0x62B0, 0x51CB, 0x4907, 0x59AA, 0x6A6E, 0x59CB, 0x5948, 0x5927, 0x6168, 0x6148, 0x48E6, 0x5968,
 0x40C5, 0x2021, 0x2021, 0x2001, 0x3021, 0x3021, 0x3842, 0x48A4, 0x48A4, 0x40A4, 0x3884, 0x2822, 0x2842, 0x2842, 0x2822, 0x1801,
 0x3063, 0x3043, 0x2842, 0x2842, 0x3042, 0x3063, 0x40A4, 0x50E5, 0x50E5, 0x3883, 0x2842, 0x3063, 0x50C4, 0x6105, 0x7146, 0x89C8,
 0x9229, 0x924A, 0x926B, 0x9A8B, 0xA2CB, 0xB36E, 0xB38E, 0xBB8D, 0xD40E, 0xF5B2, 0xFF18, 0x49E8, 0x7B8F, 0xC5F8, 0x0800, 0x1001,
 0x4969, 0x7B2F, 0x1842, 0x38E6, 0x51A9, 0x30C7, 0x4128, 0x4128, 0x5169, 0x2044, 0x6AEE, 0x5A8E, 0x2885, 0x498A, 0x51EB, 0x30C6,
 0x30A6, 0x2063, 0x3907, 0x6A4D, 0x59EB, 0x1041, 0x18C3, 0x9411, 0x49C9, 0xF75B, 0xFF39, 0xFE57, 0xEDB5, 0xDD96, 0xE65A, 0xDDB7,
 0xCCD3, 0xD515, 0xD5F9, 0xB538, 0xB4D7, 0xBCB6, 0x9BD5, 0x8396, 0x83D7, 0x93F7, 0x8376, 0x7357, 0x7398, 0x63DB, 0x4BBE, 0x8E1F,
 0x7E9F, 0x54BF, 0x647E, 0x5C1C, 0x53FD, 0x537C, 0x64DE, 0x551F, 0x4D7F, 0x8EFF, 0x3C9F, 0x2DFF, 0x34DF, 0x2B3F, 0x24BF, 0x1D3F,
 0x253F, 0xCFDF, 0xFFFF, 0xDFFF, 0x369F, 0x2CBF, 0x23FF, 0x245F, 0x2CBF, 0x2C1F, 0x2BBF, 0x459F, 0x345F, 0x347F, 0x341F, 0x2BFF,
 0x4D1F, 0x4C9E, 0x2B1C, 0x2B3C, 0x455E, 0x4E3F, 0x241F, 0x2D5F, 0x873F, 0xFFFF, 0xEFDF, 0x4D9F, 0x241E, 0x4358, 0x42D5, 0x42F7,
 0x6BB8, 0x7335, 0x51D0, 0x59AE, 0x6A2F, 0x6A8E, 0x61EA, 0x40E6, 0x3906, 0x49CB, 0x5A2D, 0x61AA, 0x5906, 0x50E5, 0x3085, 0x2885,
 0x2043, 0x2843, 0x3084, 0x2843, 0x3042, 0x4083, 0x48A4, 0x3863, 0x3063, 0x38A4, 0x3063, 0x2022, 0x1801, 0x1800, 0x1001, 0x1023,
 0x3043, 0x3043, 0x2022, 0x2022, 0x2863, 0x3063, 0x3043, 0x4083, 0x3063, 0x1822, 0x0801, 0x1001, 0x3863, 0x6105, 0x79A8, 0x81E9,
 0x8A09, 0x9208, 0xA2AB, 0xB36E, 0xA32D, 0xA2EC, 0x9AAB, 0xAAEB, 0xC38D, 0xDC70, 0xFE75, 0xCDB4, 0xAD34, 0xFFFF, 0x6B0D, 0x51E9,
 0x4949, 0x624C, 0x0800, 0x2905, 0x4948, 0x2844, 0x3085, 0x620C, 0x49A9, 0x38E7, 0x61EC, 0x624D, 0x38E7, 0x2064, 0x38E6, 0x40E7,
 0x2864, 0x4107, 0x0800, 0x20E4, 0x7B2F, 0x4928, 0x0000, 0x9472, 0xDE9B, 0xE6D9, 0xFF5A, 0xF636, 0xE5D6, 0xE5F8, 0xDD55, 0xCCB3,
 0xD576, 0xCDD8, 0xB4B5, 0xA3D2, 0xB434, 0x9C36, 0x8394, 0x8314, 0x82F3, 0x8B76, 0x8439, 0x83D6, 0x62D5, 0x53BC, 0xAEBF, 0x965F,
 0x4BBC, 0x5BDB, 0x6358, 0x535A, 0x537A, 0x7CFD, 0x7DBF, 0x3BFF, 0x459F, 0x3C1F, 0x2C7F, 0x2D9F, 0x331C, 0x335D, 0x245F, 0x1C1F,
 0x251F, 0xCFBF, 0xFFFF, 0xA79F, 0x1D9F, 0x23DF, 0x235E, 0x2B5D, 0x2BDD, 0x33BD, 0x335C, 0x3CBE, 0x349F, 0x2BFF, 0x33BE, 0x2C3F,
 0x2B7D, 0x3C1D, 0x3B39, 0x3297, 0x3299, 0x5D9F, 0x4E1F, 0x235F, 0x1C5E, 0x4E5F, 0xD79F, 0xF7FF, 0x559F, 0x139F, 0x3AF7, 0x41F0,
 0x4252, 0x6356, 0x72B3, 0x51AE, 0x59CE, 0x61ED, 0x622D, 0x6A4C, 0x38C5, 0x1801, 0x3084, 0x498A, 0x498A, 0x3084, 0x1801, 0x2022,
 0x2043, 0x2064, 0x2864, 0x2864, 0x2884, 0x3063, 0x3863, 0x3863, 0x2822, 0x3042, 0x3063, 0x2042, 0x2022, 0x1801, 0x0800, 0x0000,
 0x2022, 0x2822, 0x1801, 0x2043, 0x2863, 0x4083, 0x3863, 0x3043, 0x2842, 0x2022, 0x3022, 0x3042, 0x48C5, 0x5926, 0x6987, 0x79A7,
 0x81C8, 0x924A, 0x92AC, 0xA30D, 0x9249, 0x8A09, 0xA2CB, 0xAB0C, 0xBB6D, 0xCBCE, 0xE4F1, 0xFEB7, 0xFF19, 0xFF19, 0xF73C, 0xDEDA,
 0x3947, 0x59CB, 0x1822, 0x7BAF, 0x41C8, 0x1001, 0x2844, 0x620C, 0x72EE, 0x0821, 0x38E6, 0x61CB, 0x620C, 0x38E6, 0x0821, 0x3926,
 0x3064, 0x3084, 0x38E6, 0x0881, 0x83F1, 0x93F1, 0x2864, 0x62CC, 0xFFFF, 0xFF7B, 0xFF3A, 0xFEFB, 0xEE9A, 0xDD75, 0xD514, 0xDDB7,
 0xC557, 0xABD1, 0x8ACE, 0x9352, 0x9415, 0x8BD4, 0x8B12, 0x82B2, 0x93B5, 0x9457, 0x8B93, 0x5A10, 0x5BB9, 0xC75F, 0x8D9E, 0x42D8,
 0x5B16, 0x62B5, 0x5AB7, 0x52F8, 0x741A, 0xB6BF, 0x53FC, 0x3BDD, 0x435B, 0x3AD9, 0x357F, 0x33BB, 0x3297, 0x337B, 0x235C, 0x1B5D,
 0x1D3F, 0xCFBF, 0xFFFF, 0x5E3F, 0x141E, 0x2B3C, 0x445F, 0x337D, 0x2B5B, 0x32B7, 0x3A97, 0x4C1B, 0x65BF, 0x32FB, 0x32FA, 0x3C7E,
 0x43FC, 0x2A57, 0x3AD6, 0x3274, 0x4AD6, 0x6C5D, 0x5D7E, 0x4DBF, 0x22FC, 0x1B5B, 0x1C9F, 0x8EBF, 0xF7FF, 0x6D9F, 0x0B3F, 0x32B6,
 0x418E, 0x41AF, 0x5292, 0x6A71, 0x516C, 0x496B, 0x496A, 0x4949, 0x4107, 0x4A0E, 0x4A0E, 0x2823, 0x2863, 0x20C6, 0x2129, 0x2064,
 0x2022, 0x2863, 0x2084, 0x2064, 0x2085, 0x2885, 0x2884, 0x2863, 0x2822, 0x1800, 0x1000, 0x1000, 0x2001, 0x2021, 0x1801, 0x1001,
 0x0800, 0x2822, 0x2022, 0x2022, 0x2843, 0x3043, 0x3863, 0x3042, 0x3043, 0x4062, 0x6A0A, 0x6A8D, 0x40A4, 0x50E5, 0x5905, 0x6126,
 0x8229, 0x7A09, 0x6987, 0x79C8, 0x924A, 0x924A, 0x9229, 0x924A, 0xA2CB, 0xBBCE, 0xD4B1, 0xE5B4, 0xEE58, 0xEE17, 0xE573, 0xFF3A,
 0x8C30, 0x1001, 0x9C73, 0xE6FC, 0xBDF8, 0x83F0, 0x732E, 0x2003, 0x6A6D, 0x28C5, 0x62EC, 0x1822, 0x2003, 0x2864, 0x1843, 0x5AED,
 0xA493, 0x4926, 0x3064, 0x2063, 0xB556, 0xFFFF, 0x9452, 0xACF3, 0xFFBB, 0xF636, 0xDDD7, 0xDDF8, 0xF679, 0xDDD7, 0xCD76, 0xCD56,
 0xB390, 0x928D, 0x8ACE, 0x9392, 0x8B93, 0x9372, 0x8AF1, 0x9393, 0xACF7, 0x9330, 0x596D, 0x6397, 0xBF5F, 0x6CBD, 0x3A15, 0x6293,
 0x6A93, 0x6274, 0x62F6, 0x5A94, 0x8D5C, 0x7419, 0x42B7, 0x4318, 0x49F4, 0x443B, 0x2C1B, 0x3A13, 0x32D7, 0x33DD, 0x2A98, 0x1B1B,
 0x151F, 0xCF9F, 0xF7FF, 0x34FF, 0x1B1B, 0x333A, 0xC77F, 0x4C1E, 0x2ADA, 0x3275, 0x39F3, 0x42D8, 0x6E3F, 0x3AF8, 0x3276, 0x4BBA,
 0xB6DF, 0x32B9, 0x3A13, 0x3A33, 0x3273, 0x42B5, 0x3A56, 0x4D1C, 0x3CBF, 0x229A, 0x1A98, 0x03BD, 0x4D7F, 0xD7BF, 0x7E1F, 0x0B7F,
 0x2AD7, 0x398D, 0x418C, 0x49CE, 0x494B, 0x4129, 0x4108, 0x4107, 0x38A6, 0x4A92, 0x7CFC, 0x310B, 0x2822, 0x2001, 0x18A5, 0x1109,
 0x10C7, 0x2043, 0x2022, 0x2043, 0x2043, 0x1823, 0x2065, 0x20A6, 0x30C6, 0x2843, 0x1000, 0x0800, 0x0800, 0x1000, 0x1000, 0x1000,
 0x1001, 0x2822, 0x2822, 0x2002, 0x2001, 0x2002, 0x3863, 0x4083, 0x40A4, 0x48C4, 0x5968, 0x4906, 0x2001, 0x3043, 0x40A4, 0x5947,
 0x6146, 0x50C4, 0x58E5, 0x71A7, 0x81C8, 0x89C8, 0x928B, 0xA32D, 0xA2CB, 0xA32D, 0xBC52, 0xC4D4, 0xCCF3, 0xCC2F, 0xD44F, 0xFE97,
 0x9CB2, 0x6ACB, 0xFFDC, 0xFFBB, 0xFF39, 0xFF5A, 0xFFFF, 0x9CB2, 0x1822, 0x628C, 0xCE5A, 0xA515, 0x8C11, 0x3926, 0x28E5, 0xA4F5,
 0xFFFF, 0xEF3C, 0x8BD0, 0x28A5, 0xF77C, 0xFF7A, 0xF75B, 0xFF5A, 0xFED8, 0xF6BA, 0xDE5A, 0xE618, 0xE659, 0xD576, 0xD534, 0xC431,
 0xA2ED, 0x926C, 0x932F, 0x9392, 0x9351, 0xABB2, 0x9C15, 0xA476, 0x8A8D, 0x596C, 0x5B57, 0xA6BF, 0x5B79, 0x4191, 0x5A0F, 0x6A71,
 0x6AB2, 0x7B75, 0x6A92, 0x62D5, 0x5B35, 0x51F2, 0x52B6, 0x51F1, 0x4295, 0x3CDC, 0x3A12, 0x3A53, 0x8DDD, 0x4B79, 0x21D4, 0x1B3A,
 0x1CBF, 0xDF9F, 0xBF9F, 0x1C1E, 0x2297, 0x2AB7, 0x64BE, 0x3A97, 0x2A77, 0x3295, 0x41B0, 0x3992, 0x443A, 0x3B38, 0x3A55, 0x31D3,
 0xA65E, 0x7D5E, 0x2193, 0x3A12, 0x39F0, 0x31F0, 0x398E, 0x31B0, 0x33F9, 0x2B18, 0x2A76, 0x21F3, 0x0A9A, 0x1BBF, 0x969F, 0x7E7F,
 0x137F, 0x2235, 0x394B, 0x412A, 0x414A, 0x38E7, 0x38C6, 0x4107, 0x4108, 0x30A6, 0x30C8, 0x30C7, 0x2885, 0x2842, 0x2001, 0x1801,
 0x20A6, 0x114B, 0x1864, 0x2023, 0x1866, 0x1822, 0x2001, 0x1802, 0x28A6, 0x2108, 0x1885, 0x1022, 0x1000, 0x1000, 0x1000, 0x0800,
 0x2002, 0x2022, 0x2001, 0x1801, 0x1802, 0x3063, 0x5105, 0x48E5, 0x38A4, 0x3063, 0x3022, 0x3042, 0x38A4, 0x2863, 0x3083, 0x40A4,
 0x4883, 0x58E5, 0x6946, 0x7987, 0x8A2A, 0x9AEC, 0x9AAB, 0xA2EC, 0xBC73, 0xBCB4, 0xABD0, 0xAB2D, 0xB30C, 0xC3EF, 0xDCD1, 0xE552,
 0xDD73, 0xE553, 0xDCB1, 0xE4F1, 0xF5B4, 0xF573, 0xF5B3, 0xFF5A, 0x730D, 0xCDB6, 0xFF3A, 0xFEF9, 0xFFFE, 0xBDD7, 0x62AC, 0xFF5C,
 0xFED8, 0xFF18, 0xFFBC, 0xB4F4, 0xF5D4, 0xF572, 0xFE76, 0xFF18, 0xF73B, 0xF6DB, 0xE638, 0xD5D7, 0xD596, 0xCCB3, 0xB36E, 0xA2CC,
 0x9ACC, 0x9B4F, 0x9BB2, 0x9330, 0xA330, 0x9B92, 0x9372, 0x8A8D, 0x594A, 0x4AF5, 0x6D3E, 0x4275, 0x38EB, 0x598C, 0x6A4F, 0x6270,
 0x7313, 0x7AF2, 0x6252, 0x5A91, 0x5A0E, 0x5A11, 0x5273, 0x5190, 0x3BD9, 0x32D5, 0x3170, 0x7498, 0xCF7F, 0x4213, 0x214F, 0x1AD9,
 0x245F, 0xF7FF, 0x86DF, 0x0B5C, 0x2A14, 0x2A34, 0x2216, 0x3173, 0x2A14, 0x32D5, 0x41D0, 0x392E, 0x3213, 0x3274, 0x41D3, 0x396F,
 0x3AD7, 0x9EDF, 0x3257, 0x3190, 0x396E, 0x394D, 0x390B, 0x392C, 0x318E, 0x2A32, 0x31F2, 0x3A73, 0x21D0, 0x19D3, 0x029D, 0x4CFF,
 0x563F, 0x1B5D, 0x2192, 0x38EA, 0x3909, 0x398C, 0x392A, 0x38A6, 0x38E7, 0x30C6, 0x30A5, 0x2884, 0x2884, 0x30A4, 0x2863, 0x2022,
 0x2001, 0x2043, 0x1885, 0x1823, 0x1844, 0x1066, 0x1046, 0x1802, 0x1800, 0x1823, 0x1866, 0x1065, 0x1024, 0x1002, 0x1000, 0x0800,
 0x0800, 0x1000, 0x1000, 0x2022, 0x2863, 0x38E4, 0x38A4, 0x3042, 0x3063, 0x3084, 0x30A4, 0x38A4, 0x40C5, 0x3043, 0x3042, 0x4883,
 0x6105, 0x6946, 0x71C9, 0x8ACD, 0x930D, 0x8A09, 0x926A, 0xB493, 0xB452, 0x9A6A, 0x9A29, 0xAB0C, 0xBBAF, 0xB38E, 0xB36D, 0xBB6D,
 0xBB2C, 0xAAEC, 0xBB8E, 0xD513, 0xDCF3, 0xC3AE, 0xC36D, 0xCC50, 0xE617, 0xE533, 0xDCB1, 0xE533, 0xEE77, 0xE658, 0xDD33, 0xE532,
 0xEDD4, 0xF593, 0xDCF1, 0xCC0F, 0xD3EE, 0xED33, 0xE5F7, 0xE679, 0xDD75, 0xDD75, 0xCD35, 0xC4B2, 0xDD13, 0xC3EF, 0xA28A, 0xA2CC,
 0x9BB0, 0x9B91, 0x824C, 0x92EE, 0x9B50, 0x9B90, 0x79E9, 0x6169, 0x4211, 0x4317, 0x41B0, 0x40C8, 0x5928, 0x6A2E, 0x5AD1, 0x5250,
 0x722E, 0x6230, 0x52B3, 0x5A0E, 0x51AF, 0x5232, 0x496E, 0x4AB5, 0x42F7, 0x392D, 0x39F0, 0x6DBD, 0x3B18, 0x294F, 0x290C, 0x12B9,
 0x23DE, 0xEFFF, 0x55DF, 0x12B9, 0x2970, 0x29D1, 0x31D3, 0x3172, 0x31B2, 0x3213, 0x4A72, 0x498E, 0x396E, 0x31F1, 0x396F, 0x394C,
 0x2972, 0x54FE, 0x4C5B, 0x290F, 0x392B, 0x31F2, 0x31F2, 0x310E, 0x392B, 0x316E, 0x2190, 0x7C99, 0x5BD6, 0x216E, 0x216E, 0x0997,
 0x1B1C, 0x1CFE, 0x1298, 0x2170, 0x30C9, 0x38C7, 0x418C, 0x314A, 0x30A6, 0x3064, 0x2043, 0x1843, 0x2885, 0x38E5, 0x38C5, 0x2884,
 0x2843, 0x2842, 0x3063, 0x2043, 0x1801, 0x1801, 0x1044, 0x1025, 0x1002, 0x1000, 0x1801, 0x1822, 0x0824, 0x0003, 0x0823, 0x0801,
 0x0000, 0x0820, 0x2062, 0x2863, 0x2043, 0x2023, 0x2843, 0x38A4, 0x38C4, 0x38A4, 0x2863, 0x3042, 0x3063, 0x40A4, 0x5926, 0x5926,
 0x6167, 0x69C9, 0x720A, 0x79E9, 0x79C8, 0x8A6B, 0x9B0D, 0x926A, 0x89A7, 0x8187, 0x9249, 0xBBAF, 0xBBAF, 0x9A6B, 0x9A6A, 0x9A8B,
 0x9A8B, 0xAB4D, 0xB3CF, 0xB38E, 0xAACB, 0xAAEC, 0xB38E, 0xBC31, 0xCCB3, 0xC451, 0xCCB3, 0xD4F3, 0xC430, 0xC3EF, 0xCC30, 0xD4F3,
 0xE533, 0xB32C, 0x9A4A, 0xAACB, 0xC40F, 0xD575, 0xCD35, 0xC4B3, 0xCD35, 0xBCB3, 0xB3AF, 0xBB8E, 0xCC30, 0xC3AE, 0xB3AF, 0xA412,
 0x92ED, 0x79EA, 0x92AD, 0x9B70, 0x826C, 0x6967, 0x5928, 0x51AC, 0x49CD, 0x4908, 0x5127, 0x5127, 0x69EB, 0x6AAF, 0x5A90, 0x618B,
 0x69ED, 0x6B35, 0x626F, 0x596C, 0x51CF, 0x51D0, 0x498F, 0x4398, 0x41F0, 0x392B, 0x3A72, 0x2AD7, 0x310E, 0x392C, 0x212C, 0x0A39,
 0x3C1D, 0xD7FF, 0x247F, 0x1A15, 0x312D, 0x318F, 0x3190, 0x3150, 0x3191, 0x310E, 0x6333, 0x6B12, 0x38EB, 0x314D, 0x416D, 0x416C,
 0x416C, 0x2A15, 0x2C5D, 0x2991, 0x390C, 0x1A16, 0x9E7F, 0x6C1B, 0x2130, 0x312A, 0x296D, 0x3231, 0x7D3C, 0x3251, 0x212C, 0x218D,
 0x192F, 0x11B2, 0x1379, 0x1A34, 0x214E, 0x20A8, 0x2885, 0x314A, 0x2909, 0x30A5, 0x2043, 0x1822, 0x2864, 0x30A4, 0x40E6, 0x4906,
 0x40C5, 0x30A5, 0x38C5, 0x3884, 0x1801, 0x1001, 0x1800, 0x1001, 0x1001, 0x1001, 0x0800, 0x0800, 0x1000, 0x1001, 0x0803, 0x0046,
 0x1021, 0x2063, 0x1822, 0x1801, 0x2043, 0x3083, 0x38C5, 0x38A4, 0x3063, 0x2022, 0x2022, 0x3084, 0x40E6, 0x50E6, 0x6A4D, 0x61A9,
 0x6167, 0x6147, 0x5905, 0x6146, 0x61C9, 0x69C9, 0x6946, 0x6105, 0x7966, 0x81C8, 0x8A4A, 0x926B, 0x822A, 0x79E9, 0x820A, 0x8209,
 0x92AC, 0x92AB, 0x89E8, 0x89E8, 0x8A29, 0xA30D, 0xB412, 0xABF0, 0xB3B0, 0xB3AF, 0xB3AF, 0xA2EC, 0x9AAB, 0xB36E, 0xBBCF, 0xAB0C,
 0xA2CB, 0x9A8A, 0x9A6A, 0xBB8E, 0xBCF5, 0xB453, 0xBC93, 0xBCF5, 0xABF0, 0x9A8A, 0x9AAB, 0xAB0C, 0xB34D, 0xABD0, 0xA475, 0x826B,
 0x71A8, 0x930E, 0x9BF2, 0x92AC, 0x5926, 0x40A5, 0x61A9, 0x5969, 0x5926, 0x69A8, 0x5947, 0x5907, 0x626D, 0x5AAF, 0x5948, 0x69AA,
 0x6250, 0x6B33, 0x69CB, 0x596A, 0x59CE, 0x49AF, 0x41AF, 0x39F0, 0x390A, 0x392B, 0x2A33, 0x290D, 0x392B, 0x396C, 0x212C, 0x0195,
 0x54BD, 0x9F5F, 0x0B3E, 0x2190, 0x314D, 0x314C, 0x314D, 0x310C, 0x314E, 0x414C, 0x4A0F, 0x49AC, 0x412B, 0x390C, 0x414C, 0x496C,
 0x494A, 0x310B, 0x21D3, 0x29F0, 0x310B, 0x09B6, 0x75DF, 0xDFFF, 0x2299, 0x30A9, 0x30E8, 0x210A, 0x21F0, 0x29CE, 0x28A8, 0x214C,
 0x218E, 0x20EB, 0x190C, 0x1253, 0x198E, 0x210A, 0x1887, 0x2044, 0x20A7, 0x20A6, 0x2085, 0x2043, 0x2043, 0x2843, 0x3084, 0x48E5,
 0x4905, 0x38A4, 0x1822, 0x2063, 0x2043, 0x1001, 0x0800, 0x1000, 0x1001, 0x1001, 0x0800, 0x0800, 0x0000, 0x0800, 0x0800, 0x0001,
 0x1043, 0x0801, 0x1001, 0x2842, 0x3084, 0x3084, 0x2842, 0x2022, 0x2842, 0x2864, 0x2885, 0x2885, 0x38A4, 0x48C5, 0x5947, 0x5106,
 0x48A4, 0x50E5, 0x5167, 0x4105, 0x4063, 0x50A4, 0x50C4, 0x50E5, 0x6126, 0x8209, 0x7A0A, 0x6967, 0x6147, 0x71C8, 0x9ACB, 0x69A8,
 0x48E4, 0x60E4, 0x9A8A, 0x8A4A, 0x928B, 0x9B4F, 0x9B4F, 0x9AEC, 0x9AAB, 0x9A8B, 0x8A09, 0x8209, 0x8209, 0x928B, 0xABAF, 0x9AAB,
 0x9229, 0x9A69, 0xAB8F, 0xA4B6, 0x9C34, 0xA3D0, 0xAC52, 0xA2EC, 0x8A09, 0x822A, 0x7A2A, 0x928B, 0xA3B1, 0x8B70, 0x8A4A, 0x6947,
 0x826C, 0xA412, 0x826B, 0x6946, 0x6166, 0x7A4A, 0x92AC, 0x79A8, 0x5947, 0x5106, 0x48E6, 0x520C, 0x5A6E, 0x5127, 0x5105, 0x624E,
 0x62D4, 0x6169, 0x5927, 0x5148, 0x416C, 0x392B, 0x392B, 0x38E9, 0x30A7, 0x292A, 0x2190, 0x2888, 0x318C, 0x290A, 0x18EA, 0x0155,
 0x54FE, 0x65DF, 0x0A39, 0x292C, 0x294C, 0x30EA, 0x310B, 0x30EA, 0x30EB, 0x390A, 0x5B73, 0x394A, 0x30A7, 0x310B, 0x39AE, 0x412A,
 0x4928, 0x4108, 0x28A8, 0x292A, 0x28E9, 0x212E, 0x0A18, 0x5CFE, 0x2AF9, 0x28CB, 0x3085, 0x2886, 0x2065, 0x212A, 0x2885, 0x2865,
 0x20C9, 0x196D, 0x18EB, 0x18CA, 0x118E, 0x118C, 0x18C8, 0x1887, 0x1823, 0x1843, 0x1085, 0x1885, 0x1822, 0x1801, 0x2023, 0x3063,
 0x3883, 0x2042, 0x1001, 0x1000, 0x1021, 0x1022, 0x0801, 0x0000, 0x0000, 0x0802, 0x1003, 0x1001, 0x0800, 0x0800, 0x0000, 0x0000,
 0x0000, 0x1821, 0x2863, 0x1863, 0x1822, 0x2001, 0x2822, 0x3063, 0x3084, 0x2884, 0x2043, 0x2001, 0x2843, 0x38E6, 0x40A4, 0x3883,
 0x40E5, 0x4105, 0x3063, 0x3022, 0x3022, 0x48A4, 0x5906, 0x6126, 0x6126, 0x6967, 0x8209, 0x6946, 0x5906, 0x6926, 0x79C8, 0x7166,
 0x3883, 0x5967, 0x7A09, 0x822A, 0x822B, 0x71EA, 0x71A8, 0x71C8, 0x8A2A, 0x81E9, 0x7187, 0x7A09, 0x8A6A, 0x8A6A, 0x9B0D, 0x8A29,
 0x8A29, 0xA3D1, 0x9CB6, 0x8B71, 0x8ACD, 0x826B, 0x79C8, 0x81E9, 0x7A2A, 0x7A2A, 0x7A0A, 0x8B0F, 0x82EE, 0x7166, 0x6947, 0x828D,
 0x9B90, 0x822A, 0x7187, 0x6146, 0x6167, 0x82AD, 0x824C, 0x6946, 0x50E5, 0x48C5, 0x4949, 0x5A4D, 0x48E5, 0x48A4, 0x5968, 0x5A4F,
 0x69EC, 0x5906, 0x5126, 0x40E7, 0x3909, 0x30C7, 0x30C7, 0x30C7, 0x2864, 0x198D, 0x20C9, 0x28C8, 0x29AD, 0x2044, 0x10A9, 0x0175,
 0x4D1E, 0x343F, 0x1194, 0x28C8, 0x28EA, 0x28A8, 0x30C8, 0x28A8, 0x28A8, 0x30A7, 0x39CD, 0x3129, 0x3085, 0x28C7, 0x39CD, 0x3909,
 0x38E7, 0x30A6, 0x2886, 0x2885, 0x28A7, 0x28C7, 0x1889, 0x086B, 0x18EC, 0x20EA, 0x2886, 0x2843, 0x2002, 0x1864, 0x194B, 0x2065,
 0x2003, 0x1865, 0x10E9, 0x10C9, 0x10A9, 0x112B, 0x094C, 0x10E9, 0x1866, 0x1002, 0x1802, 0x1043, 0x1044, 0x1023, 0x1000, 0x0800,
 0x1000, 0x1801, 0x1802, 0x1002, 0x1000, 0x0800, 0x1001, 0x0801, 0x0000, 0x0000, 0x0002, 0x0804, 0x0802, 0x0800, 0x0800, 0x0000,
 0x1042, 0x1843, 0x1022, 0x1001, 0x2001, 0x2842, 0x2842, 0x2042, 0x2022, 0x2001, 0x1801, 0x2843, 0x4106, 0x4105, 0x30C5, 0x38E5,
 0x3063, 0x2822, 0x3022, 0x3842, 0x3063, 0x48E5, 0x5126, 0x5106, 0x50C5, 0x6126, 0x8A6B, 0x7187, 0x50E4, 0x58E4, 0x50C4, 0x6946,
 0x720A, 0x61A8, 0x6167, 0x71A8, 0x6967, 0x6167, 0x69A8, 0x71C8, 0x8209, 0x71A7, 0x6146, 0x79C8, 0x8A6A, 0x79A8, 0x7987, 0x822A,
 0x8371, 0x8371, 0x7A6C, 0x71EA, 0x6987, 0x6146, 0x71C9, 0x71C8, 0x79E9, 0x7A6C, 0x728E, 0x720A, 0x58E4, 0x6105, 0x724B, 0x8B2F,
 0x79C8, 0x7167, 0x79C8, 0x69A7, 0x4906, 0x5989, 0x6126, 0x50C4, 0x48A3, 0x4907, 0x4906, 0x40A4, 0x3042, 0x4906, 0x520D, 0x4969,
 0x71E9, 0x6167, 0x40C5, 0x30A6, 0x3085, 0x3064, 0x30A5, 0x3084, 0x2864, 0x192C, 0x2025, 0x194D, 0x20C7, 0x1802, 0x08C9, 0x0154,
 0x3CFF, 0x12FC, 0x114F, 0x2085, 0x20A7, 0x2886, 0x28A7, 0x2887, 0x28A7, 0x2865, 0x20C8, 0x20A6, 0x2843, 0x2864, 0x20A6, 0x2085,
 0x28A5, 0x2064, 0x28A6, 0x2885, 0x2065, 0x2886, 0x2043, 0x2001, 0x1822, 0x18A7, 0x2886, 0x3063, 0x2022, 0x1844, 0x18A6, 0x198C,
 0x1822, 0x1802, 0x1823, 0x1885, 0x1066, 0x1067, 0x10EA, 0x01EF, 0x094C, 0x0846, 0x0823, 0x1000, 0x1002, 0x1023, 0x0823, 0x1001,
 0x1000, 0x1000, 0x1801, 0x1801, 0x1001, 0x0801, 0x0800, 0x0800, 0x1002, 0x0801, 0x0000, 0x0000, 0x0003, 0x0001, 0x0000, 0x0801,
 0x0821, 0x0800, 0x1000, 0x1801, 0x1000, 0x0800, 0x1000, 0x1801, 0x2001, 0x2002, 0x30C5, 0x5187, 0x30C4, 0x2043, 0x2043, 0x1801,
 0x2001, 0x2822, 0x3042, 0x50C4, 0x48E5, 0x48E5, 0x48E5, 0x48A4, 0x48C5, 0x48C5, 0x50C4, 0x48C4, 0x48C4, 0x58E5, 0x69E9, 0x624C,
 0x5967, 0x5905, 0x50C4, 0x48E5, 0x5968, 0x69A8, 0x6146, 0x50E5, 0x50E5, 0x6125, 0x6946, 0x7187, 0x6966, 0x6946, 0x6A2C, 0x72AE,
 0x69C9, 0x6988, 0x6188, 0x50E5, 0x58E5, 0x6988, 0x6987, 0x6988, 0x724C, 0x6A4C, 0x6126, 0x58C4, 0x5926, 0x7A6C, 0x82CE, 0x7167,
 0x6125, 0x5905, 0x6967, 0x6987, 0x5926, 0x50E4, 0x48A4, 0x3863, 0x39AC, 0x30C6, 0x48A4, 0x2842, 0x3884, 0x41AC, 0x416A, 0x48C4,
 0x7A2A, 0x5126, 0x2864, 0x2885, 0x2843, 0x2864, 0x3084, 0x3042, 0x20A8, 0x1866, 0x18C9, 0x196E, 0x2002, 0x1043, 0x10A8, 0x0131,
 0x1C1B, 0x09F6, 0x10EB, 0x2043, 0x2065, 0x2065, 0x2886, 0x2886, 0x2086, 0x2044, 0x2086, 0x1885, 0x2022, 0x1822, 0x1843, 0x2044,
 0x2085, 0x2064, 0x2043, 0x2043, 0x2065, 0x2064, 0x2044, 0x1801, 0x1800, 0x1843, 0x1886, 0x2043, 0x2821, 0x1885, 0x1824, 0x10A6,
 0x11CF, 0x1022, 0x1801, 0x1802, 0x1823, 0x1002, 0x1067, 0x10C9, 0x018F, 0x0255, 0x00EE, 0x0028, 0x0802, 0x0800, 0x0822, 0x0845,
 0x1003, 0x0800, 0x0800, 0x1000, 0x0800, 0x0000, 0x0800, 0x0000, 0x0800, 0x0801, 0x0801, 0x0800, 0x0000, 0x0001, 0x0001, 0x0000,


};



const unsigned short RED_PUNCHES_BLUE_IMAGE[] = {
 0x3883, 0x40A4, 0x4083, 0x4083, 0x3062, 0x2842, 0x2041, 0x2021, 0x2863, 0x40C5, 0x48C5, 0x48C5, 0x48E7, 0x40E7, 0x40C5, 0x38A4,
 0x40A4, 0x3884, 0x3883, 0x40A3, 0x3883, 0x50E5, 0x6147, 0x6147, 0x6168, 0x6147, 0x6126, 0x5905, 0x5926, 0x6967, 0x822B, 0x498A,
 0x1068, 0x290C, 0x314E, 0x316F, 0x41F2, 0x4254, 0x39D0, 0x316E, 0x39B1, 0x4A54, 0x41F2, 0x39B0, 0x39B0, 0x3990, 0x39F2, 0x4A33,
 0x4A12, 0x398F, 0x396E, 0x396F, 0x20CA, 0x0845, 0x1821, 0x5041, 0x5841, 0x5841, 0x5841, 0x4820, 0x4820, 0x5040, 0x4840, 0x5061,
 0x5861, 0x5841, 0x6041, 0x5840, 0x5020, 0x5020, 0x4820, 0x3000, 0x1000, 0x2820, 0x6061, 0x8081, 0x80A2, 0x78A2, 0x7082, 0x6881,
 0x80A2, 0x9902, 0xA922, 0xB163, 0xB963, 0xC1A3, 0xC9C3, 0xC9E3, 0xC1C3, 0xC1C3, 0xC1C3, 0xC9E3, 0xB9A3, 0xC1A3, 0xC9A3, 0xB163,
 0x9102, 0x80C2, 0x80A1, 0x8923, 0xDD34, 0xFFBE, 0xFF7F, 0xE5B9, 0xBBD2, 0xD537, 0xFF5E, 0xEE7B, 0xB371, 0x926C, 0x81EA, 0x7061,
 0x8081, 0x2020, 0x1800, 0x6861, 0x5061, 0x1000, 0x2000, 0x6AAC, 0xD577, 0xB3F0, 0xCD34, 0x9B2E, 0x9370, 0x92CD, 0x8A4B, 0x8A6B,
 0x824B, 0x8C15, 0x8BB4, 0x828D, 0x7A0A, 0x71A8, 0x6925, 0x6966, 0x722C, 0x7A6E, 0x71A9, 0x7167, 0x58E5, 0x6105, 0x6127, 0x6126,
 0x6989, 0x6189, 0x5926, 0x48A3, 0x48A3, 0x50C4, 0x58E4, 0x6926, 0x6926, 0x58E5, 0x6106, 0x58E5, 0x58E5, 0x6105, 0x7188, 0x6968,
 0x2862, 0x3063, 0x3884, 0x3884, 0x3884, 0x48A4, 0x48A4, 0x4083, 0x3883, 0x3062, 0x3063, 0x40A4, 0x48C5, 0x48E6, 0x4907, 0x5107,
 0x5128, 0x5128, 0x5906, 0x50C5, 0x50C4, 0x50C4, 0x6105, 0x6967, 0x6988, 0x69A9, 0x720B, 0x71EB, 0x71CA, 0x71A9, 0x79C9, 0x928C,
 0x416A, 0x28EC, 0x394E, 0x314E, 0x396F, 0x41D1, 0x39B0, 0x312D, 0x4213, 0x52D7, 0x52B6, 0x4A74, 0x4213, 0x41F2, 0x41F1, 0x41F2,
 0x4A53, 0x4233, 0x39B0, 0x312C, 0x1066, 0x2020, 0x6881, 0x6881, 0x6061, 0x6881, 0x6061, 0x6061, 0x5841, 0x5841, 0x5041, 0x4841,
 0x5041, 0x5840, 0x5841, 0x4020, 0x2800, 0x2800, 0x1800, 0x1000, 0x1000, 0x0800, 0x0800, 0x3820, 0x78A1, 0x9923, 0x9923, 0x9923,
 0x88E3, 0x80C2, 0x90E2, 0xA942, 0xB983, 0xC9E3, 0xDA84, 0xEAA5, 0xF2A5, 0xF2A4, 0xE264, 0xDA43, 0xD223, 0xCA03, 0xA963, 0x90E2,
 0x88E2, 0x9922, 0xB163, 0xB962, 0xC961, 0xC2C9, 0xD557, 0xC434, 0xDD58, 0xEE1A, 0xE598, 0xB370, 0xA2CE, 0xD4F7, 0xEDFA, 0x99A5,
 0x2800, 0x3841, 0x88E2, 0x6081, 0x3000, 0x5041, 0x4862, 0x2000, 0x7ACC, 0xF71B, 0xCD54, 0xA390, 0x9B8F, 0x9B0E, 0x9B2E, 0x9B91,
 0x9C97, 0x9414, 0x92CD, 0x8A2A, 0x8209, 0x81E9, 0x822A, 0x826D, 0x828D, 0x8A2B, 0x820A, 0x79E9, 0x7167, 0x7188, 0x71CA, 0x69EB,
 0x69A9, 0x6946, 0x60E4, 0x60E5, 0x6946, 0x7167, 0x7187, 0x79A9, 0x7167, 0x7167, 0x7988, 0x7167, 0x79A9, 0x79EB, 0x71CA, 0x6968,
 0x1843, 0x2043, 0x2843, 0x3063, 0x48C5, 0x58E6, 0x5927, 0x5907, 0x5927, 0x6147, 0x5927, 0x48C5, 0x40A4, 0x40A3, 0x48C4, 0x50C5,
 0x5106, 0x5927, 0x6168, 0x6168, 0x6168, 0x6968, 0x6126, 0x6126, 0x6967, 0x71A9, 0x7A0B, 0x7A2C, 0x7A6D, 0x82CF, 0x8AEE, 0x8A8D,
 0x8AAE, 0x394B, 0x316F, 0x5A73, 0x4A32, 0x4233, 0x4233, 0x3990, 0x314E, 0x4212, 0x5B18, 0x5B38, 0x4AB5, 0x4233, 0x4233, 0x4233,
 0x4212, 0x4233, 0x398F, 0x18A8, 0x2021, 0x70A1, 0x78A2, 0x70A2, 0x7082, 0x70A2, 0x7081, 0x68A2, 0x68A2, 0x6882, 0x6061, 0x5841,
 0x5841, 0x5041, 0x5841, 0x5861, 0x5841, 0x5040, 0x3020, 0x1000, 0x1800, 0x3020, 0x2020, 0x0800, 0x0800, 0x1800, 0x3840, 0x6081,
 0x68A2, 0x68A1, 0x80E1, 0x9102, 0x9942, 0xA962, 0xB1C3, 0xBA04, 0xC224, 0xCA24, 0xCA04, 0xC1E3, 0xB9C3, 0xA942, 0x9922, 0xB225,
 0xCA85, 0xDA23, 0xDA03, 0xC1A3, 0x90E2, 0x7060, 0x8903, 0xD4F5, 0xEEBC, 0xDDD9, 0xB391, 0xA30F, 0xE5F9, 0xFF7E, 0xDD78, 0x928C,
 0x4882, 0x88E1, 0x5061, 0x2000, 0x4040, 0x5883, 0x3842, 0x6881, 0x2041, 0xC5D7, 0xD595, 0xABF0, 0xA38E, 0xA3CF, 0xAC53, 0xACD7,
 0xA495, 0xA390, 0x9B0D, 0x92EC, 0x9B0E, 0x92CE, 0x8AAE, 0x8A8D, 0x8AAD, 0x92AD, 0x8A4B, 0x79E9, 0x79C9, 0x79CA, 0x7A2C, 0x79C9,
 0x7166, 0x7167, 0x79C8, 0x81E9, 0x820A, 0x81E9, 0x81E9, 0x81E8, 0x8209, 0x820A, 0x81E9, 0x79EA, 0x79EB, 0x79EA, 0x6988, 0x6126,
 0x1023, 0x1023, 0x1845, 0x2044, 0x48C4, 0x7167, 0x7147, 0x6127, 0x5928, 0x6969, 0x79EB, 0x822C, 0x7A0B, 0x7188, 0x6947, 0x50E5,
 0x50C4, 0x6146, 0x6988, 0x71CA, 0x7A4D, 0x7A8E, 0x82AE, 0x826C, 0x79E9, 0x79E9, 0x79C9, 0x79C9, 0x79C9, 0x7A4B, 0x8B50, 0x9BF3,
 0xA391, 0x8AEE, 0x51CD, 0x5272, 0x6B56, 0x5AF6, 0x4A75, 0x5B17, 0x4233, 0x3170, 0x41F2, 0x4254, 0x4274, 0x4254, 0x4AD6, 0x5B99,
 0x5BFB, 0x4A94, 0x20EB, 0x1843, 0x7081, 0x88C2, 0x7881, 0x78A1, 0x78A2, 0x78C2, 0x78C2, 0x78C2, 0x78C2, 0x78C2, 0x70A2, 0x6061,
 0x6061, 0x5861, 0x5841, 0x5040, 0x5040, 0x4020, 0x4840, 0x5840, 0x5840, 0x4840, 0x2020, 0x1000, 0x1000, 0x0800, 0x1800, 0x3000,
 0x4020, 0x5860, 0x6081, 0x68A1, 0x70A1, 0x78C1, 0x78C1, 0x8901, 0x9102, 0xA983, 0xD224, 0xE264, 0xEA84, 0xF387, 0xFB87, 0xFBA7,
 0xDAA5, 0xA941, 0x80A1, 0x6881, 0x7081, 0x90E2, 0x98A0, 0xAA88, 0xB432, 0xAB71, 0xBC74, 0xEEDC, 0xFF7E, 0xDDF9, 0xC495, 0xB414,
 0x79A8, 0x4000, 0x3800, 0x5041, 0x5083, 0x4042, 0x3000, 0x68A2, 0x5040, 0x4187, 0xDDF6, 0xCD13, 0xB492, 0xB557, 0xBDDB, 0xB4F5,
 0xAC10, 0xABF0, 0xABCF, 0xA3AF, 0x9BB1, 0x92EF, 0x8AAD, 0x932F, 0xA390, 0x92AC, 0x8A4A, 0x8A6B, 0x7A6D, 0x828D, 0x8A4B, 0x81C8,
 0x81E9, 0x926B, 0x9ACD, 0x928C, 0x92AC, 0x928B, 0x924A, 0x9B0E, 0x9ACD, 0x8A6C, 0x824C, 0x824C, 0x81EA, 0x79A9, 0x71A9, 0x71EA,
 0x1005, 0x1026, 0x1026, 0x1027, 0x1846, 0x30A6, 0x5947, 0x6967, 0x6946, 0x6926, 0x6127, 0x6968, 0x71CA, 0x79EB, 0x820A, 0x79C8,
 0x6946, 0x6146, 0x6126, 0x6947, 0x79EA, 0x828E, 0x8B73, 0x8B94, 0x8AF0, 0x8AEF, 0x8AAD, 0x8AAD, 0x8AEE, 0x7A2A, 0x79A8, 0x8AAC,
 0xA413, 0xB4B5, 0xABD1, 0x8ACF, 0x72F1, 0x6AF1, 0x49CE, 0x4A10, 0x4A33, 0x3191, 0x3190, 0x39D1, 0x4213, 0x4296, 0x4B59, 0x539A,
 0x4AB5, 0x318F, 0x1065, 0x6060, 0x88C2, 0x80C2, 0x8966, 0x8166, 0x8166, 0x88E2, 0x80E2, 0x80C2, 0x80C2, 0x80E2, 0x78C2, 0x6882,
 0x5861, 0x5861, 0x5861, 0x6881, 0x78A1, 0x78A1, 0x78A2, 0x5041, 0x2800, 0x1800, 0x3820, 0x2000, 0x0800, 0x2800, 0x4020, 0x4820,
 0x4820, 0x4840, 0x5061, 0x60A1, 0x80E1, 0xA121, 0xC182, 0xCA03, 0xD223, 0xDA44, 0xEA84, 0xE264, 0xCA23, 0xB265, 0x91A3, 0x80A0,
 0x7060, 0x7081, 0x88C2, 0x9922, 0xB183, 0xB9C3, 0xA962, 0x90A0, 0x8060, 0xBC11, 0xCD37, 0xC4B5, 0xBC54, 0xABB2, 0x9B0F, 0x81EB,
 0x8A4C, 0x9310, 0x9A49, 0xA163, 0x70A2, 0x5041, 0x4841, 0x4841, 0x80C2, 0x3882, 0xD5F7, 0xE636, 0xCDF9, 0xC61A, 0xBCD4, 0xB410,
 0xA3AF, 0xAC10, 0xB493, 0xA3F1, 0x930E, 0x930E, 0xA3B0, 0xAC11, 0xA38F, 0x8A8C, 0x930E, 0x9BD2, 0x92ED, 0x8A4A, 0x81E9, 0x8A4B,
 0x9AED, 0xA3B0, 0xA36F, 0xA32E, 0xA32E, 0x92CC, 0x92ED, 0x92CD, 0x92CD, 0xA36F, 0x92CC, 0x926B, 0x8A8D, 0x824D, 0x7A2C, 0x7A2C,
 0x0002, 0x0803, 0x0826, 0x0806, 0x0805, 0x0805, 0x1006, 0x2046, 0x2886, 0x4906, 0x71A9, 0x79A9, 0x79A9, 0x7187, 0x7188, 0x79C9,
 0x820A, 0x81EA, 0x71A8, 0x6947, 0x6968, 0x824B, 0x9350, 0x9371, 0x8B31, 0x8B93, 0x8B30, 0x8B0F, 0x9BB1, 0x9BB1, 0x932F, 0x8AAD,
 0x92ED, 0x9B4F, 0xABF2, 0xAC13, 0xA413, 0xBD16, 0xBD37, 0x7310, 0x290D, 0x4A74, 0x39F3, 0x39D2, 0x4A75, 0x5337, 0x5318, 0x4AD7,
 0x41D1, 0x1888, 0x3841, 0x90E1, 0x80C2, 0x90C1, 0x8A6C, 0x9310, 0x9123, 0x9102, 0x9122, 0x9102, 0x80E2, 0x80E2, 0x70A2, 0x6882,
 0x70A2, 0x80C2, 0xA142, 0xA942, 0x9922, 0x78A1, 0x4841, 0x2020, 0x4020, 0x6861, 0x4020, 0x0000, 0x2800, 0x3020, 0x4820, 0x5020,
 0x6861, 0x78A1, 0x80E2, 0x70C1, 0x70C1, 0x78E2, 0x80E2, 0x9902, 0xA122, 0x9922, 0x9102, 0x88C1, 0x78A1, 0x8081, 0x90E1, 0xA942,
 0xC1C3, 0xD244, 0xE264, 0xE264, 0xDB06, 0xBA24, 0x9922, 0x80C1, 0x7080, 0x6040, 0x8A6C, 0xCCF6, 0xD597, 0xC516, 0xBC74, 0xB414,
 0xAC14, 0xBCD8, 0xABB1, 0x7080, 0x7881, 0x7881, 0x5861, 0x4041, 0x88E2, 0x48E4, 0xE6DB, 0xFFBE, 0xE6BB, 0xBCB3, 0xABCF, 0xB451,
 0xBCD3, 0xB515, 0xACF5, 0xAC11, 0xA34E, 0xABCF, 0xABD0, 0x9B0D, 0x92CC, 0x9B6F, 0x9B8F, 0x9B0D, 0xA2CB, 0x924A, 0x9B6F, 0xACB6,
 0xAC53, 0xAC53, 0xABD0, 0xABD0, 0xAC11, 0xBC72, 0xB411, 0xABB0, 0xB451, 0xB3F0, 0xABAF, 0xA3B1, 0x9310, 0x8ACE, 0x826D, 0x824C,
 0x0002, 0x0002, 0x0803, 0x0805, 0x0806, 0x0004, 0x0003, 0x0803, 0x1825, 0x2045, 0x30C7, 0x4949, 0x518A, 0x69CA, 0x8A4B, 0x8A2B,
 0x7A0B, 0x820B, 0x92AD, 0x8A8D, 0x79C9, 0x7188, 0x8A8C, 0xA390, 0x9BB1, 0x9BB2, 0x8B30, 0x9350, 0x9371, 0x932F, 0x9370, 0x930F,
 0x92CD, 0x9B0E, 0xA36F, 0xA370, 0x9B50, 0xA3F4, 0xAC54, 0xD5B8, 0x83B3, 0x41F1, 0x7C19, 0x5B37, 0x4A96, 0x5B37, 0x6BFA, 0x5317,
 0x39F2, 0x1844, 0x78C1, 0x9902, 0x9102, 0x9922, 0x9102, 0xA163, 0x9943, 0x9943, 0x9943, 0x9122, 0x88E2, 0x8902, 0x88E2, 0x9922,
 0xC1C3, 0xD223, 0xB9A3, 0x9102, 0x6061, 0x5041, 0x4840, 0x7081, 0x90C2, 0x5841, 0x2000, 0x2000, 0x4840, 0x6061, 0x5040, 0x7881,
 0x80A1, 0x88C2, 0x9922, 0xB183, 0xC1C3, 0xC9E3, 0xC9E3, 0xD224, 0xC1A2, 0xA922, 0x90E1, 0x78C1, 0x78C1, 0x78A1, 0x78C1, 0x78C1,
 0x78C1, 0x78C1, 0x78C1, 0x70C1, 0x9142, 0xB183, 0xB9A3, 0xC1A2, 0xA121, 0x80A1, 0xA163, 0xEE59, 0xEF3F, 0xDE9D, 0xC559, 0xABF5,
 0xA3B3, 0xA3B3, 0x726D, 0x3000, 0x5041, 0x4061, 0x1820, 0x3020, 0x6040, 0x7AEC, 0xFFFF, 0xFF9D, 0xD5D6, 0xC534, 0xC513, 0xC576,
 0xBD36, 0xB515, 0xBCD3, 0xD596, 0xC4F4, 0xBC31, 0x9AEC, 0xB452, 0xBCF4, 0xA34E, 0x9AAB, 0x9ACB, 0xAB8E, 0xBCD4, 0xC5B9, 0xBD56,
 0xBCF4, 0xCD54, 0xD5D6, 0xDE37, 0xD595, 0x9BEF, 0x624B, 0x49EB, 0x520C, 0x520C, 0x622A, 0xAC12, 0xB473, 0x9B4E, 0xA36F, 0x8AAE,
 0x0004, 0x0804, 0x0003, 0x0002, 0x0802, 0x2044, 0x40C6, 0x5949, 0x71EC, 0x7A0D, 0x69EC, 0x618B, 0x598B, 0x620D, 0x59EC, 0x82EF,
 0x9B71, 0x8ACF, 0x9B91, 0xA3B1, 0x9B70, 0x8A6C, 0x8AAD, 0x9B70, 0x9BD2, 0xA3F2, 0x932F, 0x930F, 0x9371, 0x93B2, 0x9BD2, 0x9BB2,
 0x8AEE, 0x8A8C, 0x9B2E, 0xA34F, 0xA34F, 0xAB8F, 0xABD1, 0xB411, 0xCD35, 0x93B2, 0x5AB2, 0x73D7, 0x741A, 0x741A, 0x741A, 0x52B5,
 0x212E, 0x3062, 0x9122, 0x9102, 0x9122, 0xA143, 0x9942, 0x9942, 0x9943, 0x9983, 0xA142, 0x9943, 0x9229, 0xA1A4, 0xCA44, 0xDA64,
 0xB9C3, 0x9902, 0x7081, 0x6061, 0x5861, 0x5841, 0x78A1, 0xB142, 0x88C2, 0x3020, 0x5861, 0x4020, 0x5861, 0x7081, 0x7881, 0x80A1,
 0x98E2, 0x98E2, 0x9902, 0x88C2, 0x80C2, 0x80C2, 0x90E2, 0x88E2, 0x80C2, 0x80A2, 0x78A1, 0x6881, 0x7081, 0x88E1, 0xA962, 0xC1E3,
 0xCA45, 0xCAE7, 0xD2E6, 0xE244, 0xEA43, 0xEA84, 0xE223, 0xC982, 0xC162, 0xB942, 0x9880, 0x91E8, 0xA435, 0x9392, 0x9351, 0x826E,
 0x79EC, 0x8AAF, 0x8AF0, 0x7A6E, 0x720D, 0x5969, 0x4907, 0x50E7, 0x2022, 0x83D0, 0xFFFF, 0xEEB8, 0xE699, 0xE699, 0xD638, 0xC5D8,
 0xBCF4, 0xC4D2, 0xC4D3, 0xB3CF, 0xB3CF, 0xABAF, 0x9BD2, 0xDE7A, 0xBC72, 0x9AAB, 0xA36E, 0xB492, 0xC577, 0xC5B8, 0xD5F8, 0xDE17,
 0xE658, 0xDE57, 0xBD74, 0x8BCE, 0x3948, 0x2089, 0x28CB, 0x20CB, 0x20CB, 0x20AA, 0x2889, 0x3108, 0x830D, 0xCD15, 0xB454, 0x9330,
 0x0805, 0x0003, 0x0003, 0x1022, 0x2042, 0x48C6, 0x698A, 0x822D, 0x824E, 0x7A2E, 0x720D, 0x69AB, 0x5949, 0x71EC, 0x720D, 0x4949,
 0x9BD2, 0xB4D6, 0xAC55, 0xAC34, 0xAC74, 0x9B4F, 0x9B4F, 0xA413, 0xA413, 0x9BB1, 0x9B91, 0x9B91, 0x9B50, 0x9B91, 0x9BD3, 0xA414,
 0xA434, 0x9BF3, 0x9BB1, 0x9B90, 0xA34E, 0xABB0, 0xBC93, 0xCD35, 0xC4B3, 0xDD55, 0xC4F4, 0x8371, 0x6B33, 0x6B97, 0x73F9, 0x4A55,
 0x18EC, 0x4881, 0x9922, 0x8902, 0x9143, 0xA163, 0x9942, 0x9942, 0x9942, 0xA183, 0xA183, 0xA142, 0xA248, 0xB225, 0xC224, 0x9942,
 0x7081, 0x6881, 0x70A2, 0x6081, 0x5061, 0x6881, 0xA122, 0x9902, 0x6061, 0x6081, 0x88E2, 0x4040, 0x78A1, 0x7081, 0x90C2, 0x9102,
 0xA942, 0xC1A3, 0xB983, 0xB983, 0xB983, 0xC1C4, 0xC245, 0xC9E4, 0xC1C3, 0xB9C3, 0xB9A3, 0xC9A3, 0xDB07, 0xDBCA, 0xD2C5, 0xCA85,
 0xAA04, 0x91E5, 0x8963, 0x9942, 0xA121, 0x9901, 0x98C0, 0x8880, 0x80A1, 0x70C3, 0x6988, 0x726D, 0x7AAF, 0x828F, 0x82D0, 0x8AF0,
 0x92F0, 0x828E, 0x9B73, 0x92F0, 0x69AB, 0x616A, 0x5949, 0x6169, 0x6969, 0x41C8, 0xFFFF, 0xFFBC, 0xFF7C, 0xE69A, 0xCE5B, 0xCD34,
 0xE5B5, 0xE617, 0xBC10, 0xABAF, 0xAC11, 0xACB5, 0xA3D0, 0x9ACC, 0xA30C, 0xB431, 0xCD76, 0xDE39, 0xE659, 0xE679, 0xC5B5, 0x8BF1,
 0x5A8D, 0x316A, 0x1887, 0x0805, 0x310C, 0x5254, 0x39B2, 0x290E, 0x310D, 0x310C, 0x310C, 0x28EC, 0x2067, 0x8BD1, 0xBD17, 0x9B92,
 0x0806, 0x1026, 0x38A5, 0x48E6, 0x38C6, 0x30A5, 0x4907, 0x69AB, 0x69CC, 0x596A, 0x4107, 0x38E7, 0x38E8, 0x30C7, 0x3908, 0x4949,
 0x38C6, 0x9C12, 0xD5D9, 0xB4D7, 0xAC76, 0xA414, 0x9BB2, 0x9BB1, 0x9BB1, 0x9B70, 0xA412, 0xA455, 0xA414, 0xA413, 0xA434, 0xAC95,
 0xACB6, 0xACF7, 0xB517, 0xB579, 0xBD98, 0xBCF5, 0xBCD4, 0xD5F7, 0xF73D, 0xF79E, 0xE618, 0xD555, 0xCD55, 0xA454, 0x7BB5, 0x4A72,
 0x10CA, 0x58E3, 0x9901, 0x8923, 0x91C6, 0x9943, 0xA122, 0xA183, 0xA9A3, 0xA983, 0xA983, 0xA183, 0xB1A3, 0xA962, 0x80A2, 0x78A2,
 0x70A2, 0x6861, 0x70A2, 0x70C2, 0x80C2, 0xA962, 0xA942, 0x6861, 0x88C2, 0xA122, 0x9102, 0x4040, 0x9902, 0x7881, 0x9902, 0xB183,
 0x9902, 0xA122, 0xB143, 0x90E2, 0x9902, 0xB983, 0xD265, 0xE2E6, 0xEAA5, 0xE2C5, 0xE2A5, 0xDA44, 0xB9C3, 0xC1C3, 0x9902, 0x90E2,
 0x9902, 0xB121, 0xB121, 0xC161, 0xA0E0, 0x6060, 0x71C7, 0x82CD, 0x9BF3, 0x9C35, 0xACF8, 0xA476, 0x9352, 0x82D0, 0x7A4D, 0x82CF,
 0x9B93, 0x828E, 0x822D, 0x82AF, 0x69CB, 0x6169, 0x698A, 0x5949, 0x6169, 0x3084, 0xA4D3, 0xFFFF, 0xFF9E, 0xEF1C, 0xDE17, 0xCCF3,
 0xC4D3, 0xCD14, 0xC535, 0xBD56, 0xBD16, 0xC556, 0xBCB3, 0xAC73, 0xC556, 0xCD96, 0xDE38, 0xF71B, 0xBD75, 0x522A, 0x312A, 0x314E,
 0x312E, 0x20CB, 0x20A9, 0x310C, 0x39B0, 0x39B1, 0x292D, 0x28EC, 0x39B1, 0x4212, 0x398F, 0x312C, 0x310C, 0x1866, 0x9BD1, 0xABB1,
 0x0005, 0x40A6, 0x71AB, 0x822E, 0x618A, 0x5949, 0x40E7, 0x28A5, 0x28A7, 0x20A8, 0x1887, 0x1887, 0x20A9, 0x20EA, 0x20CA, 0x20C9,
 0x2088, 0x28C8, 0x834F, 0xC577, 0xC557, 0xAC55, 0x9BF4, 0x9BF4, 0x9BB2, 0xAC53, 0xB4F6, 0xBD57, 0xB537, 0xB518, 0xB518, 0xB517,
 0xBDB9, 0xCE1B, 0xC61B, 0xBDDA, 0xC61B, 0xCE1B, 0xCE1B, 0xCDB8, 0xDE59, 0xF7BF, 0xE6BC, 0xCD97, 0xCD96, 0xBCB3, 0xD596, 0xEF3C,
 0x8C53, 0x51A9, 0xB2EB, 0x9143, 0xA34F, 0xA30D, 0xAA48, 0xA942, 0xA162, 0x9962, 0xA183, 0xA9A3, 0xA983, 0xA142, 0x9102, 0x80C2,
 0x80E2, 0xA1C4, 0xB245, 0xB9C3, 0xB983, 0xC1C3, 0x9102, 0x80C2, 0xB183, 0xA942, 0x88E1, 0x5060, 0xB982, 0x90E2, 0x90E3, 0xA902,
 0x98E2, 0x80A1, 0x6861, 0x78A1, 0xA963, 0xDA24, 0xE244, 0xCA04, 0xC1C4, 0xC204, 0xB9E4, 0xB983, 0xB142, 0xC9C3, 0xDA24, 0xEA64,
 0xE202, 0xB120, 0x9163, 0x71C8, 0x832F, 0x8C35, 0xA4D7, 0xE75F, 0xDEDE, 0xACB7, 0x9372, 0x93B3, 0x9BD4, 0xA435, 0x8B11, 0x7A6E,
 0x82CF, 0x9BB3, 0x8AD0, 0x828F, 0x7A4E, 0x61AB, 0x69CB, 0x618A, 0x69AB, 0x824D, 0x5169, 0xB597, 0xFFFF, 0xFF3A, 0xEE78, 0xD534,
 0xC514, 0xD659, 0xCE7A, 0xC5B7, 0xC577, 0xCDD8, 0xCDD8, 0xC5F9, 0xD619, 0xEEDB, 0xFF7C, 0x9431, 0x28E8, 0x498F, 0x5232, 0x39B0,
 0x290C, 0x28EA, 0x398F, 0x4A34, 0x4235, 0x39B1, 0x312D, 0x290B, 0x39B0, 0x4A53, 0x4A53, 0x39B0, 0x314E, 0x1889, 0x628C, 0xC4B4,
 0x2864, 0x71EB, 0x828F, 0x69AA, 0x722D, 0x496A, 0x20A7, 0x1865, 0x1044, 0x1866, 0x28CA, 0x310C, 0x312C, 0x314D, 0x314D, 0x396E,
 0x394F, 0x4190, 0x310C, 0x49CB, 0xCDD9, 0xDE5B, 0xBD38, 0xB4D8, 0xACD7, 0xBD37, 0xBD37, 0xACB5, 0xB4B5, 0xBD16, 0xB4F6, 0xB517,
 0xCE1A, 0xDE9D, 0xC63C, 0xC5FB, 0xC61B, 0xD65C, 0xDEDE, 0xD6BD, 0xD6BD, 0xE75F, 0xEF3E, 0xDE7B, 0xDE7B, 0xD5F9, 0xCDB8, 0xEF1D,
 0xEF3D, 0x59EA, 0x9330, 0xA2AB, 0x9A6A, 0xAC75, 0xB4D6, 0xAB8F, 0xAA27, 0xA983, 0xA962, 0xB182, 0xB1A2, 0xA142, 0x8902, 0x9122,
 0xB1A3, 0xD2A5, 0xBA04, 0xA142, 0xA143, 0xC1E3, 0xB9A3, 0xB9A3, 0xA162, 0x6881, 0x7080, 0x6061, 0xCA04, 0xA163, 0x88A2, 0xA942,
 0x9902, 0x98C2, 0x9922, 0xB1C3, 0xEA84, 0xC9E3, 0x90E2, 0x90C2, 0xA102, 0xA943, 0xA143, 0xC1C3, 0xF305, 0xFBA7, 0xD1C2, 0xA121,
 0x7166, 0x7B30, 0xB5DB, 0xE73F, 0xEF7F, 0xD67D, 0x9C14, 0x93D3, 0xBD9A, 0xACB7, 0xA435, 0xA456, 0x9BF4, 0x9BD4, 0x9BD4, 0x8B11,
 0x722D, 0x8B31, 0x9BD4, 0x9331, 0x8AAF, 0x7A4E, 0x5969, 0x618A, 0x5949, 0x618A, 0x822D, 0x2864, 0xDEDB, 0xFFFF, 0xFF1A, 0xE6BB,
 0xE71D, 0xDEBB, 0xD618, 0xCE1A, 0xD6BB, 0xE6BA, 0xDE9B, 0xEF1C, 0xFFBE, 0xFFFF, 0x7B90, 0x30EB, 0x5A32, 0x4A12, 0x3190, 0x318F,
 0x316F, 0x41F2, 0x4A34, 0x4213, 0x39B0, 0x396E, 0x396E, 0x396F, 0x398F, 0x398F, 0x314D, 0x312C, 0x290B, 0x2089, 0x3128, 0xCD37,
 0x5948, 0x8AAF, 0x7A4E, 0x7A6E, 0x414B, 0x28CA, 0x310B, 0x30EA, 0x28C9, 0x20A7, 0x1866, 0x2087, 0x28EA, 0x310C, 0x310C, 0x310C,
 0x312D, 0x396E, 0x5232, 0x396E, 0x418C, 0xD63C, 0xF77F, 0xE6DD, 0xC59A, 0xB539, 0xC61B, 0xBD99, 0xC599, 0xC5DA, 0xBD78, 0xB517,
 0xC578, 0xCDFA, 0xC599, 0xBD58, 0xBD78, 0xC599, 0xD67C, 0xDEDE, 0xD6BE, 0xD6FF, 0xE77F, 0xD6DE, 0xDEBD, 0xE6DD, 0xDEDD, 0xE6BD,
 0xF77E, 0xE6FC, 0x9C32, 0x7A6C, 0x6860, 0x9164, 0xAB4E, 0xB474, 0xB4F7, 0xB454, 0xAAAA, 0xA1A4, 0x9922, 0x88E1, 0x88E2, 0x9963,
 0xA163, 0x90E2, 0x88C2, 0x80C2, 0x8902, 0xB9C3, 0xC1E3, 0xC1C3, 0x6081, 0x5060, 0x80C1, 0x88C1, 0xD224, 0xB1C3, 0x80A2, 0xA943,
 0xA122, 0xA942, 0xE264, 0xA942, 0x98E2, 0x88C1, 0x90C2, 0xA102, 0xC1A3, 0xD9E3, 0xE348, 0xF367, 0xD202, 0x80E2, 0x5126, 0x8391,
 0xCEDE, 0xEFDF, 0xE75F, 0xD65C, 0xC5DA, 0xAD18, 0xB539, 0xA476, 0x93F4, 0xCE3C, 0xBDBA, 0x9C55, 0x93D4, 0x93B3, 0x9BD4, 0x93B3,
 0x7A8E, 0x69CC, 0x7AAF, 0x9373, 0x8AF0, 0x826E, 0x7A2D, 0x71EC, 0x824E, 0x71EC, 0x71EC, 0x71CB, 0x6A6C, 0xDEDB, 0xFFFF, 0xFFDD,
 0xDEBB, 0xDE5A, 0xEF1D, 0xEFBF, 0xEF1C, 0xEEFC, 0xF77F, 0xFFBF, 0xFFFF, 0x9432, 0x394C, 0x6294, 0x41F1, 0x3190, 0x39B0, 0x39B0,
 0x39D1, 0x4234, 0x4213, 0x39B0, 0x3990, 0x41D1, 0x4212, 0x4232, 0x398E, 0x20C9, 0x28CA, 0x20C9, 0x20A8, 0x2087, 0x0803, 0x6AAC,
 0x826E, 0x71EC, 0x82F0, 0x49AC, 0x20CA, 0x312D, 0x312D, 0x394D, 0x394D, 0x394D, 0x28EA, 0x28EA, 0x28EA, 0x28EA, 0x28EA, 0x310A,
 0x312B, 0x310A, 0x310B, 0x396D, 0x20AA, 0x41CB, 0xE6DD, 0xF75F, 0xDE3B, 0xC517, 0xB4B6, 0xBD17, 0xCDFB, 0xCE3C, 0xCE5C, 0xDEDD,
 0xEF3E, 0xDEDD, 0xD63C, 0xCDDA, 0xCDDA, 0xBD58, 0xBD16, 0xC598, 0xDEBD, 0xD67D, 0xCE3C, 0xDEDE, 0xD6BE, 0xDEBD, 0xEF5F, 0xE71E,
 0xDEBD, 0xF7BF, 0xFFFF, 0xEF5E, 0xACF5, 0x826A, 0x70A2, 0x78C2, 0x9A6A, 0xA3D1, 0xA455, 0xA3B2, 0x926C, 0x91E8, 0x99C6, 0x9984,
 0x9943, 0x88E2, 0x88C2, 0x80A2, 0x8902, 0xA163, 0xB9C3, 0xB182, 0x4840, 0x70C1, 0x90E1, 0x6881, 0xCA04, 0xB9C3, 0x80A1, 0xA122,
 0xC1E3, 0xCA03, 0xC9E3, 0x98C2, 0x90C2, 0x88A1, 0xA142, 0xC9E4, 0xEA85, 0xE243, 0xCA44, 0xAA05, 0x7A2A, 0xA517, 0xDF3E, 0xC61B,
 0xC5DA, 0xB579, 0xAD5A, 0xB5BB, 0xDEFE, 0xD6FF, 0xCE7C, 0xB538, 0x9393, 0x93F4, 0xC5DB, 0xBD7A, 0xAC97, 0x93B4, 0x9393, 0x9BB4,
 0x9352, 0x82B0, 0x82AF, 0xA3F4, 0x8B11, 0x724D, 0x59CB, 0x516A, 0x61EC, 0x518A, 0x4108, 0x5148, 0x48A7, 0x83AF, 0xFFFF, 0xFFDC,
 0xF75D, 0xEF5F, 0xEF3F, 0xEF3E, 0xF75E, 0xF79F, 0xFFBF, 0xFFFF, 0xCE18, 0x28A9, 0x6295, 0x41F2, 0x39B1, 0x39B0, 0x3990, 0x39D1,
 0x4234, 0x41F2, 0x41D1, 0x41D0, 0x4A74, 0x5B78, 0x5B79, 0x4233, 0x312D, 0x314E, 0x39B1, 0x39B0, 0x314D, 0x28E9, 0x28C9, 0x1865,
 0x8AF1, 0x7A6E, 0x5A0D, 0x20AA, 0x314D, 0x312C, 0x396E, 0x41AF, 0x418F, 0x312C, 0x310B, 0x312C, 0x312C, 0x312C, 0x394D, 0x418F,
 0x4A11, 0x5252, 0x41CF, 0x310B, 0x310B, 0x1867, 0x3949, 0x9C94, 0xEEFD, 0xFFDF, 0xEEFD, 0xDE3B, 0xCD99, 0xCD78, 0xBD37, 0xBD17,
 0xCD98, 0xDE3A, 0xD63B, 0xD63B, 0xD67D, 0xDE9D, 0xD63B, 0xCDDA, 0xCE1B, 0xCE1B, 0xD67D, 0xD69D, 0xDEBE, 0xD69D, 0xDEDE, 0xDEFE,
 0xE71E, 0xE71F, 0xEF3F, 0xF77F, 0xFFFF, 0xFFFF, 0xCE7A, 0x9C10, 0x79C6, 0x68C2, 0x70C2, 0x81A7, 0x8A8D, 0xA414, 0xB496, 0xA2CC,
 0x9A08, 0x8923, 0x80A1, 0x8081, 0x90E1, 0x9942, 0xA983, 0x9922, 0x6881, 0xA982, 0x9122, 0x4020, 0xC1E4, 0xB9A3, 0x90E1, 0x9102,
 0xD244, 0xB9A3, 0xA942, 0xA102, 0x90C2, 0xA922, 0xB182, 0xCAA5, 0xCAC5, 0xA962, 0x8A6A, 0xA4F6, 0xCE7C, 0xC5DA, 0xC61C, 0xCE9D,
 0xD69D, 0xACF8, 0xCE5C, 0xEF9F, 0xD67B, 0xB558, 0xBD99, 0xC61B, 0xCE7C, 0x9C34, 0x9414, 0xB539, 0xA456, 0xAC97, 0xA435, 0x8B73,
 0x728E, 0x59EC, 0x416A, 0x3928, 0x28C8, 0x28EA, 0x20C9, 0x1889, 0x1067, 0x1067, 0x20CA, 0x312B, 0x1844, 0x62CC, 0xFFFF, 0xFFFF,
 0xFFDF, 0xEF7F, 0xE75F, 0xEF5F, 0xF7BF, 0xFFBF, 0xFFFF, 0xFFDF, 0x5A6E, 0x41D1, 0x41D1, 0x316F, 0x3990, 0x316E, 0x312D, 0x39D2,
 0x41F2, 0x41D1, 0x41F2, 0x4AF6, 0x641B, 0x5B99, 0x4253, 0x39D1, 0x39B1, 0x41D1, 0x41B1, 0x3990, 0x398F, 0x312C, 0x290B, 0x414C,
 0x7A4E, 0x8B31, 0x28E7, 0x28EA, 0x314D, 0x310B, 0x290B, 0x396E, 0x394D, 0x290A, 0x394D, 0x396F, 0x398F, 0x396E, 0x314D, 0x312D,
 0x314D, 0x312C, 0x290A, 0x20C9, 0x310C, 0x398F, 0x292D, 0x20A9, 0x41AB, 0x9C73, 0xDEBB, 0xF75F, 0xFF9F, 0xFFBF, 0xF73E, 0xD5D9,
 0xCDB9, 0xD63B, 0xCE1A, 0xD63B, 0xDE9D, 0xE71F, 0xEF3F, 0xE6FF, 0xDEBE, 0xD65B, 0xD65C, 0xD67C, 0xDE9D, 0xDEBE, 0xDEDE, 0xDEFF,
 0xDEFF, 0xE6FE, 0xE71F, 0xE6DD, 0xDEBD, 0xE6FE, 0xF79F, 0xFFFF, 0xFFFF, 0xB578, 0x93B0, 0x71E8, 0x60E2, 0x68C2, 0x70A2, 0x9A6B,
 0xABD2, 0x9209, 0x78A2, 0x89E8, 0x91A6, 0x9902, 0x9902, 0x80A2, 0x80C1, 0xC1E3, 0x9122, 0x4821, 0xA942, 0xA962, 0x78A1, 0x88E2,
 0xC1C3, 0x90E2, 0x88C2, 0x9902, 0x9902, 0xC1C3, 0xE223, 0xC981, 0x5820, 0x62AD, 0xC65C, 0xC5FA, 0xC61C, 0xC5DA, 0xB579, 0xCE7C,
 0xE73E, 0xE71E, 0xBD99, 0x9C76, 0xACF7, 0xC5FB, 0xE77F, 0xCE7C, 0xB579, 0xB518, 0x93F4, 0x9C14, 0xA475, 0x7330, 0x49AB, 0x28C8,
 0x18C8, 0x292C, 0x290C, 0x290C, 0x3190, 0x31B0, 0x3990, 0x3990, 0x316E, 0x290C, 0x28EB, 0x396D, 0x49CF, 0x28E8, 0x62CD, 0xCE59,
 0xFFFF, 0xFFFF, 0xFFDF, 0xFFBF, 0xFFFF, 0xFFFF, 0xFFFF, 0x94B3, 0x1068, 0x294C, 0x18A8, 0x1067, 0x1088, 0x10A9, 0x20EB, 0x3190,
 0x39B0, 0x41F1, 0x4233, 0x5358, 0x5337, 0x39D1, 0x39B0, 0x4234, 0x4233, 0x4213, 0x41F2, 0x41F1, 0x41F2, 0x39D1, 0x316E, 0x394D,
 0x8AF0, 0x7B11, 0x2088, 0x310B, 0x314D, 0x396E, 0x314D, 0x312D, 0x310C, 0x28EA, 0x39B0, 0x4233, 0x4233, 0x41D1, 0x396E, 0x396E,
 0x316E, 0x314E, 0x312D, 0x312D, 0x310B, 0x290B, 0x316E, 0x318F, 0x290D, 0x188A, 0x28EA, 0x41AA, 0x734F, 0xA4F4, 0xE71C, 0xFFFF,
 0xFFFF, 0xFFFF, 0xFFFF, 0xFFFF, 0xFFFF, 0xFFDF, 0xEF5E, 0xF77F, 0xFFFF, 0xFFDF, 0xEF3F, 0xE6FE, 0xDEBD, 0xDE9C, 0xD67C, 0xD69C,
 0xE71F, 0xE73F, 0xE73F, 0xE71F, 0xE6DE, 0xDE9D, 0xEF3F, 0xFFFF, 0xC59B, 0x7B35, 0x9437, 0x9CD9, 0x9CF6, 0x9432, 0x7ACB, 0x6964,
 0x6880, 0x6000, 0x8104, 0x9B71, 0xA456, 0xA392, 0x80E3, 0x5841, 0x78C2, 0xA142, 0x88E2, 0x6041, 0x9143, 0x9963, 0x6040, 0x7081,
 0xB983, 0x80A2, 0x78A2, 0xA122, 0xA963, 0xC9E3, 0xC182, 0x68C2, 0x8BF3, 0xC63C, 0xB579, 0xBDBA, 0xDF1F, 0xEFBF, 0xE6FD, 0xACF7,
 0xC61B, 0xCE3C, 0xC61C, 0xB5BA, 0xBDBA, 0xCE7C, 0xCE5C, 0xCE7C, 0xC65C, 0xAD79, 0x6B30, 0x28A7, 0x1887, 0x1047, 0x18CB, 0x31B0,
 0x4254, 0x4275, 0x39F2, 0x39F2, 0x318F, 0x314E, 0x3190, 0x39F3, 0x3190, 0x314E, 0x312D, 0x28EB, 0x398E, 0x5A11, 0x412C, 0x312A,
 0x730F, 0xE71C, 0xFFFF, 0xFFFF, 0xE73D, 0x9C71, 0x69E7, 0x50A2, 0x5881, 0x68A0, 0x60A1, 0x68A1, 0x58A1, 0x48A2, 0x2064, 0x18A8,
 0x294E, 0x39D1, 0x39F2, 0x39B1, 0x318F, 0x39D1, 0x4254, 0x4233, 0x4233, 0x4A74, 0x4A54, 0x4233, 0x41F2, 0x4213, 0x4212, 0x39AF,
 0x9311, 0x626E, 0x28CB, 0x396E, 0x41AF, 0x4212, 0x4A33, 0x4A53, 0x4A53, 0x394E, 0x4233, 0x4A75, 0x39D1, 0x314E, 0x4233, 0x4AB5,
 0x4AD6, 0x5359, 0x4AD6, 0x4254, 0x39B0, 0x20A8, 0x1889, 0x20CA, 0x28EB, 0x290C, 0x312D, 0x20CB, 0x20AA, 0x28EB, 0x49CD, 0x6B0F,
 0xA514, 0xDEFB, 0xCE5A, 0x8C15, 0x5A91, 0x4A10, 0x312B, 0x314B, 0x7351, 0xC5F8, 0xFFFF, 0xFFDF, 0xEF5F, 0xE71E, 0xDEDD, 0xDEBD,
 0xEF5F, 0xEF7F, 0xEF5F, 0xE75F, 0xE73F, 0xE71E, 0xF79F, 0xF77D, 0x59F0, 0x5976, 0x516F, 0x59CD, 0x624E, 0x83D4, 0xA539, 0xA57A,
 0x94D6, 0x7BB0, 0x6A07, 0x7123, 0x6904, 0x6946, 0x6061, 0x60A3, 0xA3B2, 0x7945, 0x6881, 0x6061, 0x78A2, 0x78A1, 0x5861, 0x5041,
 0x9922, 0x80C2, 0x70A2, 0xA163, 0xA183, 0x88C1, 0x58A2, 0x6AF0, 0xCE7D, 0xACB7, 0xBDDB, 0xDF1F, 0xDF1F, 0xCEFF, 0xE79F, 0xCE3C,
 0x9435, 0xC61C, 0xD6DE, 0xBDFB, 0xB579, 0xB538, 0xD6BB, 0xA536, 0x526E, 0x292C, 0x210D, 0x296F, 0x316F, 0x294D, 0x290C, 0x292D,
 0x318F, 0x39F2, 0x4255, 0x3A34, 0x316F, 0x31B1, 0x31B0, 0x3190, 0x3190, 0x314E, 0x312E, 0x314E, 0x294D, 0x20EB, 0x396E, 0x5211,
 0x39B1, 0x41CE, 0xCE5A, 0xD6BA, 0x4945, 0x5820, 0x4000, 0x5040, 0x5881, 0x5061, 0x5061, 0x5881, 0x5881, 0x68C1, 0x6880, 0x6860,
 0x3042, 0x18A8, 0x210C, 0x28EB, 0x398F, 0x4233, 0x4AD6, 0x4A75, 0x4AB6, 0x5338, 0x5358, 0x5317, 0x5337, 0x5358, 0x4AF6, 0x49D0,
 0x9B51, 0x5A0C, 0x312D, 0x398F, 0x4AB5, 0x4AB5, 0x4A75, 0x5338, 0x5358, 0x4233, 0x4A75, 0x39B0, 0x396F, 0x4213, 0x4B18, 0x5379,
 0x5BFB, 0x5C5D, 0x647D, 0x643D, 0x5338, 0x398F, 0x3990, 0x41F3, 0x4213, 0x4213, 0x39D1, 0x39B0, 0x398F, 0x398F, 0x5232, 0x5A53,
 0x41AF, 0x2909, 0x0804, 0x0004, 0x0003, 0x0004, 0x0004, 0x0003, 0x0007, 0x180A, 0x7B70, 0xF79E, 0xFFFF, 0xF79F, 0xEF7F, 0xE73F,
 0xE73F, 0xEF5F, 0xEF7F, 0xEF5F, 0xEF5F, 0xF79F, 0xFFFF, 0xE6FB, 0x412D, 0x4917, 0x3071, 0x2870, 0x3091, 0x3913, 0x49B3, 0x6234,
 0x7337, 0x9CB9, 0xAD58, 0xAD16, 0x9411, 0x6A89, 0x48E4, 0x4882, 0x89E7, 0x6060, 0x5860, 0x6061, 0x70C2, 0x78A1, 0x5861, 0x4841,
 0x5861, 0x70A1, 0x6882, 0x9923, 0x9922, 0x6061, 0x7B71, 0xBD9B, 0xACD7, 0x9C56, 0xB55A, 0xCE7E, 0xCE7E, 0xC65E, 0xB61E, 0xDF1F,
 0xD67C, 0x9C96, 0xCE5C, 0xE71E, 0xDEFC, 0x9454, 0x28C8, 0x0805, 0x18AA, 0x31D0, 0x4295, 0x4AF7, 0x4295, 0x4254, 0x4233, 0x39B0,
 0x314E, 0x318F, 0x39D2, 0x39F2, 0x39F3, 0x31D1, 0x294E, 0x294E, 0x292D, 0x290C, 0x290C, 0x294D, 0x294D, 0x20CA, 0x20CA, 0x290C,
 0x4A33, 0x4A54, 0x20E9, 0x28A3, 0x7080, 0x6061, 0x5861, 0x8903, 0x80E3, 0x70A2, 0x7081, 0x5861, 0x4840, 0x4020, 0x4840, 0x5860,
 0x7080, 0x5840, 0x1044, 0x20CB, 0x398F, 0x4234, 0x4AB6, 0x4AF6, 0x5338, 0x63FB, 0x5BDB, 0x641B, 0x641B, 0x5BB9, 0x5358, 0x49D0,
 0x59CB, 0x82CF, 0x394D, 0x4A12, 0x4A33, 0x52F6, 0x52D6, 0x52F7, 0x5BFB, 0x5BBA, 0x4A74, 0x396E, 0x4233, 0x4B59, 0x5379, 0x53BB,
 0x5C3C, 0x645D, 0x647D, 0x64BE, 0x649E, 0x4AB6, 0x4234, 0x4A96, 0x4255, 0x4234, 0x4254, 0x4275, 0x4254, 0x39D1, 0x316F, 0x398F,
 0x4A33, 0x41F3, 0x314E, 0x18A8, 0x0802, 0x0000, 0x0801, 0x0801, 0x0003, 0x2831, 0x280D, 0x416A, 0xCE79, 0xFFFF, 0xF7BF, 0xEF5F,
 0xDF1F, 0xE71F, 0xEF7F, 0xEF7F, 0xEF7F, 0xEF7F, 0xFFFF, 0xDEFB, 0x38CE, 0x38B5, 0x202D, 0x202F, 0x2054, 0x2099, 0x28BA, 0x30FB,
 0x393C, 0x419C, 0x523D, 0x62FE, 0x8CBF, 0x9D5F, 0x84BE, 0x6357, 0x8350, 0x834F, 0x4169, 0x2000, 0x7125, 0xA2CC, 0x4020, 0x3020,
 0x3820, 0x6040, 0x6081, 0x88C2, 0x7880, 0x4906, 0xA4B8, 0xB55A, 0xA4D7, 0xA4B6, 0x9C56, 0xB519, 0xC61C, 0xBDFD, 0xD69D, 0xDEDD,
 0xC5FA, 0xE71D, 0xE6FC, 0x83F2, 0x314C, 0x2970, 0x3A33, 0x3A54, 0x3212, 0x298F, 0x39F1, 0x4254, 0x4295, 0x4296, 0x4295, 0x4295,
 0x4275, 0x4295, 0x4295, 0x39F3, 0x316F, 0x292D, 0x290C, 0x20EB, 0x20A8, 0x18A8, 0x20CA, 0x290C, 0x314E, 0x314E, 0x20A9, 0x18A9,
 0x292D, 0x314E, 0x1044, 0x8142, 0x9102, 0x6061, 0x78C2, 0x7924, 0x70A3, 0x7081, 0x7081, 0x7081, 0x6861, 0x5861, 0x5861, 0x4040,
 0x3820, 0x6060, 0x6860, 0x2842, 0x210C, 0x4233, 0x5358, 0x5C1B, 0x641B, 0x6CBE, 0x6CFF, 0x645C, 0x5B58, 0x641B, 0x6C1A, 0x312B,
 0x9371, 0x8AF0, 0x4129, 0x4A32, 0x5AF6, 0x4A54, 0x4AB5, 0x52D6, 0x5379, 0x645D, 0x5379, 0x39F2, 0x42B5, 0x5BDB, 0x5C5C, 0x753F,
 0x5C5D, 0x5C3C, 0x645D, 0x5C3D, 0x64FF, 0x539A, 0x4AB7, 0x4B39, 0x4B18, 0x4AF7, 0x4AD7, 0x4AB6, 0x4A95, 0x4A75, 0x4233, 0x39B1,
 0x292D, 0x39B0, 0x41F2, 0x39B1, 0x290B, 0x1065, 0x0802, 0x0801, 0x0806, 0x100D, 0x306F, 0x302E, 0x2888, 0x9CD4, 0xFFFF, 0xFFFF,
 0xEF7F, 0xE73F, 0xE75F, 0xE71E, 0xE71F, 0xF7BF, 0xFFFF, 0x83F2, 0x2850, 0x3073, 0x180D, 0x182F, 0x1833, 0x1835, 0x1037, 0x1857,
 0x1878, 0x1899, 0x20DB, 0x293E, 0x295F, 0x31BE, 0x4A5F, 0x73DF, 0x8CDF, 0x9D1F, 0xAD9F, 0x9452, 0x61A6, 0x724B, 0x60E3, 0x5082,
 0x4882, 0x60E4, 0x4000, 0x6061, 0x4020, 0x6A4D, 0x9394, 0x8352, 0x93F5, 0x93F4, 0xACF8, 0x8BB4, 0xB55A, 0xCE7C, 0xBDB9, 0xCE5C,
 0xDEFD, 0x9473, 0x318D, 0x29B2, 0x42D7, 0x4B39, 0x4B38, 0x4295, 0x4275, 0x4255, 0x4234, 0x39D2, 0x39D1, 0x4275, 0x3A33, 0x3A33,
 0x4233, 0x4295, 0x4B19, 0x4255, 0x3190, 0x39D1, 0x4212, 0x39D1, 0x31B0, 0x292D, 0x20C9, 0x290C, 0x398F, 0x316E, 0x20A9, 0x20C9,
 0x20EC, 0x1065, 0x7963, 0xA163, 0x6061, 0x5041, 0x6882, 0x70C3, 0x78A2, 0x7081, 0x7081, 0x7081, 0x70A2, 0x7082, 0x6861, 0x5861,
 0x7081, 0x5040, 0x6060, 0x80A0, 0x2044, 0x3190, 0x539A, 0x6D5F, 0x6CBD, 0x6CFE, 0x6D5E, 0x641B, 0x5B9A, 0x74DE, 0x743A, 0x20A8,
 0xABF3, 0xBD18, 0xA434, 0x49ED, 0x5B56, 0x6BD9, 0x5317, 0x4AD7, 0x641C, 0x649E, 0x649E, 0x5338, 0x3A12, 0x53BA, 0x6D3F, 0x9E7F,
 0x6CDD, 0x5BDB, 0x5BFC, 0x649D, 0x863F, 0x6CFD, 0x4B7A, 0x6CBD, 0x6CDD, 0x53DB, 0x539A, 0x4B38, 0x5359, 0x4AF7, 0x4A96, 0x4254,
 0x398F, 0x316E, 0x39F2, 0x398F, 0x314D, 0x292C, 0x18A8, 0x0802, 0x080B, 0x100D, 0x100A, 0x202D, 0x3070, 0x180A, 0x6AEF, 0xEF7D,
 0xFFFF, 0xFFFF, 0xF79F, 0xE6FE, 0xE6FD, 0xF79F, 0xFFFF, 0x522C, 0x180F, 0x182F, 0x180E, 0x1831, 0x1830, 0x180F, 0x1811, 0x1834,
 0x1879, 0x20DB, 0x18BC, 0x109A, 0x18BA, 0x313A, 0x313B, 0x397B, 0x49DB, 0x49DC, 0x943E, 0xFFFF, 0xF7FF, 0xAD15, 0x6A09, 0x71E7,
 0x51A6, 0x6A2B, 0x7186, 0x5000, 0x2842, 0x7AD0, 0x82D0, 0x82F1, 0x7AAF, 0x9C56, 0xB57A, 0x9C56, 0x8BD4, 0xA4D7, 0xD6BD, 0x9CD5,
 0x39AB, 0x212F, 0x42B7, 0x4B39, 0x4AF7, 0x42D6, 0x42B6, 0x42B6, 0x42D7, 0x4AF7, 0x4B38, 0x42B6, 0x318F, 0x3A54, 0x4254, 0x3A13,
 0x39F2, 0x39D2, 0x316F, 0x316E, 0x314E, 0x294E, 0x316E, 0x316E, 0x318F, 0x316E, 0x28EB, 0x28EB, 0x292D, 0x20CB, 0x20CA, 0x18CC,
 0x0846, 0x4880, 0x70C2, 0x4020, 0x4840, 0x4040, 0x5861, 0x6861, 0x6861, 0x7081, 0x80A1, 0x78A1, 0x78A2, 0x7081, 0x7881, 0x7881,
 0x78A2, 0x80A2, 0x5061, 0x80C1, 0x7080, 0x210B, 0x53BB, 0x64FF, 0x6CFF, 0x6CDE, 0x6CBE, 0x649E, 0x6CDE, 0x851D, 0x5B16, 0x2088,
 0x8AF0, 0xAC96, 0xCE1C, 0xC5FB, 0x7352, 0x5AD2, 0x7419, 0x7CBC, 0x853E, 0x853F, 0x751F, 0x53DB, 0x39D1, 0x4253, 0x649D, 0x861F,
 0x751E, 0x6C9D, 0x6CFE, 0x64BE, 0x85BF, 0x74FD, 0x543D, 0x963F, 0x963F, 0x649E, 0x64BE, 0x645D, 0x5BFB, 0x5BDB, 0x5339, 0x42B6,
 0x4296, 0x39B0, 0x290B, 0x318F, 0x316E, 0x314D, 0x18A7, 0x0808, 0x1010, 0x100D, 0x100D, 0x0810, 0x100F, 0x202D, 0x280D, 0x498D,
 0xBDB6, 0xFFFF, 0xFFFF, 0xFFFF, 0xFFFF, 0xFFFF, 0xEF5D, 0x20A6, 0x100C, 0x180E, 0x180F, 0x180E, 0x180D, 0x1810, 0x1057, 0x105C,
 0x109D, 0x18BC, 0x1059, 0x1038, 0x1857, 0x20DA, 0x20FB, 0x20DA, 0x20B9, 0x2078, 0x6299, 0xC5FE, 0xC57C, 0xC57D, 0xCE5E, 0xCE9E,
 0xA51D, 0x73B6, 0x7A8C, 0x8103, 0x4000, 0x59CC, 0x722D, 0x726E, 0x726E, 0x93B4, 0xB57A, 0x8BB3, 0x7B73, 0xB599, 0x6B4F, 0x1027,
 0x212E, 0x3A55, 0x4B18, 0x4AF7, 0x4B18, 0x4B38, 0x4B39, 0x4B39, 0x4B7A, 0x539A, 0x4B59, 0x4274, 0x3190, 0x4255, 0x4254, 0x4254,
 0x3A33, 0x39D2, 0x316F, 0x314E, 0x314E, 0x292D, 0x294E, 0x292D, 0x20CA, 0x20CA, 0x28EB, 0x18A9, 0x1067, 0x1065, 0x1864, 0x2884,
 0x2861, 0x3860, 0x1000, 0x1000, 0x1800, 0x2000, 0x4040, 0x4860, 0x6061, 0x6061, 0x6861, 0x7081, 0x78A1, 0x80C2, 0x80C1, 0x8103,
 0x8903, 0x88C2, 0x80C2, 0x5861, 0xA921, 0x38C5, 0x545D, 0x6D3F, 0x6D1F, 0x64DF, 0x6CDF, 0x85BF, 0x5B97, 0x5B78, 0x31AF, 0x4188,
 0x9371, 0xA414, 0xACB6, 0xBD79, 0xE69C, 0xC5B9, 0x83B3, 0x6B74, 0x7C37, 0x8D3B, 0x7CFC, 0x42B6, 0x52F7, 0x4233, 0x3A12, 0x5C3B,
 0x753E, 0x861F, 0x6D1E, 0x5C3C, 0x5C7D, 0x647D, 0x64BE, 0x6D7F, 0x6D1F, 0x6CFF, 0x6D1F, 0x6CFF, 0x6CDF, 0x647D, 0x5BFC, 0x5359,
 0x4AF8, 0x4AD6, 0x316E, 0x290C, 0x20CA, 0x18A7, 0x0826, 0x0812, 0x0813, 0x100F, 0x100F, 0x100E, 0x100E, 0x100B, 0x182B, 0x280D,
 0x1809, 0x7B70, 0xFFFF, 0xFFFF, 0xFFFF, 0xFFFF, 0x9472, 0x0006, 0x180E, 0x180C, 0x180B, 0x100B, 0x1053, 0x10BC, 0x10FF, 0x085B,
 0x0836, 0x0814, 0x1014, 0x1036, 0x1058, 0x1058, 0x1099, 0x1099, 0x1877, 0x1016, 0x7B59, 0xBD7C, 0x9B97, 0x9357, 0xAC9B, 0xBD9E,
 0x51F7, 0x83FD, 0x8C58, 0x938F, 0x936D, 0x6ACC, 0x516A, 0x724E, 0x61EC, 0x8352, 0x7AF1, 0x8372, 0xB5BB, 0x41EC, 0x210E, 0x31F3,
 0x39F2, 0x3190, 0x3A34, 0x4B79, 0x53DB, 0x53DB, 0x53BA, 0x4B79, 0x53BA, 0x4B7A, 0x42D6, 0x31D1, 0x4274, 0x4AF7, 0x42B6, 0x4AD7,
 0x4296, 0x39D1, 0x294E, 0x31B1, 0x3A33, 0x4233, 0x4234, 0x4213, 0x398F, 0x290D, 0x1088, 0x2084, 0x4081, 0x70E1, 0x8942, 0xA162,
 0xA163, 0x9963, 0x8943, 0x6902, 0x50C1, 0x4081, 0x4061, 0x3840, 0x3820, 0x4020, 0x5040, 0x6061, 0x7081, 0x88E2, 0xA122, 0x9922,
 0x9102, 0x9902, 0x9902, 0x7081, 0x9921, 0x60A1, 0x4C5A, 0x965F, 0x6D3F, 0x7D9F, 0xAEBF, 0x6BB5, 0x4294, 0x5358, 0x1068, 0x730D,
 0x8B10, 0x9351, 0xA414, 0xACB6, 0xC558, 0xDE5B, 0xEF1E, 0xE6FD, 0xC5F9, 0x9CB5, 0x6B52, 0x398C, 0x3A32, 0x641C, 0x39F2, 0x39F3,
 0x42F7, 0x539A, 0x4B7A, 0x539A, 0x5C3D, 0x5C3C, 0x647D, 0x759F, 0x757F, 0x6D5F, 0x755F, 0x6D3F, 0x6D1F, 0x6CFF, 0x649E, 0x643C,
 0x5BBA, 0x5359, 0x4275, 0x316F, 0x20A8, 0x0824, 0x0810, 0x0814, 0x0812, 0x0814, 0x0812, 0x100E, 0x100F, 0x100F, 0x100B, 0x1009,
 0x202C, 0x1009, 0x524B, 0xE71C, 0xFFFF, 0xFFDE, 0x3129, 0x080A, 0x1008, 0x1009, 0x182E, 0x1059, 0x091F, 0x08DC, 0x0834, 0x1011,
 0x1012, 0x1013, 0x1035, 0x0837, 0x0836, 0x1036, 0x1058, 0x1057, 0x1036, 0x0816, 0x83BA, 0xBDBD, 0xACBB, 0x9BF8, 0xA439, 0x93F9,
 0x306F, 0x5155, 0x6A99, 0xB55A, 0xFFFF, 0xFFFF, 0x9C73, 0x51AB, 0x59AB, 0x7AD0, 0x728F, 0x93F5, 0x418A, 0x20EC, 0x4256, 0x4255,
 0x3A34, 0x31F2, 0x31D1, 0x53DB, 0x5C5D, 0x5C9D, 0x64BE, 0x543D, 0x4B59, 0x4296, 0x3A34, 0x3A34, 0x42F7, 0x4AD6, 0x42B6, 0x4AD6,
 0x42B6, 0x39D1, 0x292D, 0x292D, 0x314E, 0x316E, 0x318F, 0x3990, 0x292D, 0x1864, 0x58C1, 0x8922, 0x78C2, 0x70A2, 0x6882, 0x6861,
 0x6882, 0x6882, 0x7082, 0x80E2, 0x88E3, 0x9102, 0x8902, 0x8923, 0x78E2, 0x68C2, 0x4841, 0x5840, 0x88C1, 0x78A1, 0x90E2, 0xA942,
 0xA142, 0xA142, 0xA942, 0x9102, 0x78C1, 0x68A0, 0x7579, 0xD7FF, 0xAEDF, 0xA61B, 0x5AD1, 0x3A53, 0x647C, 0x39F0, 0x292E, 0x3948,
 0x9C15, 0xACD8, 0xB559, 0xB59A, 0xBDFC, 0xC61B, 0xCE3B, 0xD69D, 0xF77F, 0xFFFF, 0xFFFF, 0xEF5D, 0x8C54, 0x4A92, 0x31D0, 0x4274,
 0x4B39, 0x53DC, 0x649E, 0x647D, 0x647D, 0x645D, 0x53DB, 0x755F, 0x7DDF, 0x7DBF, 0x759F, 0x755F, 0x7D9F, 0x755F, 0x6D1F, 0x6CDE,
 0x649E, 0x537A, 0x4254, 0x292C, 0x1045, 0x0010, 0x083A, 0x0814, 0x0814, 0x0815, 0x0812, 0x080D, 0x080B, 0x100B, 0x100B, 0x100A,
 0x0806, 0x0806, 0x0003, 0x20C5, 0xAD56, 0x83F0, 0x0004, 0x0806, 0x1008, 0x1011, 0x0859, 0x0859, 0x0831, 0x080B, 0x100D, 0x1011,
 0x1013, 0x1034, 0x0835, 0x0815, 0x0836, 0x0836, 0x1037, 0x0836, 0x0815, 0x1856, 0xA4DC, 0xB53C, 0xA49A, 0xAC9A, 0xAC7A, 0x6A94,
 0x180B, 0x38B2, 0x4913, 0xBD78, 0xFFFF, 0xFFFF, 0xFFFF, 0x9C73, 0x518B, 0x620D, 0x6A6F, 0x628F, 0x1046, 0x3190, 0x3A13, 0x4275,
 0x4AF8, 0x53DB, 0x42F7, 0x4B38, 0x53FB, 0x53FB, 0x4339, 0x3A96, 0x4275, 0x4296, 0x42B6, 0x4B18, 0x539A, 0x4B18, 0x42B6, 0x4275,
 0x4233, 0x3A12, 0x31B0, 0x3191, 0x39B1, 0x3990, 0x3990, 0x292D, 0x1864, 0x7901, 0x88E2, 0x6861, 0x6061, 0x6881, 0x6881, 0x6861,
 0x6882, 0x6861, 0x6061, 0x6062, 0x6861, 0x6861, 0x6061, 0x7082, 0x78C2, 0x9123, 0xA9E5, 0x7123, 0x5040, 0x90E2, 0xA142, 0x88E2,
 0xB163, 0xA963, 0xA963, 0xB142, 0x9142, 0x7183, 0x74B6, 0x84F6, 0x6311, 0x39CF, 0x31B1, 0x5359, 0x4AF6, 0x4233, 0x4AD7, 0x2087,
 0x93D4, 0xA476, 0xAD18, 0xB559, 0xBDDA, 0xC5FB, 0xCE5C, 0xCE5C, 0xD67C, 0xD67C, 0xDEBD, 0xEF3E, 0xFFFF, 0xD65A, 0x396A, 0x42B4,
 0x5BBB, 0x5C1C, 0x755F, 0x759F, 0x755F, 0x751F, 0x649D, 0x64BE, 0x757F, 0x7DFF, 0x7DDF, 0x7DDF, 0x7DDF, 0x757F, 0x7DBF, 0x759F,
 0x64BE, 0x4AD7, 0x318F, 0x1067, 0x0831, 0x085B, 0x0816, 0x0815, 0x0836, 0x0813, 0x080E, 0x080C, 0x100A, 0x100A, 0x0809, 0x0808,
 0x0807, 0x0804, 0x0803, 0x0002, 0x0002, 0x0802, 0x0804, 0x100A, 0x1011, 0x0812, 0x080D, 0x0809, 0x0808, 0x080C, 0x1012, 0x0834,
 0x0834, 0x1014, 0x0814, 0x0835, 0x0815, 0x0814, 0x0835, 0x0835, 0x0015, 0x28F6, 0xACFC, 0xA47A, 0x9BB7, 0xACBA, 0xB51B, 0x4171,
 0x080B, 0x3892, 0x40EF, 0xDEDB, 0xFFFF, 0xFFFF, 0xFFFF, 0xFFFF, 0x9C73, 0x38E8, 0x82F1, 0x28E9, 0x18AA, 0x292C, 0x4275, 0x4B59,
 0x53FC, 0x541C, 0x541C, 0x42D6, 0x3A13, 0x31F3, 0x3191, 0x3A34, 0x4B18, 0x53BB, 0x539A, 0x53FC, 0x53FB, 0x4B59, 0x42F7, 0x4295,
 0x3A13, 0x39F2, 0x39F3, 0x31F3, 0x216F, 0x212D, 0x294E, 0x0865, 0x68C1, 0x80E2, 0x70C3, 0x68A3, 0x6861, 0x7081, 0x7881, 0x7881,
 0x7861, 0x7061, 0x7082, 0x7081, 0x7081, 0x7081, 0x6881, 0x6061, 0x6061, 0x6041, 0x8104, 0xB1C5, 0x6903, 0x2820, 0xA162, 0x9962,
 0x9922, 0xB9A3, 0xB962, 0xCA24, 0xC2E4, 0x61C7, 0x190E, 0x292F, 0x3A54, 0x5379, 0x5338, 0x4A75, 0x4212, 0x5BDB, 0x5379, 0x3109,
 0x8B10, 0x9392, 0xA455, 0x93B2, 0x9BF3, 0xB4F6, 0xBD58, 0xBD98, 0xC5B9, 0xC5B9, 0xD63B, 0xDEBE, 0xF75F, 0xFFFF, 0xD67A, 0x39EF,
 0x855E, 0x6C7C, 0x64BE, 0x7DBF, 0x7DDF, 0x85FF, 0x967F, 0x6D1F, 0x647E, 0x6CDE, 0x757F, 0x85FF, 0x7DFF, 0x8E5F, 0x969F, 0x7DDF,
 0x5379, 0x39B0, 0x1888, 0x0032, 0x089C, 0x0858, 0x0815, 0x0816, 0x0857, 0x0837, 0x0858, 0x0838, 0x0836, 0x0812, 0x0810, 0x080E,
 0x100C, 0x100B, 0x0809, 0x0804, 0x0802, 0x0804, 0x1009, 0x100C, 0x080A, 0x0809, 0x080A, 0x080C, 0x080F, 0x0812, 0x0813, 0x1012,
 0x1013, 0x1013, 0x1013, 0x1012, 0x1012, 0x1013, 0x1056, 0x0858, 0x0016, 0x4A38, 0xBD9D, 0xACDB, 0xA459, 0x9BD8, 0x9BD8, 0x28B1,
 0x100D, 0x282F, 0x6AD0, 0xFFFF, 0xFFDF, 0xFFBF, 0xFFBF, 0xFFFF, 0xFFFF, 0x6AEE, 0x6A6F, 0x392A, 0x292D, 0x290C, 0x4254, 0x4B9A,
 0x4BDB, 0x4B59, 0x4B18, 0x3A54, 0x3190, 0x31B1, 0x42D7, 0x53DB, 0x5C3D, 0x5C1C, 0x5C1C, 0x649E, 0x5C3C, 0x4B79, 0x42B6, 0x4254,
 0x4254, 0x3A13, 0x296E, 0x20A6, 0x3861, 0x3840, 0x1001, 0x2020, 0xA163, 0x80E2, 0x78C2, 0x7082, 0x7081, 0x7881, 0x80A1, 0x88A1,
 0x8081, 0x88C2, 0x88C2, 0x80A2, 0x8081, 0x80A2, 0x7882, 0x7881, 0x7081, 0x7082, 0x6882, 0x6861, 0x88E2, 0x60A1, 0x3020, 0xA982,
 0x9122, 0xB142, 0xDA44, 0xFD0E, 0xB305, 0x39AF, 0x539B, 0x5C3D, 0x6C9E, 0x6C9D, 0x641B, 0x52F7, 0x4AB6, 0x645D, 0x5B99, 0x49CB,
 0xA4D7, 0xA496, 0xA434, 0x9BD3, 0xA413, 0xB4F6, 0xBD16, 0xBD37, 0xC598, 0xC5B9, 0xC5B9, 0xCDD9, 0xD63B, 0xE6BD, 0xFFFF, 0x9C75,
 0x52F3, 0xA65F, 0x641C, 0x6CDE, 0x7DBF, 0x861F, 0x8E5F, 0x757F, 0x6D3F, 0x6CDE, 0x6CBE, 0x6D1E, 0x759F, 0x8E7F, 0x8E3F, 0x5BFB,
 0x318F, 0x1068, 0x0035, 0x08BF, 0x08BC, 0x0878, 0x0859, 0x087B, 0x08FE, 0x08BE, 0x08BC, 0x0837, 0x0811, 0x080C, 0x080B, 0x0809,
 0x0808, 0x0805, 0x0805, 0x0803, 0x0803, 0x0806, 0x0807, 0x0806, 0x0807, 0x080B, 0x080D, 0x080C, 0x080B, 0x080C, 0x080C, 0x100D,
 0x100E, 0x1010, 0x1012, 0x1034, 0x1035, 0x0858, 0x10BB, 0x087A, 0x0017, 0xA53D, 0xCE3E, 0xA49A, 0x9396, 0x9BF8, 0x6233, 0x080D,
 0x202E, 0x280E, 0x9453, 0xFFFF, 0xEF5F, 0xE73F, 0xEF7F, 0xF79F, 0xFFFF, 0xFFFF, 0xBD97, 0x732F, 0x39AE, 0x4A73, 0x314E, 0x4274,
 0x4295, 0x3A13, 0x39D2, 0x39D1, 0x3190, 0x3A34, 0x4B7A, 0x5C7E, 0x5C5D, 0x5C1C, 0x6CDF, 0x6D1F, 0x543D, 0x42F7, 0x4295, 0x4AB6,
 0x3A75, 0x18C8, 0x2000, 0x6060, 0x6860, 0x4820, 0x1000, 0x50A1, 0x9163, 0x60A1, 0x6881, 0x78A2, 0x80A2, 0x88E2, 0x98E2, 0x9123,
 0x8AAD, 0x9923, 0x98E2, 0x88C2, 0x88C2, 0x88C2, 0x80A2, 0x80A2, 0x80A2, 0x88C2, 0x7881, 0x6861, 0x6841, 0x78A1, 0x4861, 0x5081,
 0xC203, 0xC981, 0xFD71, 0x92C8, 0x3928, 0x5C1C, 0x6CFE, 0x753F, 0x755F, 0x751F, 0x6C9D, 0x5379, 0x4B38, 0x6CBD, 0x6397, 0x8391,
 0xA4D7, 0xAD18, 0xB579, 0xBD99, 0xCE1A, 0xCE3B, 0xD69C, 0xDEDE, 0xDEBD, 0xD65B, 0xC578, 0xC578, 0xCD99, 0xCDDA, 0xEF1E, 0xFFFF,
 0x8C55, 0x6BB4, 0xAE7F, 0x7CDE, 0x5C3E, 0x6D1F, 0x7DBF, 0x755F, 0x6CDE, 0x753F, 0x6CDE, 0x645D, 0x643D, 0x5BDA, 0x4B17, 0x296D,
 0x104A, 0x0078, 0x08BF, 0x089D, 0x089B, 0x08BE, 0x08FF, 0x08BD, 0x089B, 0x0857, 0x0811, 0x100E, 0x100D, 0x080C, 0x0809, 0x0808,
 0x0807, 0x0806, 0x0804, 0x0802, 0x0804, 0x0804, 0x0804, 0x0807, 0x080B, 0x080D, 0x080C, 0x080C, 0x080D, 0x080E, 0x080F, 0x1011,
 0x0833, 0x0857, 0x0858, 0x0859, 0x087A, 0x0859, 0x109A, 0x0016, 0x20F5, 0xB53B, 0x9396, 0x8AF4, 0x9356, 0xA3F8, 0x390F, 0x080B,
 0x180E, 0x30CC, 0xE71C, 0xFFFF, 0xF7DF, 0xEF9F, 0xEF9F, 0xF7BF, 0xFFDF, 0xFFFF, 0xFFFF, 0xFFFF, 0x5A6E, 0x5293, 0x314E, 0x290D,
 0x3991, 0x39B1, 0x3A13, 0x4275, 0x3A34, 0x3A54, 0x53DB, 0x5C5D, 0x647E, 0x757F, 0x96FF, 0x6D3F, 0x4B59, 0x42F7, 0x4B18, 0x4254,
 0x20C8, 0x5860, 0x6060, 0x88E1, 0x78A1, 0x3820, 0x0000, 0x3861, 0x3020, 0x3820, 0x6061, 0x88E2, 0x9902, 0x9102, 0x90E1, 0x9186,
 0x8A2A, 0x90E1, 0x9102, 0x9922, 0x9102, 0x9902, 0x9902, 0x9902, 0x90E2, 0x80C2, 0x88A2, 0x7881, 0x7082, 0x7061, 0x78A2, 0x3020,
 0xCBE9, 0xFD90, 0x93EF, 0x29F0, 0x649E, 0x7D9F, 0x7D7F, 0x7D7F, 0x7D7F, 0x751F, 0x647D, 0x5317, 0x539A, 0x853E, 0x5AD1, 0xCD95,
 0x9372, 0xA434, 0xB4F5, 0xBD78, 0xAD99, 0xB4F7, 0xBD17, 0xBD58, 0xBD79, 0xCDD9, 0xCDD9, 0xCDFA, 0xD65C, 0xD67C, 0xDEBE, 0xEF5F,
 0xFFFF, 0xAD37, 0x6B73, 0xADFC, 0x95BF, 0x5C5E, 0x6CFF, 0x649E, 0x5C1D, 0x6D3F, 0x755F, 0x5C3D, 0x4AD7, 0x39B0, 0x1887, 0x000B,
 0x10FC, 0x119F, 0x08DE, 0x089D, 0x091F, 0x08FF, 0x08BC, 0x089A, 0x0858, 0x0835, 0x0811, 0x100E, 0x100D, 0x080B, 0x080C, 0x100C,
 0x0809, 0x0806, 0x0803, 0x0806, 0x0808, 0x0809, 0x0808, 0x0807, 0x0808, 0x080A, 0x080D, 0x080F, 0x0811, 0x0813, 0x0814, 0x0834,
 0x0814, 0x0814, 0x0834, 0x0876, 0x0836, 0x0814, 0x0812, 0x000D, 0x208E, 0xA479, 0xACB9, 0xB4FB, 0xA45A, 0x9BB7, 0x4153, 0x000F,
 0x180E, 0x30CD, 0xD67A, 0xFFFF, 0xFFDF, 0xF7DF, 0xF7DF, 0xFFDF, 0xFFBF, 0xFFDF, 0xFFFF, 0xFFFF, 0xD67A, 0x398C, 0x290D, 0x41B0,
 0x4234, 0x4AD7, 0x4AF8, 0x4B79, 0x4B79, 0x4274, 0x53DB, 0x64BE, 0x6D3F, 0xA71F, 0x9EBE, 0x53BB, 0x4B18, 0x4295, 0x39D2, 0x18CA,
 0x4040, 0x80A1, 0x78A1, 0x70A1, 0x5061, 0x0800, 0x1020, 0x68A1, 0x6881, 0x6061, 0x7081, 0x9102, 0x9923, 0xA142, 0x9922, 0xA942,
 0xA942, 0xA142, 0xA142, 0x9922, 0x9922, 0x9902, 0x9922, 0xA142, 0xA122, 0x9902, 0x88E2, 0x80C2, 0x7881, 0x7061, 0x8081, 0x5020,
 0xAC4C, 0xA36A, 0x3231, 0x6D3F, 0x7DBF, 0x85BF, 0x7D7F, 0x74FF, 0x751F, 0x6CDE, 0x5338, 0x4B17, 0x649E, 0x5B14, 0x8B8F, 0xEE16,
 0x9350, 0xA413, 0xAC74, 0xAD37, 0xB558, 0xBD17, 0xBD38, 0xBD78, 0xC5B9, 0xCE5C, 0xDEDE, 0xDEDE, 0xDEFF, 0xE75F, 0xE73F, 0xEF7F,
 0xFFFF, 0xFFFF, 0x83B4, 0x0847, 0x5B53, 0x5B78, 0x42B6, 0x4B39, 0x4AF8, 0x5358, 0x5338, 0x39F2, 0x294D, 0x1067, 0x084E, 0x325E,
 0x329F, 0x115F, 0x091F, 0x115F, 0x115F, 0x08BD, 0x087A, 0x087A, 0x0858, 0x0811, 0x080C, 0x080C, 0x080D, 0x0810, 0x080F, 0x0808,
 0x0807, 0x0806, 0x0807, 0x080A, 0x0809, 0x100C, 0x100C, 0x100D, 0x100C, 0x080C, 0x080B, 0x080C, 0x080D, 0x080D, 0x080F, 0x0810,
 0x0812, 0x0815, 0x0859, 0x08BD, 0x199E, 0x2A1C, 0x0057, 0x0015, 0x631A, 0xFFFF, 0xDF3F, 0xC61E, 0x9BF8, 0x7AB4, 0x2090, 0x0809,
 0x1007, 0x1027, 0xCE1A, 0xFFFF, 0xF79F, 0xF7BF, 0xF7BF, 0xFFDF, 0xF7BF, 0xF79F, 0xF79F, 0xFFFF, 0xFFFF, 0x734F, 0x28EB, 0x5A53,
 0x4275, 0x537A, 0x541C, 0x5C3C, 0x5C7E, 0x5C3C, 0x53FB, 0x64FE, 0x7DBF, 0x8E1F, 0x53DB, 0x42B7, 0x3A12, 0x31B1, 0x31F3, 0x1865,
 0x5860, 0x5041, 0x4020, 0x2020, 0x3861, 0x2820, 0x5860, 0x6881, 0x7081, 0x7081, 0x9102, 0xA983, 0xB1A3, 0xB9A3, 0xB1A3, 0xB183,
 0xB183, 0xB183, 0xB1A3, 0xB1A3, 0xB183, 0xA962, 0xA142, 0x9123, 0x9922, 0xA143, 0x9922, 0x9902, 0x88C2, 0x7081, 0x7881, 0x6860,
 0x38C2, 0x4251, 0x5C7E, 0x755F, 0x8E1F, 0x965F, 0x8DFF, 0x751F, 0x751F, 0x6C9D, 0x5337, 0x4AB6, 0x39F2, 0x49EC, 0xF71A, 0xC3EF,
 0x8A2A, 0x92AC, 0x930F, 0x9BD2, 0xB4B5, 0xC5B8, 0xCE1A, 0xCE5C, 0xD69D, 0xD6DE, 0xDF1F, 0xDF3F, 0xDF1F, 0xE75F, 0xEF7F, 0xF79F,
 0xFFFF, 0xFFFF, 0x62B3, 0x0006, 0x0002, 0x1887, 0x292D, 0x294E, 0x294E, 0x294E, 0x20EB, 0x1886, 0x0806, 0x08B5, 0x4B3F, 0x747F,
 0x19BF, 0x119F, 0x19BF, 0x115F, 0x08BE, 0x087B, 0x0879, 0x0837, 0x0811, 0x080F, 0x0854, 0x0038, 0x0813, 0x080C, 0x0808, 0x080B,
 0x080A, 0x0806, 0x100C, 0x100C, 0x100C, 0x1010, 0x100F, 0x1012, 0x0814, 0x0838, 0x0816, 0x0815, 0x0835, 0x0836, 0x0837, 0x0815,
 0x0814, 0x0813, 0x0814, 0x0013, 0x1074, 0x18B5, 0x0010, 0x0810, 0x9CBB, 0xC5FC, 0x8B75, 0x7251, 0x720F, 0x412C, 0x0809, 0x100A,
 0x1808, 0x1027, 0xAD36, 0xFFFF, 0xFFDF, 0xF7BF, 0xF7BF, 0xF79F, 0xEF7F, 0xF77F, 0xFFDF, 0xFFFF, 0xFFFF, 0x7BB0, 0x4231, 0x39B0,
 0x4296, 0x53DB, 0x64BE, 0x6D1F, 0x759F, 0x865F, 0x5C7D, 0x42D6, 0x4B79, 0x541D, 0x42B5, 0x31D1, 0x42B6, 0x42B7, 0x216E, 0x4081,
 0x6881, 0x4020, 0x4040, 0x6881, 0x5861, 0x5040, 0x7881, 0x6881, 0x7081, 0x88E2, 0xB9C3, 0xCA03, 0xC1E3, 0xCA03, 0xCA24, 0xC204,
 0xC1E3, 0xC1E3, 0xC1E3, 0xC1E3, 0xB9A3, 0xB9A3, 0xB1A3, 0xA983, 0x9922, 0xA142, 0xA163, 0xA142, 0x9902, 0x80C2, 0x7082, 0x7080,
 0x1822, 0x43DB, 0x6CFF, 0x85FF, 0xB73F, 0xD7BF, 0x9E7F, 0x7D7F, 0x6CBE, 0x6CBE, 0x53D8, 0x314E, 0x0806, 0x93EF, 0xF5D4, 0x89C8,
 0x820A, 0x8A2A, 0x8A6C, 0x92CD, 0x9B4F, 0xA390, 0xB453, 0xBD57, 0xC61B, 0xD6BD, 0xDEDE, 0xD6FF, 0xD6DE, 0xDEDE, 0xDEFE, 0xDEDE,
 0xEF5F, 0xFFFF, 0x5A93, 0x0005, 0x0002, 0x0001, 0x0803, 0x1066, 0x1087, 0x1066, 0x0825, 0x002D, 0x08BB, 0x19BF, 0x329F, 0x2A3F,
 0x199F, 0x199F, 0x115F, 0x08BE, 0x005A, 0x0858, 0x0838, 0x0857, 0x08B8, 0x113C, 0x113D, 0x0833, 0x080B, 0x0809, 0x080E, 0x0810,
 0x0808, 0x080A, 0x1010, 0x1012, 0x1012, 0x0814, 0x0812, 0x0812, 0x0813, 0x1014, 0x0835, 0x0834, 0x1010, 0x080E, 0x080E, 0x0810,
 0x0811, 0x0812, 0x0812, 0x0815, 0x0058, 0x08BA, 0x08B9, 0x0833, 0x7B76, 0x9437, 0x9C77, 0x93B5, 0x9395, 0x72B3, 0x080F, 0x100D,
 0x202B, 0x202C, 0xAD16, 0xFFFF, 0xF7BF, 0xEF7F, 0xF79F, 0xEF9F, 0xF7BF, 0xF7DF, 0xFFFF, 0xFFFF, 0xFFFF, 0x9C93, 0x4252, 0x39D1,
 0x3A13, 0x4B79, 0x5C9E, 0x6D5F, 0x7DFE, 0x755C, 0x4B38, 0x4255, 0x53DB, 0x4B59, 0x39F2, 0x42B6, 0x4B9A, 0x4B7A, 0x212A, 0x78E1,
 0x7081, 0x6061, 0x7081, 0x5841, 0x4840, 0x6861, 0x5861, 0xA122, 0xA163, 0xA9A3, 0xE284, 0xDA43, 0xC9E3, 0xDA24, 0xDA44, 0xD223,
 0xCA03, 0xD224, 0xD224, 0xCA03, 0xC1E3, 0xC1E3, 0xB9C3, 0xB9A3, 0xB1A3, 0xB1C3, 0xB1A3, 0xA142, 0x9922, 0x90E2, 0x78A1, 0x8081,
 0x4060, 0x5459, 0x7D9F, 0x965F, 0xCFBF, 0xCF9F, 0x8E1F, 0x6CDF, 0x643C, 0x4AF7, 0x316F, 0x314E, 0x1068, 0x838D, 0xED94, 0x9A49,
 0x9B50, 0xB4B5, 0xB4B5, 0xB474, 0xB453, 0xB453, 0xAC54, 0xA3F2, 0xA3B0, 0xA38F, 0xA3B0, 0xABF1, 0xB473, 0xCDD8, 0xD65B, 0xDE7C,
 0xDEBD, 0xFFFF, 0x8C14, 0x0008, 0x0003, 0x0000, 0x0000, 0x0000, 0x0005, 0x082E, 0x0078, 0x089F, 0x08BE, 0x113E, 0x21DF, 0x221F,
 0x21DF, 0x199F, 0x111E, 0x089C, 0x10FB, 0x111D, 0x219E, 0x219E, 0x111E, 0x089A, 0x0810, 0x080B, 0x080A, 0x0811, 0x0813, 0x080E,
 0x080A, 0x0813, 0x0812, 0x1012, 0x1011, 0x0812, 0x0812, 0x0810, 0x1010, 0x1011, 0x0814, 0x0836, 0x0836, 0x0836, 0x0816, 0x0835,
 0x0832, 0x080E, 0x0830, 0x0011, 0x0011, 0x0873, 0x0072, 0x1871, 0x7B34, 0xA498, 0xC61C, 0xACD9, 0x8B34, 0x310F, 0x080B, 0x100A,
 0x100B, 0x522C, 0xFFFF, 0xFFFF, 0xEF5F, 0xDF1F, 0xDEDE, 0xE75F, 0xEF9F, 0xF7BF, 0xF7DF, 0xFFFF, 0xFFFF, 0xF79E, 0x41EC, 0x39CF,
 0x39B0, 0x3A12, 0x4AD6, 0x539A, 0x5379, 0x53BA, 0x5C5C, 0x5C3C, 0x5C7D, 0x4295, 0x3A54, 0x5379, 0x53FB, 0x543E, 0x3169, 0x8901,
 0x7081, 0x6861, 0x7881, 0x5861, 0x70A1, 0x80A1, 0x6041, 0xB9C3, 0xEAE5, 0xE284, 0xF2C4, 0xDA23, 0xDA03, 0xEA64, 0xEA44, 0xE244,
 0xDA44, 0xDA64, 0xDA64, 0xD244, 0xCA44, 0xCA44, 0xC1C3, 0xC9E3, 0xC203, 0xB9E3, 0xC1E3, 0xB1E5, 0xA184, 0x9123, 0x80C2, 0x88A1,
 0x5081, 0x757A, 0x7DDF, 0x861F, 0x9EBF, 0x85DF, 0x645D, 0x4B17, 0x4A95, 0x4233, 0x39F1, 0x39D1, 0x20EC, 0x522A, 0xF676, 0xBB6C,
 0x824C, 0x828D, 0x8A6C, 0x92CD, 0x9B0D, 0xABB0, 0xAB6F, 0x9B0D, 0xA34E, 0x9AEC, 0x92AB, 0xA36E, 0xBCB3, 0xDE17, 0xDE38, 0xDE38,
 0xDE18, 0xEEBB, 0xEF1C, 0x49CF, 0x206C, 0x416C, 0x51EF, 0x72D5, 0x3138, 0x001A, 0x007C, 0x08BC, 0x111E, 0x111E, 0x113E, 0x113F,
 0x197F, 0x21FF, 0x21FF, 0x08FF, 0x21DF, 0x113E, 0x08DB, 0x089B, 0x085A, 0x0814, 0x080D, 0x080B, 0x0834, 0x0814, 0x0810, 0x080D,
 0x0811, 0x0817, 0x0810, 0x100F, 0x100C, 0x080B, 0x080D, 0x080E, 0x0810, 0x1011, 0x1011, 0x1011, 0x0810, 0x0811, 0x0813, 0x0835,
 0x0859, 0x0818, 0x10DA, 0x84DE, 0x2137, 0x0810, 0x080F, 0x102E, 0x59F1, 0x82D2, 0x69EE, 0x69AD, 0x69CD, 0x2889, 0x000A, 0x100D,
 0x304F, 0x2889, 0xBDF7, 0xFFFF, 0xFFBF, 0xF77E, 0xE6FE, 0xF77F, 0xF7DF, 0xE79F, 0xFFBF, 0xFFDF, 0xFFFF, 0xFFFF, 0x4A2C, 0x4A71,
 0x39F2, 0x3A54, 0x4296, 0x4317, 0x4B58, 0x53BA, 0x53FB, 0x649E, 0x6CFE, 0x3A13, 0x4296, 0x53BA, 0x5C7E, 0x5CBF, 0x31AA, 0x9101,
 0x7882, 0x78A2, 0x88C2, 0x88E2, 0xA142, 0x9902, 0x9102, 0xCA03, 0xFB24, 0xEAA4, 0xDA44, 0xDA63, 0xEAA4, 0xEB05, 0xF2C4, 0xEA84,
 0xEAA4, 0xE264, 0xEAA4, 0xEAC4, 0xDAA4, 0xD264, 0xC203, 0xD264, 0xCA44, 0xC204, 0xC1E3, 0xBA26, 0xA28A, 0x9965, 0x88C2, 0x90C1,
 0x3840, 0x42F4, 0x5BFB, 0x53FA, 0x53DA, 0x53DA, 0x5359, 0x4AF7, 0x4AD6, 0x4A96, 0x4A74, 0x4233, 0x314E, 0x3128, 0xDD93, 0xB2CA,
 0x828E, 0x826C, 0x8A6C, 0x8AEE, 0x92EE, 0x934F, 0x9B4F, 0x9B4F, 0xABF2, 0xA3F2, 0xABF1, 0xB432, 0xC4D4, 0xD576, 0xDE18, 0xE679,
 0xDE39, 0xE659, 0xFF5C, 0xF79E, 0x9C97, 0x6A74, 0x93DB, 0xB4DD, 0x9BBB, 0x51D7, 0x1897, 0x005A, 0x009D, 0x089C, 0x10DD, 0x10FE,
 0x113E, 0x21DF, 0x111E, 0x089F, 0x007E, 0x007C, 0x08BC, 0x08BC, 0x0835, 0x0810, 0x080E, 0x0835, 0x0835, 0x080C, 0x0810, 0x080F,
 0x0837, 0x0810, 0x080E, 0x100F, 0x1012, 0x0812, 0x0813, 0x0811, 0x0810, 0x0810, 0x1010, 0x1010, 0x1010, 0x1010, 0x080E, 0x080A,
 0x080B, 0x080D, 0x0012, 0x745D, 0x647F, 0x0017, 0x0836, 0x0015, 0x5279, 0xDEFE, 0xC61C, 0x9C17, 0x9354, 0x8B13, 0x206E, 0x080B,
 0x202D, 0x280D, 0x734F, 0xFFFF, 0xFFFF, 0xFFFF, 0xFFDF, 0xF79F, 0xE71E, 0xDF9F, 0xEF9F, 0xFF9F, 0xFFFF, 0xFFFF, 0x5AAF, 0x6355,
 0x4212, 0x31B1, 0x316F, 0x314D, 0x39D1, 0x4254, 0x42B6, 0x4B59, 0x5C7C, 0x3A12, 0x42D7, 0x5C3D, 0x64FF, 0x6D7F, 0x320D, 0x90E1,
 0x80C2, 0x88C2, 0x9902, 0xB183, 0xC9E3, 0xDA43, 0xE263, 0xF3E8, 0xFC69, 0xF2E4, 0xEAE4, 0xF325, 0xEB46, 0xE305, 0xEB26, 0xF325,
 0xF325, 0xF305, 0xFB45, 0xF325, 0xE2C5, 0xD264, 0xCA44, 0xD264, 0xC2E9, 0xC2A8, 0xC1C3, 0xC9E3, 0xCA03, 0xB162, 0x80C2, 0x88C0,
 0x28A4, 0x3A96, 0x4AB6, 0x5339, 0x647D, 0x6CBE, 0x647D, 0x5C1C, 0x5BDA, 0x5358, 0x4AB6, 0x4233, 0x5274, 0x28E9, 0xB4D1, 0xAB6E,
 0x7167, 0x7988, 0x79C9, 0x822A, 0x8A6C, 0x92EE, 0xA3B1, 0xB494, 0xC598, 0xCDD9, 0xC5B9, 0xBD99, 0xBD58, 0xD63B, 0xE6DC, 0xEEFC,
 0xE65A, 0xD5F9, 0xE67A, 0xEE9A, 0xFF3B, 0xD5F9, 0x7314, 0x59F3, 0x8318, 0xA43B, 0x8B7A, 0x51D8, 0x20D8, 0x0039, 0x005A, 0x089C,
 0x089D, 0x08BD, 0x08BD, 0x08BE, 0x08BD, 0x08BC, 0x10DC, 0x1079, 0x0836, 0x0813, 0x0813, 0x0814, 0x080A, 0x080E, 0x0810, 0x0814,
 0x0814, 0x080F, 0x0811, 0x0815, 0x0815, 0x0810, 0x080D, 0x100E, 0x100E, 0x100E, 0x100F, 0x0811, 0x0811, 0x1012, 0x1011, 0x1012,
 0x1034, 0x0811, 0x0811, 0x0012, 0x10B4, 0x080F, 0x080E, 0x000D, 0x6314, 0xBDDA, 0xAD39, 0x9416, 0x8B54, 0x8B53, 0x208C, 0x080B,
 0x100C, 0x200E, 0x49EE, 0xFFFF, 0xFFFF, 0xFFBE, 0xFF9F, 0xEF5E, 0xDEBD, 0xF79F, 0xEF7F, 0xF7BF, 0xFFFF, 0xFFFF, 0xA4D6, 0x4A30,
 0x4A0F, 0x20CA, 0x41F0, 0x4254, 0x42B6, 0x42F7, 0x4B38, 0x4B18, 0x4B38, 0x3A74, 0x42F7, 0x64BE, 0x757F, 0x6D7F, 0x3B37, 0x70C1,
 0x9902, 0x88C2, 0xA942, 0xCA44, 0xD244, 0xF2C4, 0xFB44, 0xFDCF, 0xFFDD, 0xFD2E, 0xFB65, 0xF346, 0xEB67, 0xEB66, 0xEB26, 0xF366,
 0xFB45, 0xFB66, 0xFB86, 0xF325, 0xF305, 0xEAC4, 0xDAA4, 0xE2E5, 0xDAE7, 0xCA65, 0xC1E3, 0xC1E3, 0xD203, 0xB1A3, 0x88E2, 0x88E0,
 0x2149, 0x53FC, 0x5379, 0x643C, 0x6CDF, 0x7D9F, 0x755F, 0x6C9D, 0x641B, 0x5BBA, 0x4AF7, 0x4274, 0x6378, 0x310A, 0xBD54, 0xBC71,
 0x7988, 0x79A8, 0x79A8, 0x7987, 0x79A8, 0x8A2A, 0x928C, 0x9B0E, 0xA3B0, 0xABD1, 0xA411, 0xAC53, 0xAC95, 0xCDD9, 0xD67B, 0xE6FD,
 0xE73E, 0xE73E, 0xEF5E, 0xF77E, 0xF75D, 0xFFBE, 0xFFFF, 0xBDB9, 0x6293, 0x6235, 0x8B9A, 0xA45B, 0xA43B, 0x72FA, 0x3979, 0x0859,
 0x003A, 0x005A, 0x0858, 0x0858, 0x0858, 0x08DC, 0x10FD, 0x10BB, 0x0815, 0x0811, 0x0813, 0x080F, 0x080A, 0x1034, 0x0811, 0x0836,
 0x1012, 0x100F, 0x1011, 0x0812, 0x100F, 0x080C, 0x080A, 0x100F, 0x100F, 0x0811, 0x0812, 0x0813, 0x0015, 0x0013, 0x0011, 0x0011,
 0x0011, 0x0010, 0x0011, 0x000E, 0x000F, 0x0010, 0x000E, 0x102E, 0xA4F9, 0xD6BE, 0xB53A, 0xA456, 0x8B12, 0x410C, 0x0808, 0x1009,
 0x100B, 0x180D, 0x7B93, 0xFFFF, 0xFFFF, 0xFFFF, 0xFFFF, 0xFFFF, 0xFFFF, 0xFFBF, 0xFFFF, 0xD71F, 0xE75F, 0xFFFF, 0xFFBF, 0x41CB,
 0x3109, 0x5272, 0x4254, 0x42D7, 0x42F7, 0x4B58, 0x53BA, 0x5BFB, 0x5C1C, 0x42B5, 0x3212, 0x64DF, 0x757F, 0x6D3F, 0x5CBE, 0x30E6,
 0x9901, 0x88C2, 0x9902, 0xCA04, 0xD265, 0xD2C7, 0xF2E4, 0xFC07, 0xFEB6, 0xFF9C, 0xFD2E, 0xFC49, 0xFC29, 0xF408, 0xF408, 0xFC28,
 0xFC07, 0xFBE7, 0xFB25, 0xFB05, 0xFB05, 0xF2E4, 0xF2E5, 0xF325, 0xEAE4, 0xE2C4, 0xCA44, 0xC203, 0xD224, 0xA983, 0x9922, 0x68E1,
 0x53F8, 0x751F, 0x645C, 0x6CDF, 0x6CDF, 0x753F, 0x751F, 0x751E, 0x645C, 0x5379, 0x5379, 0x52F6, 0x5B58, 0x28EA, 0xCD95, 0xC491,
 0x7967, 0x7988, 0x79A8, 0x81E9, 0x8A2A, 0x8A2A, 0x8A4B, 0x92AD, 0x92EE, 0x9B2E, 0x9B2E, 0xA3D1, 0xAC73, 0xBCD4, 0xB4B4, 0xC535,
 0xC576, 0xCDB8, 0xCDB8, 0xD5F7, 0xE67A, 0xE6BC, 0xEF1D, 0xFFFF, 0xFFFF, 0xBDB9, 0x7354, 0x51F3, 0x7B59, 0xB51E, 0xC59E, 0x9C3C,
 0x4198, 0x1054, 0x0013, 0x0013, 0x0835, 0x0878, 0x0857, 0x0814, 0x0812, 0x0813, 0x0812, 0x080A, 0x0855, 0x1035, 0x080F, 0x0813,
 0x100E, 0x100D, 0x100E, 0x100E, 0x100F, 0x0810, 0x0811, 0x0813, 0x0813, 0x0011, 0x000F, 0x080C, 0x290D, 0x398C, 0x394C, 0x4210,
 0x522E, 0x6AEF, 0x7310, 0x7310, 0x5A0E, 0x51AC, 0x498B, 0x626E, 0x9393, 0x8B31, 0x8B72, 0x8BB3, 0x8B32, 0x188B, 0x000B, 0x0809,
 0x204D, 0x282D, 0xB597, 0xFFFF, 0xFFFF, 0xFFDF, 0xFFFF, 0xFFFF, 0xF79F, 0xF79F, 0xFFBF, 0xFFFF, 0xFFFF, 0xFFFF, 0xFFFF, 0x526C,
 0x398E, 0x4254, 0x3A75, 0x4296, 0x4B18, 0x53DB, 0x64BE, 0x6D1F, 0x6D1F, 0x649D, 0x4295, 0x53BA, 0x6D5F, 0x6D1F, 0x6D7F, 0x4BF8,
 0x58A2, 0xB142, 0x88C2, 0xA963, 0xCA24, 0xD245, 0xE264, 0xEAC4, 0xFBA6, 0xFCAB, 0xFD4E, 0xFD6F, 0xFCAB, 0xFC28, 0xFC28, 0xFC68,
 0xFCA9, 0xFC27, 0xFB86, 0xFB86, 0xF305, 0xF2C4, 0xF2C4, 0xEAE5, 0xEB05, 0xE2C5, 0xE284, 0xCA44, 0xD266, 0xA963, 0x9920, 0x526B,
 0x8E3F, 0x755F, 0x6CFF, 0x753F, 0x753F, 0x7D7F, 0x753F, 0x751F, 0x751E, 0x6D1E, 0x539A, 0x4AF7, 0x6398, 0x4A2D, 0xF759, 0xD40D,
 0x3083, 0x3883, 0x40A4, 0x50C4, 0x6105, 0x6947, 0x79C9, 0x824B, 0x92AD, 0x9B2F, 0xA390, 0xB412, 0xB452, 0xB452, 0xB411, 0xAC10,
 0xB452, 0xC4F4, 0xCD35, 0xD5D7, 0xD5F7, 0xC5B7, 0xCDB8, 0xE65A, 0xF73D, 0xFFFF, 0xFFFF, 0xC61A, 0x7313, 0x392F, 0x30D1, 0x51F5,
 0x93BA, 0x7B39, 0x3134, 0x3955, 0x0810, 0x0810, 0x0811, 0x0811, 0x0813, 0x1013, 0x1010, 0x0811, 0x085A, 0x080D, 0x0811, 0x080F,
 0x080A, 0x100D, 0x100F, 0x1010, 0x0812, 0x0011, 0x0895, 0x5BBB, 0x20CE, 0x394B, 0x628F, 0x7B51, 0x9C75, 0x9C55, 0x8BD3, 0x9C76,
 0x8BB3, 0xAD19, 0xACD8, 0xA497, 0x8BD5, 0x74BB, 0xA4B8, 0xAC76, 0xA436, 0x9393, 0x724E, 0x69EC, 0x724E, 0x496B, 0x2868, 0x0806,
 0x286E, 0x412F, 0xEF5D, 0xFFFF, 0xFFDF, 0xFFDF, 0xDF3F, 0xB63F, 0xFFDF, 0xFFDF, 0xEF3F, 0xD6DE, 0xFFFF, 0xFFFF, 0xEF5D, 0x41AC,
 0x39B1, 0x39F2, 0x4296, 0x4296, 0x4B18, 0x53DB, 0x5C9E, 0x64DF, 0x6D3F, 0x759F, 0x6CFE, 0x42B6, 0x53DB, 0x6D1F, 0x759F, 0x7E3F,
 0x4BB4, 0x6081, 0xA901, 0x9902, 0xB183, 0xC1C3, 0xD244, 0xE284, 0xFB05, 0xFB25, 0xFBE7, 0xFC49, 0xFC8A, 0xFE55, 0xFE55, 0xFE12,
 0xFD8E, 0xFCCA, 0xFC8A, 0xFC07, 0xF345, 0xFB05, 0xDB4A, 0xEB27, 0xF305, 0xEAE5, 0xF2C4, 0xD244, 0xB9C4, 0xC1E2, 0x5902, 0x95FB,
 0x96DF, 0x755F, 0x753F, 0x7DDF, 0x7DBF, 0x85DF, 0x85BF, 0x755F, 0x7D5F, 0x85DF, 0x751D, 0x5B99, 0x52F4, 0x83D1, 0xFED7, 0xAAEA,
 0x0000, 0x0800, 0x0801, 0x1001, 0x1022, 0x1843, 0x2063, 0x2884, 0x38C5, 0x4926, 0x5146, 0x6146, 0x6146, 0x6946, 0x8208, 0x928A,
 0xA34D, 0xB410, 0xC4B3, 0xCD14, 0xCDB7, 0xC556, 0xCD76, 0xD5D7, 0xDE18, 0xEEBB, 0xFFBE, 0xFFFF, 0xFFFF, 0xD6BB, 0x7352, 0x188C,
 0x080E, 0x6AB6, 0xB51B, 0x9C5A, 0x1851, 0x000F, 0x0810, 0x0810, 0x080D, 0x080E, 0x1012, 0x0836, 0x080F, 0x0809, 0x1012, 0x0809,
 0x080A, 0x100E, 0x0812, 0x0811, 0x000E, 0x100B, 0x28EB, 0x9519, 0x8C15, 0xA415, 0xA476, 0xA476, 0xA497, 0xACB8, 0x93D4, 0x9415,
 0x8BB3, 0xB579, 0xC5FB, 0xA4D8, 0x9C36, 0x84FA, 0x6D3D, 0x9477, 0xACB7, 0x93F4, 0x82D0, 0x7A6F, 0x8AF1, 0x828F, 0x720D, 0x618A,
 0x2068, 0x83F4, 0xFFFF, 0xFFFF, 0xFFFF, 0xFFFF, 0xE75F, 0x853F, 0xF7DF, 0xFFFF, 0xFFDF, 0xEFBF, 0xFFFF, 0xFFFF, 0xBD96, 0x1069,
 0x214F, 0x39D2, 0x4255, 0x4296, 0x4AF7, 0x4B79, 0x53BA, 0x53FB, 0x5C7E, 0x653F, 0x5C7C, 0x3232, 0x3212, 0x64FF, 0x75BF, 0x75DF,
 0x7E5F, 0x4BD4, 0x6081, 0xA901, 0xA122, 0xB9A3, 0xC204, 0xD244, 0xF2C4, 0xFB86, 0xFC07, 0xFC07, 0xFCEB, 0xFF9C, 0xFFFF, 0xFFFF,
 0xFF9C, 0xFE32, 0xFD8D, 0xFC89, 0xFBC7, 0xFBC7, 0xEBA8, 0xFB66, 0xFB66, 0xFB25, 0xF2E5, 0xB9A3, 0xCA44, 0x91A2, 0x94F4, 0xB77F,
 0x7DBF, 0x6D3F, 0x755F, 0x861F, 0x7DBF, 0x7DBF, 0x7DBF, 0x7D9F, 0x7D7F, 0xAEDF, 0x7D7E, 0x6C3B, 0x39CE, 0xCDD6, 0xDDB4, 0x9AEC,
 0x1000, 0x1821, 0x1842, 0x1843, 0x1842, 0x1022, 0x1021, 0x2021, 0x2021, 0x1000, 0x1000, 0x0800, 0x1801, 0x2002, 0x3084, 0x40A4,
 0x48E5, 0x48E5, 0x48E5, 0x5946, 0x7A29, 0x7A09, 0x824A, 0x92CB, 0xAB6D, 0xBC30, 0xDD96, 0xF699, 0xF6DA, 0xFFFE, 0xFFFF, 0xEF3D,
 0x8C34, 0x100C, 0x1010, 0x41B2, 0x7B76, 0x5A35, 0x1010, 0x100C, 0x080B, 0x1011, 0x1013, 0x1011, 0x0808, 0x100E, 0x080A, 0x0808,
 0x100E, 0x1013, 0x0811, 0x080B, 0x394B, 0x8352, 0x7B11, 0x8B93, 0x8373, 0xA497, 0xBD9A, 0xBDBB, 0xBDBA, 0xC5FB, 0xB539, 0x93F4,
 0x9415, 0xACF7, 0xC63C, 0xA4B7, 0x9415, 0x8B93, 0x7B95, 0x7374, 0xA497, 0x9C15, 0x8311, 0x7AB0, 0x93B4, 0x82F1, 0x71ED, 0x71ED,
 0x5169, 0xC618, 0xFFFF, 0xFFFF, 0xFFFF, 0xFFFF, 0xFFFF, 0xFFFF, 0xFFDF, 0xFFFF, 0xFFFF, 0xFFFF, 0xEFBF, 0xE7BF, 0x7C14, 0x18A9,
 0x296F, 0x31F3, 0x3A14, 0x4275, 0x4AD6, 0x4B18, 0x4B17, 0x4B37, 0x4B58, 0x53FB, 0x53FB, 0x541C, 0x4AF7, 0x4AF6, 0x64DF, 0x757F,
 0x75BF, 0x869F, 0x5C96, 0x6165, 0xA141, 0xA963, 0xB1A3, 0xCA24, 0xDA44, 0xF2E5, 0xFBA6, 0xFBE6, 0xFC68, 0xFD4D, 0xFE74, 0xFF5A,
 0xFF7C, 0xFDF1, 0xFCCA, 0xFC69, 0xFC48, 0xFC48, 0xFBE7, 0xFC07, 0xFC89, 0xFB65, 0xD1E3, 0xDAE6, 0x9A23, 0x8431, 0xD7FF, 0x863F,
 0x64DF, 0x6D1F, 0x759F, 0x7DDF, 0x861F, 0x861F, 0x7DBF, 0x757F, 0x867F, 0x64DE, 0x6C5D, 0x6376, 0x6B0F, 0xFF59, 0xB3AD, 0x89C7,
 0x1822, 0x1842, 0x1842, 0x1842, 0x1821, 0x1000, 0x2021, 0x3862, 0x3062, 0x1821, 0x2862, 0x3085, 0x5A0D, 0x8BD4, 0x622E, 0x40C5,
 0x3883, 0x3863, 0x4063, 0x58A3, 0x68E4, 0x60E4, 0x7125, 0x81A7, 0x81A7, 0x81E8, 0x9AEC, 0xAB6E, 0xB410, 0xD575, 0xE618, 0xFF5B,
 0xFFFD, 0xCE18, 0x5AB1, 0x6257, 0x5253, 0x108C, 0x4131, 0x4172, 0x1032, 0x0810, 0x100F, 0x080A, 0x080A, 0x100E, 0x0806, 0x100D,
 0x0811, 0x000D, 0x28CA, 0x6A8F, 0x9C15, 0xACD8, 0xA4B7, 0x93F5, 0x9415, 0xACF8, 0xC5FB, 0xBDBA, 0xB579, 0xBD99, 0xBD9A, 0x9414,
 0x9C76, 0x9435, 0xB57A, 0xB57A, 0xA4B7, 0x93D4, 0x8B93, 0x7B32, 0x7C17, 0x93F5, 0x82D0, 0x59AB, 0x7AB0, 0x7AB0, 0x71ED, 0x69CB,
 0x4928, 0xBDB7, 0xFFFF, 0xFFFF, 0xFFFF, 0xFFFF, 0xFFFF, 0xFFFF, 0xFFDF, 0xFFDD, 0xFFFD, 0xFFBC, 0xFFDD, 0xFFFF, 0x420E, 0x318F,
 0x31B0, 0x31D2, 0x3A13, 0x3A34, 0x4275, 0x4295, 0x4295, 0x42B6, 0x42D6, 0x42D6, 0x4B17, 0x4B38, 0x4AD6, 0x3A12, 0x42B6, 0x5BFC,
 0x64DE, 0x757F, 0x869F, 0x7E5D, 0x6B0B, 0x80E1, 0xA942, 0xB183, 0xC1E3, 0xD244, 0xEA84, 0xFBA6, 0xFC27, 0xFC07, 0xFC07, 0xFC69,
 0xFCCA, 0xFD2D, 0xFDD2, 0xFE96, 0xFE75, 0xFD8F, 0xFD8F, 0xFD6D, 0xFB84, 0xDA22, 0xDB47, 0x9B07, 0x9C92, 0xDFFF, 0x8E3F, 0x6CFF,
 0x759F, 0x9EBF, 0xA6FF, 0x96BF, 0x8E9F, 0x967F, 0x755F, 0x6D3F, 0x7DDF, 0x645D, 0x8D3C, 0x524E, 0xEED8, 0xE531, 0x9228, 0x7147,
 0x20C7, 0x2042, 0x1821, 0x1020, 0x1821, 0x1821, 0x1821, 0x2021, 0x2842, 0x3083, 0x38A5, 0x492B, 0x8C58, 0xD6BE, 0x72F2, 0x48E6,
 0x50C4, 0x6925, 0x7987, 0x81A7, 0x81A7, 0x7966, 0x6905, 0x7987, 0x8A29, 0x92AB, 0xAB8E, 0xBC51, 0xC4B2, 0xCD34, 0xDDB6, 0xEDF6,
 0xF657, 0xFFDB, 0xFFFC, 0xCE3B, 0x41D3, 0x000E, 0x2072, 0xBD9E, 0xCE1D, 0x290F, 0x0008, 0x080A, 0x1010, 0x0806, 0x080B, 0x100E,
 0x080B, 0x49CD, 0x8BB3, 0x9C36, 0x9C77, 0xAD39, 0xB559, 0x8BB4, 0x9C56, 0x9436, 0xB59A, 0xB599, 0xBDBA, 0xBDBA, 0xB579, 0x8BF4,
 0xA4D8, 0x9415, 0xA4D7, 0xB57A, 0xAD19, 0xA4D8, 0x9416, 0x7B11, 0x7376, 0x749D, 0x7BB7, 0x59CD, 0x7A8F, 0x7A6F, 0x61CC, 0x7A4E,
 0x7A8F, 0x9412, 0xFFFF, 0xFFFE, 0xFFDC, 0xFF7B, 0xFF7A, 0xFF39, 0xFF38, 0x9438, 0x8439, 0xFFDC, 0xFFBC, 0xFFFF, 0x8C12, 0x316F,
 0x31D2, 0x39F2, 0x39F2, 0x3A34, 0x2A56, 0x4295, 0x4275, 0x4295, 0x42B6, 0x42B6, 0x42B6, 0x4295, 0x4274, 0x4253, 0x4254, 0x3A12,
 0x3A33, 0x42B5, 0x42B6, 0x53DA, 0x7D7E, 0x7537, 0x7289, 0x88E1, 0xB961, 0xC9E3, 0xC1E3, 0xDA84, 0xFB25, 0xFBA6, 0xFBC7, 0xFBE7,
 0xFC26, 0xFD2D, 0xFFFF, 0xFFFF, 0xFFFF, 0xFE76, 0xF46C, 0xFBE8, 0xFBA8, 0xD40A, 0x8AC7, 0xA514, 0xCFDF, 0x861F, 0x6D3F, 0x861F,
 0xAF5F, 0xE7FF, 0xFFFF, 0xDFBF, 0xA71F, 0x7DFF, 0x64BE, 0x6D7F, 0x5C7D, 0x8D5D, 0x6310, 0xB4F3, 0xEDF6, 0xA2EE, 0x79CD, 0x616E,
 0x1841, 0x2021, 0x1000, 0x1021, 0x1021, 0x1021, 0x1021, 0x1021, 0x2862, 0x3083, 0x2863, 0x38C5, 0x4107, 0x5108, 0x5948, 0x6126,
 0x6926, 0x7A2B, 0x8A4A, 0x9A29, 0x9208, 0x7987, 0x79C8, 0x9249, 0xA2CB, 0xA32D, 0xB3AE, 0xBC30, 0xC491, 0xC491, 0xC4B1, 0xCCF3,
 0xD595, 0xEE58, 0xFEB8, 0xFFBA, 0xFFBB, 0xDEBB, 0x62D1, 0x18B0, 0x949B, 0x7357, 0x5A53, 0x102E, 0x000A, 0x0808, 0x080E, 0x1029,
 0x5A0E, 0x93B4, 0x8BD4, 0x9415, 0x93D5, 0x9435, 0xAD59, 0x9C76, 0x9415, 0x8BD4, 0xAD59, 0xB579, 0xB579, 0xC63C, 0xB5BA, 0xA559,
 0xA538, 0x7351, 0x83B3, 0x8C55, 0x8C34, 0x7BD2, 0x62AF, 0x51EC, 0x72CF, 0x7332, 0x5355, 0x6376, 0x7B75, 0x82D0, 0x7A6F, 0x69EC,
 0x7A90, 0x622B, 0xFFFF, 0xFFFE, 0xFFDD, 0xFFBA, 0xEEF9, 0xF6B7, 0xFF77, 0x949A, 0x015C, 0xB5BD, 0xFFFF, 0xFFFF, 0xAD36, 0x212E,
 0x31B2, 0x31B1, 0x39F2, 0x3A13, 0x3214, 0x3A54, 0x3AF8, 0x4296, 0x4295, 0x4275, 0x4296, 0x3A96, 0x4234, 0x39F2, 0x4274, 0x39D1,
 0x294E, 0x292D, 0x292E, 0x210E, 0x29B2, 0x5BD8, 0x7D7C, 0x6C55, 0x72AA, 0x9204, 0xB203, 0xBA03, 0xCA44, 0xE284, 0xFAC4, 0xFB04,
 0xFC4A, 0xFE34, 0xF677, 0xF570, 0xEC2A, 0xEAE4, 0xFBA5, 0xE4AC, 0x9C0E, 0x734E, 0xB65A, 0xBFBF, 0x7DDF, 0x753F, 0x85FF, 0x9F1F,
 0xDFFF, 0xFFFF, 0xFFFF, 0xFFFF, 0xA6FF, 0x759F, 0x651F, 0x8E1F, 0x645B, 0x5AF1, 0xB536, 0xEEBE, 0xB438, 0x8AD6, 0x71F4, 0x61B5,
 0x2042, 0x2042, 0x38C5, 0x1842, 0x1821, 0x1821, 0x2041, 0x2042, 0x2862, 0x3883, 0x3063, 0x2862, 0x3862, 0x50A3, 0x7965, 0x6967,
 0x7168, 0x7987, 0x89A7, 0xA228, 0xA2EC, 0xA34E, 0xA2EC, 0xA2CB, 0xA32D, 0xB3F0, 0xB3CF, 0xBC50, 0xD4F2, 0xBBEF, 0xB410, 0xC4B2,
 0xCD14, 0xD534, 0xDD95, 0xF615, 0xFF58, 0xFFFB, 0xFFFD, 0x7333, 0x1032, 0x6AD8, 0x5A35, 0x104C, 0x104A, 0x080C, 0x0807, 0x51CC,
 0x93B5, 0x8B94, 0x8BD4, 0x8332, 0x93B4, 0x9C56, 0xBD9A, 0xA496, 0x8BD3, 0x9476, 0xA4F8, 0x9CF7, 0x9C95, 0x83F3, 0x5AD0, 0x39F0,
 0x2A31, 0x21AF, 0x20EB, 0x290D, 0x294E, 0x290C, 0x1868, 0x20EB, 0x20EA, 0x20C9, 0x290A, 0x296F, 0x21F5, 0x4234, 0x6290, 0x7A6F,
 0x9332, 0x6A8E, 0xE73C, 0xFFFF, 0xFFFE, 0xFFFC, 0xD65B, 0xCD98, 0xFF37, 0xFF38, 0x8C79, 0x63FC, 0xFFFF, 0xFFFF, 0xD67A, 0x31AF,
 0x31D2, 0x316F, 0x39D2, 0x39F3, 0x39D1, 0x39B1, 0x3318, 0x3AD7, 0x3A34, 0x3A34, 0x3A54, 0x3A96, 0x39F2, 0x39F2, 0x4295, 0x39D2,
 0x31D2, 0x39D2, 0x39F2, 0x292D, 0x20AA, 0x208A, 0x316F, 0x5357, 0x74DC, 0x8D59, 0x8432, 0x934B, 0x92A7, 0xA204, 0xBAE7, 0xCBAA,
 0xDC8D, 0xCB69, 0xDB46, 0xD46C, 0xB38B, 0xAB29, 0x9328, 0x7B6D, 0x8CD5, 0x9EBF, 0x867F, 0x7DFF, 0x7DBF, 0x7DFF, 0x861F, 0x8E7F,
 0xA71F, 0xBF7F, 0xB6DF, 0x7D9F, 0x5CFF, 0x7DDF, 0x9E9F, 0x84B8, 0x526E, 0xCE19, 0xF75F, 0xB4FD, 0x933A, 0x727A, 0x61F9, 0x5A1A,
 0x1841, 0x1841, 0x2883, 0x1821, 0x1821, 0x2042, 0x3063, 0x3883, 0x40A4, 0x50C4, 0x58C4, 0x50C4, 0x6946, 0x79A8, 0x8A4A, 0x81E9,
 0x7967, 0x7966, 0x9208, 0x9A49, 0x9AAB, 0xA2AB, 0x9AAA, 0x9AAB, 0xA32C, 0xAB2C, 0xB3AE, 0xABAE, 0xB3CE, 0xB3AE, 0xBC0F, 0xB3AF,
 0xAB8E, 0xCCB2, 0xDD95, 0xEE36, 0xFE57, 0xFED8, 0xFFBB, 0xFFFE, 0xE6FC, 0xAD17, 0x7331, 0x208A, 0x7B59, 0x000A, 0x30E7, 0x7A6F,
 0x7AD1, 0x8312, 0x8BD4, 0x7B11, 0x8BD4, 0x8373, 0x9415, 0xBDBA, 0xA4F7, 0x7351, 0x39AC, 0x314D, 0x292E, 0x2970, 0x31B1, 0x3A33,
 0x4275, 0x3A76, 0x3276, 0x32B7, 0x4AF8, 0x4234, 0x39B1, 0x316F, 0x31B1, 0x39D2, 0x39D2, 0x39F2, 0x314F, 0x1973, 0x1A97, 0x21CE,
 0x622E, 0x8371, 0xCE59, 0xFFFF, 0xDF5F, 0xF7DD, 0xFFFB, 0xFF9A, 0xFF9A, 0xFF18, 0xFF78, 0xF79D, 0xF7BF, 0xFFFF, 0xF77D, 0x420F,
 0x39F3, 0x314F, 0x31B0, 0x39D1, 0x31F2, 0x39F3, 0x39D2, 0x39F3, 0x39D2, 0x39D2, 0x39D2, 0x39F2, 0x39F2, 0x3A13, 0x31F1, 0x31B0,
 0x292E, 0x290B, 0x1067, 0x18C9, 0x210A, 0x18EA, 0x1887, 0x1887, 0x20CA, 0x31AE, 0x5314, 0x7C79, 0x84B9, 0x7CD8, 0x84B4, 0x8472,
 0x7B0D, 0x92EB, 0x936D, 0x9471, 0x9CF3, 0x8C94, 0x955B, 0xAEDF, 0xAF5F, 0xA6DF, 0xAE7F, 0x7D5E, 0x6CDE, 0x64DD, 0x6CFE, 0x757F,
 0x7D9F, 0x8E1F, 0x7D7F, 0x64DE, 0x74FC, 0x8497, 0x73D3, 0x8C34, 0xE6FE, 0xE6DF, 0xB4BE, 0x8B5A, 0x82B7, 0x7A53, 0x7A0F, 0x81CB,
 0x1821, 0x1021, 0x1821, 0x2021, 0x2042, 0x38A3, 0x2863, 0x2862, 0x3062, 0x3063, 0x4083, 0x50E5, 0x6147, 0x6968, 0x6946, 0x7146,
 0x7966, 0x8186, 0x89C7, 0x9229, 0xA2AA, 0xA30C, 0xA2EC, 0xA2CB, 0xAB2C, 0xAB4D, 0xBC31, 0xB3AE, 0xA2EB, 0xB34C, 0xC42F, 0xB3AE,
 0xAB6D, 0xC491, 0xDDB6, 0xEE17, 0xF657, 0xFEB9, 0xFF19, 0xFF79, 0xFFFD, 0xFFFF, 0xFFFF, 0x8371, 0x6A95, 0x20AD, 0x622D, 0x7AB0,
 0x6A2E, 0x72B0, 0xAD19, 0x7AD0, 0x8352, 0xA497, 0x9435, 0x526F, 0x292C, 0x18AB, 0x20ED, 0x39F3, 0x4275, 0x4295, 0x4295, 0x4AB6,
 0x4A95, 0x4213, 0x31D2, 0x2A95, 0x54BB, 0x3B37, 0x39D2, 0x312E, 0x314F, 0x4296, 0x3A34, 0x39B1, 0x312D, 0x28EC, 0x2992, 0x3C5C,
 0x4334, 0x624E, 0xFFFF, 0xFFFF, 0xD71F, 0xDF3E, 0xFFFD, 0xFFFE, 0xFFFE, 0xFFDC, 0xFF9B, 0xFFFF, 0xAE1F, 0xC6DF, 0xFFFF, 0x5AD0,
 0x41F2, 0x316F, 0x2992, 0x29B2, 0x31B0, 0x3A54, 0x318F, 0x29B3, 0x3215, 0x39D1, 0x31D1, 0x39D1, 0x39F2, 0x212D, 0x20EB, 0x1888,
 0x0824, 0x1045, 0x3A73, 0x645D, 0x649D, 0x5C3C, 0x5399, 0x4293, 0x39AE, 0x292A, 0x292A, 0x28EA, 0x292C, 0x3A10, 0x5314, 0x6BB7,
 0x7CDB, 0x9E7F, 0x9E7F, 0x9E1F, 0x85BF, 0x75BF, 0x545E, 0x5C5E, 0x753F, 0x8DFF, 0x8DDF, 0x6D1E, 0x53BB, 0x42D6, 0x3AB6, 0x42D7,
 0x4B39, 0x4AF6, 0x5314, 0x7416, 0x8414, 0x9CB6, 0xDE7C, 0xFF5F, 0xDDFB, 0xCD37, 0xC4D4, 0xA34E, 0xA30C, 0xA289, 0x9A07, 0x8986,
 0x1842, 0x1842, 0x1021, 0x2042, 0x2883, 0x3883, 0x3883, 0x48C4, 0x40C5, 0x40C5, 0x48C5, 0x50E5, 0x58E5, 0x6925, 0x7946, 0x7966,
 0x8186, 0x89A7, 0x9208, 0xA2CB, 0xB38D, 0xC3EE, 0xCC4F, 0xBC0E, 0xBBEE, 0xBBEE, 0xD470, 0xCC4E, 0xBB8C, 0xC3AD, 0xCC70, 0xCCB1,
 0xCCD2, 0xD4F2, 0xD534, 0xE5D6, 0xE5D5, 0xF5D4, 0xFE76, 0xFE56, 0xFE77, 0xFF9A, 0xFFFD, 0xFFFF, 0xBDBA, 0x8C14, 0x5A2C, 0x8B72,
 0x6A0D, 0x7AD1, 0x8332, 0x8B73, 0x7B31, 0x49ED, 0x294E, 0x2970, 0x31B2, 0x3190, 0x31B0, 0x4275, 0x42D7, 0x4AF7, 0x4AF7, 0x4AF7,
 0x42B6, 0x39F2, 0x290C, 0x314E, 0x31F3, 0x3295, 0x3399, 0x32D6, 0x294E, 0x31B1, 0x42D8, 0x3AB8, 0x29D4, 0x294F, 0x312E, 0x3171,
 0x4C5A, 0x4C3A, 0xB5DD, 0xFFFF, 0xFFFF, 0xEF9F, 0x7D9F, 0xA5BE, 0xFFFF, 0xFFFF, 0xFFFF, 0xF7DF, 0xC6BF, 0xFFFF, 0xFFFF, 0x8C55,
 0x312E, 0x398F, 0x294F, 0x2A37, 0x3A34, 0x31D1, 0x314E, 0x2971, 0x21B6, 0x3213, 0x29F3, 0x398F, 0x316E, 0x18A9, 0x1046, 0x18C8,
 0x31CF, 0x4338, 0x8E5F, 0x965F, 0x53D9, 0x53DA, 0x5C3C, 0x5C3D, 0x5359, 0x4A74, 0x4213, 0x4212, 0x39CF, 0x396D, 0x314C, 0x210A,
 0x20CA, 0x296D, 0x4B57, 0x64FE, 0x42B6, 0x4254, 0x4AF6, 0x4B58, 0x5C7E, 0x6D3F, 0x7DFF, 0x6D7F, 0x5CBE, 0x5CBE, 0x4B9B, 0x53BB,
 0x2235, 0x52B2, 0xCE7B, 0xFFBF, 0xFFFF, 0xFFDE, 0xFEFA, 0xF5F5, 0xEDB3, 0xE573, 0xCCB0, 0xA2CA, 0x9A69, 0x9228, 0x81A8, 0x7188,
 0x2062, 0x2862, 0x2042, 0x3062, 0x3083, 0x3883, 0x48E5, 0x5126, 0x5126, 0x48E5, 0x50E5, 0x5905, 0x7146, 0x8186, 0x8186, 0x89C7,
 0x91E8, 0x9A6A, 0xBBEF, 0xC491, 0xCCF3, 0xCCF2, 0xBC0F, 0xBB8D, 0xC3EE, 0xBB8D, 0xC3CD, 0xC38C, 0xD46F, 0xD4D1, 0xE573, 0xE553,
 0xF5D3, 0xFEB5, 0xDCF1, 0xBB8E, 0xD46F, 0xED31, 0xEDD4, 0xF636, 0xFEF9, 0xFFDD, 0xFFFC, 0xFFFD, 0xFFFF, 0xFFFF, 0xA4F4, 0x7B10,
 0x8311, 0x61ED, 0x8312, 0x7B31, 0x2087, 0x292E, 0x4275, 0x4295, 0x3A54, 0x39F2, 0x39F2, 0x3A75, 0x4296, 0x42B6, 0x42B5, 0x4254,
 0x31B1, 0x3190, 0x4295, 0x4AD6, 0x39D1, 0x290D, 0x2990, 0x3275, 0x2AB6, 0x29D1, 0x316F, 0x31F2, 0x31F4, 0x29B4, 0x2992, 0x42B5,
 0x5B57, 0x6CDC, 0x0ADB, 0x4BBB, 0xDEDE, 0xFFFF, 0xDF9F, 0xADFE, 0x743D, 0xE73F, 0xFFFF, 0xFFFF, 0x747F, 0x8D1F, 0xFFFF, 0xA519,
 0x002C, 0x212E, 0x292E, 0x212D, 0x192D, 0x194F, 0x214E, 0x20C9, 0x192F, 0x294F, 0x3A14, 0x318F, 0x20CA, 0x1068, 0x20E8, 0x42B6,
 0x64BF, 0x7DFF, 0x6457, 0x4AF5, 0x52F7, 0x3A97, 0x4319, 0x649E, 0x5C3C, 0x5C5D, 0x4B38, 0x4275, 0x42D7, 0x4AF8, 0x4B38, 0x4295,
 0x3A12, 0x39F0, 0x396D, 0x3A31, 0x4275, 0x314D, 0x290C, 0x39D1, 0x4274, 0x4B37, 0x5C3A, 0x5C3B, 0x53DA, 0x53DA, 0x84DB, 0x6355,
 0x6B73, 0xF77E, 0xFFFF, 0xFFDC, 0xFEF9, 0xDD73, 0xD490, 0xC40F, 0xC42F, 0xBBEE, 0xAB6D, 0xA2AA, 0x9A49, 0x81E8, 0x6947, 0x6927,
 0x1001, 0x1801, 0x2042, 0x3062, 0x3062, 0x3883, 0x38A4, 0x38A3, 0x3883, 0x48A3, 0x58C3, 0x6904, 0x8186, 0x9207, 0xAB2B, 0xBC0E,
 0xBC0F, 0xC4D2, 0xDD32, 0xD4F1, 0xDC8F, 0xDC8E, 0xE4EF, 0xE510, 0xF571, 0xDCAE, 0xD48E, 0xED92, 0xF592, 0xED92, 0xF5D3, 0xF5D2,
 0xFE53, 0xFF16, 0xED30, 0xD42E, 0xDCD0, 0xE573, 0xEDD4, 0xFED7, 0xFFFE, 0xFFDE, 0xFF7A, 0xFF79, 0xFFFB, 0xFFFF, 0xFFDF, 0x8BB1,
 0x93B3, 0x69ED, 0x59ED, 0x20A9, 0x20EC, 0x4254, 0x42D7, 0x42B6, 0x3A54, 0x3A34, 0x294E, 0x290C, 0x294E, 0x3190, 0x39D1, 0x3A13,
 0x3A13, 0x4275, 0x4AF7, 0x5399, 0x42B5, 0x31B0, 0x28EC, 0x290E, 0x314F, 0x2990, 0x294E, 0x212F, 0x2930, 0x2950, 0x212F, 0x29B3,
 0x5BD9, 0x9DBC, 0x5B57, 0x6D9E, 0x4C5D, 0xD71F, 0xFFFF, 0xFFFF, 0xC69F, 0x42FD, 0x94FA, 0xDEFB, 0xD6BC, 0x3AFB, 0xC67E, 0x7D1D,
 0x00CD, 0x0868, 0x18AB, 0x206A, 0x308B, 0x288D, 0x28EF, 0x28CE, 0x20AC, 0x1889, 0x190A, 0x210B, 0x20CA, 0x0825, 0x296D, 0x42B7,
 0x42F6, 0x3252, 0x2A16, 0x745C, 0xBE1C, 0x9CD7, 0x9CF7, 0x7436, 0x4B79, 0x5C7E, 0x5C9E, 0x5C1C, 0x53BA, 0x541C, 0x543C, 0x4B79,
 0x4AD7, 0x4234, 0x5AB5, 0x5A50, 0x20EA, 0x210D, 0x20C9, 0x20CA, 0x290C, 0x314E, 0x316F, 0x318F, 0x294F, 0x39D1, 0x4A0E, 0xB557,
 0xFFFF, 0xFFFE, 0xFFBA, 0xFE55, 0xE532, 0xC3EE, 0xC3AD, 0xBBAD, 0xBBAE, 0xBBCE, 0xB30B, 0xA2AA, 0x8A6A, 0x79C8, 0x6147, 0x6127,
 0x2049, 0x286A, 0x2048, 0x2049, 0x286A, 0x286A, 0x2868, 0x2067, 0x2068, 0x3089, 0x38C9, 0x512B, 0x616C, 0x722E, 0x8B12, 0x9BB4,
 0x9BD4, 0x9B30, 0xAB0E, 0xBB8F, 0xE4F3, 0xEDF5, 0xE636, 0xE677, 0xEED8, 0xFFFB, 0xFFFC, 0xFFFC, 0xFFFB, 0xFF59, 0xFE96, 0xFE13,
 0xFE94, 0xFDF2, 0xED51, 0xE5B3, 0xE593, 0xEDD4, 0xFE34, 0xFEF8, 0xFFBD, 0xFF9A, 0xFF79, 0xFF58, 0xFFB9, 0xFFFE, 0xFFFF, 0x9C93,
 0x6A8E, 0x7AAF, 0x20CA, 0x2990, 0x314E, 0x39D2, 0x3A13, 0x31F2, 0x31B1, 0x292D, 0x20CA, 0x3190, 0x3A33, 0x4275, 0x4275, 0x4295,
 0x4275, 0x4275, 0x3A55, 0x3A34, 0x39F2, 0x3190, 0x292D, 0x292D, 0x31B1, 0x316F, 0x290C, 0x20EC, 0x1952, 0x229B, 0x32F6, 0x292F,
 0x2910, 0x5357, 0x6CBB, 0xE75E, 0xE7FF, 0xEFFF, 0xFFFF, 0xDEDC, 0x9473, 0x39EF, 0x0009, 0x186B, 0x188A, 0x1049, 0x0029, 0x110A,
 0x28CB, 0x308C, 0x306F, 0x204F, 0x1850, 0x1030, 0x1030, 0x1052, 0x1891, 0x288E, 0x204A, 0x1027, 0x0845, 0x0022, 0x18EA, 0x3A34,
 0x2971, 0x3A59, 0x94FB, 0xA518, 0x7339, 0x6AFE, 0x7B5C, 0x494D, 0x216B, 0x64BF, 0x6D1F, 0x64BE, 0x647D, 0x64DD, 0x6D3E, 0x64BE,
 0x5C3C, 0x539A, 0x4275, 0x4A95, 0x5272, 0x18A8, 0x0824, 0x18E9, 0x216D, 0x18C9, 0x1868, 0x1047, 0x3129, 0x9495, 0xF77D, 0xFFFF,
 0xFFFD, 0xFFDA, 0xFF38, 0xFEB6, 0xEDD4, 0xE5B6, 0xDDF8, 0xDCF0, 0xDCD0, 0xCD14, 0xB537, 0xA36E, 0x9B0E, 0x8A09, 0x81A7, 0x6905,
 0x38B1, 0x38D2, 0x30B0, 0x40F3, 0x40F3, 0x38D1, 0x40D2, 0x38D2, 0x40D2, 0x5157, 0x59F8, 0x6A5A, 0x837C, 0x9CDE, 0x947E, 0x82FA,
 0x7A77, 0x8AF8, 0xBCBC, 0xC57B, 0x8393, 0x5270, 0x39EF, 0x318D, 0x398C, 0x62CF, 0x6B0F, 0x6B0F, 0x9CD4, 0xDEBB, 0xFF1C, 0xF699,
 0xEE59, 0xE5B7, 0xD577, 0xD576, 0xD575, 0xD575, 0xE5B6, 0xF678, 0xFEF9, 0xFF3A, 0xFEF8, 0xFE55, 0xFE96, 0xFF9A, 0xFFFE, 0xE73C,
 0x7B2F, 0x624E, 0x3A52, 0x29B0, 0x290C, 0x314E, 0x3190, 0x31B1, 0x3191, 0x290D, 0x3A13, 0x42B6, 0x4B17, 0x4AF7, 0x42B7, 0x4275,
 0x3A13, 0x39B0, 0x39F2, 0x3A35, 0x3A96, 0x2A56, 0x29F3, 0x2970, 0x210F, 0x2951, 0x314F, 0x290C, 0x292D, 0x21D2, 0x4C39, 0x755B,
 0x3AD7, 0x29D4, 0x643A, 0x853D, 0xFFFF, 0xE6FC, 0x6B30, 0x1065, 0x1008, 0x100B, 0x100C, 0x080E, 0x080E, 0x0005, 0x0802, 0x2849,
 0x2870, 0x082E, 0x000C, 0x000C, 0x000D, 0x000E, 0x000F, 0x000F, 0x000C, 0x000A, 0x000A, 0x080C, 0x104C, 0x1866, 0x18C7, 0x39F2,
 0x31D6, 0x73F7, 0xA4D7, 0x3959, 0x30F9, 0x30F4, 0x28B0, 0x1006, 0x216A, 0x6CDF, 0x64DE, 0x6CFF, 0x64DF, 0x649E, 0x64BE, 0x6D5F,
 0x64BE, 0x53DB, 0x4B18, 0x3A76, 0x4AB7, 0x4232, 0x214C, 0x4BBB, 0x5C9E, 0x5C5D, 0x3253, 0x10EA, 0x6310, 0xEF5D, 0xFFFF, 0xFFFF,
 0xFFBA, 0xFF38, 0xFF59, 0xFF9A, 0xFF3A, 0xFEFA, 0xEE16, 0xDCF0, 0xCC70, 0xBCF4, 0xB516, 0x9AEC, 0xA2CB, 0x9A28, 0x7125, 0x60C3,
 0x40F1, 0x4113, 0x4176, 0x49B8, 0x5219, 0x51F9, 0x4979, 0x4159, 0x523C, 0x6B1F, 0x737F, 0x7BBF, 0x841F, 0x7BDF, 0x7B1E, 0x7A7C,
 0x831C, 0xC57F, 0xDE7C, 0x4A2E, 0x2990, 0x4A94, 0x62F5, 0x4A33, 0x5273, 0x5A93, 0x5A93, 0x41AF, 0x20CA, 0x20EA, 0x6B31, 0xE71D,
 0xFFFF, 0xEEDF, 0xE67F, 0xDE3E, 0xE67D, 0xDE1D, 0xE63D, 0xEE9D, 0xFEFE, 0xFF1E, 0xFEBC, 0xFEBC, 0xF67C, 0xF67A, 0xFFBE, 0xFFFF,
 0xE71C, 0x6AEE, 0x39EE, 0x520F, 0x41F1, 0x39F2, 0x39F2, 0x3A33, 0x3190, 0x3A13, 0x42F8, 0x4318, 0x4AF7, 0x4254, 0x31B0, 0x296F,
 0x294E, 0x31B0, 0x3A33, 0x3A54, 0x3A14, 0x3235, 0x3297, 0x43B9, 0x7CB9, 0x6BD7, 0x4AB5, 0x2992, 0x210F, 0x314F, 0x290F, 0x3A32,
 0x4357, 0x2B7C, 0x959D, 0xE79F, 0x94F8, 0x18AB, 0x0006, 0x180A, 0x204E, 0x000C, 0x0010, 0x0015, 0x0014, 0x0004, 0x308C, 0x102C,
 0x000B, 0x000D, 0x000D, 0x0831, 0x0833, 0x0834, 0x0856, 0x0835, 0x0833, 0x000F, 0x000E, 0x000C, 0x080C, 0x28AF, 0x1868, 0x212C,
 0x3257, 0x6B73, 0x524E, 0x28F4, 0x1008, 0x0002, 0x3106, 0x3988, 0x4B97, 0x755F, 0x5C7D, 0x6D3F, 0x6CDF, 0x649E, 0x645D, 0x649D,
 0x5C1C, 0x4B7A, 0x4B38, 0x4296, 0x3A76, 0x4254, 0x4234, 0x3A34, 0x31F1, 0x42F4, 0x4B38, 0x4319, 0x3256, 0x3A11, 0x83D3, 0xEF3C,
 0xFFFD, 0xFF58, 0xFED7, 0xFEB6, 0xFEF8, 0xFF7A, 0xFEB7, 0xED92, 0xCC6F, 0xB34C, 0xAAEB, 0xA269, 0x91C6, 0x8145, 0x60C3, 0x60E4,
 0x1822, 0x2044, 0x2885, 0x30A6, 0x40C7, 0x4909, 0x40EA, 0x40EB, 0x69CD, 0x828F, 0x8B53, 0x9373, 0x7A51, 0x7A31, 0x9313, 0x9B35,
 0xB3F7, 0xEE9B, 0x7B92, 0x4AB4, 0x7397, 0x62F5, 0x4233, 0x4213, 0x39F2, 0x4213, 0x4A75, 0x52B6, 0x5AF5, 0x41D0, 0x210D, 0x316D,
 0xB598, 0xFFFF, 0xFFFF, 0xFF7F, 0xEEDF, 0xEE9F, 0xF6FF, 0xFEFF, 0xFF7F, 0xFF9F, 0xFF5F, 0xF71F, 0xF6FF, 0xF6FF, 0xFFBF, 0xFFFF,
 0xFFFF, 0x9C94, 0x396C, 0x6B15, 0x4234, 0x4295, 0x42B5, 0x4295, 0x3A13, 0x3A75, 0x3A54, 0x31D1, 0x31B1, 0x292E, 0x210C, 0x292D,
 0x210C, 0x210B, 0x20CA, 0x210B, 0x210C, 0x3170, 0x39D3, 0x31B2, 0x4293, 0x8498, 0xB5FC, 0xA61E, 0x543B, 0x31F4, 0x28EF, 0x20CD,
 0x292F, 0x4253, 0xAE5F, 0xADB7, 0x0828, 0x0007, 0x080A, 0x000E, 0x0010, 0x0037, 0x119F, 0x089E, 0x000C, 0x2868, 0x2890, 0x000A,
 0x000D, 0x0811, 0x0834, 0x0835, 0x0856, 0x0877, 0x0879, 0x0858, 0x0857, 0x0877, 0x0857, 0x0833, 0x000F, 0x000D, 0x2051, 0x1027,
 0x3273, 0x21AE, 0x0821, 0x0842, 0x41C8, 0x9451, 0x8C34, 0x7CDB, 0x7E1F, 0x6CDD, 0x545B, 0x6CFF, 0x64DF, 0x64BE, 0x6CBE, 0x647D,
 0x5BFB, 0x4AD7, 0x5C1B, 0x5359, 0x4A75, 0x4212, 0x4212, 0x4213, 0x4295, 0x2A10, 0x20CA, 0x3A34, 0x3A35, 0x3A76, 0x21D4, 0x4A72,
 0xDEBA, 0xFFFC, 0xFF18, 0xFE55, 0xFDD3, 0xFEB6, 0xFF38, 0xFDF3, 0xDC6E, 0xB2EA, 0xA2A9, 0xA2A9, 0x89C7, 0x7925, 0x70E4, 0x68E4,
 0x1821, 0x2841, 0x3061, 0x2841, 0x4083, 0x50E4, 0x6105, 0x6924, 0x89E7, 0x8A49, 0x9248, 0x89C6, 0x91C6, 0x91E7, 0x9A07, 0xAAC9,
 0xE4EF, 0xDE14, 0x6332, 0x94DB, 0x6315, 0x3A13, 0x39F3, 0x39D2, 0x31D1, 0x39F2, 0x39F3, 0x3A13, 0x39D2, 0x39D1, 0x39D0, 0x294E,
 0x186A, 0x8C13, 0xFFDE, 0xFFFF, 0xFFDE, 0xFFDD, 0xFF7B, 0xFFBE, 0xFF5B, 0xFE98, 0xFEBA, 0xF6BA, 0xFF5C, 0xFF9D, 0xFFDE, 0xFFFF,
 0xCE3A, 0x5AD1, 0x4A72, 0x294F, 0x39F2, 0x4274, 0x4275, 0x4254, 0x39D2, 0x316F, 0x39B1, 0x39F2, 0x3A34, 0x3A35, 0x3A55, 0x3A35,
 0x31B1, 0x294E, 0x20CA, 0x18A9, 0x20CA, 0x18A8, 0x210C, 0x31D3, 0x2930, 0x18AD, 0x192F, 0x4292, 0x5C17, 0x653D, 0x5CFB, 0x5B13,
 0x314E, 0x4A73, 0x7C55, 0x1067, 0x0807, 0x206D, 0x000F, 0x0017, 0x197C, 0x195E, 0x08FC, 0x006F, 0x0002, 0x204B, 0x0008, 0x000A,
 0x0010, 0x0834, 0x0856, 0x0856, 0x0878, 0x087A, 0x089B, 0x0879, 0x0879, 0x089A, 0x089B, 0x0858, 0x0834, 0x0011, 0x0010, 0x080C,
 0x18EA, 0x3253, 0x0000, 0x6AED, 0x8457, 0x6439, 0x7DBE, 0x96FF, 0x8E9F, 0x759E, 0x64DE, 0x6CDF, 0x755F, 0x6CFF, 0x649F, 0x5CBF,
 0x53BA, 0x5C3B, 0x5C9E, 0x649D, 0x5BDA, 0x5338, 0x42B6, 0x312B, 0x292B, 0x3A74, 0x210C, 0x20CB, 0x3A96, 0x545E, 0x4296, 0x2237,
 0x8436, 0xFFFD, 0xFF38, 0xFE96, 0xFE14, 0xFDD2, 0xFDD2, 0xF571, 0xD44E, 0xB32B, 0xA2AA, 0xAACA, 0x91E7, 0x8166, 0x89A7, 0x81E9,
 0x2863, 0x4084, 0x3883, 0x3084, 0x48C5, 0x40A4, 0x3884, 0x6946, 0x89E8, 0x81C8, 0x89C7, 0x81A7, 0x89C7, 0x91E8, 0x9A69, 0xC3EE,
 0xFEF8, 0x9472, 0x6314, 0x6B78, 0x4234, 0x39F3, 0x39F3, 0x39D2, 0x3A13, 0x4234, 0x3A13, 0x4233, 0x39D2, 0x39D1, 0x4254, 0x4212,
 0x28EC, 0x296F, 0x528F, 0xB576, 0xFFFE, 0xFFFF, 0xFFFE, 0xFFFD, 0xFF38, 0xFF17, 0xFF78, 0xFF79, 0xFFFC, 0xFFDB, 0xFFFF, 0xFFFF,
 0x526D, 0x420F, 0x20CA, 0x20EB, 0x318F, 0x31B1, 0x3A13, 0x4295, 0x318F, 0x39F2, 0x4275, 0x4296, 0x42B7, 0x42B6, 0x42B6, 0x3A34,
 0x3A34, 0x4234, 0x39F3, 0x31B2, 0x39B1, 0x3170, 0x1887, 0x1887, 0x292E, 0x292E, 0x21B2, 0x1A94, 0x2B14, 0x1A16, 0x64DA, 0xD6BD,
 0xA518, 0x210A, 0x0005, 0x0008, 0x184A, 0x0830, 0x0037, 0x199F, 0x08B4, 0x0007, 0x0008, 0x0005, 0x0009, 0x000D, 0x000B, 0x002E,
 0x0855, 0x087B, 0x08BC, 0x089A, 0x087C, 0x089C, 0x089C, 0x089C, 0x089C, 0x087C, 0x089B, 0x089A, 0x0858, 0x0836, 0x0011, 0x1011,
 0x1029, 0x29AF, 0x31CE, 0x5B98, 0x31F3, 0x31D2, 0x3A31, 0x42B4, 0x5399, 0x5C19, 0x649E, 0x6CFF, 0x759F, 0x6CFF, 0x753F, 0x9E5F,
 0x7D7D, 0x5C9B, 0x6D3F, 0x6D3F, 0x5BFB, 0x4B59, 0x42D7, 0x1043, 0x0800, 0x1024, 0x3233, 0x3AD6, 0x31F1, 0x3A75, 0x292E, 0x2172,
 0x4253, 0xF79C, 0xFFFC, 0xFF9A, 0xFF18, 0xFEB5, 0xFD91, 0xDC2D, 0xBB0A, 0x9A08, 0x91E7, 0x91E7, 0x9208, 0x91E8, 0x89C8, 0x7946,
 0x2884, 0x3084, 0x3084, 0x38A4, 0x3063, 0x3083, 0x30A4, 0x6106, 0x8166, 0x89C7, 0x9A48, 0x9208, 0x89C7, 0x9208, 0xC40F, 0xFEF7,
 0xDEB9, 0x312C, 0x5294, 0x4A95, 0x3A14, 0x4234, 0x4213, 0x318F, 0x296E, 0x212C, 0x20EA, 0x20EA, 0x210B, 0x294E, 0x31B0, 0x4234,
 0x314E, 0x294D, 0x39F2, 0x31B0, 0x524E, 0x9CB5, 0xD69B, 0xFFFF, 0xFFFF, 0xFFFE, 0xFFBB, 0xFFDC, 0xFFFE, 0xFFFF, 0xEF7D, 0x8BF2,
 0x41AD, 0x4212, 0x3A12, 0x3A13, 0x3A33, 0x3A13, 0x3A33, 0x3A12, 0x4233, 0x4AD7, 0x4AF7, 0x4B38, 0x4B59, 0x4B59, 0x4B39, 0x4B38,
 0x4B39, 0x4AF7, 0x4296, 0x3A14, 0x3A13, 0x39D2, 0x3190, 0x1066, 0x1045, 0x20EB, 0x290C, 0x20EB, 0x296C, 0x292C, 0x1869, 0x20EA,
 0x39AA, 0x1044, 0x0808, 0x0808, 0x184E, 0x0013, 0x111D, 0x1936, 0x082A, 0x102A, 0x080D, 0x000B, 0x000C, 0x000C, 0x000F, 0x0058,
 0x089B, 0x08BD, 0x089C, 0x089D, 0x08BC, 0x08BD, 0x08BD, 0x089D, 0x08BD, 0x089C, 0x08DD, 0x08BD, 0x08BC, 0x0859, 0x0035, 0x0012,
 0x000A, 0x212B, 0x6D7F, 0x4B98, 0x31D1, 0x63DA, 0x4B9A, 0x7CFC, 0x641B, 0x4317, 0x64BF, 0x7D9F, 0x967F, 0x7DDE, 0x9DFD, 0x9E3F,
 0x649D, 0x4357, 0x5C3A, 0x4B99, 0x4B37, 0x42B6, 0x42F8, 0x3212, 0x2865, 0x1822, 0x1044, 0x3317, 0x5C9D, 0x5BFA, 0x53D8, 0x2A77,
 0x4A72, 0xF79E, 0xFFFC, 0xFEB6, 0xFDB2, 0xED10, 0xD3AC, 0xAA68, 0x9A07, 0x9A28, 0x9A69, 0x9AAB, 0x8AAC, 0x71C9, 0x6189, 0x5948,
 0x2041, 0x3063, 0x40A4, 0x38A4, 0x38A5, 0x38A4, 0x38A4, 0x50C4, 0x8186, 0x9A08, 0xB30A, 0xC38C, 0xA2CB, 0xB36D, 0xED71, 0xFF99,
 0x9412, 0x2950, 0x41F2, 0x4275, 0x4234, 0x318F, 0x20EA, 0x0828, 0x0808, 0x0008, 0x0009, 0x0009, 0x1009, 0x1028, 0x1047, 0x292D,
 0x316F, 0x18A9, 0x290D, 0x316F, 0x18AC, 0x314E, 0x5AB1, 0x7351, 0xB597, 0xFFFF, 0xFFFF, 0xFFFF, 0xFFFF, 0xDEBB, 0x41AB, 0x292E,
 0x4A54, 0x4254, 0x4295, 0x4295, 0x4AD6, 0x4AD7, 0x4254, 0x3190, 0x42B6, 0x5359, 0x5359, 0x539A, 0x539A, 0x5379, 0x5379, 0x53BA,
 0x53BA, 0x4B17, 0x5338, 0x5BB8, 0x4255, 0x3A13, 0x39F2, 0x31B1, 0x0866, 0x1067, 0x20EB, 0x210C, 0x314F, 0x2088, 0x1045, 0x20E9,
 0x18AA, 0x1089, 0x000A, 0x1049, 0x102F, 0x0057, 0x3ABF, 0x0050, 0x286E, 0x080F, 0x000F, 0x0009, 0x000F, 0x0013, 0x0033, 0x0858,
 0x089B, 0x089B, 0x089D, 0x089D, 0x08BD, 0x08DE, 0x08DE, 0x08DE, 0x08DE, 0x10DE, 0x10DD, 0x10DE, 0x10FF, 0x08BD, 0x0059, 0x0013,
 0x1051, 0x18A7, 0x64DD, 0x42F5, 0x5C1B, 0xB71F, 0x8E1F, 0x64BE, 0x6CDE, 0x64DF, 0x64DF, 0x8E1F, 0x7D5D, 0x53FA, 0x64DD, 0x8559,
 0x4AF1, 0x29AE, 0x4AF7, 0x4B58, 0x4B18, 0x4AD7, 0x4B19, 0x4319, 0x20C8, 0x2843, 0x2043, 0x1002, 0x10C6, 0x2A0E, 0x4311, 0x5352,
 0xDEDC, 0xFFFF, 0xFF99, 0xFE95, 0xF511, 0xCBAC, 0x9A69, 0x928B, 0x9B2E, 0xA3D2, 0xA3F3, 0x93B3, 0x8331, 0x9414, 0xACB6, 0x9BD2,
 0x2042, 0x4083, 0x48C5, 0x40C5, 0x38A4, 0x3883, 0x48A3, 0x6105, 0x7965, 0x89A6, 0xA2AA, 0xAB4C, 0xA34D, 0xC450, 0xFE74, 0xFF9A,
 0x62B0, 0x39F3, 0x3190, 0x3A34, 0x296E, 0x0828, 0x0008, 0x080B, 0x080B, 0x080D, 0x0810, 0x0810, 0x100E, 0x080A, 0x0807, 0x0807,
 0x1067, 0x1066, 0x20CA, 0x292D, 0x316E, 0x292C, 0x4231, 0x5B56, 0x4A71, 0x6B0F, 0xF77E, 0xFFFF, 0xD6BA, 0x3129, 0x18AB, 0x39F2,
 0x4255, 0x4296, 0x4AF7, 0x4B59, 0x53BA, 0x5BDB, 0x42B6, 0x31B1, 0x4B59, 0x53BA, 0x53DB, 0x5C5C, 0x5C7D, 0x53FC, 0x5C1C, 0x53DB,
 0x539A, 0x4AF7, 0x5B9A, 0x751E, 0x3A76, 0x4254, 0x4234, 0x39D2, 0x290C, 0x0823, 0x0825, 0x1888, 0x18A9, 0x20E8, 0x5251, 0x39B0,
 0x292D, 0x0826, 0x0008, 0x0006, 0x000F, 0x113E, 0x2177, 0x100B, 0x1831, 0x0010, 0x0036, 0x000E, 0x0011, 0x005A, 0x089D, 0x08DE,
 0x08BD, 0x08BD, 0x08DF, 0x08DE, 0x08DE, 0x08FE, 0x111F, 0x113F, 0x10FF, 0x10FF, 0x08DF, 0x10FF, 0x10FF, 0x08DE, 0x005A, 0x0011,
 0x49B6, 0x1889, 0x4335, 0x649D, 0x4B79, 0x53DA, 0x8E1F, 0x651F, 0x64DF, 0x755F, 0x647D, 0x5C1A, 0x4B17, 0x7C79, 0x5B51, 0x3AF0,
 0x53F8, 0x4B38, 0x64BE, 0x647E, 0x537A, 0x42B6, 0x4B7A, 0x539B, 0x3232, 0x1022, 0x2864, 0x2043, 0x1802, 0x0800, 0x4065, 0x3925,
 0x9CF3, 0xFFFF, 0xFFFD, 0xFF7A, 0xF698, 0xD535, 0xBCD5, 0xB517, 0xD65B, 0xDEFE, 0xC5FA, 0xC5D9, 0xCE3B, 0xD69C, 0xD6BD, 0xCE7C,
 0x2063, 0x2863, 0x2863, 0x3062, 0x2862, 0x2862, 0x4883, 0x5083, 0x7986, 0x926A, 0x92AB, 0x9AAB, 0xA34D, 0xC471, 0xEDB3, 0xFF5B,
 0x5290, 0x39F3, 0x39B1, 0x292C, 0x0808, 0x080B, 0x080D, 0x100F, 0x100E, 0x080F, 0x0812, 0x0811, 0x1011, 0x080D, 0x0809, 0x182B,
 0x1007, 0x0023, 0x292D, 0x39F2, 0x4274, 0x4A94, 0x316F, 0x292E, 0x4AB4, 0x316F, 0x524C, 0xCE38, 0x49EC, 0x39B1, 0x3A13, 0x4275,
 0x4296, 0x42B6, 0x4B79, 0x539A, 0x53FB, 0x64BE, 0x5399, 0x3A34, 0x53DB, 0x541C, 0x4BBA, 0x53BA, 0x53FB, 0x53BB, 0x53BA, 0x4B59,
 0x4AD7, 0x4296, 0x4255, 0x3A56, 0x3A13, 0x39D2, 0x39F2, 0x39D2, 0x316F, 0x1888, 0x1024, 0x0002, 0x1885, 0x62D5, 0x4A13, 0x2970,
 0x3190, 0x0826, 0x0008, 0x0004, 0x000F, 0x091F, 0x0870, 0x082C, 0x0035, 0x0878, 0x089D, 0x0037, 0x0016, 0x007D, 0x08BF, 0x111F,
 0x08FF, 0x08DF, 0x10DF, 0x111F, 0x111F, 0x111F, 0x115F, 0x117F, 0x117F, 0x199F, 0x2A3F, 0x111F, 0x10DE, 0x08BD, 0x0058, 0x0033,
 0x084E, 0x000A, 0x4B32, 0x96DF, 0x5C5D, 0x42B7, 0x541C, 0x95FF, 0x6CBE, 0x53FB, 0x4295, 0x3A54, 0x31CF, 0x212A, 0x18CB, 0x3274,
 0x3A33, 0x42B6, 0x5C3D, 0x53FB, 0x216C, 0x3A74, 0x53BB, 0x53BB, 0x3231, 0x0801, 0x2064, 0x2064, 0x2043, 0x0801, 0x2063, 0x48C7,
 0x2003, 0x732E, 0xEF3D, 0xFFFF, 0xFFFF, 0xF7BF, 0xFFFF, 0xF7FF, 0xF7FF, 0xEFFF, 0xEFFF, 0xFFFF, 0xF7FF, 0xEF7E, 0xE6FD, 0xD69C,
 0x3883, 0x3883, 0x1842, 0x3062, 0x3883, 0x48C4, 0x6925, 0x8208, 0x9AEB, 0xA2EC, 0x9B0C, 0xA36E, 0xA32D, 0xC451, 0xF635, 0xFF7B,
 0x52B0, 0x4275, 0x39B1, 0x0847, 0x080A, 0x100F, 0x1011, 0x1011, 0x1010, 0x080D, 0x080E, 0x080E, 0x080D, 0x080B, 0x0009, 0x100B,
 0x388F, 0x0824, 0x292C, 0x3190, 0x31D2, 0x3A13, 0x3A12, 0x316F, 0x290D, 0x316F, 0x1047, 0x1043, 0x39D0, 0x4275, 0x3A34, 0x4276,
 0x3A54, 0x42B6, 0x4B7A, 0x53BB, 0x5C3D, 0x6D3F, 0x4B78, 0x31D0, 0x4B38, 0x4B79, 0x4B99, 0x4BDB, 0x53BB, 0x4B59, 0x4B18, 0x42F7,
 0x42F8, 0x4318, 0x42D7, 0x4295, 0x4254, 0x3190, 0x290D, 0x290C, 0x290C, 0x18A9, 0x1025, 0x0002, 0x39D0, 0x4214, 0x31D2, 0x4235,
 0x31D1, 0x0828, 0x000C, 0x0809, 0x0010, 0x089A, 0x190E, 0x1093, 0x087A, 0x08BD, 0x115F, 0x21DF, 0x08FE, 0x195F, 0x199F, 0x197F,
 0x113F, 0x111F, 0x197F, 0x199F, 0x197F, 0x199F, 0x199F, 0x199F, 0x117F, 0x32DF, 0x647F, 0x219F, 0x089D, 0x087A, 0x0035, 0x0053,
 0x0011, 0x000E, 0x5350, 0xAF7F, 0x75BF, 0x4B39, 0x3213, 0x751D, 0x649C, 0x3214, 0x18C9, 0x0802, 0x0802, 0x1023, 0x1823, 0x1002,
 0x1001, 0x0801, 0x1865, 0x0823, 0x29AE, 0x4B5A, 0x4AF8, 0x4274, 0x190A, 0x2064, 0x2885, 0x2044, 0x2003, 0x1001, 0x0801, 0x2043,
 0x3885, 0x1822, 0x8BD1, 0xFFFF, 0xFFFF, 0xFF9E, 0xF75D, 0xE699, 0xD5D7, 0xBCF4, 0xC4D3, 0xABAF, 0x92AB, 0x8A8A, 0x8A4A, 0x6947,
 0x40A3, 0x50A4, 0x3883, 0x50E5, 0x6926, 0x6947, 0x826B, 0x92EC, 0x92CC, 0x9ACB, 0x9AEC, 0xA2EC, 0xA2AB, 0xD4B0, 0xFE13, 0xFF59,
 0x7BD3, 0x5399, 0x31B0, 0x0808, 0x0810, 0x1011, 0x1010, 0x1010, 0x080D, 0x000A, 0x0004, 0x0004, 0x0808, 0x0808, 0x0004, 0x0003,
 0x204C, 0x1827, 0x18C9, 0x3170, 0x3190, 0x31B1, 0x31B1, 0x31B1, 0x292D, 0x18A9, 0x1045, 0x18A8, 0x4234, 0x3A33, 0x4255, 0x4254,
 0x3A13, 0x42B6, 0x4B38, 0x4B59, 0x53DB, 0x53DB, 0x3A53, 0x31F2, 0x53BB, 0x53FB, 0x5C7D, 0x64DF, 0x5C9E, 0x5C9E, 0x5C5D, 0x4B9B,
 0x4B18, 0x4B39, 0x4B59, 0x4AF7, 0x4AD7, 0x4296, 0x3A13, 0x316F, 0x20C9, 0x0845, 0x0002, 0x292A, 0x4AB6, 0x3A34, 0x42D6, 0x5359,
 0x3A32, 0x082A, 0x000E, 0x080A, 0x0810, 0x0016, 0x000B, 0x0852, 0x08BD, 0x091F, 0x117F, 0x5BBF, 0x3A7F, 0x19BF, 0x2A3F, 0x21FF,
 0x19BF, 0x199F, 0x19BF, 0x21BF, 0x19BF, 0x21DF, 0x19DF, 0x19DF, 0x19DF, 0x221F, 0x199F, 0x08DC, 0x0859, 0x0036, 0x0036, 0x0057,
 0x0036, 0x000C, 0x5BB1, 0xA71F, 0x64BD, 0x4B17, 0x292E, 0x3A75, 0x4B9A, 0x4318, 0x2A10, 0x4BD5, 0x4BB9, 0x649A, 0x753A, 0x74F9,
 0x5373, 0x42B0, 0x31CC, 0x4314, 0x64DF, 0x4AF7, 0x3A14, 0x294D, 0x1000, 0x2885, 0x2064, 0x2065, 0x4AB1, 0x39EE, 0x2044, 0x1842,
 0x1822, 0x1822, 0x3084, 0xBD76, 0xFFDD, 0xFE56, 0xF615, 0xE531, 0xBB8C, 0xBB8C, 0xD4B0, 0xD48F, 0xBBAC, 0x8A09, 0x7168, 0x6947,
 0x3084, 0x50C4, 0x58C5, 0x58E5, 0x6147, 0x6168, 0x5989, 0x7A0A, 0x9229, 0x9208, 0x9207, 0x9A28, 0x9A07, 0xC36B, 0xECEF, 0xFE74,
 0xB535, 0x5397, 0x3231, 0x000B, 0x0813, 0x1010, 0x080A, 0x0007, 0x0809, 0x080B, 0x080B, 0x0009, 0x0006, 0x0005, 0x1847, 0x2068,
 0x2069, 0x206A, 0x1025, 0x20EA, 0x294D, 0x316F, 0x3190, 0x3190, 0x292E, 0x1888, 0x0824, 0x3190, 0x39F3, 0x3A34, 0x3A34, 0x3A13,
 0x4275, 0x42D6, 0x4AF7, 0x4B18, 0x4B18, 0x42B6, 0x4275, 0x39D2, 0x4B79, 0x5C5C, 0x5C9E, 0x64DF, 0x64FF, 0x6D1F, 0x6D3F, 0x7D9F,
 0x64FE, 0x53FC, 0x5379, 0x4B59, 0x4B18, 0x4AD7, 0x4296, 0x4213, 0x39B1, 0x20EB, 0x0823, 0x31AE, 0x4A75, 0x42B6, 0x5C1C, 0x64DF,
 0x4B38, 0x18CC, 0x0010, 0x000D, 0x080D, 0x0039, 0x0896, 0x084C, 0x10FE, 0x113F, 0x19BF, 0x3ABF, 0x4B7F, 0x5BDF, 0x3A9F, 0x19BF,
 0x21FF, 0x21DF, 0x199F, 0x199F, 0x199F, 0x19BF, 0x19BF, 0x221F, 0x223F, 0x19DF, 0x115F, 0x113F, 0x08FF, 0x08DF, 0x08FF, 0x089D,
 0x0012, 0x0007, 0x5C37, 0x64DE, 0x5379, 0x2149, 0x1045, 0x31F2, 0x755D, 0x6C9B, 0x5CBD, 0x9F1F, 0x967F, 0x861F, 0x8E9F, 0x8E7F,
 0x96BF, 0xA73F, 0x8E7F, 0x6D5F, 0x5C5D, 0x5C9E, 0x5C1C, 0x4AF7, 0x298E, 0x2065, 0x3086, 0x28C8, 0x5375, 0x318C, 0x2865, 0x2064,
 0x0801, 0x0801, 0x1001, 0x49E9, 0xFFFF, 0xFFDB, 0xFF7A, 0xFED8, 0xEE15, 0xCCD1, 0xBC0E, 0xD4F1, 0xE5B4, 0xABAF, 0x7988, 0x6126,
 0x38C6, 0x40A4, 0x40A5, 0x4907, 0x5148, 0x5148, 0x5127, 0x5926, 0x6967, 0x7A0A, 0x8A2A, 0x822A, 0x928B, 0xA2EC, 0xAB0C, 0xDD54,
 0xF73B, 0x6B74, 0x190D, 0x000E, 0x0814, 0x080B, 0x1028, 0x100A, 0x100E, 0x1035, 0x080D, 0x0007, 0x0805, 0x204D, 0x206F, 0x102E,
 0x102D, 0x184E, 0x182E, 0x1009, 0x1848, 0x18C9, 0x292D, 0x292D, 0x290D, 0x1887, 0x1086, 0x39D2, 0x39D2, 0x3A13, 0x3A14, 0x4234,
 0x4296, 0x42D7, 0x4AF8, 0x4318, 0x42D7, 0x4296, 0x4275, 0x31D1, 0x3A54, 0x4B79, 0x5C3D, 0x64FF, 0x6D7F, 0x759F, 0x759F, 0xAEDF,
 0x7DDF, 0x64DF, 0x649E, 0x5BFC, 0x5379, 0x4AF7, 0x4275, 0x4233, 0x39D1, 0x39B1, 0x18A9, 0x298F, 0x4235, 0x539A, 0x649E, 0x649E,
 0x5C5D, 0x3A31, 0x000D, 0x0034, 0x080B, 0x0835, 0x00DF, 0x0051, 0x0894, 0x111F, 0x197F, 0x21FF, 0x4B5F, 0xA5DF, 0x5B7F, 0x325F,
 0x2A5F, 0x327F, 0x2A3F, 0x2A1F, 0x21FF, 0x19BF, 0x19DF, 0x221F, 0x21FF, 0x19BF, 0x21FF, 0x21FF, 0x19BF, 0x199F, 0x111F, 0x0878,
 0x000F, 0x106A, 0x5399, 0x7CFA, 0x296A, 0x0000, 0x3291, 0x543C, 0x6CDB, 0x85FF, 0x6D3E, 0x753D, 0x8E3E, 0x6CFC, 0x6D1E, 0x6D5F,
 0xB6FF, 0xB73F, 0x759F, 0x647D, 0x5C3C, 0x6D3F, 0x653F, 0x64BE, 0x42D7, 0x1065, 0x2064, 0x2064, 0x2024, 0x1823, 0x1023, 0x1021,
 0x0801, 0x0801, 0x1021, 0x2023, 0x9C72, 0xFFFF, 0xFEF8, 0xEDB4, 0xB38D, 0x9A8A, 0xB36D, 0xCC6F, 0xDCF1, 0xBBCD, 0x7946, 0x4883,
 0x822B, 0x826C, 0x8B51, 0x9BB2, 0x9B2E, 0x9B6F, 0xA3D1, 0x930E, 0x9B50, 0xAC95, 0xAC74, 0xB495, 0xC598, 0xC5B9, 0xC537, 0xD5D9,
 0xFFDF, 0xEF3D, 0x39AC, 0x000F, 0x0010, 0x1869, 0x30AF, 0x080C, 0x0811, 0x1058, 0x080F, 0x0003, 0x0808, 0x48F5, 0x1850, 0x000D,
 0x000D, 0x000D, 0x000D, 0x000C, 0x100C, 0x202A, 0x1888, 0x20CA, 0x20CB, 0x1065, 0x18EA, 0x3191, 0x31B1, 0x31B1, 0x3A13, 0x4234,
 0x4296, 0x42B6, 0x42D7, 0x42D7, 0x4296, 0x4296, 0x39F3, 0x3A34, 0x3A54, 0x4254, 0x4AD7, 0x53BA, 0x64BE, 0x6D5F, 0x75BF, 0x759F,
 0x757F, 0x755F, 0x6D3F, 0x6D3F, 0x64BE, 0x53DB, 0x4B38, 0x4AF7, 0x4276, 0x3A14, 0x292D, 0x294E, 0x4296, 0x53FC, 0x64BE, 0x64FE,
 0x649D, 0x4B58, 0x108C, 0x0013, 0x0031, 0x080E, 0x00BE, 0x08FE, 0x002F, 0x0898, 0x115F, 0x21FF, 0x21FF, 0x63BF, 0xDF1F, 0xEF7F,
 0x953F, 0x4B5F, 0x3ABF, 0x329F, 0x2A7F, 0x221F, 0x221F, 0x223F, 0x19FF, 0x19DF, 0x2A5F, 0x2A9F, 0x19DF, 0x113F, 0x08BC, 0x0036,
 0x000D, 0x1088, 0x29AD, 0x3251, 0x0004, 0x1968, 0x6DBF, 0x5CBE, 0x541C, 0x543D, 0x755E, 0x643B, 0x543D, 0x75BF, 0x759F, 0x6D3E,
 0x757F, 0x861F, 0x8E3F, 0x8E3F, 0x7D9F, 0x6D5F, 0x6D5F, 0x5C9E, 0x3212, 0x1043, 0x1001, 0x0801, 0x1022, 0x1021, 0x1022, 0x1042,
 0x0801, 0x1843, 0x1843, 0x3064, 0x1022, 0xAD15, 0xFF9A, 0xBBAE, 0x9A8A, 0xB38D, 0xB3AD, 0xAB4C, 0xA2CA, 0x9A69, 0x81A7, 0x79C8,
 0xA3F2, 0xB517, 0xB4F6, 0xAC94, 0xBD98, 0xD6BD, 0xE75F, 0xCE7C, 0xC5FA, 0xD6DE, 0xE75F, 0xEF7F, 0xF7DF, 0xF7FF, 0xFFFF, 0xFFDF,
 0xFFFF, 0xFFFF, 0xC619, 0x30B2, 0x186C, 0x288B, 0x100C, 0x080C, 0x080F, 0x082C, 0x0005, 0x1868, 0x30CF, 0x3934, 0x1895, 0x0015,
 0x0036, 0x0835, 0x0814, 0x0010, 0x000C, 0x102D, 0x38B0, 0x1867, 0x0825, 0x0826, 0x1887, 0x292D, 0x31B1, 0x39D2, 0x39D2, 0x3A34,
 0x4275, 0x4276, 0x4296, 0x4275, 0x4275, 0x3A34, 0x31D1, 0x42D7, 0x31D2, 0x31B0, 0x4295, 0x4275, 0x42B6, 0x5379, 0x649D, 0x75BF,
 0x7DDF, 0x759F, 0x7DFF, 0x7DDF, 0x759F, 0x651F, 0x5C5D, 0x539A, 0x4275, 0x31B1, 0x2970, 0x210C, 0x4AD7, 0x5C3D, 0x64FF, 0x6D9F,
 0x6D3F, 0x5C1C, 0x42D5, 0x084F, 0x005A, 0x0832, 0x0832, 0x111F, 0x08B7, 0x000F, 0x08DA, 0x19BF, 0x223F, 0x63BF, 0xE73F, 0xFFFF,
 0xFFFF, 0x7C9F, 0x327F, 0x32BF, 0x32DF, 0x32DF, 0x32DF, 0x32DF, 0x2A7F, 0x2A7F, 0x2A7F, 0x2A7F, 0x199F, 0x111F, 0x009C, 0x1054,
 0x10AA, 0x29AF, 0x3233, 0x4318, 0x0000, 0x3AF2, 0x655F, 0x5C9E, 0x4318, 0x3A95, 0x647D, 0x753E, 0x4B17, 0x6D1D, 0x8E9F, 0x6D1C,
 0x4B78, 0x963E, 0x9EFF, 0x9EFF, 0x861F, 0x64FF, 0x5C7D, 0x3A73, 0x210A, 0x0843, 0x1844, 0x1843, 0x1843, 0x1843, 0x1843, 0x2064,
 0x1843, 0x2065, 0x1022, 0x0000, 0x30E5, 0x7B6F, 0xD637, 0xDD53, 0xAB8F, 0xB38D, 0xA2CA, 0x9228, 0x9228, 0x91C6, 0x8145, 0x8187,
 0xA4B6, 0xA4B6, 0x93D2, 0x9BF2, 0xA4F7, 0xB557, 0xB557, 0xB536, 0xBD16, 0xC536, 0xCD96, 0xD5B7, 0xCD55, 0xD575, 0xCD14, 0xCCF3,
 0xE5F6, 0xFF5A, 0xF79C, 0x49AF, 0x1848, 0x100B, 0x080B, 0x080D, 0x080E, 0x0009, 0x080A, 0x080C, 0x1852, 0x195A, 0x08BB, 0x0859,
 0x085A, 0x0859, 0x0038, 0x0014, 0x0812, 0x000F, 0x0830, 0x38D0, 0x1027, 0x000B, 0x080A, 0x0826, 0x292D, 0x39F3, 0x39D2, 0x3A54,
 0x3A54, 0x4275, 0x4255, 0x4255, 0x4255, 0x31D1, 0x3A33, 0x4296, 0x3190, 0x294E, 0x29B0, 0x3A55, 0x31B0, 0x294E, 0x316F, 0x42D6,
 0x6CFE, 0x7DDF, 0x75BF, 0x7DFF, 0x757F, 0x6D1F, 0x541C, 0x42B6, 0x296F, 0x31B1, 0x39D2, 0x294F, 0x39F1, 0x53DB, 0x651F, 0x6D7F,
 0x6D5F, 0x6D3F, 0x759F, 0x4B78, 0x0055, 0x005A, 0x0851, 0x10B7, 0x117F, 0x08BB, 0x0012, 0x08B9, 0x199F, 0x19BF, 0x329F, 0x84BF,
 0x8D1F, 0x5BDF, 0x539F, 0x433F, 0x32DF, 0x3AFF, 0x3AFF, 0x3B1F, 0x3B3F, 0x32DF, 0x32BF, 0x32BF, 0x115F, 0x089C, 0x28F7, 0x210C,
 0x3A95, 0x42D8, 0x4B7C, 0x2A11, 0x0821, 0x5419, 0x4379, 0x651F, 0x3AD5, 0x1044, 0x31B0, 0x5C1B, 0x53BA, 0x4275, 0x5C5B, 0x751D,
 0x3212, 0x4296, 0x6C9B, 0x751C, 0x5C3A, 0x3AB6, 0x3212, 0x1087, 0x1022, 0x1001, 0x2085, 0x3929, 0x1864, 0x2085, 0x2063, 0x30A6,
 0x30A7, 0x28A6, 0x1864, 0x2085, 0x1843, 0x520A, 0xCE59, 0xEE57, 0xB411, 0xAB4D, 0xA2EB, 0x9A49, 0x9209, 0x8A8D, 0x7967, 0x6905,
 0x2862, 0x40A3, 0x5906, 0x50E5, 0x3863, 0x4863, 0x60A3, 0x68C3, 0x8166, 0x9229, 0x928A, 0x9A49, 0xA2AA, 0xA289, 0xA248, 0xAA89,
 0xCBCD, 0xF531, 0xFFDB, 0xC618, 0x0846, 0x080D, 0x0809, 0x080C, 0x080E, 0x080E, 0x080E, 0x0012, 0x005A, 0x08FE, 0x08DD, 0x08BD,
 0x08DD, 0x08BD, 0x087A, 0x0859, 0x0836, 0x0814, 0x000F, 0x102F, 0x288A, 0x000D, 0x0058, 0x000D, 0x0806, 0x294E, 0x39D2, 0x3A13,
 0x3A54, 0x4275, 0x4255, 0x3A55, 0x3A13, 0x3A33, 0x3212, 0x3A33, 0x296F, 0x296F, 0x290D, 0x212D, 0x20CB, 0x18A9, 0x1889, 0x1006,
 0x20CA, 0x3A51, 0x74BA, 0x753D, 0x5C3D, 0x4B9A, 0x42D7, 0x39F3, 0x31B1, 0x4275, 0x4295, 0x3A54, 0x3A13, 0x42B5, 0x5C3C, 0x75BF,
 0x7DDF, 0x7E1F, 0x867F, 0x867F, 0x53D7, 0x0872, 0x003B, 0x0834, 0x2977, 0x219F, 0x00BD, 0x0015, 0x08BB, 0x115F, 0x19BF, 0x221F,
 0x2A9F, 0x433F, 0x7CDF, 0x9D9F, 0xADFF, 0xC67F, 0x9D7F, 0x63FF, 0x5BDF, 0x53BF, 0x435F, 0x221F, 0x009E, 0x18F7, 0x314D, 0x20E9,
 0x6C19, 0x3234, 0x298E, 0x0822, 0x18E7, 0x4B5A, 0x42D6, 0x6D9F, 0x4B78, 0x0801, 0x1002, 0x210B, 0x3A75, 0x3A55, 0x3A14, 0x42D8,
 0x298D, 0x18C8, 0x4291, 0x3A93, 0x212C, 0x1085, 0x1885, 0x20A6, 0x1022, 0x1823, 0x2865, 0x5AAF, 0x49AB, 0x30C7, 0x28A5, 0x30E7,
 0x498C, 0x3929, 0x3908, 0x30C7, 0x510A, 0x2806, 0x5A6D, 0xF6F9, 0xC42E, 0xA34D, 0xA38F, 0xA34E, 0x9A6A, 0x81E9, 0x7147, 0x6925,
 0x3884, 0x50E6, 0x5106, 0x3883, 0x3062, 0x48A3, 0x6105, 0x79C8, 0x928B, 0x928B, 0x9208, 0x89E8, 0x9A89, 0xAAAA, 0xB34C, 0xBBAD,
 0xBB8D, 0xDC6F, 0xFEF6, 0xFFFD, 0x312D, 0x0810, 0x080B, 0x080C, 0x0810, 0x0810, 0x0016, 0x007B, 0x113F, 0x111E, 0x08DE, 0x08DD,
 0x10DD, 0x08DD, 0x08BD, 0x08BC, 0x089B, 0x0859, 0x0835, 0x000F, 0x100F, 0x0008, 0x08DC, 0x08DE, 0x0013, 0x0828, 0x31B0, 0x3A34,
 0x4275, 0x3A55, 0x4255, 0x4255, 0x3A13, 0x296F, 0x3A33, 0x318F, 0x294E, 0x20CB, 0x1046, 0x210A, 0x3A93, 0x541A, 0x5C9A, 0x3AD3,
 0x3A92, 0x29CF, 0x18AA, 0x31B0, 0x3A75, 0x3A34, 0x3A34, 0x3A14, 0x4254, 0x4B18, 0x4B7A, 0x53DB, 0x5C1B, 0x5399, 0x4B59, 0x5C5D,
 0x651E, 0x7DDF, 0xA6DF, 0x861F, 0x5C1B, 0x3A73, 0x29B4, 0x0877, 0x0896, 0x18D6, 0x3A1C, 0x195F, 0x007E, 0x08FF, 0x093F, 0x21DF,
 0x329F, 0x42FF, 0x4B5F, 0xCEBF, 0xFFFF, 0xFFFF, 0xFFFF, 0x9D7F, 0x3ABF, 0x21FF, 0x00DE, 0x191D, 0x18D6, 0x18CE, 0x212E, 0x188A,
 0x6331, 0x5336, 0x10A8, 0x21AD, 0x4BDA, 0x42D7, 0x31B1, 0x4B18, 0x53DC, 0x18C8, 0x1801, 0x1823, 0x1844, 0x18A7, 0x20EA, 0x212C,
 0x296D, 0x1066, 0x1001, 0x2065, 0x1023, 0x1001, 0x1002, 0x28A5, 0x4129, 0x4169, 0x28A6, 0x4129, 0x518B, 0x38C7, 0x30A6, 0x30C7,
 0x51CC, 0x416A, 0x30C6, 0x1001, 0x51AA, 0x9432, 0xAD15, 0xE678, 0xCD12, 0xABAE, 0xBD36, 0xBD57, 0xA2EB, 0x81A7, 0x6105, 0x5905,
 0x48E7, 0x48A4, 0x48A3, 0x3883, 0x3863, 0x38A4, 0x5106, 0x6988, 0x79A8, 0x7986, 0x8186, 0x81A7, 0x89E8, 0xA2CB, 0xB3AE, 0xBBAD,
 0xBBAD, 0xED51, 0xFE95, 0xFFDB, 0x49CE, 0x1012, 0x000D, 0x0810, 0x0836, 0x0059, 0x29FE, 0x3ADF, 0x221F, 0x119F, 0x093F, 0x115F,
 0x115E, 0x08DD, 0x08BD, 0x08BC, 0x08BD, 0x08BC, 0x087B, 0x0837, 0x0012, 0x0007, 0x002C, 0x119F, 0x093F, 0x0011, 0x294C, 0x4275,
 0x3A55, 0x3A55, 0x4255, 0x3A54, 0x20EB, 0x294E, 0x31F2, 0x20CA, 0x18CA, 0x1887, 0x31AF, 0x53BA, 0x541C, 0x53FB, 0x6CFB, 0x7DDE,
 0x8E5F, 0x8E9F, 0x5418, 0x210C, 0x4B79, 0x3A74, 0x3A33, 0x4B39, 0x42B6, 0x4B7A, 0x53BB, 0x64DF, 0x6D5F, 0x6D7F, 0x64DE, 0x5C3C,
 0x53FC, 0x5C9E, 0x6D5F, 0x649E, 0x53DC, 0x4BBB, 0x755E, 0x7477, 0x4295, 0x41D8, 0x5254, 0x6B38, 0x4A7C, 0x299E, 0x08FF, 0x00BE,
 0x19DF, 0x2A9F, 0x539F, 0xADDF, 0xC65F, 0xB61F, 0x63FF, 0x115F, 0x009E, 0x191C, 0x5A99, 0x5274, 0x3A33, 0x3A54, 0x292F, 0x18CD,
 0x18C7, 0x5B55, 0x31F5, 0x42D8, 0x541D, 0x4B59, 0x298F, 0x18A8, 0x3212, 0x29B1, 0x2085, 0x4129, 0x30E7, 0x2865, 0x1822, 0x1001,
 0x1002, 0x1022, 0x1001, 0x30A6, 0x51CC, 0x3928, 0x1002, 0x0801, 0x2044, 0x520D, 0x5A4E, 0x416A, 0x51AC, 0x496B, 0x2885, 0x2064,
 0x30E7, 0x416A, 0x30C7, 0x38E8, 0x3146, 0xC638, 0xFFFF, 0xEE56, 0xC4B1, 0xB3CE, 0xB3AE, 0xA32C, 0x9229, 0x81A7, 0x50E5, 0x48C4,
 0x3062, 0x2842, 0x3882, 0x58C3, 0x58E5, 0x5926, 0x5906, 0x6126, 0x7987, 0x81C8, 0x8A08, 0x8A09, 0x8A09, 0x9249, 0xA2AA, 0xB34C,
 0xD490, 0xF5B3, 0xFE75, 0xFFFC, 0x9C74, 0x1810, 0x1032, 0x0814, 0x089A, 0x08DF, 0x21FF, 0x2A5F, 0x119F, 0x19DF, 0x19BF, 0x19DF,
 0x199F, 0x115F, 0x111E, 0x10DD, 0x08BC, 0x08BC, 0x089C, 0x087B, 0x0033, 0x000D, 0x0008, 0x1115, 0x223F, 0x0037, 0x212C, 0x4275,
 0x4255, 0x3A33, 0x2990, 0x31F2, 0x294E, 0x3A13, 0x1089, 0x1046, 0x318D, 0x4295, 0x5C1C, 0x5C9F, 0x4B5C, 0x537C, 0x4B1A, 0x3A97,
 0x42D8, 0x53DB, 0x6D9F, 0x3A93, 0x31D0, 0x64FE, 0x53FB, 0x5C9D, 0x42D8, 0x42F7, 0x4B79, 0x5C9E, 0x64FF, 0x757F, 0x7DDF, 0x75BF,
 0x6D3F, 0x6CFF, 0x6D7F, 0x757F, 0x64FE, 0x53FC, 0x6D1F, 0x8E3F, 0x961D, 0x8D5B, 0x7C7A, 0x52F4, 0x4A50, 0x6B14, 0x62D8, 0x4A58,
 0x3A18, 0x321B, 0x29DE, 0x19BF, 0x327F, 0x3A9F, 0x29FD, 0x421B, 0x425A, 0x63D9, 0x64BB, 0x655D, 0x657F, 0x3A98, 0x2A79, 0x3319,
 0x0003, 0x2969, 0x52F8, 0x212F, 0x29F1, 0x3233, 0x31D1, 0x210A, 0x1022, 0x18A7, 0x0823, 0x28A6, 0x51ED, 0x5AAF, 0x524E, 0x414A,
 0x3908, 0x30C7, 0x30C7, 0x30C7, 0x51EC, 0x7BB4, 0x73B3, 0x522D, 0x28C6, 0x28A6, 0x59CC, 0x414A, 0x4B95, 0x6458, 0x30C7, 0x2885,
 0x49AB, 0x4169, 0x1042, 0x28C5, 0x2044, 0x1824, 0xDE78, 0xF695, 0xC46F, 0xBBAD, 0xAB4C, 0xA2CA, 0x9A68, 0x81A6, 0x60E3, 0x58C3,
 0x1821, 0x2021, 0x3883, 0x6946, 0x6988, 0x6126, 0x7167, 0x81C8, 0x81E8, 0x8209, 0x930E, 0x8209, 0x89E8, 0x9229, 0x9208, 0x9A8A,
 0xB3AE, 0xD4B0, 0xFE15, 0xFF9A, 0xEF7B, 0x30CE, 0x2034, 0x0814, 0x0879, 0x08BE, 0x08DF, 0x199F, 0x2A5F, 0x32BF, 0x2A5F, 0x19DF,
 0x19DF, 0x19BF, 0x115F, 0x091F, 0x10DD, 0x08DE, 0x089D, 0x087B, 0x0058, 0x0012, 0x000D, 0x10CC, 0x329F, 0x0035, 0x298E, 0x4296,
 0x39F2, 0x212D, 0x3190, 0x39D2, 0x31D1, 0x18EA, 0x210A, 0x42B4, 0x5359, 0x649D, 0x64DE, 0x3252, 0x5232, 0x9499, 0xA57B, 0x94DB,
 0x94DB, 0x5BBB, 0x54BF, 0x64BD, 0x210C, 0x42F6, 0x64FE, 0x75BF, 0x647B, 0x3A96, 0x4B59, 0x5C9E, 0x651F, 0x7DFF, 0x865F, 0x863F,
 0x861F, 0x7DFF, 0x7DDF, 0x863F, 0x8E7F, 0x64BD, 0x5C5D, 0x865F, 0x865F, 0x8E5F, 0x7E1F, 0x653E, 0x44DD, 0x553C, 0x9579, 0x8C77,
 0x6BB8, 0x741A, 0xA53B, 0x94BB, 0xD6BE, 0xCE7D, 0xB59B, 0x94FA, 0x7CDB, 0x85FE, 0xAEFF, 0xAEDF, 0x95DE, 0x8CDD, 0x645D, 0x4250,
 0x1843, 0x0000, 0x1909, 0x292D, 0x1866, 0x18A7, 0x1065, 0x18EA, 0x2064, 0x2884, 0x30E7, 0x2084, 0x30A6, 0x414A, 0x418B, 0x520E,
 0x498C, 0x51ED, 0x6B52, 0x5AF0, 0x49EC, 0x494A, 0x6B10, 0x7BB4, 0x5A0D, 0x3928, 0x30A6, 0x2886, 0x5B12, 0x5B53, 0x4149, 0x1042,
 0x2064, 0x1843, 0x0800, 0x41C8, 0xD67A, 0x522A, 0xA4B3, 0xE5F7, 0xAB71, 0x928E, 0x7A0D, 0x71CC, 0x618C, 0x512B, 0x38A8, 0x3087,
 0x1821, 0x40A4, 0x71A9, 0x71C9, 0x6946, 0x50E4, 0x6926, 0x7966, 0x7966, 0x7966, 0x7187, 0x7966, 0x89A7, 0x91E8, 0x9229, 0x9249,
 0xA32D, 0xC491, 0xEE16, 0xFED8, 0xFFBA, 0x9C93, 0x080F, 0x0813, 0x0836, 0x089B, 0x08BD, 0x111F, 0x221F, 0x3B3F, 0x53DF, 0x32BF,
 0x19DF, 0x19BF, 0x199F, 0x115F, 0x10FE, 0x10FD, 0x089B, 0x087C, 0x007B, 0x0878, 0x10F4, 0x000C, 0x009F, 0x084E, 0x31D0, 0x3A13,
 0x31B0, 0x3213, 0x3A14, 0x294E, 0x294C, 0x31D0, 0x4B18, 0x539A, 0x647D, 0x6D3F, 0x5C9D, 0x3AD2, 0x52B0, 0x7BD4, 0x8C96, 0x9475,
 0x9C54, 0x624B, 0x32B4, 0x6D5F, 0x53D9, 0x294D, 0x4296, 0x64BD, 0x9E7F, 0x7CFC, 0x4318, 0x5C9E, 0x6D5F, 0x7DFF, 0x7DFF, 0x863F,
 0x8E7F, 0x8E9F, 0x8E9F, 0x96DF, 0x8E9F, 0x759F, 0x4B9C, 0x545E, 0xAF3F, 0xEFFF, 0xCF3F, 0x853D, 0x4BBC, 0x437C, 0x2A9B, 0x2219,
 0x1158, 0x29F8, 0x741A, 0xA5DD, 0xEFBF, 0xFFFF, 0xDF7F, 0x955E, 0x2A5B, 0x2A3A, 0x955D, 0xCE9E, 0xA59D, 0x43FF, 0x2217, 0x18C8,
 0x108A, 0x28CA, 0x0801, 0x0844, 0x1887, 0x0801, 0x2043, 0x2885, 0x1022, 0x1843, 0x30C7, 0x49AC, 0x49AB, 0x496B, 0x51ED, 0x416B,
 0x3908, 0x38C7, 0x38E7, 0x418B, 0x4129, 0x4108, 0x4129, 0x2885, 0x1823, 0x1843, 0x1843, 0x1843, 0x2064, 0x1001, 0x1022, 0x1021,
 0x2064, 0x30A6, 0x38C7, 0x1002, 0xCE39, 0xBD78, 0xDE9C, 0xC4FC, 0x8B18, 0x7A78, 0x7237, 0x61F6, 0x5175, 0x5176, 0x4136, 0x30B3,
 0x2884, 0x5128, 0x6989, 0x5905, 0x48A3, 0x48A3, 0x50C4, 0x6925, 0x7966, 0x7146, 0x7125, 0x7946, 0x89C7, 0xA28A, 0x9B0C, 0xABF0,
 0xB431, 0xB410, 0xBC71, 0xCC90, 0xFE34, 0xFFDB, 0x41F1, 0x0010, 0x0813, 0x089B, 0x08FF, 0x08FF, 0x197F, 0x2A7F, 0x4B7F, 0x2A7F,
 0x199F, 0x19DF, 0x19DF, 0x21DF, 0x199F, 0x111E, 0x10DD, 0x089C, 0x009D, 0x193B, 0x10F8, 0x10D3, 0x2957, 0x18CB, 0x3190, 0x3190,
 0x3A54, 0x42B7, 0x2970, 0x316B, 0x4AB5, 0x4AB7, 0x4B59, 0x5C3D, 0x6D1F, 0x757F, 0x759F, 0x865F, 0x6D5E, 0x42F6, 0x2A14, 0x3A74,
 0x7499, 0x5B52, 0x42F1, 0x757F, 0x6D3F, 0x4B96, 0x31AF, 0x5C5E, 0x649E, 0x967F, 0x7D9D, 0x53BB, 0x651F, 0x75BF, 0x75BF, 0x759F,
 0x861F, 0x8E3F, 0x8E9F, 0x9EFF, 0x8E9F, 0x8E7F, 0x6D3F, 0x4BFE, 0x655F, 0xB73F, 0xEFDF, 0xE7FF, 0xD77F, 0xA55B, 0x4AD7, 0x3258,
 0x2A7A, 0x32DB, 0x435C, 0x8DBE, 0xF7FF, 0xF7DF, 0xBEBF, 0xBE7F, 0xC65E, 0xEF7F, 0xFFFF, 0xFFFF, 0xFFFF, 0x961F, 0x7CB9, 0x31CF,
 0x0826, 0x1025, 0x1022, 0x08A6, 0x08A6, 0x1022, 0x1022, 0x30E8, 0x394A, 0x28A6, 0x2885, 0x2886, 0x414A, 0x5A4F, 0x9D19, 0x7CFB,
 0x8CF8, 0x51CC, 0x5AAF, 0x5A6F, 0x496B, 0x414A, 0x30E7, 0x2885, 0x28A5, 0x30C7, 0x28A6, 0x2064, 0x1843, 0x1843, 0x2064, 0x1843,
 0x2065, 0x414A, 0x49AC, 0x4149, 0x9431, 0xEF7F, 0xE71F, 0xB4FF, 0x8BDD, 0x8C3F, 0x841F, 0x7C5F, 0x84DF, 0x747F, 0x5B3F, 0x523D,
 0x30A5, 0x3084, 0x4083, 0x3883, 0x40A3, 0x50C4, 0x50C4, 0x58E4, 0x6105, 0x7125, 0x7966, 0x89E9, 0x9ACC, 0xABF1, 0xB431, 0xAB6E,
 0xA2CB, 0x9A8A, 0xA2EB, 0xBBCE, 0xF572, 0xFF57, 0xEF3A, 0x4172, 0x1853, 0x0836, 0x08BD, 0x08FF, 0x113F, 0x199F, 0x19DF, 0x223F,
 0x2A7F, 0x223F, 0x223F, 0x221F, 0x221F, 0x19BF, 0x115F, 0x10FE, 0x08BE, 0x087C, 0x08BB, 0x294E, 0x41F0, 0x39F2, 0x39D2, 0x294E,
 0x294E, 0x292F, 0x294B, 0x6375, 0x3A14, 0x4275, 0x537A, 0x5C5D, 0x6D1F, 0x759F, 0x7DDF, 0x649C, 0x4B78, 0x4337, 0x74DC, 0x747B,
 0x53F9, 0x8EDF, 0x96BF, 0x863F, 0x755F, 0x64FF, 0x3A52, 0x53D9, 0x7DFF, 0x651F, 0x6D3F, 0x53DB, 0x5C1C, 0x757F, 0x865F, 0x7DFF,
 0x7DFF, 0x7DFF, 0x96BF, 0xEFFF, 0xC7BF, 0x96FF, 0x865F, 0x545D, 0x5CFE, 0x4CDF, 0x4C9F, 0x549F, 0x1B1D, 0x2BFD, 0x54FF, 0x4BDF,
 0x3B9F, 0x43BF, 0x74DF, 0xCF5F, 0xFFFF, 0xF7BF, 0x649F, 0xCEFF, 0xDF5F, 0xF7BF, 0xD73F, 0xF7DF, 0xF79F, 0x6B77, 0x084E, 0x0807,
 0x1824, 0x0001, 0x0802, 0x1845, 0x2086, 0x28A7, 0x2065, 0x1865, 0x30C8, 0x418C, 0x49ED, 0x49AB, 0x416A, 0x51EC, 0x49CA, 0x394A,
 0x3149, 0x3908, 0x524D, 0x5A2E, 0x496B, 0x3909, 0x28A6, 0x30A6, 0x38C7, 0x38C7, 0x30C6, 0x2885, 0x1823, 0x30C7, 0x38E7, 0x2885,
 0x1022, 0x3928, 0x5A0E, 0x732F, 0x8C31, 0xFFDF, 0xCDBC, 0x9C3A, 0x83B7, 0x8C16, 0x7BB6, 0x6B55, 0x6BD6, 0x5BB6, 0x5336, 0x6377,
 0x2042, 0x1821, 0x1821, 0x3062, 0x3882, 0x48A3, 0x50C3, 0x6104, 0x6924, 0x7987, 0x824A, 0x930E, 0x934F, 0x8AAA, 0x8A28, 0x79C7,
 0x7987, 0x79C9, 0x822B, 0x9AEF, 0x9B30, 0xBC54, 0xEEDB, 0xCE1A, 0x4194, 0x28F6, 0x0857, 0x007B, 0x08FE, 0x113F, 0x197F, 0x221F,
 0x53BF, 0x4BBF, 0x227F, 0x2A9F, 0x329F, 0x2A7F, 0x2A3F, 0x199F, 0x009E, 0x089E, 0x39F6, 0x296D, 0x3A76, 0x3A55, 0x3190, 0x20CC,
 0x18CA, 0x1047, 0x4250, 0x52D5, 0x3A34, 0x5C3C, 0x755F, 0x7D9F, 0x755F, 0x757F, 0x75BF, 0x64DE, 0x5C5D, 0x5C3D, 0x9EBF, 0xBF5F,
 0x857C, 0x757D, 0x8E7F, 0x8E5F, 0x757F, 0x5C7E, 0x643C, 0x5BB5, 0x96DF, 0x6D9F, 0x5C9D, 0x543D, 0x4B9B, 0x4B7A, 0x851C, 0xA67E,
 0xA6DF, 0xAEDF, 0xBF1F, 0xCF7F, 0xBF5F, 0xAE9E, 0x85DF, 0x85DF, 0x969F, 0xB73F, 0xBEDE, 0x6BFB, 0x845C, 0xDF7F, 0xD77F, 0xDF5F,
 0xEF9F, 0xFFFF, 0xF7DF, 0xFFFF, 0xFFFF, 0xFFFF, 0xFFFF, 0xFFFF, 0xBE9F, 0xD6FF, 0x7D9F, 0xF7FF, 0xF7BF, 0xDEFE, 0xDEFE, 0x3A0F,
 0x0803, 0x28A8, 0x28C9, 0x2086, 0x30E9, 0x396B, 0x416C, 0x49EE, 0x416B, 0x3909, 0x5A8F, 0x7352, 0x7372, 0x62AF, 0x3908, 0x62AD,
 0x51EB, 0x414A, 0x4129, 0x51CC, 0x4129, 0x2886, 0x416A, 0x51CC, 0x496A, 0x418B, 0x3929, 0x2044, 0x3908, 0x622E, 0x4109, 0x2886,
 0x3987, 0x9472, 0x3107, 0x7BB0, 0xBD75, 0xFEB8, 0xCC91, 0xB40F, 0xA36D, 0x9B0C, 0x928B, 0x81E9, 0x7147, 0x58C6, 0x4085, 0x3864,
 0x1020, 0x1821, 0x1821, 0x2042, 0x2863, 0x2864, 0x3085, 0x40E8, 0x410A, 0x412B, 0x412B, 0x38C8, 0x38A8, 0x40C9, 0x490D, 0x512E,
 0x5170, 0x6A53, 0x7AD6, 0x8378, 0x7AD7, 0x7A98, 0xA41B, 0xF75F, 0xC61B, 0x5213, 0x49F8, 0x18FA, 0x003A, 0x08DF, 0x111F, 0x113F,
 0x2A3F, 0x6C5F, 0x7CBF, 0x3AFF, 0x223F, 0x32BF, 0x329F, 0x115F, 0x003D, 0x62FD, 0x4210, 0x3A75, 0x3A33, 0x39F2, 0x292D, 0x2A52,
 0x3B59, 0x298E, 0x5AB4, 0x63B9, 0x7DBF, 0xA75F, 0x865F, 0x7E1F, 0x7DBF, 0x759F, 0x75BF, 0x6D1F, 0x53FD, 0x53DB, 0x967F, 0x85FF,
 0x861F, 0x861F, 0x861F, 0x7DDF, 0x755F, 0x53DB, 0x74FE, 0x84D7, 0x6CFB, 0x4B7A, 0x541C, 0x5C7E, 0x64DE, 0x6CFE, 0x5C7D, 0x649C,
 0x8D7D, 0xA5DC, 0xA5DD, 0x749A, 0x6BF9, 0x52B4, 0x6334, 0x9D39, 0xADBB, 0x94DB, 0x533A, 0x641C, 0xAE9F, 0xD7BF, 0xFFFF, 0xFFFF,
 0xF7BF, 0xD6FF, 0xDF3F, 0xFFFF, 0xFFFF, 0xFFDF, 0xDF3F, 0xF7DF, 0xFFFF, 0xFFFF, 0xFFFF, 0xFFFF, 0xFFFF, 0xF7BF, 0x4A93, 0x0009,
 0x1889, 0x310C, 0x30EA, 0x1866, 0x28C8, 0x390A, 0x28C8, 0x3108, 0x5A70, 0x526F, 0x418B, 0x2886, 0x2065, 0x4A0D, 0x8416, 0x7352,
 0x72D1, 0x626F, 0x51ED, 0x4129, 0x3949, 0x5AD0, 0x62B0, 0x416A, 0x30E8, 0x30E7, 0x2085, 0x38E7, 0x5A0D, 0x626F, 0x51AB, 0x2845,
 0x734F, 0xEF7E, 0x522A, 0xB576, 0xF73C, 0xCD13, 0xABF0, 0xA3F0, 0x9B4E, 0xA453, 0xA412, 0x8ACE, 0x7A0B, 0x6169, 0x48E6, 0x3063,
 0x1846, 0x2068, 0x2069, 0x206B, 0x28AD, 0x28AE, 0x3932, 0x3953, 0x3913, 0x3913, 0x30B0, 0x30D2, 0x4955, 0x59D9, 0x6A9A, 0x837C,
 0x7B3C, 0x7B9E, 0x94BF, 0xA59F, 0x8C9F, 0x6ABD, 0x6ABC, 0x947F, 0xE73F, 0xDF1D, 0x6B35, 0x49F7, 0x39BB, 0x08BD, 0x00BF, 0x111F,
 0x19BF, 0xD6DF, 0xFFFF, 0xD6FF, 0x53BF, 0x32DF, 0x119F, 0x007E, 0x6B5D, 0x7BB4, 0x3254, 0x42D7, 0x39D1, 0x292C, 0x3232, 0x3B38,
 0x3A96, 0x6337, 0x6BDA, 0x64FF, 0x8E7F, 0x6C5A, 0x7CFC, 0x8D1B, 0x5336, 0x649D, 0x64DE, 0x53BB, 0x4B39, 0x6D1D, 0x9EDF, 0x757F,
 0x7DFF, 0x861F, 0x861F, 0x8E5F, 0x96BF, 0x757E, 0x641B, 0x8CB8, 0x29F1, 0x4B38, 0x64BE, 0x759F, 0xA71F, 0xA73F, 0x8EBF, 0x7E1F,
 0x54DF, 0x4C1E, 0x4C7E, 0x85DF, 0x9E3F, 0x6CBB, 0x3AB5, 0x7CFC, 0x3B1D, 0x1A7D, 0x3BDE, 0x7D9F, 0xBEFF, 0xF7DF, 0xFFFF, 0xFFFF,
 0xDF5F, 0xBE7F, 0xFFFF, 0xFFFF, 0xFFFF, 0xBE9F, 0x74DF, 0xEFBF, 0xFFFF, 0xFFFF, 0xF79F, 0x541F, 0xDF7F, 0x8C79, 0x5B16, 0xC61B,
 0x9D7A, 0x08A9, 0x0802, 0x0802, 0x1845, 0x28A7, 0x396B, 0x4A0F, 0x5AB1, 0x4A2D, 0x3929, 0x28A7, 0x28A7, 0x30E8, 0x526F, 0x51ED,
 0x38E9, 0x30C7, 0x38C7, 0x49AB, 0x73D3, 0x7BB2, 0x49CB, 0x28A6, 0x3908, 0x38E7, 0x38E7, 0x518B, 0x20A5, 0x30C7, 0x5A2E, 0x5A4C,
 0xC5F8, 0xF7DF, 0x9472, 0xFF3B, 0xE5F5, 0xBC92, 0x9B4E, 0x8A8C, 0x828D, 0x9B2F, 0xA32D, 0x8A6B, 0x71A9, 0x5127, 0x40C6, 0x38A5,
 0x308E, 0x30B1, 0x30B1, 0x30F5, 0x3917, 0x3958, 0x41BB, 0x3979, 0x49D9, 0x523C, 0x525D, 0x527E, 0x633F, 0x7BFE, 0x8C7D, 0x94DD,
 0x94DD, 0x8CDC, 0x8C9B, 0x83D9, 0x7AF6, 0x8316, 0x93D8, 0xA479, 0xCDFC, 0xFFBF, 0xFFDE, 0x94B8, 0x5255, 0x41F9, 0x31BD, 0x193F,
 0x115F, 0x6BFF, 0xB5DF, 0xC65F, 0x4AFF, 0x2A3F, 0x423F, 0x841B, 0x7374, 0x3A96, 0x4AF7, 0x3A13, 0x294E, 0x29F1, 0x3A55, 0x3233,
 0x31D0, 0x6355, 0x5BDC, 0x53DB, 0x2A13, 0x41AD, 0xCDF9, 0x9C0E, 0x2041, 0x41CA, 0x18E9, 0x20EB, 0x3A54, 0x64BD, 0x6CFC, 0x5379,
 0x5C1C, 0x6CDF, 0x6D5F, 0x6D9F, 0x9EDF, 0xB79F, 0x7D9F, 0x7C16, 0x210D, 0x541C, 0x75DF, 0x8E7F, 0x9EFF, 0xB77F, 0xB77F, 0x8EBF,
 0x6DBF, 0x7E1F, 0xBF5F, 0xBEBE, 0x5C5B, 0x75BE, 0xA65F, 0xAE1F, 0xBE3F, 0xDF5F, 0xFFFF, 0xFFFF, 0xFFFF, 0xFFFF, 0xFFFF, 0xFFFF,
 0xF7FF, 0xB6BF, 0xB6DF, 0xFFFF, 0xFFFF, 0xF7DF, 0xFFFF, 0xFFFF, 0xFFFF, 0xFFFF, 0xCEBF, 0x33FF, 0xE77F, 0xF79F, 0xFFFF, 0xFFFF,
 0x4A51, 0x0004, 0x0002, 0x1004, 0x28A8, 0x51CE, 0x520F, 0x310A, 0x28A7, 0x30A8, 0x392B, 0x5A90, 0x62F1, 0x62B0, 0x6B51, 0x7BB3,
 0x49CB, 0x30A7, 0x30C8, 0x62D0, 0x7B72, 0x6AF0, 0x41AA, 0x51CC, 0x7B52, 0x5A2D, 0x30A7, 0x38E8, 0x0821, 0x2085, 0x626E, 0xE6FB,
 0xFFFE, 0xFF7B, 0xF6FA, 0xEE58, 0xDDB5, 0xC4D3, 0xA30C, 0x9229, 0x924A, 0x926A, 0x9208, 0x91E7, 0x7967, 0x50C5, 0x40A5, 0x38C5,
 0x3914, 0x4156, 0x4175, 0x4196, 0x5A99, 0x5257, 0x4A36, 0x4A15, 0x6294, 0x72B2, 0x6A91, 0x6A4F, 0x7A6E, 0x82AD, 0x8AEF, 0x8B2F,
 0x92EC, 0x8A4A, 0x926A, 0x9249, 0xA30C, 0xB410, 0xBCF3, 0xD638, 0xE6BB, 0xDDF8, 0xF698, 0xFED9, 0xD5D7, 0x83F5, 0x6AF7, 0x5AB8,
 0x633B, 0x4ABD, 0x3A5E, 0x52FE, 0x635D, 0x8C5B, 0x7334, 0x4A72, 0x4B59, 0x53DC, 0x64BE, 0x42B5, 0x3212, 0x42F8, 0x212E, 0x294E,
 0x1044, 0x42D5, 0x537A, 0x42B7, 0x4B5A, 0x3A95, 0x1068, 0x0000, 0x0063, 0x2A4B, 0x32AF, 0x3AD2, 0x543B, 0x5C9D, 0x4B7A, 0x212D,
 0x1089, 0x9CB6, 0xCDD7, 0x62F1, 0x74DC, 0x96BF, 0xAF9F, 0x84D8, 0x18AA, 0x42D6, 0x757F, 0x7E1F, 0x869F, 0xD7DF, 0xC7BF, 0x973F,
 0xB79F, 0xC6FD, 0x94DA, 0x6BD9, 0xD69D, 0xFFFF, 0xF7FF, 0xDFFF, 0xFFFF, 0xFFFF, 0xCF5F, 0xAF7F, 0xE7DF, 0xFFFF, 0xFFFF, 0xFFFF,
 0xF7FF, 0xDF7F, 0xD77F, 0xFFFF, 0xFFFF, 0xFFFF, 0xFFFF, 0xFFFF, 0xFFFF, 0xFFFF, 0xFFFF, 0xF7DF, 0xFFFF, 0xFFFF, 0xFFFF, 0xC65E,
 0x0009, 0x0804, 0x188A, 0x4A31, 0x5273, 0x396C, 0x20A7, 0x1024, 0x28A7, 0x30E9, 0x41AD, 0x5A90, 0x41EB, 0x28E6, 0x41AB, 0x524D,
 0x30E7, 0x2865, 0x51EC, 0x7352, 0x30E8, 0x62AF, 0x7311, 0x38E8, 0x628E, 0x626E, 0x4109, 0x3948, 0x730D, 0x30E7, 0xDEDB, 0xFFFF,
 0xFED7, 0xD4F1, 0xBC0F, 0xB3CF, 0xB3F0, 0x9B2D, 0x824B, 0x8AEE, 0x8AEE, 0x8A6B, 0x8A09, 0x7966, 0x60E4, 0x58A3, 0x50A4, 0x3883,
 0x28A8, 0x2886, 0x40E7, 0x48E7, 0x48E5, 0x4083, 0x4062, 0x4062, 0x50A3, 0x58A3, 0x60E4, 0x7145, 0x79C8, 0x826B, 0x8A8C, 0x8A09,
 0x89C8, 0x8A29, 0x928B, 0x92ED, 0xABD0, 0xBCD4, 0xB4D4, 0xB493, 0xAC11, 0x9B2E, 0xAB6E, 0xBC30, 0xF657, 0xFFDB, 0xF75B, 0xCE19,
 0xA518, 0x8438, 0x83F9, 0x8419, 0x9498, 0xB5BA, 0xC5FA, 0x7353, 0x6BD7, 0x8D9E, 0x8E5F, 0x42F4, 0x3213, 0x3A75, 0x3AF7, 0x218D,
 0x1044, 0x4B5A, 0x42D7, 0x214C, 0x1909, 0x0865, 0x1947, 0x53F3, 0x653C, 0x759F, 0x869F, 0x8EBF, 0x8E5F, 0x7D9E, 0x5CBD, 0x547A,
 0x3AEF, 0x1862, 0x38C2, 0x4145, 0xAC92, 0x6438, 0xA75F, 0x7CB9, 0x3AF6, 0x3A93, 0x42B6, 0x4BDB, 0x4BDA, 0x6C59, 0x94F8, 0x9CD7,
 0x9436, 0x8C57, 0xB59B, 0xFFFF, 0xFFFF, 0xEF9F, 0xD7DF, 0xAF7F, 0x757E, 0x4C9F, 0x8E3F, 0xE7BF, 0xFFFF, 0xFFFF, 0xDFDF, 0xF7FF,
 0xFFFF, 0xFFFF, 0xFFFF, 0xFFFF, 0xFFFF, 0xFFFF, 0xFFFF, 0xFFFF, 0xC69F, 0x9DDF, 0xFFFF, 0xFFFF, 0xF7DF, 0xCF7F, 0xFFFF, 0x8437,
 0x000A, 0x186E, 0x4235, 0xAD9C, 0x7BF5, 0x0002, 0x0002, 0x20C8, 0x28C9, 0x394B, 0x62D2, 0x418B, 0x1003, 0x1844, 0x28A6, 0x3929,
 0x30C7, 0x38E8, 0x628F, 0x4A0C, 0x1022, 0x3908, 0x30E7, 0x1043, 0x6B11, 0x51ED, 0x9C94, 0xD69B, 0x62AC, 0xA4B4, 0xF79F, 0xCDFC,
 0xBD79, 0xAC73, 0xABAF, 0x926A, 0x926A, 0x89E8, 0x79A8, 0x820A, 0x79EA, 0x79C9, 0x79C9, 0x6168, 0x5928, 0x7B32, 0x7A2C, 0x6105,
 0x1820, 0x3063, 0x3883, 0x3042, 0x3862, 0x4883, 0x4083, 0x48C4, 0x50C4, 0x6105, 0x71A8, 0x7A2B, 0x82AE, 0x8A8C, 0x8A29, 0x924A,
 0x8A4A, 0x928B, 0x92CC, 0x928B, 0xAB6E, 0xB452, 0xABD1, 0x9AAC, 0x924A, 0x928B, 0x9B2D, 0xB430, 0xCD34, 0xE5F7, 0xF678, 0xFF5A,
 0xFFFD, 0xFFFD, 0xFFFD, 0xFFFD, 0xFFFD, 0xFFFF, 0xFFFF, 0xFFFF, 0xB578, 0x73F6, 0x7C57, 0x29F0, 0x2990, 0x3AF8, 0x32D7, 0x1865,
 0x1885, 0x42F8, 0x4296, 0x31F2, 0x29CF, 0x53D5, 0x8EDF, 0x8E9F, 0x7D7E, 0x53BA, 0x53DA, 0x755D, 0x8E5F, 0x759F, 0x75DF, 0x867F,
 0x867F, 0x7539, 0x0865, 0x1069, 0x4251, 0x3212, 0x64DE, 0x7CDA, 0x3AF5, 0x5418, 0x41EF, 0x9497, 0xA518, 0xAD18, 0xAD39, 0xBDDA,
 0xE71D, 0xFFFF, 0xFFFF, 0xFFFF, 0xFF9F, 0xDEBF, 0x747E, 0x2B3E, 0x64BF, 0xB73F, 0xFFFF, 0xEFFF, 0xE7DF, 0xB7BF, 0xD7DF, 0xFFFF,
 0xFFFF, 0xFFFF, 0xFFFF, 0xFFFF, 0xFFFF, 0xFFFF, 0xFFFF, 0xFFFF, 0x3B9F, 0x547F, 0xFFFF, 0xFFFF, 0xFFFF, 0xE7DF, 0xFFFF, 0x4278,
 0x52B7, 0xC63C, 0xEF9F, 0xE73E, 0x106B, 0x188B, 0x6B13, 0x5271, 0x108B, 0x41D0, 0x5271, 0x20C7, 0x1003, 0x1844, 0x49EE, 0x49CE,
 0x394C, 0x62D2, 0x41CA, 0x0802, 0x30E8, 0x9413, 0x4A09, 0x314A, 0x5AD1, 0x8C12, 0xFFFF, 0xF7BE, 0xC5D8, 0xF77F, 0xB4FA, 0x93B5,
 0x8B54, 0x9373, 0x9351, 0x82CF, 0x828D, 0x826C, 0x7986, 0x7104, 0x68E4, 0x7125, 0x6925, 0x50C4, 0x48A4, 0x4928, 0x5927, 0x48A4,
 0x2864, 0x3083, 0x3042, 0x4083, 0x48A4, 0x48A4, 0x4083, 0x48C5, 0x6168, 0x7A0B, 0x7A4C, 0x7A2B, 0x8209, 0x8A2A, 0x9ACC, 0x9B0D,
 0x8A29, 0x8A29, 0x9AAB, 0x926A, 0x9B4F, 0xCE9D, 0xABF2, 0x9ACA, 0xA32C, 0x9AEC, 0xA38F, 0xAC10, 0xC4B2, 0xCD34, 0xD576, 0xE5F8,
 0xEE38, 0xF69A, 0xFF3B, 0xF698, 0xFEDA, 0xFEB8, 0xFF7A, 0xFFBB, 0xFFFE, 0xF7BE, 0xC5D9, 0x5ACF, 0x5396, 0x29EF, 0x2066, 0x3065,
 0x1023, 0x296D, 0x4235, 0x42D8, 0x5C5F, 0x651F, 0x64FE, 0x5CDE, 0x75BF, 0x863F, 0x3AB4, 0x216F, 0x64BD, 0x75DF, 0x7DFF, 0x7DDF,
 0x759F, 0xA77F, 0xA67C, 0x18E7, 0x198F, 0x4BBC, 0x647D, 0x7477, 0x31F2, 0x2AB7, 0x94D7, 0xFFFF, 0xFFFF, 0xFFFF, 0xFFFF, 0xFFFF,
 0xFFFF, 0xF7DF, 0xFFDF, 0xF79F, 0xB5FF, 0x43FF, 0x6C7E, 0xD6FF, 0xD7FF, 0xA7BF, 0x975F, 0x677F, 0x6F7F, 0xC7BF, 0xFFFF, 0xDFDF,
 0xF7FF, 0xFFFF, 0xD71F, 0x651F, 0xF7DF, 0xFFFF, 0xFFFF, 0xFFFF, 0xC6DF, 0xE77F, 0xFFFF, 0xF7DF, 0xEFDF, 0xFFFF, 0xFFDF, 0xB5DE,
 0xFFFF, 0xFFFF, 0xFFFF, 0x94BA, 0x5AF6, 0xD67D, 0xD6BE, 0x3A15, 0x7396, 0xCE5B, 0x7C18, 0x290C, 0x1003, 0x4A2F, 0x5252, 0x39B0,
 0x8C77, 0xB598, 0x28E8, 0x72F0, 0xB598, 0xFFFF, 0x8C11, 0x1845, 0xA4F4, 0xFFFF, 0xFFFF, 0xDFFF, 0xCFBF, 0xBE5E, 0x94BB, 0x8BD8,
 0x8BB6, 0x9352, 0x8A4D, 0x8AAE, 0x7A6D, 0x71EA, 0x71A9, 0x71CA, 0x71A9, 0x6926, 0x50C3, 0x48A4, 0x3063, 0x3021, 0x2821, 0x48A4,
 0x2842, 0x3883, 0x38A4, 0x40A4, 0x38A4, 0x40A4, 0x48E6, 0x4907, 0x69A9, 0x71C9, 0x71A9, 0x79EA, 0x928C, 0x92AD, 0x81E9, 0x81A7,
 0x8A09, 0x8A29, 0x8A29, 0x8A08, 0x928C, 0xA3B0, 0xB3AE, 0xB36D, 0xA2EB, 0x9ACC, 0xA38F, 0xABCF, 0xBC71, 0xC4F3, 0xCD76, 0xDDD7,
 0xDDD7, 0xDD96, 0xE5B6, 0xD534, 0xDD75, 0xE575, 0xFEB8, 0xFF3A, 0xF6D8, 0xFF7A, 0xFFFF, 0xFFDF, 0x8BF1, 0x38A6, 0x38C7, 0x28A6,
 0x1023, 0x296E, 0x4AF8, 0x53DB, 0x541C, 0x5C7D, 0x3253, 0x5C1B, 0x4B78, 0x4317, 0x4358, 0x0003, 0x31B0, 0x753F, 0x7DFF, 0x861F,
 0x7DDF, 0x8E3F, 0xF7FF, 0xBEBB, 0x1948, 0x216C, 0x6CBC, 0x4AAF, 0x18AC, 0x3B7B, 0x7C57, 0xFFDE, 0xFFFF, 0xFFFF, 0xFFFE, 0xFFFF,
 0xFFBF, 0xF75F, 0xDF3F, 0xA67F, 0x75BF, 0xB73F, 0xEFFF, 0xAF1F, 0x767F, 0x667F, 0x671F, 0x56FF, 0xAF7F, 0xFFFF, 0xD7FF, 0xC7BF,
 0xFFFF, 0xFFFF, 0x64FF, 0x6CFF, 0xFFFF, 0xFFFF, 0xFFFF, 0xFFFF, 0xFFFF, 0xFFFF, 0xDFBF, 0xEFDF, 0xE7BF, 0xFFFF, 0xF7DF, 0xFFFF,
 0xFFFF, 0xFFFF, 0xFFFF, 0xEF5F, 0xFFFF, 0xFFFF, 0xCE7E, 0xD6DE, 0xFFFF, 0xFFFF, 0xC67F, 0x49F0, 0x18AA, 0x4253, 0x8C56, 0xE73E,
 0xFFFF, 0xC5FA, 0xB578, 0xFFFF, 0xFFFF, 0xFFFF, 0xB597, 0xB597, 0xE77F, 0xD6DF, 0xCE5E, 0xAE3E, 0x8E1F, 0x8E3F, 0xA69F, 0xAE1E,
 0x955E, 0x847B, 0x7B15, 0x7A0F, 0x6989, 0x6967, 0x720E, 0xADFD, 0xA51B, 0x69CC, 0x6106, 0x5906, 0x40A4, 0x3884, 0x3884, 0x40A5,
 0x2863, 0x38A4, 0x40C4, 0x40C4, 0x38A5, 0x5127, 0x5948, 0x48E5, 0x58E6, 0x6947, 0x79CA, 0x7A0A, 0x71A9, 0x6126, 0x6106, 0x6967,
 0x7988, 0x7188, 0x7987, 0x81A7, 0x926A, 0xA30C, 0xAB2C, 0x9A8A, 0x9A8A, 0x926A, 0x9AAB, 0xAB8E, 0xB40F, 0xCD14, 0xD5D7, 0xD554,
 0xCCF2, 0xD4F2, 0xC470, 0xBC50, 0xC491, 0xE5D6, 0xFF3B, 0xF637, 0xF5D5, 0xFF39, 0xFFFF, 0xDEFC, 0x4148, 0x38C7, 0x2865, 0x30A7,
 0x0844, 0x216E, 0x4295, 0x541D, 0x298E, 0x3AF6, 0x20E9, 0x296D, 0x29B0, 0x1866, 0x214D, 0x1065, 0x1025, 0x4AF4, 0x647D, 0x64BC,
 0x865F, 0x865F, 0xB6FF, 0xAEFF, 0x75DF, 0x53FD, 0x5C9D, 0x2949, 0x3233, 0x4C3C, 0x5BF8, 0xF75D, 0xFFFF, 0xFFFE, 0xFFDD, 0xFF9D,
 0xEF1E, 0xD6BE, 0xBE9E, 0xC71F, 0xDF9F, 0xAEBF, 0x7DFF, 0x85FF, 0x75FF, 0x659F, 0x55FF, 0xA73F, 0xF7FF, 0x97DF, 0x97DF, 0xEFFF,
 0xFFFF, 0xFFFF, 0xEFBF, 0xFFFF, 0xFFFF, 0xF7FF, 0xFFFF, 0xFFFF, 0xFFFF, 0xF7FF, 0xDFBF, 0xFFFF, 0xEFFF, 0xFFFF, 0xEFDF, 0xEFDF,
 0xF7FF, 0xDFDF, 0xF7FF, 0xFFFF, 0xFFFF, 0xEFBF, 0xE77F, 0xFFFF, 0xFFFF, 0xFFFF, 0xFFFF, 0x6B34, 0x18CE, 0xAD59, 0xFFFF, 0xFFFF,
 0xF7FF, 0xEFFF, 0xF7FF, 0xE75F, 0xD75F, 0xD73F, 0xE77F, 0xDFFF, 0xAE7F, 0xA55D, 0x949A, 0x8C5A, 0x949B, 0x743C, 0x749E, 0xB6BF,
 0xDFDF, 0xE7FF, 0xC6FF, 0x94DD, 0x6AB6, 0x618E, 0x69AC, 0x7B34, 0x7B54, 0x61AB, 0x5906, 0x40A4, 0x40A4, 0x40A5, 0x40A5, 0x2064,
 0x2043, 0x3083, 0x48C5, 0x4906, 0x4907, 0x40E6, 0x40A4, 0x40A4, 0x6147, 0x6989, 0x6968, 0x48E5, 0x3084, 0x30A5, 0x5106, 0x6105,
 0x5906, 0x6946, 0x7987, 0x81E9, 0x79C8, 0x81C8, 0x7987, 0x81C8, 0x8A08, 0x7966, 0x89E8, 0x9A6A, 0xA32C, 0xB451, 0xB3EF, 0xAB8D,
 0xB40F, 0xC470, 0xBBEE, 0xAB6D, 0xC450, 0xDD74, 0xDD95, 0xDD95, 0xEDD5, 0xFFDB, 0xEF7E, 0x41A9, 0x30C7, 0x1843, 0x1845, 0x1865,
 0x0023, 0x1109, 0x0845, 0x31D0, 0x18E9, 0x1044, 0x18A8, 0x2066, 0x1887, 0x1865, 0x1844, 0x1044, 0x20A8, 0x1886, 0x3A53, 0x3A95,
 0x751B, 0xBFBF, 0x9EFF, 0x6D7F, 0x5CDF, 0x4B9B, 0x210B, 0x2045, 0x4C18, 0x3B58, 0x4AF6, 0xFFBE, 0xFFFF, 0xFFFC, 0xFF7C, 0xE6DC,
 0xDEBD, 0xD6FE, 0xE79F, 0xC6DF, 0x8D9F, 0x8D7F, 0x95DF, 0x7DDF, 0x651F, 0x54DF, 0x9E9F, 0xD79F, 0x66BF, 0x5F7F, 0x7FBF, 0xF7FF,
 0xFFFF, 0xFFFF, 0xFFFF, 0xEFFF, 0xFFFF, 0xF7FF, 0xFFFF, 0xFFFF, 0xFFFF, 0xFFFF, 0xFFFF, 0xFFFF, 0xCFBF, 0xC7BF, 0xFFFF, 0xFFFF,
 0xFFFF, 0xFFFF, 0xFFFF, 0xF7FF, 0xFFFF, 0xD75F, 0x7D9F, 0xEFDF, 0xF7FF, 0xEFFF, 0xFFFF, 0xBDDC, 0x8C59, 0xFFFF, 0xFFFF, 0xFFFF,
 0xE7FF, 0xCFFF, 0xC73F, 0xA5FF, 0x94DE, 0x951D, 0x8D3E, 0x951C, 0x8CFB, 0x84FC, 0x8C9B, 0x9438, 0x8B95, 0x6AF5, 0x7337, 0x73BB,
 0x747D, 0x9DBF, 0xBEFF, 0xCF9F, 0xAE9F, 0x6C7C, 0x5A55, 0x594C, 0x50E7, 0x50C4, 0x4083, 0x4083, 0x3883, 0x40A4, 0x40A4, 0x4083,
 0x2043, 0x3084, 0x40E6, 0x48E7, 0x40C5, 0x3063, 0x40A4, 0x5927, 0x6968, 0x48C5, 0x2863, 0x30A5, 0x38C5, 0x48C5, 0x40A4, 0x48C4,
 0x6105, 0x7146, 0x79C8, 0x81A7, 0x6105, 0x58E4, 0x5105, 0x6946, 0x7986, 0x7966, 0x8A08, 0x9ACB, 0xA34D, 0x9AEC, 0x926A, 0x9AEC,
 0xA34D, 0xAB6D, 0xA2EB, 0xA2AA, 0xB34D, 0xBC30, 0xD554, 0xD575, 0xF677, 0xDEFB, 0x6B2F, 0x30A6, 0x2064, 0x0802, 0x1023, 0x0844,
 0x1043, 0x1044, 0x1024, 0x1023, 0x1886, 0x0801, 0x1844, 0x290A, 0x290A, 0x1885, 0x2086, 0x1865, 0x28EA, 0x310B, 0x20C8, 0x18EA,
 0x214C, 0xA6BF, 0x9EDF, 0x6D5F, 0x3AD6, 0x3212, 0x1866, 0x38C8, 0x320D, 0x5C78, 0x6376, 0xFFFF, 0xFFFD, 0xFF3A, 0xEEBA, 0xE6DC,
 0xDF9F, 0xD75F, 0xAE1E, 0x955D, 0xA57D, 0x9D9E, 0x7DBF, 0x8E3F, 0x7D1F, 0x963F, 0xBF7F, 0x4D3F, 0x457F, 0x4DFF, 0x7FBF, 0xFFFF,
 0xFFFF, 0xFFFF, 0x9FBF, 0xE7DF, 0xFFFF, 0xF7DF, 0xEFDF, 0xFFFF, 0xC7DF, 0xDFDF, 0xD7FF, 0xEFFF, 0xA7BF, 0x6F5F, 0xFFFF, 0xCFBF,
 0xB79F, 0xD7FF, 0xDFFF, 0xFFFF, 0xFFFF, 0xAE9F, 0xCF5F, 0xDFBF, 0xF7DF, 0xFFFF, 0xDFFF, 0xCFFF, 0xD7DF, 0xDFFF, 0xF7FF, 0xFFFF,
 0xFFFF, 0xDFFF, 0x9F3F, 0x7D5F, 0x73FD, 0x7BBB, 0x7379, 0x6B18, 0x72F6, 0x7AF5, 0x7B97, 0x7419, 0x6B15, 0x6A11, 0x69F0, 0x7272,
 0x6A53, 0x5A54, 0x52F7, 0x5B79, 0x6B79, 0x63D8, 0x52F5, 0x518D, 0x5129, 0x48E6, 0x38A5, 0x3083, 0x3063, 0x3062, 0x3063, 0x3883,
 0x2063, 0x3084, 0x38A5, 0x38A4, 0x40A4, 0x40C5, 0x50E5, 0x6106, 0x58E5, 0x48E5, 0x4906, 0x48E5, 0x40A4, 0x48A4, 0x38A4, 0x48C5,
 0x7146, 0x81C8, 0x8A09, 0x8186, 0x8186, 0x71A7, 0x6167, 0x6925, 0x8A08, 0x928B, 0x928B, 0x9AAB, 0x9A6A, 0x8A08, 0x8A29, 0x9249,
 0x928A, 0x9AAA, 0x9269, 0xA2EB, 0xB34C, 0xBC50, 0xC4D2, 0xC4F3, 0xF75B, 0x62CE, 0x0002, 0x4909, 0x2065, 0x1023, 0x0822, 0x1023,
 0x1865, 0x20A8, 0x290B, 0x20A7, 0x20E8, 0x39AD, 0x1864, 0x2086, 0x314C, 0x316D, 0x28E9, 0x20A7, 0x312A, 0x4210, 0x4A91, 0x31AB,
 0x0802, 0x3A72, 0x6CBD, 0x42F8, 0x214E, 0x1887, 0x28C8, 0x498D, 0x520C, 0x9CD5, 0xE71D, 0xFFFE, 0xFF39, 0xEEBA, 0xD6FC, 0xBF3F,
 0xB6BE, 0xAD7B, 0xAD3B, 0xB59C, 0x9D5D, 0x855E, 0x757F, 0x853E, 0x9E7F, 0xAEFF, 0x543F, 0x447F, 0x443E, 0x3DBF, 0xAFBF, 0xFFFF,
 0xFFFF, 0x97BF, 0x5F1F, 0xAFFF, 0xC7DF, 0xEFDF, 0xDFBF, 0xEFFF, 0x7F3F, 0xB7BF, 0x87BF, 0xBFDF, 0x571F, 0x469F, 0x975F, 0xEFDF,
 0x56DF, 0x779F, 0x779F, 0xBFDF, 0xFFFF, 0xCEFF, 0xD73F, 0xFFFF, 0xFFFF, 0xDFFF, 0xEFFF, 0x9F7F, 0x7F7F, 0x875F, 0x86FF, 0xB7BF,
 0xF7FF, 0xFFFF, 0xDFFF, 0x7EBF, 0x4BDD, 0x52D8, 0x5A14, 0x5A34, 0x6233, 0x6211, 0x6A10, 0x6A30, 0x5A31, 0x6293, 0x8418, 0x61CF,
 0x61AC, 0x596A, 0x5129, 0x490A, 0x492B, 0x48E9, 0x5109, 0x596A, 0x4908, 0x40E7, 0x38C6, 0x38C6, 0x3063, 0x2842, 0x2041, 0x2062,
 0x2884, 0x2885, 0x38C6, 0x40A6, 0x40C6, 0x40A4, 0x50E6, 0x5927, 0x5906, 0x6105, 0x5905, 0x50E4, 0x48C4, 0x48C5, 0x48E5, 0x6106,
 0x7146, 0x8187, 0x9229, 0x81A7, 0x7987, 0x6967, 0x6125, 0x81A7, 0x926A, 0x9B2F, 0x81C8, 0x81A7, 0x9208, 0x9228, 0x8A08, 0x89E8,
 0x9228, 0x9A8A, 0x9ACB, 0xAB0C, 0xA2CB, 0x9ACC, 0xA34D, 0xD553, 0xC5D8, 0x28E7, 0x38C8, 0x38E8, 0x1023, 0x0802, 0x1045, 0x1064,
 0x1065, 0x1865, 0x290A, 0x316D, 0x292B, 0x41EF, 0x318C, 0x1024, 0x20C8, 0x396D, 0x314C, 0x314C, 0x396C, 0x6395, 0x4A50, 0x5334,
 0x39CC, 0x28C9, 0x1088, 0x1087, 0x20E9, 0x20A8, 0x20A7, 0x416C, 0x49EC, 0xE6DB, 0xFFFF, 0xFFDD, 0xF71B, 0xCEDD, 0xAE5D, 0xADFC,
 0xC5DB, 0xBD5A, 0xBD7B, 0xA55D, 0x955D, 0x855E, 0x743C, 0x7CFD, 0x965F, 0x5BBC, 0x53DE, 0x541E, 0x43DD, 0x4DFF, 0xEFDF, 0xFFFF,
 0x979F, 0x361F, 0x5E7F, 0x677F, 0x873F, 0xFFFF, 0xFFFF, 0xC7FF, 0x567F, 0x775F, 0x5EFF, 0x779F, 0x56BF, 0x4DFF, 0x3DFF, 0xAF7F,
 0x86DF, 0x3E1F, 0x5F1F, 0x4EBF, 0xA75F, 0xFFFF, 0xFFFF, 0xFFFF, 0xFFFF, 0xAFDF, 0x7EFF, 0xAEBF, 0x8EBF, 0x669F, 0x55BF, 0x4D3F,
 0x6E7F, 0xBFDF, 0xFFFF, 0xF7DF, 0x75DF, 0x2B9E, 0x42B8, 0x51D2, 0x51F2, 0x5A12, 0x6A10, 0x71ED, 0x594A, 0x59AD, 0x73B6, 0x49CF,
 0x516B, 0x514A, 0x48E7, 0x48C6, 0x40A5, 0x38A6, 0x38E7, 0x4109, 0x38E8, 0x38C7, 0x30C7, 0x30A6, 0x2885, 0x2864, 0x2863, 0x2863,
 0x2885, 0x38A5, 0x494A, 0x9477, 0x622E, 0x3884, 0x38A4, 0x40A3, 0x3063, 0x3883, 0x4083, 0x3883, 0x48C4, 0x5106, 0x48C5, 0x50E4,
 0x6905, 0x6925, 0x81A7, 0x81C7, 0x6105, 0x6946, 0x7166, 0x79A7, 0x81C8, 0x7986, 0x7125, 0x89E8, 0x9249, 0x9249, 0x9229, 0x9229,
 0xA32D, 0x9AEC, 0x9ACB, 0x9249, 0x81A7, 0x9229, 0xBBEE, 0xE615, 0x9473, 0x5A6B, 0x1023, 0x1844, 0x0802, 0x0802, 0x1865, 0x20A8,
 0x20C9, 0x1887, 0x20C8, 0x316D, 0x41EF, 0x4230, 0x52F4, 0x52B1, 0x28C9, 0x420F, 0x398C, 0x41EF, 0x5B54, 0x4A0F, 0x418D, 0x394B,
 0x28E9, 0x41CF, 0x314A, 0x1002, 0x314B, 0x41EF, 0x20E9, 0x20C8, 0x41CB, 0x9C94, 0xFFDF, 0xFFDF, 0xE73D, 0xD69C, 0xCDFA, 0xCDFA,
 0xBD79, 0xC5DB, 0xBE9E, 0x9D5C, 0x84DC, 0x7C7C, 0x747C, 0x7DBF, 0x6BDB, 0x641C, 0x755F, 0x5BBC, 0x347E, 0x9EBF, 0xFFFF, 0xB7BF,
 0x3DBF, 0x3CBF, 0x4DFF, 0x35DF, 0x8F1F, 0xFFFF, 0xFFFF, 0xA7DF, 0x45DF, 0x4DFF, 0x457F, 0x561F, 0x4DDF, 0x3CFF, 0x34DF, 0x455F,
 0x765F, 0x347F, 0x453F, 0x4E7F, 0x45FF, 0x977F, 0xFFFF, 0xFFFF, 0xFFFF, 0xE7FF, 0x56DF, 0x3D3F, 0x653F, 0x54DF, 0x455F, 0x3C5F,
 0x3B9E, 0x341E, 0x6E3F, 0xCFFF, 0xFFFF, 0xA67F, 0x33DF, 0x329A, 0x49F2, 0x49D0, 0x5211, 0x6A30, 0x69CC, 0x5129, 0x48C8, 0x5129,
 0x4908, 0x4909, 0x4929, 0x4929, 0x4907, 0x40A5, 0x3884, 0x3085, 0x30E8, 0x312A, 0x314C, 0x314C, 0x310A, 0x310A, 0x28C9, 0x2087,
 0x1842, 0x3885, 0x518C, 0x7B11, 0x5128, 0x3883, 0x3883, 0x3083, 0x1843, 0x2863, 0x3883, 0x3883, 0x3063, 0x40A4, 0x40A4, 0x48A4,
 0x50E4, 0x60E5, 0x7966, 0x7166, 0x6105, 0x5905, 0x7987, 0x7987, 0x7166, 0x6925, 0x81C8, 0x9249, 0x9229, 0x926A, 0x926A, 0x92CC,
 0xACD6, 0x92CC, 0x8A08, 0x8A29, 0x926A, 0xA2AA, 0xC3EE, 0xEEB8, 0x83F1, 0x3107, 0x28C7, 0x20A7, 0x1065, 0x1044, 0x20EA, 0x290B,
 0x290B, 0x292B, 0x28EB, 0x292C, 0x6375, 0x6B75, 0x4A71, 0x6375, 0x4A91, 0x5271, 0x6B96, 0x4A50, 0x63D6, 0x52B3, 0x398E, 0x310A,
 0x28C9, 0x52B1, 0x6355, 0x28C9, 0x5AF3, 0x52F4, 0x290A, 0x1887, 0x49EC, 0x7330, 0xEF7D, 0xFFFF, 0xF77D, 0xF71C, 0xDE5B, 0xCDD9,
 0xD65B, 0xCEFE, 0xB5DB, 0x94BA, 0x7C5A, 0x7B99, 0x749D, 0x6BBA, 0x851B, 0x6D1E, 0x951C, 0x43FE, 0x451F, 0xFFFF, 0xDFFF, 0x4DFF,
 0x3BBF, 0x44BF, 0x45DF, 0x2CBF, 0x871F, 0xFFFF, 0xFFFF, 0x6F3F, 0x55DF, 0x4D7F, 0x3C9F, 0x3CDF, 0x665F, 0x65DF, 0x345F, 0x33DE,
 0x3C5E, 0x347F, 0x2ADD, 0x4D1E, 0x44BF, 0x3CDF, 0x779F, 0xCFFF, 0xFFFF, 0xFFFF, 0xAFBF, 0x3E1F, 0x3CFF, 0x445F, 0x3BDE, 0x33FF,
 0x3B7C, 0x4B9C, 0x329A, 0x343C, 0x6E1F, 0xD7BF, 0xD79F, 0x4CBF, 0x229C, 0x41F3, 0x496E, 0x498E, 0x518E, 0x492A, 0x48E8, 0x48C6,
 0x48C6, 0x40C5, 0x48C5, 0x48A5, 0x4908, 0x4108, 0x38C7, 0x38A5, 0x3084, 0x3085, 0x30A5, 0x30E7, 0x310A, 0x314E, 0x2990, 0x29B2,
 0x1842, 0x3884, 0x40A5, 0x40A5, 0x48E6, 0x40C5, 0x48C5, 0x3084, 0x2063, 0x2062, 0x2041, 0x2042, 0x1821, 0x3863, 0x40A3, 0x48A4,
 0x48A4, 0x48A4, 0x58E4, 0x6105, 0x6946, 0x7166, 0x7166, 0x58E4, 0x60E5, 0x6925, 0x81C7, 0x81A7, 0x79A7, 0x8A6A, 0x928B, 0x928A,
 0x926B, 0x9ACC, 0x9AEC, 0xA34D, 0x9A6A, 0xA2EA, 0xDD53, 0xACF4, 0xB535, 0x6AEE, 0x38E9, 0x59AD, 0x290A, 0x292B, 0x20E9, 0x20A7,
 0x20C9, 0x314C, 0x5290, 0x5AD0, 0x398C, 0x394B, 0x312A, 0x314B, 0x39ED, 0x4A50, 0x52D3, 0x5271, 0x314C, 0x52F4, 0x4A92, 0x4A72,
 0x4210, 0x398D, 0x4A2F, 0x6334, 0x6BF6, 0x5B13, 0x39EF, 0x316C, 0x49EC, 0x7351, 0xDEBC, 0xFFFF, 0xFF5C, 0xEEFC, 0xE6DB, 0xD6BB,
 0xC67C, 0xB538, 0xA497, 0x8417, 0x7B97, 0x7B57, 0x7356, 0x7439, 0x757E, 0x5A96, 0x4A76, 0x2B5E, 0x9EDF, 0xFFFF, 0x669F, 0x3BDD,
 0x3A9B, 0x3C7F, 0x3CDF, 0x2C7F, 0x76DF, 0xFFFF, 0xEFFF, 0x465F, 0x661F, 0x4D5F, 0x345F, 0x3C3F, 0x453F, 0x453F, 0x3C3F, 0x3BFE,
 0x2A9C, 0x6D9F, 0x9DFF, 0x3B1C, 0x3C1E, 0x3B5D, 0x347F, 0x569F, 0xB7FF, 0xFFFF, 0xFFFF, 0x6E9F, 0x359F, 0x457F, 0x3BBE, 0x331C,
 0x337C, 0x42D8, 0x4AD7, 0x39D5, 0x2A78, 0x23DD, 0x7DDF, 0xAF3F, 0x555F, 0x32BB, 0x4191, 0x410B, 0x412C, 0x412C, 0x412A, 0x40E7,
 0x40C6, 0x40C5, 0x40E7, 0x5A2D, 0x40E7, 0x38C6, 0x4108, 0x38E7, 0x38C7, 0x38C7, 0x3085, 0x3063, 0x3064, 0x2885, 0x28C9, 0x214F,
 0x2863, 0x2863, 0x3084, 0x40C5, 0x40C6, 0x40C5, 0x3883, 0x2042, 0x1841, 0x1841, 0x2042, 0x2862, 0x3863, 0x3883, 0x3083, 0x3883,
 0x3883, 0x40A3, 0x6105, 0x6946, 0x6105, 0x7166, 0x7986, 0x6925, 0x7146, 0x7146, 0x7986, 0x81E9, 0x8229, 0x89E8, 0x8A09, 0xB412,
 0xABF1, 0x928B, 0x9249, 0xA2CB, 0xAAEB, 0xBC2F, 0xD4F1, 0xE617, 0xBDB8, 0x6AEF, 0x49AA, 0x1043, 0x0000, 0x1023, 0x20A8, 0x20E9,
 0x316E, 0x41F0, 0x4A70, 0x52B1, 0x41AF, 0x398E, 0x5B56, 0x7C78, 0x6394, 0x420E, 0x292B, 0x28C8, 0x28EA, 0x39AE, 0x398D, 0x39AE,
 0x39AD, 0x28EA, 0x314A, 0x52B1, 0x312C, 0x4230, 0x52D2, 0x420F, 0x5AB0, 0x83D3, 0xEF7D, 0xFFFD, 0xFF3B, 0xE658, 0xD618, 0xC5DA,
 0xACB6, 0xAC75, 0x9436, 0x7356, 0x7B36, 0x7B95, 0x6B96, 0x641A, 0x5AF6, 0x5A33, 0x4A98, 0x4CBF, 0xEFFF, 0x967F, 0x349F, 0x42D9,
 0x3A99, 0x33BD, 0x3BBD, 0x2BFE, 0x7EFF, 0xFFFF, 0xCFFF, 0x2D3F, 0x2BBF, 0x33BF, 0x331C, 0x3BDE, 0x33FF, 0x3BDF, 0x3C1F, 0x3BDE,
 0x3AFB, 0x437D, 0x75DF, 0x435C, 0x42FA, 0x431B, 0x3A59, 0x337E, 0x3E3F, 0xA79F, 0xFFFF, 0xE7BF, 0x3CFF, 0x2C7F, 0x33BE, 0x3A16,
 0x3AB7, 0x3AB8, 0x4234, 0x4190, 0x414F, 0x3992, 0x2259, 0x2B7D, 0x4D3F, 0x3D5F, 0x32DB, 0x39B2, 0x410A, 0x40E8, 0x410A, 0x38E9,
 0x38E8, 0x38C6, 0x40E7, 0x8416, 0x498C, 0x3042, 0x3083, 0x3884, 0x38A5, 0x38C6, 0x38C7, 0x30A6, 0x3063, 0x2021, 0x1842, 0x1844,
 0x2863, 0x2884, 0x3084, 0x38A5, 0x38A4, 0x3063, 0x3062, 0x1821, 0x1821, 0x2862, 0x3883, 0x3883, 0x3883, 0x3883, 0x3083, 0x3063,
 0x3883, 0x58E4, 0x6126, 0x50C4, 0x50E5, 0x7146, 0x7125, 0x6925, 0x7966, 0x79C8, 0x8A4A, 0x8209, 0x81A7, 0x9ACC, 0xAC12, 0x9B2E,
 0x8209, 0x7145, 0x81C7, 0x9A6A, 0xA2EC, 0xB3AD, 0xBC50, 0xCD75, 0xF6D9, 0xFFFF, 0x62CC, 0x0001, 0x1065, 0x292B, 0x316D, 0x290B,
 0x292B, 0x312C, 0x314D, 0x290B, 0x28A8, 0x292B, 0x39AE, 0x41AE, 0x312B, 0x1846, 0x28C9, 0x5291, 0x5B13, 0x41CF, 0x396D, 0x312B,
 0x312B, 0x292B, 0x20A8, 0x20A8, 0x290A, 0x41CE, 0x41EF, 0x6B94, 0xA517, 0x62D0, 0xEF5D, 0xFFBC, 0xEE79, 0xDDD6, 0xCD76, 0xBD16,
 0xA454, 0xA475, 0x7B95, 0x7315, 0x8BB5, 0x73F6, 0x6336, 0x62D4, 0x6211, 0x5A74, 0x3AFB, 0x9EFF, 0xB71F, 0x341F, 0x435B, 0x4298,
 0x647C, 0x7DDF, 0x32BA, 0x2BFD, 0x5E5F, 0xFFFF, 0x977F, 0x1C1E, 0x5C1D, 0x6C9D, 0x3238, 0x435B, 0x3CBF, 0x3B3C, 0x3B3C, 0x32BB,
 0x857E, 0x63FB, 0x2A9A, 0x42F9, 0x4B39, 0x543B, 0x4B78, 0x3A16, 0x3B5D, 0x3DDF, 0x8EFF, 0xFFFF, 0xCF9F, 0x341F, 0x2ABC, 0x3A35,
 0x3991, 0x39B1, 0x39B2, 0x418F, 0x392E, 0x392F, 0x394E, 0x39D2, 0x3217, 0x32DA, 0x2B7B, 0x3276, 0x3990, 0x410A, 0x38C7, 0x38C8,
 0x30C7, 0x38C7, 0x38C6, 0x3065, 0x2863, 0x2842, 0x2842, 0x3062, 0x3883, 0x48C4, 0x48C5, 0x2863, 0x2063, 0x1822, 0x1821, 0x1000,
 0x2063, 0x2863, 0x2863, 0x2042, 0x2041, 0x3062, 0x4083, 0x2862, 0x1841, 0x1842, 0x1841, 0x2862, 0x3062, 0x3062, 0x3063, 0x3883,
 0x48C4, 0x50C5, 0x40A3, 0x40A4, 0x50C4, 0x60E5, 0x71C9, 0x79EA, 0x71A8, 0x79C9, 0x81C8, 0x81C8, 0x92ED, 0xA3D1, 0x928B, 0x7125,
 0x6105, 0x7146, 0x81E8, 0x9ACC, 0x9209, 0xA32D, 0xBCD3, 0xBCB2, 0xEE57, 0x83D1, 0x1046, 0x314C, 0x20CA, 0x1026, 0x20A8, 0x20C8,
 0x20A8, 0x290A, 0x28EA, 0x20A7, 0x290A, 0x39EF, 0x5B54, 0x5AF3, 0x310A, 0x39AE, 0x6C37, 0x7C78, 0x5B33, 0x41CE, 0x396D, 0x39AE,
 0x39AF, 0x312B, 0x28A8, 0x292B, 0x292A, 0x314A, 0x5B12, 0x39F0, 0xB598, 0xE73D, 0xEF3B, 0xEE99, 0xDE17, 0xCDD7, 0xC556, 0xB4B4,
 0xA454, 0x8436, 0x7B97, 0x8BD5, 0x83F6, 0x6B34, 0x6AB3, 0x6A71, 0x6A51, 0x5275, 0x4BDD, 0x9F3F, 0x53FE, 0x42FB, 0x4A97, 0x42B8,
 0x541D, 0x5C1C, 0x3A57, 0x2BFD, 0x65DF, 0xFFFF, 0x6E7F, 0x233C, 0x4B5B, 0x4B9A, 0x3A77, 0x4B1A, 0x451F, 0x3B3A, 0x3A98, 0x3238,
 0x645C, 0x865F, 0x3A58, 0x4236, 0x42D7, 0x4B9A, 0x42F7, 0x41D2, 0x39F5, 0x3B5C, 0x351F, 0x8E5F, 0xFFFF, 0xB77F, 0x23BD, 0x3237,
 0x396F, 0x392D, 0x396E, 0x39D3, 0x4B18, 0x5B79, 0x31D5, 0x3991, 0x398F, 0x3991, 0x39D3, 0x3A34, 0x318F, 0x310B, 0x30E9, 0x30A6,
 0x3085, 0x30A5, 0x3085, 0x3085, 0x2884, 0x2863, 0x2842, 0x2842, 0x2843, 0x3083, 0x3883, 0x2042, 0x1841, 0x1842, 0x1842, 0x1842,
 0x2063, 0x2042, 0x2041, 0x1021, 0x1841, 0x3083, 0x3062, 0x2042, 0x1841, 0x1021, 0x1021, 0x1841, 0x2842, 0x4083, 0x48E5, 0x38C5,
 0x48C5, 0x48A4, 0x3883, 0x4083, 0x4883, 0x69CB, 0xB55A, 0x7A8E, 0x7146, 0x7125, 0x79A8, 0x8A8C, 0x928C, 0x81C7, 0x7966, 0x7146,
 0x7146, 0x7187, 0x79E9, 0x8A4A, 0x8A8C, 0x9B0E, 0x9B0E, 0xA34E, 0xCD97, 0x9474, 0xDE59, 0xE71B, 0xC5F8, 0x7B6F, 0x2908, 0x1887,
 0x290B, 0x28EA, 0x20A7, 0x310A, 0x39D0, 0x4A93, 0x52F4, 0x398C, 0x310B, 0x41D0, 0x7417, 0x4A30, 0x314C, 0x4A31, 0x4A30, 0x41EF,
 0x312B, 0x20C9, 0x28EA, 0x6333, 0x41CD, 0x398B, 0x4A0E, 0x4273, 0x83F5, 0xFFFF, 0xF6F9, 0xD5F7, 0xCE18, 0xC576, 0xB452, 0xA413,
 0x94D8, 0x8C15, 0x8BD5, 0x8437, 0x7333, 0x7B13, 0x7AF2, 0x82F2, 0x72D3, 0x5297, 0x54DF, 0x5C5D, 0x5235, 0x4A75, 0x4A34, 0x4AF8,
 0x3A77, 0x39F5, 0x3A35, 0x237E, 0x85FF, 0xFFFF, 0x5D7F, 0x32B9, 0x3A35, 0x3A96, 0x4296, 0x4AB7, 0x439C, 0x3AF9, 0x4276, 0x4235,
 0x3A16, 0x4C9D, 0x4359, 0x4215, 0x41D2, 0x4275, 0x42F7, 0x41B0, 0x41D0, 0x39F4, 0x437B, 0x2CBF, 0x8E1F, 0xFFFF, 0x7EBF, 0x237C,
 0x3991, 0x394F, 0x392D, 0x3193, 0x443F, 0xE7FF, 0x9DBF, 0x29D6, 0x390C, 0x392B, 0x394C, 0x396F, 0x31D2, 0x316D, 0x30E9, 0x30C8,
 0x30A6, 0x3084, 0x2863, 0x2042, 0x2863, 0x2864, 0x2064, 0x2043, 0x2042, 0x2041, 0x2042, 0x1841, 0x1841, 0x1821, 0x1021, 0x1842,
 0x1021, 0x1021, 0x1821, 0x1841, 0x2042, 0x2042, 0x2042, 0x2042, 0x1841, 0x1821, 0x1021, 0x1021, 0x2842, 0x5106, 0x722C, 0x40C4,
 0x3062, 0x3063, 0x3883, 0x40A4, 0x48C5, 0x6189, 0x69EB, 0x58E5, 0x58E4, 0x6947, 0x71CA, 0x7188, 0x7125, 0x7146, 0x7987, 0x7966,
 0x79C8, 0x820A, 0x826B, 0x8AAD, 0x826C, 0x824B, 0x8AAD, 0x932F, 0xA3D0, 0xCCF3, 0xDDB5, 0xFED7, 0xF75A, 0xBDD8, 0x5A8C, 0x28A6,
 0x0802, 0x1024, 0x2087, 0x20A8, 0x28EA, 0x28EA, 0x20A8, 0x1866, 0x20A8, 0x39AE, 0x41F0, 0x396D, 0x63B6, 0x6BB6, 0x52B2, 0x5251,
 0x52B1, 0x4230, 0x5AF4, 0x73B4, 0x294A, 0x5291, 0x6AD0, 0x20EB, 0xBDB9, 0xFF5B, 0xE658, 0xC576, 0xC576, 0xB431, 0xAC32, 0x9D19,
 0x9C76, 0x9455, 0x8478, 0x7354, 0x7A6F, 0x82D0, 0xB4B4, 0xACF8, 0x72D3, 0x52D8, 0x4B5A, 0x5A54, 0x5211, 0x41D2, 0x41D2, 0x4255,
 0x39B1, 0x41D1, 0x39F3, 0x235E, 0x85FF, 0xEFFF, 0x44FF, 0x3A77, 0x41D1, 0x4213, 0x4275, 0x4235, 0x42B8, 0x4276, 0x4234, 0x41F3,
 0x41F4, 0x4256, 0x4297, 0x41F3, 0x4190, 0x416F, 0x4213, 0x49F1, 0x416E, 0x39D0, 0x41B3, 0x439B, 0x245F, 0x95DF, 0xFFFF, 0x55BF,
 0x2AFB, 0x316F, 0x392D, 0x396F, 0x32DA, 0x6D9F, 0xBF3F, 0x42F9, 0x30CB, 0x30A6, 0x38C7, 0x38C8, 0x394C, 0x396E, 0x310B, 0x292C,
 0x316E, 0x310A, 0x28A6, 0x2063, 0x2022, 0x2022, 0x2043, 0x2064, 0x2064, 0x2042, 0x2042, 0x1842, 0x1821, 0x1821, 0x1021, 0x1021,
 0x1021, 0x1842, 0x1021, 0x1821, 0x1821, 0x1821, 0x1821, 0x1021, 0x1021, 0x1821, 0x2042, 0x2062, 0x3083, 0x48C4, 0x48C4, 0x3882,
 0x3062, 0x3063, 0x38A4, 0x40C5, 0x48C5, 0x50C4, 0x50A3, 0x48C5, 0x5107, 0x5926, 0x58E5, 0x6105, 0x6105, 0x6946, 0x7187, 0x71A8,
 0x71A8, 0x79EA, 0x7A0A, 0x79EA, 0x828C, 0x8B0E, 0x82AD, 0x8A8C, 0x824B, 0x92ED, 0xA2CB, 0xC3EE, 0xBCF3, 0xE678, 0xCDF7, 0x524D,
 0x3149, 0x3969, 0x28E8, 0x1866, 0x1024, 0x1866, 0x20A9, 0x4231, 0x5B76, 0x4A72, 0x290B, 0x20AA, 0x73F6, 0x73B5, 0x5272, 0x5271,
 0x6BB6, 0x7396, 0x7BD4, 0x18A6, 0x296E, 0x83F4, 0xE73D, 0x9494, 0xFF9C, 0xE658, 0xD618, 0xBD14, 0xB472, 0xB452, 0xA59B, 0xA4B6,
 0x9B91, 0x8CB8, 0x7C38, 0x724E, 0x69CC, 0x934F, 0xC556, 0x93F4, 0x61EF, 0x5A10, 0x61AD, 0x6231, 0x4275, 0x4190, 0x41B0, 0x39D3,
 0x494E, 0x49AF, 0x39D2, 0x229B, 0x861F, 0xCFDF, 0x341F, 0x39F3, 0x4190, 0x41D2, 0x3A14, 0x41F3, 0x4214, 0x4213, 0x39B1, 0x3990,
 0x3970, 0x4191, 0x39F4, 0x39D2, 0x3970, 0x4214, 0x4276, 0x41D2, 0x5251, 0x41D0, 0x3A32, 0x41B1, 0x437B, 0x235F, 0x9E5F, 0xD7BF,
 0x341F, 0x2A78, 0x310C, 0x390C, 0x394E, 0x2993, 0x31F6, 0x39D2, 0x30EA, 0x3086, 0x30A6, 0x38A6, 0x38A5, 0x38E9, 0x392C, 0x312C,
 0x296F, 0x2A36, 0x3215, 0x292F, 0x20CB, 0x2086, 0x2043, 0x2042, 0x1843, 0x2085, 0x2885, 0x2063, 0x2062, 0x1842, 0x1021, 0x1021,
 0x2042, 0x2862, 0x1841, 0x1021, 0x0800, 0x1000, 0x1821, 0x1821, 0x1821, 0x2042, 0x2863, 0x2863, 0x2863, 0x2862, 0x3062, 0x40A3,
 0x6167, 0x6189, 0x48E5, 0x48C4, 0x48A4, 0x40A4, 0x48E5, 0x40C5, 0x48C5, 0x58E5, 0x50C4, 0x48A4, 0x6105, 0x6967, 0x6968, 0x7167,
 0x71A8, 0x69CA, 0x722B, 0x82CE, 0x82CE, 0x82AD, 0x71A9, 0x6168, 0x71CA, 0x8A09, 0x8A08, 0x8209, 0xB451, 0xE594, 0xCDF8, 0xC576,
 0xFFBC, 0x9CB5, 0x2929, 0x0825, 0x20CB, 0x31B0, 0x31D1, 0x4211, 0x39EF, 0x1888, 0x394B, 0x5AD0, 0x20C8, 0x316C, 0x4A31, 0x418D,
 0x6B12, 0x8C15, 0x8C12, 0x1067, 0x52D2, 0xE6BA, 0xFF7B, 0xFF9C, 0xF6B9, 0xD618, 0xCDB6, 0xC513, 0xC514, 0xAD59, 0x9CF8, 0xA3F1,
 0x8BD4, 0x84FC, 0x8BB4, 0x69CA, 0x596A, 0x722C, 0x8311, 0x6A2F, 0x61AC, 0x614A, 0x618C, 0x4A33, 0x4213, 0x4A34, 0x5318, 0x41B1,
 0x516E, 0x59F0, 0x394E, 0x29D7, 0x965F, 0x9EDF, 0x32FC, 0x416F, 0x416F, 0x4190, 0x3A14, 0x3A15, 0x4191, 0x39B1, 0x396E, 0x392D,
 0x394E, 0x396F, 0x39B1, 0x39D2, 0x3971, 0x539B, 0xB6FF, 0x42F9, 0x5AD5, 0x5252, 0x3A73, 0x3AD4, 0x3971, 0x3AB8, 0x22FC, 0x8E5F,
 0xA71F, 0x2B1D, 0x2971, 0x30CA, 0x30C9, 0x3086, 0x2886, 0x30A7, 0x30A7, 0x30A6, 0x3084, 0x30A5, 0x30A6, 0x3085, 0x30A6, 0x310A,
 0x312B, 0x294F, 0x1A99, 0x3C5D, 0x4B5B, 0x2174, 0x20CB, 0x2043, 0x2042, 0x1842, 0x2064, 0x28A6, 0x2884, 0x1842, 0x1841, 0x2041,
 0x1021, 0x1021, 0x1020, 0x0800, 0x0800, 0x1821, 0x2042, 0x2042, 0x2842, 0x2862, 0x2062, 0x1842, 0x1841, 0x1841, 0x3883, 0x50E6,
 0x5969, 0x5947, 0x50C4, 0x50C4, 0x48C5, 0x40E6, 0x40E5, 0x40A4, 0x48C4, 0x50C4, 0x48A4, 0x50E5, 0x5926, 0x5106, 0x5926, 0x6168,
 0x6989, 0x69CA, 0x724D, 0x7A8D, 0x69A9, 0x7188, 0x7A0A, 0x5947, 0x50C4, 0x6946, 0x6925, 0x7967, 0x9AAB, 0x9AAB, 0xA30D, 0xBBCE,
 0xD5B6, 0xA4B5, 0xA4B4, 0xACF5, 0xBDB8, 0x9D17, 0x7372, 0x292A, 0x0826, 0x39EE, 0x7372, 0x3168, 0x0826, 0x4A31, 0x6313, 0xA518,
 0xC61A, 0xE71C, 0x9473, 0x7BB2, 0xF71A, 0xFE97, 0xEE15, 0xE678, 0xD659, 0xC575, 0xB492, 0xB4B4, 0xB5BA, 0x9CB7, 0x9B6F, 0x8B71,
 0x7C7A, 0x8C57, 0x822B, 0x69CA, 0x6189, 0x61CB, 0x59CE, 0x61AD, 0x61CD, 0x5949, 0x59CF, 0x49B0, 0x394F, 0x8D3D, 0x8D9E, 0x390D,
 0x514D, 0x518D, 0x310D, 0x2259, 0x8E9F, 0x75DF, 0x2A58, 0x412D, 0x414E, 0x394E, 0x5317, 0x74DD, 0x3970, 0x3990, 0x392D, 0x38CA,
 0x38EB, 0x394D, 0x396E, 0x39B0, 0x39B1, 0x3A78, 0x9E9F, 0x6C5D, 0x3130, 0x398E, 0x394D, 0x3B37, 0x3A32, 0x394E, 0x3991, 0x229B,
 0x867F, 0x7DFF, 0x21D8, 0x290C, 0x30C8, 0x30A7, 0x3084, 0x2863, 0x2885, 0x28C7, 0x2885, 0x3084, 0x30A5, 0x3085, 0x2043, 0x2042,
 0x2085, 0x28E9, 0x2151, 0x443C, 0xC79F, 0x751E, 0x1975, 0x188A, 0x1843, 0x1821, 0x1821, 0x1842, 0x1864, 0x2065, 0x1843, 0x1021,
 0x0800, 0x0800, 0x0820, 0x1021, 0x1021, 0x1842, 0x1842, 0x2842, 0x3063, 0x2042, 0x1841, 0x1821, 0x2042, 0x2043, 0x2885, 0x38A5,
 0x3063, 0x3063, 0x38A4, 0x40C5, 0x38A5, 0x38A4, 0x40C5, 0x48A4, 0x3883, 0x40A3, 0x48E5, 0x5927, 0x5927, 0x50E6, 0x5127, 0x6169,
 0x6989, 0x69A9, 0x6989, 0x6967, 0x6968, 0x6988, 0x6926, 0x58E4, 0x4083, 0x50A3, 0x7125, 0x7987, 0x79A8, 0x7987, 0x8A4A, 0x8A8C,
 0x8A6B, 0x9AAB, 0xB38E, 0xC471, 0xE5D5, 0xEE99, 0xC5D8, 0x9433, 0xBD98, 0xD69C, 0x41CA, 0x314A, 0x8C55, 0xBDB8, 0xD699, 0xF73B,
 0xFF7B, 0xE6D9, 0xBD14, 0xEE57, 0xE5D5, 0xCD74, 0xD618, 0xCE18, 0xC576, 0xB472, 0xA473, 0xA5DB, 0x9CF8, 0x934F, 0x82AD, 0x7B53,
 0x8437, 0x828D, 0x71C9, 0x6168, 0x5948, 0x59AC, 0x518E, 0x59AD, 0x596A, 0x5129, 0x498F, 0x414D, 0x414D, 0x52B5, 0x4254, 0x410B,
 0x390B, 0x38EA, 0x314D, 0x2ADC, 0x7E5F, 0x543D, 0x31B3, 0x390B, 0x392C, 0x392D, 0x4AD5, 0x649C, 0x3970, 0x39B1, 0x394E, 0x5B35,
 0x390B, 0x38E9, 0x392C, 0x392D, 0x398E, 0x394F, 0x39F3, 0x4A35, 0x394D, 0x30E9, 0x30EA, 0x394D, 0x32F8, 0x396E, 0x30C8, 0x3191,
 0x2A9C, 0x65FF, 0x4C9E, 0x2974, 0x28C9, 0x30C7, 0x30A6, 0x3063, 0x2863, 0x2864, 0x2885, 0x2864, 0x38A5, 0x2863, 0x2864, 0x2042,
 0x1821, 0x1822, 0x20E9, 0x1974, 0x32FA, 0x8E7E, 0x7E5E, 0x29F2, 0x1047, 0x1022, 0x1021, 0x1821, 0x1821, 0x1842, 0x1043, 0x1043,
 0x0800, 0x1021, 0x1821, 0x1822, 0x1822, 0x1021, 0x1842, 0x2042, 0x2042, 0x1841, 0x2042, 0x2042, 0x2064, 0x2085, 0x1863, 0x2042,
 0x2042, 0x1842, 0x2863, 0x30A4, 0x38A5, 0x3884, 0x3883, 0x3863, 0x3083, 0x40C5, 0x48E6, 0x40C5, 0x48C5, 0x5106, 0x5127, 0x5948,
 0x6147, 0x6147, 0x6168, 0x6989, 0x6126, 0x50A3, 0x48A3, 0x3883, 0x48A3, 0x6926, 0x7A4D, 0x48C5, 0x6147, 0x7A2C, 0x81E8, 0x81A7,
 0x81C8, 0x81E8, 0x8209, 0x928B, 0x9B0D, 0xAB6E, 0xB3D0, 0x9A8B, 0xC450, 0xCDD7, 0xA431, 0xD597, 0xEE78, 0xFF7B, 0xDDF7, 0xAB6E,
 0xBC71, 0xB40F, 0xAB8E, 0xABCF, 0xAC51, 0xB492, 0xB4F6, 0xAC73, 0xA3F1, 0x9C13, 0x94B8, 0x9476, 0x8ACD, 0x7A4B, 0x7AAF, 0x7374,
 0x7A6D, 0x79A8, 0x6968, 0x5926, 0x5149, 0x494B, 0x492A, 0x596A, 0x48E6, 0x410A, 0x412B, 0x410B, 0x40E8, 0x392E, 0x394E, 0x38C9,
 0x30EA, 0x30A7, 0x316E, 0x3259, 0x657E, 0x3AFA, 0x3150, 0x30E9, 0x30EA, 0x390B, 0x396F, 0x31B3, 0x392C, 0x394D, 0x392C, 0x63B5,
 0x394C, 0x30A8, 0x30C8, 0x30EA, 0x30C9, 0x30C8, 0x3086, 0x30A7, 0x30EA, 0x30A7, 0x30A7, 0x3087, 0x298F, 0x3213, 0x30C8, 0x2886,
 0x314F, 0x2A18, 0x44FD, 0x3319, 0x292F, 0x28A8, 0x28A6, 0x3085, 0x3063, 0x3063, 0x2863, 0x2863, 0x3084, 0x2842, 0x2042, 0x2843,
 0x2842, 0x1841, 0x1801, 0x1886, 0x10CC, 0x0911, 0x43D8, 0x457C, 0x2231, 0x1888, 0x1043, 0x1021, 0x1821, 0x1821, 0x1020, 0x1021,
 0x1021, 0x1821, 0x1842, 0x1842, 0x1821, 0x1821, 0x1842, 0x1821, 0x1821, 0x1842, 0x2063, 0x2064, 0x1863, 0x1822, 0x1842, 0x1842,
 0x2042, 0x2863, 0x2884, 0x3084, 0x3083, 0x2862, 0x2863, 0x3083, 0x3084, 0x40E6, 0x38A5, 0x38A4, 0x40A5, 0x40E6, 0x4907, 0x4907,
 0x4928, 0x5127, 0x5927, 0x50E5, 0x48A3, 0x4083, 0x3862, 0x48A3, 0x48A4, 0x6189, 0x8BD4, 0x48C5, 0x48A4, 0x6105, 0x6105, 0x6967,
 0x79C9, 0x79A8, 0x81C8, 0x822A, 0x8A6B, 0x92AD, 0x8A2A, 0x7988, 0x8A8D, 0x9ACC, 0xAB8F, 0xAB8F, 0xABD0, 0xABF1, 0x926B, 0x926B,
 0x9B2D, 0x8A8B, 0x92AC, 0x9B0D, 0x9B4E, 0x9392, 0x9310, 0x8A6C, 0x8B10, 0x8374, 0x8352, 0x82AD, 0x79E9, 0x7A4C, 0x7AF2, 0x724D,
 0x71A8, 0x7188, 0x6147, 0x6147, 0x596A, 0x48C5, 0x61CA, 0x5988, 0x40A5, 0x3909, 0x38E9, 0x38E9, 0x38C8, 0x396F, 0x38EA, 0x30A7,
 0x30E9, 0x30A7, 0x314E, 0x31F4, 0x3C5C, 0x3217, 0x310C, 0x30A7, 0x30C8, 0x30E9, 0x392C, 0x3970, 0x30EA, 0x30EA, 0x30E9, 0x2866,
 0x30A7, 0x30C7, 0x30A6, 0x30A7, 0x3086, 0x3085, 0x3085, 0x3064, 0x30C8, 0x30C7, 0x3085, 0x2885, 0x2886, 0x296E, 0x310B, 0x2865,
 0x2864, 0x28EC, 0x29B3, 0x2B38, 0x29B1, 0x290D, 0x28A6, 0x2885, 0x2063, 0x2842, 0x2042, 0x2042, 0x2042, 0x2042, 0x2062, 0x2042,
 0x3062, 0x2863, 0x1842, 0x1821, 0x1021, 0x1045, 0x0848, 0x196F, 0x1B37, 0x11D3, 0x18A9, 0x1865, 0x1022, 0x1021, 0x1021, 0x1020,
 0x1021, 0x1021, 0x1021, 0x1021, 0x1021, 0x1821, 0x1021, 0x1021, 0x1842, 0x2064, 0x2063, 0x1821, 0x1021, 0x1842, 0x3884, 0x2863,
 0x1863, 0x2063, 0x2862, 0x2842, 0x2862, 0x2863, 0x3084, 0x30A4, 0x38C5, 0x38C5, 0x3084, 0x38A4, 0x40C6, 0x40E7, 0x40E7, 0x4907,
 0x5106, 0x48C4, 0x40A3, 0x4083, 0x40A4, 0x48A4, 0x50E6, 0x4929, 0x40A3, 0x48A4, 0x4883, 0x40A3, 0x40A3, 0x50E5, 0x6168, 0x6947,
 0x6946, 0x6967, 0x79C8, 0x71A8, 0x7188, 0x7168, 0x6947, 0x6989, 0x81EA, 0x8A2A, 0x926B, 0x8A6C, 0x8A8C, 0x8A4A, 0x89E8, 0x9AAB,
 0x926A, 0x8A2A, 0x822A, 0x826C, 0x82AE, 0x826D, 0x7A0A, 0x824D, 0x7271, 0x720D, 0x826C, 0x71C9, 0x79EA, 0x72B1, 0x6A0D, 0x6968,
 0x6988, 0x6967, 0x5905, 0x5948, 0x4906, 0x5106, 0x61A9, 0x6126, 0x4907, 0x30A7, 0x38C7, 0x38A6, 0x30C8, 0x30E9, 0x38A6, 0x38C7,
 0x38C7, 0x30C7, 0x310C, 0x31D2, 0x2AD8, 0x3191, 0x30C9, 0x3086, 0x30A7, 0x30C8, 0x390A, 0x394E, 0x30CA, 0x30C8, 0x30C8, 0x30A6,
 0x30A6, 0x30A6, 0x30A6, 0x30A6, 0x30A6, 0x3064, 0x3084, 0x2864, 0x3085, 0x30E8, 0x30A6, 0x2885, 0x3086, 0x30A6, 0x290A, 0x2885,
 0x2863, 0x2043, 0x28C9, 0x294F, 0x31F2, 0x294F, 0x290C, 0x2065, 0x2043, 0x2042, 0x2042, 0x2042, 0x2042, 0x1842, 0x2063, 0x2063,
 0x1841, 0x1821, 0x1821, 0x1841, 0x1022, 0x1021, 0x1021, 0x1023, 0x1067, 0x112D, 0x18EE, 0x18CB, 0x18A7, 0x1044, 0x1021, 0x1021,


};



const unsigned short START_SCREEN_IMAGE[] = {
 0x1041, 0x1021, 0x1021, 0x1021, 0x1021, 0x1021, 0x1021, 0x1021, 0x1021, 0x1021, 0x1041, 0x1021, 0x1021, 0x1021, 0x1021, 0x1021,
 0x1021, 0x1021, 0x1041, 0x1041, 0x1041, 0x1841, 0x1841, 0x1841, 0x1841, 0x1842, 0x1841, 0x2062, 0x2062, 0x2882, 0x2882, 0x2882,
 0x2882, 0x3082, 0x2882, 0x3082, 0x30A2, 0x3082, 0x3082, 0x3082, 0x3082, 0x3082, 0x2882, 0x3082, 0x38A2, 0x38A2, 0x40C3, 0x38A3,
 0x38C3, 0x38A3, 0x38A2, 0x40C3, 0x38C3, 0x38C3, 0x40C3, 0x40E3, 0x40C3, 0x40C3, 0x40C3, 0x38A3, 0x38A2, 0x38A2, 0x40A2, 0x40C3,
 0x40C3, 0x40C3, 0x38A3, 0x3082, 0x38A2, 0x38A2, 0x38A2, 0x3082, 0x38A2, 0x40A2, 0x38A2, 0x40A2, 0x38A2, 0x40A2, 0x40C3, 0x48C3,
 0x48E3, 0x48E3, 0x48E3, 0x40C3, 0x40C3, 0x40C3, 0x40C3, 0x40C3, 0x40C3, 0x38C3, 0x30A2, 0x38A2, 0x38A2, 0x38A2, 0x40C3, 0x40C3,
 0x40C3, 0x40C2, 0x40A2, 0x48E3, 0x48E3, 0x48E3, 0x48E3, 0x48C3, 0x48E3, 0x40C3, 0x38A3, 0x40C3, 0x40C3, 0x40C3, 0x40A3, 0x40C3,
 0x48C3, 0x40C3, 0x38C3, 0x38A3, 0x3082, 0x2882, 0x2882, 0x2882, 0x3082, 0x2882, 0x30A2, 0x30A2, 0x30A2, 0x2882, 0x2882, 0x2062,
 0x2882, 0x2062, 0x2062, 0x2062, 0x2062, 0x1841, 0x1841, 0x1841, 0x1841, 0x1041, 0x1841, 0x1841, 0x1041, 0x1021, 0x1021, 0x1021,
 0x1021, 0x1041, 0x1021, 0x1021, 0x1041, 0x1041, 0x1021, 0x1021, 0x1021, 0x1021, 0x1021, 0x1021, 0x1021, 0x1021, 0x1021, 0x1021,
 0x1021, 0x1021, 0x1021, 0x1021, 0x1021, 0x1041, 0x1041, 0x1021, 0x1021, 0x1021, 0x1041, 0x1041, 0x1841, 0x2061, 0x1841, 0x1862,
 0x1841, 0x2062, 0x2882, 0x3082, 0x3082, 0x30A2, 0x38A2, 0x3082, 0x30A2, 0x30A2, 0x38A2, 0x38A2, 0x40A2, 0x40C3, 0x40C3, 0x40C3,
 0x40C3, 0x40C2, 0x40C2, 0x40A2, 0x40A2, 0x40A2, 0x40C3, 0x40A2, 0x48C3, 0x40C3, 0x40C3, 0x48E3, 0x50E3, 0x5103, 0x5924, 0x5903,
 0x5923, 0x5924, 0x5924, 0x5924, 0x5924, 0x5944, 0x6144, 0x6145, 0x5924, 0x5103, 0x5903, 0x5103, 0x48E3, 0x48E3, 0x50E3, 0x50E3,
 0x50E3, 0x48C3, 0x40C3, 0x48C3, 0x40C3, 0x48C3, 0x40C3, 0x40C3, 0x48C3, 0x48C3, 0x5103, 0x5903, 0x5903, 0x5903, 0x5903, 0x6124,
 0x6964, 0x6944, 0x6144, 0x6144, 0x5924, 0x5924, 0x5924, 0x48E3, 0x40C3, 0x40C3, 0x40A2, 0x40C3, 0x40C3, 0x48C3, 0x48E3, 0x5924,
 0x5903, 0x50E3, 0x50E3, 0x5923, 0x6123, 0x6944, 0x6965, 0x6964, 0x6144, 0x6144, 0x6124, 0x5924, 0x6124, 0x6144, 0x5924, 0x5904,
 0x5924, 0x5904, 0x5104, 0x50E3, 0x40C3, 0x40C3, 0x40C2, 0x48C3, 0x40A2, 0x40A2, 0x40C3, 0x40C3, 0x40A2, 0x40C3, 0x40C3, 0x40C3,
 0x48C3, 0x40C3, 0x38A2, 0x3882, 0x38A2, 0x38A2, 0x38A2, 0x38A2, 0x38A3, 0x38A2, 0x38A2, 0x3082, 0x3082, 0x2862, 0x2061, 0x1841,
 0x1841, 0x1841, 0x2041, 0x1841, 0x1841, 0x1041, 0x1041, 0x1021, 0x1021, 0x1021, 0x1021, 0x1021, 0x1041, 0x1041, 0x1021, 0x1021,
 0x1021, 0x1021, 0x1021, 0x1041, 0x1021, 0x1041, 0x1041, 0x1041, 0x1841, 0x1841, 0x2041, 0x2062, 0x2882, 0x30A2, 0x38A2, 0x38C3,
 0x38A3, 0x40C3, 0x48E3, 0x50E3, 0x40C3, 0x40C3, 0x48C3, 0x48E3, 0x50E3, 0x48E3, 0x48C3, 0x5103, 0x48E3, 0x5103, 0x5124, 0x5944,
 0x5104, 0x48E3, 0x5103, 0x5103, 0x5904, 0x5924, 0x5944, 0x5945, 0x69A6, 0x69A6, 0x6986, 0x6985, 0x69A6, 0x6986, 0x71A6, 0x7185,
 0x6986, 0x69A6, 0x69A6, 0x6144, 0x6965, 0x6985, 0x6144, 0x5924, 0x5103, 0x50E3, 0x50E3, 0x50E3, 0x5103, 0x5904, 0x5924, 0x6124,
 0x6144, 0x5924, 0x5903, 0x5924, 0x5903, 0x5924, 0x5103, 0x50E3, 0x50E3, 0x5903, 0x6124, 0x6144, 0x6144, 0x6144, 0x6144, 0x6165,
 0x6965, 0x69A6, 0x6965, 0x6965, 0x6144, 0x6165, 0x6144, 0x69A6, 0x6145, 0x5924, 0x5924, 0x5103, 0x50E3, 0x5904, 0x5924, 0x5104,
 0x4905, 0x48E4, 0x48E4, 0x4905, 0x5105, 0x5106, 0x4905, 0x5967, 0x61A7, 0x69A7, 0x7A07, 0x8208, 0x71C6, 0x71A6, 0x6985, 0x6165,
 0x6165, 0x6965, 0x6165, 0x6165, 0x6145, 0x6165, 0x6186, 0x6965, 0x6165, 0x6165, 0x5924, 0x5104, 0x5104, 0x5104, 0x5104, 0x5904,
 0x5904, 0x5124, 0x5104, 0x5103, 0x48E3, 0x48E3, 0x50E3, 0x48E3, 0x48E3, 0x48E3, 0x48C3, 0x40A2, 0x48E3, 0x48E3, 0x40C3, 0x38A2,
 0x3082, 0x3082, 0x3082, 0x2862, 0x2062, 0x1842, 0x1841, 0x1841, 0x1841, 0x1021, 0x1021, 0x1041, 0x1041, 0x1041, 0x1021, 0x1021,
 0x1021, 0x1021, 0x1041, 0x1041, 0x1041, 0x1021, 0x1841, 0x1841, 0x1841, 0x2062, 0x3082, 0x38A2, 0x38A2, 0x40C3, 0x48C3, 0x48C3,
 0x50E3, 0x6145, 0x6985, 0x5945, 0x40E3, 0x5103, 0x5904, 0x6145, 0x71C6, 0x71C6, 0x6985, 0x79E6, 0x71A6, 0x6985, 0x7185, 0x71A6,
 0x69A5, 0x71A6, 0x71C6, 0x71E6, 0x79E7, 0x7A07, 0x7A28, 0x8228, 0x8228, 0x8228, 0x7A28, 0x7A28, 0x7A28, 0x71E7, 0x71C7, 0x69C7,
 0x69C7, 0x7208, 0x71E7, 0x71A6, 0x6985, 0x6165, 0x5903, 0x5924, 0x6124, 0x6144, 0x6165, 0x6944, 0x71A6, 0x7A08, 0x7A08, 0x7A08,
 0x7A08, 0x71C6, 0x71C6, 0x6986, 0x6965, 0x6985, 0x6965, 0x6985, 0x6985, 0x6985, 0x71C6, 0x71C6, 0x79E7, 0x7A28, 0x7A07, 0x8A68,
 0x8A69, 0x8249, 0x8248, 0x8207, 0x79E7, 0x7A07, 0x8207, 0x8228, 0x8228, 0x79C6, 0x79C6, 0x71C6, 0x71C7, 0x7185, 0x5104, 0x4108,
 0x4908, 0x4107, 0x4107, 0x414A, 0x4929, 0x4128, 0x4128, 0x498C, 0x59EB, 0x59CA, 0x61EA, 0x8228, 0x9AA9, 0x8A69, 0x7A07, 0x79C6,
 0x79E7, 0x8207, 0x79E7, 0x79E7, 0x7A07, 0x7A07, 0x7A28, 0x8228, 0x8248, 0x7A07, 0x79E7, 0x71A6, 0x69A5, 0x71C6, 0x71A6, 0x71A6,
 0x71A6, 0x69A5, 0x71A5, 0x71C6, 0x71A6, 0x69A5, 0x6965, 0x6165, 0x6165, 0x5945, 0x5924, 0x48E3, 0x5104, 0x6165, 0x5924, 0x40C3,
 0x40C3, 0x38A2, 0x3882, 0x38A2, 0x38A2, 0x3082, 0x2862, 0x2041, 0x1841, 0x1841, 0x1021, 0x1041, 0x1041, 0x1021, 0x1021, 0x1021,
 0x1021, 0x1041, 0x1841, 0x2041, 0x2062, 0x2062, 0x2862, 0x2862, 0x2882, 0x2882, 0x38A2, 0x30A2, 0x3082, 0x2882, 0x3082, 0x38A2,
 0x40C3, 0x38C3, 0x30A2, 0x38C3, 0x38A2, 0x48E3, 0x5124, 0x5944, 0x6985, 0x71A6, 0x71A6, 0x8207, 0x8A48, 0x7A07, 0x7A07, 0x8248,
 0x8A89, 0x8AAA, 0x8A69, 0x8A89, 0x8A89, 0x8A89, 0x9269, 0x9269, 0x9269, 0x92AA, 0x92CA, 0x92CA, 0x92AA, 0x8A69, 0x8248, 0x7A07,
 0x7A07, 0x92CB, 0x92CA, 0x8228, 0x71A6, 0x7185, 0x79E7, 0x8249, 0x8A69, 0x8228, 0x71A6, 0x6124, 0x5945, 0x6985, 0x7A07, 0x7A08,
 0x7A08, 0x79E7, 0x8228, 0x8A48, 0x8228, 0x8227, 0x8227, 0x8207, 0x8A28, 0x9289, 0x9289, 0x9268, 0x9268, 0x92A9, 0x9AC9, 0xAB4B,
 0xAB6C, 0xA32B, 0xA30B, 0xA2EA, 0x9ACA, 0xA2C9, 0xA2EA, 0x9ACA, 0xA2EA, 0x9B0B, 0x92CA, 0x8A68, 0x9268, 0x6187, 0x4109, 0x494A,
 0x496A, 0x414A, 0x414B, 0x414C, 0x496B, 0x496B, 0x49AD, 0x5210, 0x5A71, 0x5A0E, 0x520F, 0x69E9, 0xA2C9, 0x9AA9, 0x9289, 0x9268,
 0x9269, 0x9269, 0x8A68, 0x9289, 0x9AEA, 0x9ACA, 0x9289, 0x8A68, 0x8A48, 0x8227, 0x8227, 0x8227, 0x8248, 0x8269, 0x8249, 0x8269,
 0x8A69, 0x7A07, 0x8228, 0x79E7, 0x81E6, 0x79E6, 0x6985, 0x5944, 0x5944, 0x5945, 0x5924, 0x40C3, 0x38A2, 0x30A2, 0x30A2, 0x30A2,
 0x30A2, 0x2862, 0x2062, 0x2862, 0x30A2, 0x30A2, 0x2882, 0x2862, 0x2862, 0x2882, 0x2062, 0x2041, 0x1841, 0x1841, 0x1041, 0x1021,
 0x1041, 0x1841, 0x2062, 0x2862, 0x3082, 0x38A2, 0x40C3, 0x40C3, 0x40C3, 0x40A2, 0x40C3, 0x40C3, 0x40C3, 0x48E3, 0x5104, 0x5924,
 0x6165, 0x6985, 0x6144, 0x6985, 0x69A6, 0x71E7, 0x8207, 0x81E7, 0x8227, 0x8A48, 0x8A89, 0x92CB, 0x92CB, 0x9AEB, 0x9ACA, 0x9B2C,
 0xA34C, 0xA34C, 0xA30B, 0xA32C, 0xA32C, 0xA32C, 0x9AEB, 0x9AEB, 0x9AEB, 0x92EB, 0x9B0B, 0xA32C, 0x9AEA, 0x9B0B, 0x9B0B, 0x9ACA,
 0x9B0B, 0x9B0C, 0x8A69, 0x8228, 0x92A9, 0x9B2C, 0x9AEB, 0x9AEB, 0x8A28, 0x5104, 0x38A3, 0x3084, 0x3084, 0x3084, 0x5105, 0x8A06,
 0x8207, 0x928A, 0xA34C, 0x9ACA, 0x9B0B, 0xA36D, 0xA34C, 0xA34C, 0xAB4C, 0xAB6D, 0xABAE, 0xAB6D, 0xAB6D, 0xAB6D, 0xAB6C, 0xAB8D,
 0xB3CE, 0xB3AE, 0xB3AE, 0xAB8D, 0xB3AD, 0xB3EF, 0xABAE, 0xA32B, 0xAB6C, 0xB3AE, 0xAB6C, 0xAB0A, 0x9AA8, 0x3907, 0x414B, 0x3929,
 0x4149, 0x418B, 0x414A, 0x394B, 0x49CF, 0x49F0, 0x5272, 0x5AB3, 0x62F4, 0x62D3, 0x5272, 0x7A69, 0xAB2A, 0xA2EB, 0xA2EA, 0xA2EA,
 0x9ACA, 0x9ACA, 0xA32B, 0xA30B, 0xA32B, 0xA34C, 0x9AEB, 0x92AA, 0x9AEB, 0x9B0B, 0x9B0B, 0x9AEB, 0x92CA, 0x92CA, 0x9B0C, 0x9B0C,
 0xA32C, 0xA32C, 0x9B0C, 0x92AA, 0x8A68, 0x8A48, 0x8A48, 0x8228, 0x8248, 0x8228, 0x8228, 0x69A6, 0x5944, 0x5924, 0x6165, 0x6165,
 0x5104, 0x48E3, 0x40C3, 0x40A2, 0x40C3, 0x40C3, 0x40C3, 0x38A2, 0x40C3, 0x38A3, 0x38A2, 0x3082, 0x2062, 0x2062, 0x1841, 0x1841,
 0x2882, 0x2882, 0x3082, 0x3082, 0x40A2, 0x40C3, 0x48C3, 0x48C3, 0x48E3, 0x5103, 0x50E3, 0x5104, 0x6145, 0x71A6, 0x71C6, 0x8A27,
 0x8207, 0x79C6, 0x79E6, 0x8227, 0x8228, 0x8A69, 0x9AEB, 0x9B2C, 0xA34D, 0x92CA, 0x92AA, 0x92EB, 0x92CA, 0x9AEB, 0x92AA, 0x9B2C,
 0xABAE, 0xAB8D, 0xB3CE, 0xB3EF, 0xB3CE, 0xB40F, 0xB3EF, 0xB3AE, 0xB38D, 0xAB6C, 0xA32B, 0x9AEB, 0xA32C, 0xAB6C, 0xAB6D, 0xB38D,
 0xA32B, 0x9ACA, 0xA30B, 0xAB6C, 0xA32B, 0x9AEA, 0xAB4B, 0xA30B, 0x4906, 0x2885, 0x2864, 0x2063, 0x2862, 0x2863, 0x2045, 0x7A49,
 0xC3CD, 0xAB2B, 0xAB8D, 0xAB8D, 0xAB6D, 0xABCE, 0xB451, 0xB431, 0xABEF, 0xB3EF, 0xB472, 0xB410, 0xB410, 0xBCB3, 0xBD15, 0xB451,
 0xBC93, 0xB4D4, 0xBCD5, 0xBCD4, 0xBCB3, 0xBCB3, 0xBC51, 0xBC51, 0xBC71, 0xBC10, 0xC40E, 0xCC2E, 0x7A89, 0x310A, 0x41AD, 0x418C,
 0x41CE, 0x4A10, 0x49CF, 0x3108, 0x41F0, 0x4A52, 0x52D5, 0x6336, 0x6377, 0x73D9, 0x52B1, 0x9B0A, 0xBB8C, 0xB38D, 0xB36C, 0xB36C,
 0xB38C, 0xB38C, 0xB38D, 0xAB4C, 0xA30B, 0xA32C, 0xA32C, 0xA34C, 0xABAE, 0xB3CE, 0xABCE, 0xABAE, 0xABAE, 0xA38E, 0xA36D, 0xA32C,
 0x9AEA, 0x92AA, 0x8A69, 0x8A69, 0x92AA, 0x92CB, 0x9AEB, 0x9AEB, 0x9B2C, 0x9B2C, 0x8A69, 0x8228, 0x79E7, 0x79E7, 0x79E7, 0x79C6,
 0x79E6, 0x71C6, 0x69A6, 0x6145, 0x5104, 0x5103, 0x48E3, 0x48E3, 0x48E3, 0x40C3, 0x40C3, 0x38A2, 0x38A2, 0x3082, 0x2862, 0x2882,
 0x48C3, 0x48C3, 0x40C3, 0x40A3, 0x38A2, 0x38A2, 0x40C3, 0x40C3, 0x40C3, 0x5103, 0x5103, 0x5124, 0x6165, 0x71A6, 0x6185, 0x71C6,
 0x8227, 0x8228, 0x8A69, 0x8A69, 0x92AA, 0x92AA, 0xA36D, 0xA38E, 0x92AA, 0x8A68, 0x9289, 0x8A89, 0x92AA, 0x9B0B, 0x9B0B, 0xA32C,
 0xA34C, 0xA32C, 0xAB4C, 0xAB4C, 0xA32C, 0xAB6C, 0xB38D, 0xB3AD, 0xB3CD, 0xB3AE, 0xB3AD, 0xB3AD, 0xB3AD, 0xB3AE, 0xB3CD, 0xB3AD,
 0xAB2B, 0xAB8D, 0xB40F, 0xB3CE, 0xB3EF, 0xCCD3, 0xDE17, 0x61EA, 0x1827, 0x2864, 0x2042, 0x1841, 0x3082, 0x40E4, 0x38C5, 0x28A5,
 0x82CB, 0xCC4F, 0xBBAD, 0xBC0F, 0xB472, 0xB431, 0xB451, 0xBCB4, 0xBD16, 0xBD36, 0xBD36, 0xBD57, 0xBD57, 0xBD78, 0xC598, 0xC5B9,
 0xC5B8, 0xC5B9, 0xBDB9, 0xBDB9, 0xC598, 0xBD36, 0xBD36, 0xC577, 0xBD57, 0xCD55, 0xBCB2, 0x6A8D, 0x318D, 0x4A52, 0x52D5, 0x4211,
 0x4232, 0x4A94, 0x4A94, 0x41AE, 0x4211, 0x4A53, 0x5317, 0x6BD9, 0x749C, 0x63D8, 0x8B8F, 0xC450, 0xBC30, 0xBC0F, 0xB3AD, 0xB3CE,
 0xBBEE, 0xBBCE, 0xB3AD, 0xB3AD, 0xB3EE, 0xB3CE, 0xBBEE, 0xB3AD, 0xAB8D, 0xB38D, 0xAB6C, 0xAB6C, 0xA34C, 0xA34C, 0xA32C, 0x9B0C,
 0x92CA, 0x9AEB, 0x92EB, 0x9289, 0x92A9, 0x9289, 0x8A69, 0x8A48, 0x9B2C, 0x9B4C, 0x9289, 0x9289, 0x8A69, 0x8A89, 0x7A07, 0x79E7,
 0x71C6, 0x69A6, 0x69A6, 0x6165, 0x5944, 0x5104, 0x40C3, 0x40C3, 0x40C3, 0x40C3, 0x38A2, 0x38A2, 0x40C3, 0x40C3, 0x40C3, 0x40C3,
 0x48E3, 0x38A2, 0x38A2, 0x30A2, 0x38A2, 0x40C3, 0x48E3, 0x5103, 0x5104, 0x5924, 0x5124, 0x6165, 0x79C6, 0x79E7, 0x79E7, 0x8227,
 0x8A68, 0x92AA, 0x8A89, 0x8A89, 0x9ACA, 0x9B0C, 0x9B2C, 0x9ACA, 0xA2EA, 0xA32B, 0xA34C, 0xA34C, 0xAB6C, 0xB38D, 0xAB8D, 0xAB6C,
 0xAB6C, 0xAB4C, 0xAB2B, 0xAB4C, 0xAB4C, 0xB38D, 0xB38D, 0xB3AD, 0xB3CE, 0xB3EF, 0xBC30, 0xC451, 0xC450, 0xBC0F, 0xC430, 0xC491,
 0xBC71, 0xC471, 0xC535, 0xC536, 0xC491, 0xC491, 0xE679, 0x6ACE, 0x2844, 0x5987, 0x5987, 0x38E4, 0x59A9, 0x6A0A, 0x61C9, 0x4927,
 0x4127, 0x9BF0, 0xCD35, 0xBCF4, 0xC535, 0xC557, 0xBD78, 0xBDB9, 0xC5DA, 0xC5D9, 0xC5B9, 0xC5DA, 0xC61B, 0xC61B, 0xCE5B, 0xCE5C,
 0xCE5C, 0xCE5C, 0xC61B, 0xC5FA, 0xC5B8, 0xC536, 0xBD36, 0xBD78, 0xD5D8, 0xD5F8, 0x524F, 0x294D, 0x39EF, 0x4AD4, 0x4231, 0x41F0,
 0x4A73, 0x5337, 0x5337, 0x52D6, 0x4A94, 0x4AD6, 0x5358, 0x5BB9, 0x7C78, 0xA4B4, 0xD5B6, 0xCD56, 0xCD56, 0xC514, 0xBCB3, 0xBCD4,
 0xBCB2, 0xBC51, 0xBC30, 0xC4B2, 0xBC71, 0xBC50, 0xBC50, 0xBBEE, 0xB3AD, 0xB38D, 0xB38D, 0xB3AD, 0xB38D, 0xAB6C, 0xAB4C, 0xA32C,
 0xA32C, 0xAB8D, 0xAB8D, 0xA36C, 0xA36D, 0x9B2C, 0x9ACA, 0x9ACA, 0xA34C, 0xA34C, 0x9B0B, 0x9ACA, 0x92A9, 0x8A68, 0x8228, 0x8A69,
 0x8207, 0x79E6, 0x79E7, 0x7A07, 0x6185, 0x4903, 0x48E3, 0x5103, 0x5103, 0x48E3, 0x40C3, 0x38A2, 0x30A2, 0x38A2, 0x38A2, 0x40C3,
 0x38A2, 0x30A2, 0x30A2, 0x38A2, 0x40C3, 0x48E3, 0x48E3, 0x48E3, 0x5104, 0x6165, 0x79C6, 0x8207, 0x8A48, 0x9289, 0x9AEB, 0x92CA,
 0x92A9, 0x8A89, 0x92AA, 0x92A9, 0x9AEB, 0x9B2C, 0xA36D, 0xAB8D, 0xABAE, 0xB3CE, 0xB3CE, 0xAB8D, 0xB3CE, 0xB3EF, 0xB430, 0xB410,
 0xBC10, 0xBC2F, 0xB40F, 0xBC0F, 0xBC0F, 0xBC30, 0xBC71, 0xBC71, 0xBC71, 0xC492, 0xBCB3, 0xC4B3, 0xC4F4, 0xC4F4, 0xC535, 0xCDB8,
 0xC556, 0xC577, 0xCDD9, 0xCCF3, 0xC4F3, 0xCD35, 0xDE39, 0x834E, 0x8ACE, 0x9B71, 0x4968, 0x30E4, 0x4147, 0x3128, 0x3108, 0x30E6,
 0x38E6, 0x730D, 0xF77E, 0xCE3B, 0xC5DA, 0xC5B9, 0xC598, 0xC557, 0xC598, 0xCDF9, 0xCDB9, 0xCD97, 0xCDF9, 0xCE5B, 0xD65B, 0xD65B,
 0xCE1A, 0xC5DA, 0xC5D9, 0xCDB8, 0xCDD8, 0xDDF8, 0xEE58, 0xFEF9, 0xF71A, 0x62CC, 0x18EB, 0x314B, 0x3A10, 0x318D, 0x3A11, 0x4A93,
 0x4A73, 0x52D5, 0x4232, 0x5358, 0x5358, 0x539A, 0x4B38, 0x732E, 0xE638, 0xDE5A, 0xCE1A, 0xCDF9, 0xCDB7, 0xCD97, 0xCD77, 0xC535,
 0xC4F4, 0xCD14, 0xC535, 0xC535, 0xC4F4, 0xBC92, 0xBC51, 0xBC51, 0xBC30, 0xBC2F, 0xBC30, 0xBC30, 0xB40F, 0xB40F, 0xB40F, 0xB410,
 0xB410, 0xB40F, 0xABAE, 0xABAE, 0xAB8D, 0xABAE, 0xABCE, 0xABAE, 0xABAE, 0xAB8D, 0x9B0B, 0x9ACA, 0x92EA, 0x92CA, 0x92AA, 0x92AA,
 0x92CA, 0x92EB, 0x8A69, 0x8A68, 0x8A48, 0x79E6, 0x6165, 0x5124, 0x48E3, 0x48E3, 0x50E3, 0x40C3, 0x30A2, 0x38A2, 0x30A2, 0x30A2,
 0x40C3, 0x40C3, 0x48E3, 0x5103, 0x48E3, 0x5104, 0x5124, 0x5924, 0x71A6, 0x8207, 0x8A89, 0x930B, 0x9B2C, 0x8AAA, 0x92CA, 0x8A89,
 0x92AA, 0x92CB, 0x9B2C, 0x9B2C, 0x9B0B, 0xA30B, 0xA32C, 0xAB4C, 0xAB6C, 0xBBCD, 0xB3EE, 0xB3EF, 0xB3EF, 0xBC0F, 0xBC0F, 0xBC0F,
 0xBC0F, 0xBC30, 0xBC50, 0xBC50, 0xBC71, 0xBC92, 0xC4D4, 0xC514, 0xC535, 0xC556, 0xC577, 0xC556, 0xC598, 0xCDD9, 0xCDFA, 0xCDB8,
 0xCDB7, 0xCDF9, 0xCD97, 0xC514, 0xCD77, 0xD619, 0xE6DC, 0x9C32, 0x9BB2, 0x312A, 0x210A, 0x1844, 0x20C8, 0x39D1, 0x31AF, 0x292C,
 0x20A8, 0x3928, 0x9C71, 0xF79D, 0xE6BB, 0xCE19, 0xCE1A, 0xD65A, 0xD69C, 0xE75E, 0xDF3E, 0xD69C, 0xD67B, 0xDEDD, 0xDEFD, 0xDEDC,
 0xDEBC, 0xE6BC, 0xE6DC, 0xE6DD, 0xF79E, 0xC5D8, 0x9C94, 0x83D0, 0x4A09, 0x18EA, 0x31CF, 0x42D6, 0x5358, 0x4AD5, 0x5399, 0x643D,
 0x6C7C, 0x6C5C, 0x42B5, 0x53B8, 0x5C3C, 0x4B38, 0x4B36, 0xCDD5, 0xF6DA, 0xD5F8, 0xCE1A, 0xD63A, 0xCE1A, 0xCDD8, 0xCDD8, 0xCDD8,
 0xCDB8, 0xCDB8, 0xCD97, 0xC576, 0xC555, 0xC515, 0xC4F4, 0xC4D4, 0xBCB3, 0xBC92, 0xBC92, 0xBC71, 0xBC50, 0xBC30, 0xBC30, 0xBC2F,
 0xBC0F, 0xB3EF, 0xB3CE, 0xB40F, 0xB3EF, 0xB3CE, 0xB3CE, 0xAB6D, 0xA32B, 0x9B2C, 0x9B0B, 0x9B0B, 0x92CB, 0xA32C, 0x930B, 0x92CA,
 0x9289, 0x92EB, 0x92CA, 0x92EB, 0x930C, 0x92EB, 0x8A68, 0x79C6, 0x6145, 0x5924, 0x5924, 0x5103, 0x40C3, 0x40C3, 0x40C3, 0x48E3,
 0x48E3, 0x40C3, 0x48E3, 0x48E3, 0x48C3, 0x40A2, 0x48E3, 0x71C7, 0x8A48, 0x79E7, 0x8A48, 0x8A68, 0x8207, 0x8227, 0x8A48, 0x9289,
 0x9ACA, 0x9ACA, 0xA2EA, 0xA30B, 0xA32B, 0xAB4C, 0xAB6D, 0xB36C, 0xBBCD, 0xBC30, 0xBC71, 0xBC51, 0xBC92, 0xC4B2, 0xBC92, 0xBC92,
 0xC4D3, 0xC514, 0xCD35, 0xCD56, 0xCD77, 0xCDB8, 0xCDB8, 0xCDD9, 0xCDFA, 0xCE1A, 0xCE5B, 0xCE5C, 0xCE5B, 0xCE5B, 0xCE1A, 0xCE3A,
 0xCE3B, 0xD67C, 0xD69C, 0xDEBC, 0xDEBD, 0xE6FD, 0xEF3C, 0x93F2, 0x41EE, 0x18A9, 0x318F, 0x294C, 0x292B, 0x3A12, 0x3A53, 0x3A12,
 0x292D, 0x296E, 0x18AA, 0xC617, 0xFFFF, 0xF77D, 0xF77D, 0xEF7E, 0xEF5E, 0xEF3D, 0xE71D, 0xD69C, 0xD67C, 0xDEFD, 0xE71E, 0xE73E,
 0xF75D, 0xF73D, 0xFF9E, 0xFFBD, 0x83D1, 0x0827, 0x0003, 0x0001, 0x18EA, 0x31D0, 0x4AD6, 0x53BB, 0x643D, 0x6CDE, 0x7D5F, 0x753F,
 0x74FE, 0xA69F, 0x645C, 0x4B57, 0x649E, 0x29AE, 0x7BAF, 0xFFFF, 0xF73D, 0xE71D, 0xDF1D, 0xDEFD, 0xD6BD, 0xD69C, 0xCE7C, 0xCE3B,
 0xCE3B, 0xCE3B, 0xCE3B, 0xCDFA, 0xCDF9, 0xCDF9, 0xCDD8, 0xCDB8, 0xC577, 0xC556, 0xC576, 0xC556, 0xC535, 0xC535, 0xC515, 0xC4F3,
 0xC4D3, 0xC492, 0xBC92, 0xBC71, 0xC491, 0xBC50, 0xBC0F, 0xB3AD, 0xB38C, 0xAB6C, 0xAB4C, 0xA32C, 0x92CA, 0xA32B, 0x9ACA, 0x9AA9,
 0x8A68, 0x8A48, 0x8A48, 0x8A48, 0x8248, 0x8A89, 0x8228, 0x8248, 0x71C6, 0x4903, 0x40C3, 0x48E3, 0x48E3, 0x48E3, 0x40C3, 0x40C3,
 0x69A6, 0x69A6, 0x6985, 0x69A6, 0x6144, 0x71C6, 0x8AAA, 0x92AA, 0x8A69, 0x8207, 0x8A68, 0x9289, 0x9ACA, 0xA32C, 0xA34C, 0xABAE,
 0xB3CE, 0xB431, 0xB451, 0xB472, 0xBC72, 0xBC50, 0xBC51, 0xBC71, 0xBCB3, 0xC4B2, 0xC4F4, 0xC4F4, 0xC515, 0xC577, 0xC5D9, 0xC5B9,
 0xC5D9, 0xCE1A, 0xCE1A, 0xCDF9, 0xCE3A, 0xCE5B, 0xCE5B, 0xCE5C, 0xD67C, 0xD69C, 0xD6BD, 0xDEDD, 0xD6BD, 0xD6DD, 0xD6DD, 0xD6BD,
 0xD6DD, 0xE73E, 0xE75E, 0xEF7E, 0xEF7E, 0xF79E, 0xFFFF, 0x8C53, 0x296E, 0x290A, 0x318E, 0x39F1, 0x39D0, 0x316E, 0x31D0, 0x31AF,
 0x28EA, 0x20E8, 0x0827, 0x9471, 0xFFFF, 0xFFFF, 0xFFDF, 0xF77E, 0xF77E, 0xFFBF, 0xFFBF, 0xFFBF, 0xFF9E, 0xF73D, 0xF73D, 0xF79E,
 0xFFBF, 0xFFBF, 0xFFFF, 0x9473, 0x000B, 0x0005, 0x0800, 0x18A7, 0x31B0, 0x3A13, 0x537B, 0x6C9E, 0x7D5F, 0x859F, 0x7D9F, 0x7D9F,
 0x755F, 0x859F, 0x5BD8, 0x3A52, 0x757F, 0x3252, 0x3986, 0xF79D, 0xFFDF, 0xF79E, 0xF79E, 0xEF9E, 0xEF7E, 0xE75E, 0xE71E, 0xD6BD,
 0xCE9C, 0xCE9C, 0xD6DD, 0xD6DD, 0xD69C, 0xD69C, 0xD6BC, 0xD67C, 0xCE3B, 0xCE3B, 0xC5F9, 0xC5B8, 0xC5D9, 0xCDF9, 0xCE1A, 0xCDF9,
 0xCDD9, 0xC5B8, 0xC598, 0xC556, 0xC515, 0xC4F4, 0xBCB3, 0xBCB2, 0xBC92, 0xB40F, 0xB451, 0xB450, 0xB451, 0xB492, 0xB451, 0xAC10,
 0xA38D, 0xA34C, 0xA34D, 0x9B2C, 0x9ACA, 0x8A48, 0x8227, 0x8A89, 0x8AAA, 0x7A28, 0x6986, 0x5924, 0x5944, 0x6185, 0x6165, 0x6165,
 0x8207, 0x8207, 0x8228, 0x92CA, 0xAB8E, 0xA3CF, 0x8A69, 0x8A68, 0x8207, 0x9289, 0x9B0C, 0x8268, 0x8A48, 0xA34C, 0xA36C, 0xABEF,
 0xB472, 0xBCF4, 0xBD36, 0xBD36, 0xBD36, 0xBD36, 0xBD57, 0xC598, 0xC5FA, 0xC5B9, 0xC598, 0xC556, 0xC556, 0xC577, 0xC598, 0xC5B8,
 0xCDD9, 0xCDF9, 0xCDFA, 0xCE1B, 0xCE5C, 0xCE9C, 0xD6BD, 0xCE9D, 0xD6BD, 0xD6BD, 0xD6DD, 0xD6BC, 0xD69C, 0xD6BC, 0xDEBC, 0xDEBC,
 0xD69C, 0xD6BC, 0xDEDD, 0xE75E, 0xF77E, 0xFFBE, 0xFFFF, 0x94B4, 0x18CA, 0x31B0, 0x39F1, 0x31F1, 0x318F, 0x292C, 0x292C, 0x294E,
 0x296E, 0x290A, 0x1865, 0x41CA, 0x8411, 0xB575, 0xEF7C, 0xFFFF, 0xF79E, 0xCE79, 0xAD33, 0xA535, 0xCE38, 0xFFFD, 0xFF9D, 0xF6FB,
 0xF6DB, 0xFF3C, 0xF79D, 0x210B, 0x0010, 0x0031, 0x0805, 0x1884, 0x296E, 0x3A14, 0x5C3D, 0x7D9F, 0x8DFF, 0x961F, 0x859F, 0x85BF,
 0x859F, 0x7D5F, 0x6CDD, 0x5C1C, 0x7DBF, 0x3A93, 0x0001, 0x7BB1, 0xFFFF, 0xF77E, 0xEF7E, 0xEF5E, 0xDEFD, 0xDEBC, 0xDEBC, 0xDEBC,
 0xD65B, 0xD65B, 0xD6BC, 0xD6BD, 0xD6BD, 0xD6DD, 0xD6DD, 0xDEFD, 0xD6DD, 0xD69C, 0xCE3B, 0xCDFA, 0xC5B9, 0xCDB8, 0xCDD8, 0xCD97,
 0xC577, 0xC598, 0xBD77, 0xC577, 0xC536, 0xC557, 0xC598, 0xBD99, 0xC598, 0xC598, 0xBD77, 0xBD36, 0xBD57, 0xB557, 0xB4F5, 0xAC52,
 0xAC10, 0xA38D, 0xA38D, 0xA36D, 0x9ACA, 0xA32C, 0xA36D, 0x92AA, 0x8A89, 0x8A8A, 0x9B4D, 0xABAE, 0x9289, 0x7A07, 0x71C6, 0x71C6,
 0x40C3, 0x5103, 0x6144, 0x6985, 0x7207, 0x8228, 0x7A07, 0x8269, 0x8A89, 0x9ACA, 0xA32C, 0xA30B, 0xA36D, 0xAB8D, 0xA38E, 0xAB8D,
 0xAB6D, 0xAB6C, 0xB3CE, 0xB3CE, 0xB3CE, 0xBC0F, 0xBC50, 0xBCB2, 0xBCB3, 0xC4F4, 0xC514, 0xBCD4, 0xBCB3, 0xBCB2, 0xC492, 0xC4B2,
 0xC514, 0xCD35, 0xCD76, 0xCD76, 0xCD55, 0xCD55, 0xD575, 0xCD76, 0xCD76, 0xD596, 0xD5B7, 0xCDB7, 0xD5F9, 0xD63A, 0xD69B, 0xD69B,
 0xD6BC, 0xDF1D, 0xE73E, 0xE75E, 0xEF7E, 0xF79E, 0xFFFF, 0x6B4F, 0x31D1, 0x4294, 0x4233, 0x39D0, 0x4253, 0x4253, 0x3A12, 0x39D0,
 0x316E, 0x31CF, 0x318F, 0x292D, 0x210C, 0x18CB, 0x398A, 0x5248, 0x2902, 0x0000, 0x0002, 0x000C, 0x000E, 0x6B0F, 0xF79C, 0xFFFE,
 0xFF5B, 0xFFBD, 0xB5B5, 0x000A, 0x000F, 0x0037, 0x0039, 0x0828, 0x1883, 0x318E, 0x5BFC, 0x7DDF, 0xA6DF, 0x9E9F, 0x859F, 0x85BF,
 0x85BF, 0x9E5F, 0x8E1F, 0x5C1D, 0x645D, 0x2149, 0x0000, 0x5270, 0xFFFF, 0xF79E, 0xEF7E, 0xEF7E, 0xE71D, 0xDEDC, 0xD67B, 0xD65A,
 0xD619, 0xD5D8, 0xD5F8, 0xCD76, 0xCD75, 0xCD34, 0xCCF3, 0xC4F4, 0xCD14, 0xCD34, 0xCD34, 0xC514, 0xBCD3, 0xC4D3, 0xC4D3, 0xC4B2,
 0xC491, 0xC491, 0xC491, 0xC492, 0xBCB2, 0xBCB3, 0xC515, 0xBC92, 0xBC92, 0xBC71, 0xBC0F, 0xB3EE, 0xB3CE, 0xB3AD, 0xAB6C, 0xA34C,
 0xABAE, 0xB3EF, 0xABAE, 0xABCE, 0xAB8D, 0xA34C, 0xA32C, 0x92CA, 0x8A89, 0x79E7, 0x69A6, 0x69C6, 0x6185, 0x6165, 0x5104, 0x40C3,
 0x5104, 0x4904, 0x4904, 0x4904, 0x40C3, 0x5924, 0x6985, 0x79E7, 0x8207, 0x8A48, 0x9AEA, 0x9B0B, 0xAB6D, 0xB3AD, 0xB3CE, 0xB3EF,
 0xB410, 0xB3EF, 0xABCF, 0xA34C, 0xA34C, 0xAB2B, 0xAB4B, 0xAB4B, 0xAB4C, 0xB38C, 0xB3AD, 0xB3AD, 0xB3CE, 0xB3EF, 0xBC30, 0xC492,
 0xC4D3, 0xC4F3, 0xCD14, 0xCD34, 0xCD76, 0xCD76, 0xCDB7, 0xD5D8, 0xD61A, 0xD65B, 0xD65B, 0xD67C, 0xD67C, 0xD6BC, 0xD6DD, 0xD6FE,
 0xDF1E, 0xE75E, 0xE75E, 0xE75E, 0xE75E, 0xEF7E, 0xFFFF, 0x7BB0, 0x42D8, 0x5C1C, 0x5379, 0x4AF5, 0x643C, 0x641C, 0x63FB, 0x5358,
 0x4274, 0x316E, 0x31D0, 0x31B0, 0x316D, 0x28E8, 0x1845, 0x0005, 0x0009, 0x000E, 0x0030, 0x000E, 0x000F, 0x000E, 0x292C, 0xB597,
 0xFFFF, 0xFFFF, 0x5AAD, 0x000B, 0x082C, 0x000F, 0x005A, 0x007E, 0x0032, 0x1048, 0x294B, 0x4B15, 0x6C7B, 0x6C7D, 0x74FF, 0x7D7F,
 0x7D9F, 0x961F, 0x6CBD, 0x3A75, 0x212B, 0x0826, 0x0010, 0x9475, 0xFFFF, 0xEF5E, 0xE75E, 0xE73E, 0xE73E, 0xE73E, 0xDEDD, 0xD6BD,
 0xD6BD, 0xD65C, 0xCE3B, 0xCDF9, 0xCDD8, 0xCDB8, 0xCD97, 0xCD35, 0xCD35, 0xCD55, 0xCD14, 0xCD14, 0xC4D2, 0xC491, 0xBC91, 0xC492,
 0xC4D3, 0xBC91, 0xBC0F, 0xB3AD, 0xB38D, 0xB3AD, 0xB38D, 0xB36C, 0xAB4C, 0xA2EA, 0xA30A, 0xA32C, 0xABAE, 0xAB8E, 0xABCF, 0xB410,
 0xABEF, 0xB3CF, 0xABAE, 0xA36D, 0x9B0C, 0x92AA, 0x8A69, 0x79E7, 0x71C6, 0x6985, 0x5103, 0x40A2, 0x40E3, 0x4104, 0x4904, 0x5124,
 0x71A6, 0x7A28, 0x8A8A, 0x8A8A, 0x92CB, 0x9B0C, 0x8A69, 0x8A48, 0x8228, 0x8228, 0x8A48, 0x8227, 0x8227, 0x8A48, 0x9289, 0x9AEA,
 0xAB2C, 0xAB4C, 0xAB6C, 0xAB8D, 0xB3AE, 0xABAE, 0xABAE, 0xB3CE, 0xB3CE, 0xBC30, 0xBC71, 0xBC92, 0xC4F4, 0xC556, 0xCDB8, 0xCDD9,
 0xCDFA, 0xCDFA, 0xCE5B, 0xD69C, 0xD6BD, 0xD6DD, 0xD6DE, 0xD6FE, 0xD6FE, 0xDF1E, 0xDF1E, 0xDF1E, 0xDF1E, 0xDF3E, 0xE73E, 0xE73E,
 0xE73E, 0xE75E, 0xEF7F, 0xEF7F, 0xEF9F, 0xF7BF, 0xFFFF, 0xA536, 0x5BF9, 0x751F, 0x645C, 0x641B, 0x7D5F, 0x751E, 0x74DE, 0x6C9D,
 0x5BBA, 0x3A54, 0x318F, 0x294B, 0x1885, 0x0829, 0x0831, 0x0033, 0x0012, 0x000F, 0x000C, 0x000B, 0x080A, 0x0829, 0x0006, 0x0001,
 0x5249, 0x9471, 0x0825, 0x082B, 0x0052, 0x0057, 0x0058, 0x007C, 0x007F, 0x093E, 0x1954, 0x10AD, 0x188B, 0x18EB, 0x31AF, 0x31F0,
 0x29F1, 0x29F1, 0x318C, 0x210A, 0x10F0, 0x093E, 0x0036, 0xCE57, 0xFFFF, 0xF7BF, 0xEF9F, 0xE75E, 0xE75E, 0xE75E, 0xE75E, 0xE73E,
 0xE71E, 0xDF1E, 0xDF1E, 0xDF1E, 0xDF1E, 0xD6DD, 0xD6DD, 0xD6DD, 0xD6BD, 0xD6DD, 0xD6BD, 0xD69C, 0xCE5B, 0xCE1A, 0xCDF9, 0xCDD9,
 0xCDD9, 0xCDB8, 0xC556, 0xC4D3, 0xBC51, 0xBC30, 0xB3EF, 0xABAE, 0xAB8E, 0xAB6D, 0xA34C, 0xA34C, 0xA34C, 0x9B0B, 0x9AEB, 0xA32C,
 0x9ACA, 0x8248, 0x8228, 0x8207, 0x8207, 0x8A48, 0x8228, 0x8207, 0x8A48, 0x92AA, 0x92CA, 0x92CB, 0x92AA, 0x8A8A, 0x8228, 0x79E7,
 0x38A2, 0x38A2, 0x40C3, 0x5124, 0x6186, 0x7A48, 0x8248, 0x8A69, 0x92AA, 0xA32C, 0xA38E, 0xA36D, 0xA36D, 0xA34C, 0x9B2C, 0x9B0B,
 0xA36D, 0xA34C, 0xA34C, 0xAB4C, 0xAB6D, 0xA38E, 0xA38E, 0xABEF, 0xB410, 0xB451, 0xBCD4, 0xBD15, 0xC556, 0xC556, 0xC577, 0xC598,
 0xCDFA, 0xCE5B, 0xD69D, 0xD6DD, 0xDF1E, 0xDF1E, 0xDF1E, 0xDF1E, 0xDF1E, 0xDF1E, 0xE75E, 0xE75E, 0xE77F, 0xEFBF, 0xF7DF, 0xF7DF,
 0xF7DF, 0xF7DF, 0xFFFF, 0xFFFF, 0xFFFF, 0xFFFF, 0xFFFF, 0xF7BE, 0x94F5, 0x855D, 0x53BB, 0x5399, 0x7D3D, 0x857E, 0x7D1E, 0x74FE,
 0x6C5D, 0x4273, 0x2109, 0x082D, 0x0013, 0x0014, 0x0011, 0x000F, 0x0030, 0x002F, 0x082D, 0x082C, 0x082B, 0x0828, 0x0804, 0x0801,
 0x0000, 0x0000, 0x082A, 0x0031, 0x0033, 0x0053, 0x0056, 0x005B, 0x009F, 0x097F, 0x1A1F, 0x331F, 0x43BD, 0x3AF9, 0x3216, 0x6355,
 0xBDB6, 0xBDD7, 0xDEB9, 0x7C3D, 0x095F, 0x003E, 0x4A32, 0xFFFF, 0xFFFF, 0xFFFF, 0xF7FF, 0xF7FF, 0xF7FF, 0xF7FF, 0xF7FF, 0xF7DF,
 0xF7DF, 0xEFBF, 0xEFBF, 0xEFBF, 0xE77F, 0xDF1E, 0xDF1E, 0xDF1E, 0xD71E, 0xDF1E, 0xDF3F, 0xDF1E, 0xD6DD, 0xD69D, 0xCE5B, 0xCDD8,
 0xCD76, 0xC535, 0xC514, 0xC4D3, 0xBCB3, 0xB472, 0xAC10, 0xABF0, 0xABCF, 0xA36D, 0xA32C, 0x9B0B, 0x9AEB, 0x9AEB, 0x9AEA, 0xA36D,
 0xA36D, 0x9B2C, 0x9B2C, 0xA34D, 0xAB8E, 0xAB8E, 0xA32C, 0x92AA, 0x8A48, 0x8248, 0x7A28, 0x69A6, 0x5944, 0x48E3, 0x40A2, 0x38A2,
 0x2082, 0x2882, 0x2862, 0x2882, 0x3062, 0x3061, 0x3882, 0x48C3, 0x48E3, 0x5924, 0x6165, 0x71C6, 0x7A07, 0x8A68, 0x92CA, 0xA32C,
 0xABCF, 0xB3EF, 0xB3F0, 0xB3EF, 0xB3EF, 0xABCE, 0xB3EF, 0xB3EF, 0xB3AE, 0xAB8E, 0xB3AE, 0xB3EF, 0xBC71, 0xC515, 0xC598, 0xC5D9,
 0xCE1A, 0xCE3B, 0xCE3B, 0xD65B, 0xD67C, 0xD69C, 0xD6DD, 0xD6DD, 0xD6DD, 0xDEFE, 0xDF1E, 0xDF3E, 0xDF3E, 0xDF3E, 0xE75E, 0xE75E,
 0xEF7E, 0xEF7E, 0xEF9E, 0xF79E, 0xF7BE, 0xF7BF, 0xF79E, 0xFFDF, 0xF77D, 0x7BF2, 0x63F9, 0x5C1B, 0x857E, 0x74DD, 0x6CBD, 0x6C9D,
 0x4272, 0x108D, 0x0058, 0x007F, 0x005C, 0x0058, 0x0037, 0x0038, 0x0039, 0x0034, 0x0055, 0x0053, 0x0030, 0x082C, 0x0808, 0x0803,
 0x0800, 0x0802, 0x0806, 0x080A, 0x000C, 0x0030, 0x0058, 0x007C, 0x009F, 0x011F, 0x095F, 0x227F, 0x331F, 0x3B9F, 0x2ADF, 0x94FF,
 0xFFFF, 0xFFDF, 0xF77F, 0x3ABF, 0x00BF, 0x0017, 0xAD55, 0xFFFF, 0xF79E, 0xF77E, 0xF79E, 0xF79E, 0xEF7E, 0xEF5E, 0xE73D, 0xE71D,
 0xE6FD, 0xDEDD, 0xDEDC, 0xDEDC, 0xD69B, 0xD65B, 0xD65B, 0xCE5B, 0xCE3A, 0xD65B, 0xCE3A, 0xCDD9, 0xC577, 0xC536, 0xBCF4, 0xBCF4,
 0xBCD4, 0xBCB3, 0xB451, 0xAB8D, 0x9AEA, 0xA32C, 0x9B2C, 0x9B2C, 0xA38D, 0xABAE, 0xABCF, 0xAC10, 0xB451, 0xB431, 0xB410, 0xABF0,
 0xA38E, 0x9AEB, 0x8AAA, 0x8248, 0x71C6, 0x6165, 0x5924, 0x50E3, 0x40C2, 0x3882, 0x3081, 0x2861, 0x2862, 0x2862, 0x2862, 0x2062,
 0x1021, 0x1021, 0x1021, 0x0821, 0x2862, 0x48E4, 0x38C5, 0x1841, 0x2062, 0x2862, 0x3082, 0x3882, 0x40A2, 0x48C2, 0x5103, 0x6964,
 0x71A5, 0x8228, 0x8A69, 0x9AEB, 0xAB8D, 0xB3CE, 0xB3CF, 0xB3EF, 0xBC72, 0xBC50, 0xBC71, 0xBCB2, 0xBCF4, 0xC556, 0xC597, 0xCDD8,
 0xCDF9, 0xD65B, 0xD67B, 0xD67B, 0xD67B, 0xD65A, 0xD63A, 0xD63A, 0xDE9B, 0xDEDC, 0xE6FD, 0xE71D, 0xE73D, 0xE73D, 0xE75E, 0xE75E,
 0xEF7E, 0xEF7E, 0xEF9E, 0xEF9E, 0xF79F, 0xF7BF, 0xF79F, 0xF7BE, 0xFFFF, 0xDEDA, 0x8412, 0x74FF, 0x8DFF, 0x963F, 0x7D1F, 0x4253,
 0x0093, 0x095F, 0x08FF, 0x007F, 0x007F, 0x0039, 0x0012, 0x000D, 0x080B, 0x0809, 0x0809, 0x082D, 0x002E, 0x0829, 0x0803, 0x0804,
 0x0808, 0x000A, 0x0829, 0x082E, 0x0034, 0x0031, 0x0031, 0x0057, 0x007D, 0x00BF, 0x091F, 0x1A1F, 0x225F, 0x1A5F, 0x119F, 0xCE5F,
 0xFFFF, 0xFFBF, 0xCE7F, 0x097F, 0x003D, 0x39B1, 0xFFDD, 0xFFDF, 0xF79E, 0xF7BF, 0xF79E, 0xEF7E, 0xEF5E, 0xE73E, 0xE73D, 0xE71D,
 0xE6FC, 0xE6FD, 0xE6FC, 0xE6BB, 0xDE7A, 0xDE38, 0xDDF8, 0xD596, 0xC534, 0xC514, 0xC4F4, 0xBC92, 0xBC71, 0xBC51, 0xB451, 0xB451,
 0xBC51, 0xB472, 0xB471, 0xB492, 0xB430, 0xB430, 0xB40F, 0xB430, 0xB431, 0xB410, 0xABCF, 0xABAE, 0xA32C, 0x92AA, 0x8248, 0x79C6,
 0x6964, 0x5903, 0x48C2, 0x40A2, 0x38A2, 0x3082, 0x3082, 0x2862, 0x1841, 0x40E5, 0x38C3, 0x2041, 0x1041, 0x1021, 0x0821, 0x0821,
 0x1041, 0x1021, 0x1021, 0x1041, 0x2861, 0x5106, 0x30C7, 0x0800, 0x0821, 0x0821, 0x1842, 0x2064, 0x1844, 0x2064, 0x2886, 0x4128,
 0x5146, 0x2861, 0x3082, 0x40A2, 0x50E3, 0x6144, 0x71A6, 0x8227, 0x8A69, 0x9ACA, 0xA32B, 0xB38D, 0xBBEE, 0xC40F, 0xC450, 0xC491,
 0xC4B2, 0xCCF3, 0xD555, 0xD576, 0xD597, 0xD5B7, 0xD5B7, 0xD5D8, 0xD5D8, 0xDE3A, 0xDE9B, 0xDEBB, 0xE6DC, 0xE6FC, 0xE6FC, 0xEF3D,
 0xEF5D, 0xF77E, 0xF79E, 0xF79E, 0xF79E, 0xFF9E, 0xFF9E, 0xFFBE, 0xFFBE, 0xFFFF, 0xDE9A, 0x7C13, 0x6C9B, 0x857F, 0x4AB5, 0x08B5,
 0x6C3F, 0x32BF, 0x093F, 0x08DE, 0x005B, 0x0058, 0x0056, 0x0033, 0x000D, 0x000E, 0x0055, 0x0055, 0x002F, 0x0809, 0x0829, 0x082E,
 0x002D, 0x000E, 0x002D, 0x082A, 0x082D, 0x0057, 0x0058, 0x0056, 0x0079, 0x009E, 0x08FF, 0x119F, 0x1A3F, 0x11DF, 0x42DF, 0xF7BF,
 0xFFBF, 0xFFFF, 0x7C3F, 0x007F, 0x0014, 0xBDB5, 0xFFFF, 0xFFBE, 0xF79E, 0xF77E, 0xF77E, 0xF75D, 0xEF5D, 0xEF3D, 0xEF1D, 0xE6FC,
 0xE6DB, 0xDE9A, 0xDE7A, 0xDE9B, 0xDE7B, 0xDE5A, 0xD619, 0xCD97, 0xCD56, 0xCD56, 0xCD55, 0xCD55, 0xD555, 0xCD14, 0xCCF4, 0xCCB2,
 0xC471, 0xBBEE, 0xB38D, 0xB38D, 0xAB4C, 0xA32C, 0x9AEA, 0x9289, 0x8228, 0x69A6, 0x5944, 0x4903, 0x40C2, 0x3082, 0x3081, 0x5146,
 0x40E7, 0x30A6, 0x2886, 0x2065, 0x1844, 0x1022, 0x0821, 0x0821, 0x0000, 0x4107, 0x48E5, 0x2062, 0x1021, 0x1021, 0x1021, 0x1021,
 0x1041, 0x1041, 0x1021, 0x1041, 0x3082, 0x48E5, 0x28A5, 0x0820, 0x1021, 0x1022, 0x1843, 0x2085, 0x2085, 0x28A6, 0x30A7, 0x518C,
 0x61EA, 0x1020, 0x0821, 0x0800, 0x0821, 0x0821, 0x1021, 0x1841, 0x1841, 0x2061, 0x2882, 0x38C3, 0x4924, 0x5165, 0x61A6, 0x69C6,
 0x71E7, 0x8248, 0x8A89, 0x92CA, 0xA32C, 0xABAE, 0xB430, 0xBCD3, 0xC535, 0xCDB8, 0xD61A, 0xD65A, 0xDE7B, 0xDE9C, 0xDEDD, 0xE6FD,
 0xE71D, 0xEF3E, 0xEF3E, 0xEF5E, 0xF75E, 0xFF7D, 0xFF7D, 0xFF5D, 0xFF7D, 0xFF9E, 0xFFFF, 0xEF5C, 0x94D4, 0x3A30, 0x312F, 0x21FF,
 0x8D3F, 0x4B9F, 0x1A1F, 0x097F, 0x007D, 0x007C, 0x0057, 0x0035, 0x0036, 0x0037, 0x0058, 0x0055, 0x0031, 0x000C, 0x0033, 0x0851,
 0x0031, 0x0032, 0x0032, 0x0032, 0x082F, 0x082E, 0x0057, 0x00BD, 0x08DD, 0x08DD, 0x091E, 0x229F, 0x3B9F, 0x22DF, 0xA5DF, 0xFFFF,
 0xFFFF, 0xDEFF, 0x117F, 0x003B, 0x6B32, 0xFFFF, 0xFFBE, 0xFF7D, 0xF75D, 0xF71C, 0xF71C, 0xEF1D, 0xE71D, 0xE6FD, 0xE6FD, 0xE6DD,
 0xDE7B, 0xDE3A, 0xD619, 0xD63A, 0xCDF9, 0xCD97, 0xC515, 0xBCD3, 0xB472, 0xB410, 0xB3AE, 0xA36C, 0x92CA, 0x8248, 0x7A28, 0x71E7,
 0x6186, 0x5144, 0x4903, 0x40E3, 0x38A2, 0x30A2, 0x2882, 0x1841, 0x1021, 0x1020, 0x0800, 0x0821, 0x0821, 0x1021, 0x1820, 0x61CA,
 0x496B, 0x30C8, 0x28A7, 0x2065, 0x2065, 0x1844, 0x1021, 0x1021, 0x0800, 0x28A5, 0x40E5, 0x2882, 0x1021, 0x1021, 0x1021, 0x1021,
 0x1041, 0x1041, 0x1041, 0x1041, 0x3082, 0x48E6, 0x2084, 0x0820, 0x1021, 0x1022, 0x1843, 0x2885, 0x2085, 0x30A6, 0x30A7, 0x59AC,
 0x5189, 0x0800, 0x1021, 0x1021, 0x1021, 0x1041, 0x0821, 0x0821, 0x0821, 0x0821, 0x0821, 0x0800, 0x0000, 0x0000, 0x0000, 0x0800,
 0x0800, 0x0800, 0x1000, 0x1821, 0x2061, 0x2882, 0x30C3, 0x3904, 0x4945, 0x4966, 0x51A6, 0x6208, 0x7249, 0x7A8A, 0x82EB, 0x930C,
 0x9B4D, 0xA38E, 0xB3EF, 0xBC91, 0xC4B2, 0xCCF3, 0xD596, 0xDDF7, 0xDE59, 0xE6BA, 0xEEDB, 0xFF7D, 0xFFFE, 0xBDB4, 0x9475, 0x6B1C,
 0x10DD, 0x001D, 0x00FF, 0x00BE, 0x005B, 0x0056, 0x0852, 0x0057, 0x0059, 0x0034, 0x082C, 0x000E, 0x002F, 0x0032, 0x0030, 0x002D,
 0x0829, 0x082D, 0x0030, 0x0035, 0x0037, 0x0037, 0x0039, 0x005A, 0x009C, 0x00FD, 0x095F, 0x11BF, 0x09DF, 0x3ADF, 0xD69E, 0xD67D,
 0xF75F, 0x4ABE, 0x009E, 0x3193, 0xF75A, 0xFF9D, 0xF71B, 0xE699, 0xE618, 0xDD95, 0xCCF3, 0xBC71, 0xB410, 0xA38E, 0x932C, 0x9B2C,
 0x92EB, 0x82AA, 0x7A69, 0x7A49, 0x61C7, 0x4945, 0x4104, 0x38E4, 0x30C3, 0x30A2, 0x2882, 0x2062, 0x1021, 0x1021, 0x0800, 0x0800,
 0x0000, 0x0800, 0x0800, 0x0800, 0x0821, 0x0821, 0x0821, 0x0821, 0x0821, 0x0821, 0x0821, 0x1041, 0x1041, 0x1021, 0x0800, 0x61EA,
 0x59CC, 0x38E8, 0x30C7, 0x2065, 0x2065, 0x1843, 0x1022, 0x1021, 0x0820, 0x2085, 0x40C6, 0x2061, 0x0821, 0x1021, 0x1021, 0x1021,
 0x1041, 0x1041, 0x1041, 0x1021, 0x2861, 0x40C6, 0x1843, 0x0820, 0x1021, 0x1023, 0x1842, 0x2084, 0x2886, 0x30A7, 0x30A7, 0x598C,
 0x3106, 0x0800, 0x1021, 0x1021, 0x1841, 0x1021, 0x1041, 0x1041, 0x1021, 0x1041, 0x1041, 0x1041, 0x1041, 0x1021, 0x1041, 0x1041,
 0x1841, 0x1841, 0x1862, 0x2862, 0x2862, 0x3082, 0x3082, 0x3082, 0x3062, 0x2861, 0x2861, 0x3861, 0x4082, 0x4082, 0x48A2, 0x58E2,
 0x6103, 0x6924, 0x7985, 0x91E6, 0x9206, 0x89C5, 0x7984, 0x89C5, 0x9A06, 0xAA67, 0xB2C9, 0xCB4A, 0xEC2D, 0xFD2F, 0xF5B0, 0xC574,
 0x8BD8, 0x5A59, 0x1077, 0x0014, 0x0014, 0x0034, 0x0853, 0x0035, 0x0037, 0x002C, 0x000C, 0x0031, 0x0031, 0x0030, 0x0030, 0x0053,
 0x0030, 0x0032, 0x0055, 0x0058, 0x0034, 0x0031, 0x0032, 0x0058, 0x003A, 0x005B, 0x009D, 0x00BC, 0x08DB, 0xB5BD, 0xEF3D, 0xEF3D,
 0xAD9E, 0x091D, 0x10D3, 0xB4F1, 0xFE51, 0xFCAD, 0xDB8A, 0xB2C8, 0xA267, 0x9A27, 0x9206, 0x81A5, 0x81A5, 0x7164, 0x58E3, 0x58E3,
 0x58E3, 0x48C2, 0x40A2, 0x40A2, 0x3882, 0x3061, 0x3082, 0x3082, 0x3882, 0x3082, 0x2882, 0x2062, 0x2062, 0x2062, 0x1862, 0x2062,
 0x1841, 0x1841, 0x1841, 0x1041, 0x1041, 0x1021, 0x1041, 0x1021, 0x1041, 0x1041, 0x1041, 0x1841, 0x1021, 0x1021, 0x0000, 0x3927,
 0x61AC, 0x4108, 0x38E8, 0x28A7, 0x2084, 0x1842, 0x1023, 0x1021, 0x0820, 0x1844, 0x38A5, 0x2041, 0x0821, 0x1021, 0x1021, 0x1021,
 0x1041, 0x1041, 0x1021, 0x0821, 0x2061, 0x30A6, 0x1042, 0x1021, 0x1021, 0x1023, 0x1842, 0x1866, 0x2068, 0x2089, 0x288A, 0x30CF,
 0x1865, 0x1020, 0x1021, 0x1021, 0x1021, 0x1841, 0x3082, 0x1862, 0x1841, 0x2062, 0x2062, 0x2062, 0x2062, 0x1842, 0x2062, 0x2062,
 0x2862, 0x2862, 0x2882, 0x30A2, 0x38A3, 0x40C3, 0x40C3, 0x40C3, 0x40C3, 0x40C3, 0x40C3, 0x48E3, 0x48E3, 0x48E3, 0x48E3, 0x5104,
 0x5924, 0x6144, 0x6965, 0x81C6, 0x9A47, 0xA247, 0x81A5, 0x81A5, 0x9206, 0xAA67, 0xBAC9, 0xCB2A, 0xE3CB, 0xEBAB, 0xF3CA, 0xFD2D,
 0xF5F1, 0xDE16, 0xA457, 0x51F4, 0x1892, 0x0031, 0x0010, 0x0031, 0x0036, 0x0011, 0x002F, 0x082F, 0x084D, 0x082F, 0x0033, 0x0054,
 0x0056, 0x0038, 0x0018, 0x003B, 0x003C, 0x0019, 0x003A, 0x0039, 0x0039, 0x007C, 0x08DD, 0x001B, 0x62F7, 0xDE7B, 0xE6BC, 0x9CDC,
 0x007B, 0x0013, 0x41F0, 0xFED4, 0xFD2D, 0xF3EB, 0xD329, 0xB288, 0x9A47, 0xA288, 0xA288, 0x81E6, 0x6965, 0x6964, 0x5924, 0x5103,
 0x5103, 0x5103, 0x50E3, 0x48E3, 0x40C3, 0x48E3, 0x48E3, 0x48C3, 0x48C3, 0x48C3, 0x30A2, 0x2882, 0x3082, 0x2882, 0x2882, 0x2062,
 0x2062, 0x1841, 0x1841, 0x1841, 0x2062, 0x2062, 0x2062, 0x1041, 0x2062, 0x30A2, 0x1841, 0x1021, 0x1021, 0x1021, 0x0820, 0x2085,
 0x390E, 0x28AC, 0x28AB, 0x208A, 0x2066, 0x1842, 0x1022, 0x1021, 0x0820, 0x1023, 0x2885, 0x2061, 0x0821, 0x1041, 0x1021, 0x1021,
 0x1041, 0x1041, 0x1021, 0x0821, 0x1841, 0x2065, 0x1022, 0x1041, 0x1021, 0x1043, 0x1843, 0x1846, 0x1846, 0x208B, 0x208D, 0x188E,
 0x1043, 0x1041, 0x1041, 0x1041, 0x1841, 0x2862, 0x2882, 0x2882, 0x3082, 0x30A2, 0x30A2, 0x30A2, 0x30A2, 0x3082, 0x30A2, 0x30A2,
 0x30A2, 0x38A3, 0x38A3, 0x48C3, 0x48E3, 0x5104, 0x5103, 0x48E3, 0x48E3, 0x48E3, 0x40C3, 0x48E3, 0x50E3, 0x48E3, 0x48E3, 0x48E3,
 0x5924, 0x6144, 0x6965, 0x81E6, 0x9A47, 0xAA88, 0xA247, 0x9206, 0x9206, 0xA247, 0xBAC9, 0xBAE9, 0xBAE9, 0xCB2A, 0xDB8B, 0xF40C,
 0xFCED, 0xFE0F, 0xF692, 0xCE16, 0x9C76, 0x20ED, 0x18AF, 0x0030, 0x0012, 0x000D, 0x000E, 0x082B, 0x082E, 0x0035, 0x0038, 0x0015,
 0x0034, 0x1093, 0x20F2, 0x20F1, 0x292F, 0x314E, 0x20EF, 0x18B2, 0x1072, 0x0013, 0x0013, 0x2937, 0xDE3D, 0xDE7C, 0xCDB9, 0x2977,
 0x0016, 0x000A, 0xBD32, 0xFE51, 0xFCAD, 0xEBCB, 0xD34A, 0xBAC8, 0xAA88, 0xB2E9, 0xAA88, 0x9206, 0x79C5, 0x6965, 0x6144, 0x5924,
 0x50E3, 0x50E3, 0x50E3, 0x5103, 0x50E3, 0x48E3, 0x50E3, 0x48E3, 0x50E3, 0x5103, 0x48E3, 0x40C3, 0x40C3, 0x38A3, 0x38A2, 0x30A2,
 0x2882, 0x2882, 0x3082, 0x3082, 0x3082, 0x3082, 0x2882, 0x2882, 0x2062, 0x2882, 0x2062, 0x1041, 0x1041, 0x1041, 0x1020, 0x1023,
 0x188E, 0x20AE, 0x28AD, 0x2068, 0x1845, 0x1022, 0x1022, 0x1041, 0x1041, 0x1022, 0x2064, 0x2041, 0x0821, 0x1021, 0x1021, 0x1021,
 0x1021, 0x0821, 0x0800, 0x0800, 0x0800, 0x0801, 0x0801, 0x1021, 0x1841, 0x1843, 0x1845, 0x2066, 0x2067, 0x2089, 0x20AD, 0x188E,
 0x1021, 0x1020, 0x1020, 0x1820, 0x1840, 0x1840, 0x2061, 0x2881, 0x3081, 0x2861, 0x3081, 0x3081, 0x3081, 0x2881, 0x2861, 0x2881,
 0x38A1, 0x40C1, 0x40C2, 0x50E2, 0x48C2, 0x5102, 0x5923, 0x5922, 0x5922, 0x6123, 0x6143, 0x6143, 0x5923, 0x6143, 0x6143, 0x6164,
 0x71A5, 0x81E6, 0x8A26, 0x9A47, 0xA287, 0xBB29, 0xAAA8, 0xAA87, 0xB2A8, 0xBAE9, 0xCB6B, 0xD38B, 0xD38B, 0xD3AB, 0xEC0D, 0xFCEF,
 0xFD0F, 0xFC8D, 0xFD6E, 0xFEB1, 0xF6D3, 0xB572, 0xACF7, 0x2910, 0x0009, 0x080B, 0x0808, 0x084B, 0x0032, 0x000F, 0x186C, 0x416C,
 0x7ACF, 0x93B2, 0xA3F1, 0x82ED, 0xAC95, 0xB4B5, 0x93B1, 0x8B2F, 0x82EF, 0x6A8E, 0x8B92, 0x93B2, 0x8B30, 0x7AAE, 0x392A, 0x000D,
 0x000C, 0x7372, 0xFF56, 0xFDAF, 0xFD2E, 0xFCCD, 0xEC2C, 0xDB8A, 0xD329, 0xCB09, 0xBAE9, 0xAAC8, 0x9A67, 0x8A26, 0x81E6, 0x79A5,
 0x6144, 0x5923, 0x6143, 0x6143, 0x6143, 0x6123, 0x5923, 0x5923, 0x5923, 0x5902, 0x5102, 0x50E2, 0x48E2, 0x40C1, 0x40A1, 0x3081,
 0x3081, 0x2881, 0x2880, 0x3081, 0x3081, 0x3081, 0x2061, 0x2060, 0x2061, 0x1840, 0x1840, 0x1020, 0x1020, 0x1040, 0x1020, 0x1021,
 0x208F, 0x20AD, 0x208A, 0x2087, 0x2066, 0x1844, 0x1842, 0x2061, 0x1840, 0x1020, 0x1020, 0x1020, 0x1020, 0x1021, 0x1020, 0x1021,
 0x208B, 0x390A, 0x5168, 0x6187, 0x71C7, 0x71C6, 0x6985, 0x5103, 0x2882, 0x2885, 0x2065, 0x2065, 0x2089, 0x20AD, 0x20AE, 0x20AF,
 0x1868, 0x1889, 0x20AB, 0x20AC, 0x188A, 0x188A, 0x186B, 0x186A, 0x186B, 0x1869, 0x186B, 0x106B, 0x106A, 0x186A, 0x1869, 0x104A,
 0x104A, 0x104B, 0x104B, 0x104A, 0x1049, 0x104A, 0x1849, 0x1869, 0x1869, 0x2068, 0x2068, 0x2068, 0x2068, 0x2867, 0x2866, 0x3086,
 0x38C6, 0x40C5, 0x48C5, 0x50E5, 0x6925, 0x7166, 0x7945, 0x8165, 0x89A6, 0x91C6, 0xA207, 0xAA47, 0xB288, 0xB267, 0xBAA8, 0xCB4A,
 0xE3AB, 0xEBCB, 0xEBCB, 0xF40B, 0xFCAC, 0xFE50, 0xF6D4, 0xBD34, 0x62AF, 0x390B, 0x0826, 0x000C, 0x28C9, 0x6A6D, 0x8330, 0x8330,
 0xBCD7, 0xBCF8, 0xA435, 0x6A6D, 0xB4F7, 0xAC96, 0x93D3, 0x9393, 0x8B92, 0x8B51, 0xBCD7, 0xB475, 0x6A4C, 0x51A9, 0x4989, 0x2087,
 0x732F, 0xFEF5, 0xFDF0, 0xFD8F, 0xFD6F, 0xFD70, 0xFD2F, 0xFCCE, 0xFC8D, 0xEC2D, 0xCB4A, 0x9A07, 0x8186, 0x6124, 0x50C4, 0x50C5,
 0x40A5, 0x3885, 0x38A6, 0x3087, 0x2867, 0x2068, 0x2069, 0x2068, 0x1848, 0x1849, 0x1849, 0x1849, 0x184A, 0x186C, 0x106C, 0x104B,
 0x104B, 0x188C, 0x106D, 0x106D, 0x106D, 0x188E, 0x188C, 0x186C, 0x186B, 0x186B, 0x188B, 0x188B, 0x20AD, 0x20AC, 0x208A, 0x1869,
 0x20D0, 0x20B0, 0x208D, 0x2088, 0x2086, 0x1866, 0x3083, 0x2063, 0x186B, 0x18B0, 0x28EE, 0x28EE, 0x20CC, 0x20CD, 0x20AD, 0x188C,
 0x1889, 0x3949, 0x49A9, 0x51C9, 0x51C9, 0x59CA, 0x5146, 0x38C5, 0x2064, 0x2065, 0x2067, 0x2065, 0x2065, 0x208B, 0x20AF, 0x28EE,
 0x186A, 0x312D, 0x41CE, 0x49F0, 0x3170, 0x39B0, 0x49F0, 0x41B0, 0x28D1, 0x49D1, 0x5232, 0x5233, 0x4A34, 0x4A14, 0x41F4, 0x4A15,
 0x5256, 0x5A98, 0x5AB8, 0x5A98, 0x62B8, 0x62B8, 0x5A98, 0x5278, 0x5A79, 0x5AB8, 0x62F9, 0x62F9, 0x62D9, 0x62B9, 0x5A98, 0x6278,
 0x6A98, 0x7AB7, 0x9315, 0xA334, 0xAB35, 0xB355, 0xBB54, 0xB354, 0xBB75, 0xC394, 0xCBB4, 0xCB93, 0xD3D3, 0xCBB2, 0xCBB2, 0xD3F3,
 0xE474, 0xF514, 0xF514, 0xF533, 0xFD52, 0xFD92, 0xFE53, 0xFEB3, 0xFF55, 0xACF5, 0x49AC, 0x28C7, 0x728D, 0x8330, 0x93D3, 0x7B10,
 0xACB7, 0xBCF8, 0xAC96, 0x834F, 0x9C13, 0x9C14, 0x8371, 0x8371, 0x8B91, 0x8330, 0xA414, 0x9392, 0x59EB, 0x59EA, 0x620B, 0x5189,
 0xCE77, 0xFFFA, 0xFED5, 0xC531, 0x836F, 0x6AEF, 0x6B0E, 0x834D, 0x730E, 0x628D, 0x72CD, 0xD452, 0xDC95, 0xC3D4, 0xB355, 0x9B36,
 0x8AF6, 0x82D6, 0x7AF8, 0x72D8, 0x6AD9, 0x62D9, 0x62D9, 0x62D9, 0x5A77, 0x5258, 0x5A78, 0x62B8, 0x62D8, 0x5A98, 0x5A98, 0x5257,
 0x4A37, 0x41F6, 0x41F7, 0x5276, 0x5275, 0x5275, 0x5A54, 0x41D3, 0x3991, 0x3990, 0x3990, 0x3990, 0x41D0, 0x398F, 0x290E, 0x188B,
 0x28D0, 0x20B1, 0x20AD, 0x2087, 0x2088, 0x2089, 0x2064, 0x2884, 0x2067, 0x188C, 0x396F, 0x396D, 0x292B, 0x290A, 0x18AA, 0x108A,
 0x0820, 0x0800, 0x0000, 0x0000, 0x0800, 0x1004, 0x0822, 0x1045, 0x1022, 0x1843, 0x2067, 0x2068, 0x2089, 0x208B, 0x28D1, 0x290E,
 0x1840, 0x2040, 0x1840, 0x1820, 0x2040, 0x2860, 0x2881, 0x3081, 0x3081, 0x3081, 0x38A1, 0x38A1, 0x40C2, 0x40E2, 0x40C2, 0x5103,
 0x7184, 0x71A4, 0x71A4, 0x79C5, 0x81E5, 0x8A26, 0x8A06, 0x81E6, 0x81E6, 0x8A27, 0x9A68, 0x9268, 0x9A68, 0x9A88, 0x9A89, 0xA2A9,
 0xA2A9, 0xAAEA, 0xC36C, 0xCBAD, 0xCBCE, 0xDC2E, 0xE490, 0xDC4F, 0xE46F, 0xF511, 0xFD52, 0xFD53, 0xFD73, 0xFD53, 0xFD33, 0xFD74,
 0xFDD5, 0xFDF5, 0xFE57, 0xFEF8, 0xFED8, 0xFE76, 0xFE76, 0xFE13, 0xFED4, 0xFFF9, 0xD698, 0x6ACC, 0x6A2C, 0x7ACF, 0x9392, 0x7B0F,
 0x83B2, 0x732F, 0x5A6D, 0x4A2F, 0x41EF, 0x39D0, 0x316D, 0x3149, 0x396A, 0x3148, 0x49EC, 0x5A2D, 0x51EB, 0x51CA, 0x51A9, 0x59A8,
 0xE71C, 0xCE59, 0x4A2C, 0x20EC, 0x18CC, 0x18AC, 0x18AB, 0x106B, 0x084C, 0x18CE, 0x1931, 0x6352, 0xFED5, 0xFD70, 0xEC4E, 0xD3ED,
 0xBB4C, 0xAAEA, 0xA2C9, 0x9AA9, 0x9268, 0x9288, 0x8A47, 0x8206, 0x8206, 0x8A26, 0x8A26, 0x8206, 0x79E5, 0x7184, 0x71A4, 0x6984,
 0x5123, 0x48E2, 0x48E2, 0x48E2, 0x48E2, 0x38A1, 0x3081, 0x3081, 0x2881, 0x3081, 0x2881, 0x2861, 0x1820, 0x1840, 0x1840, 0x1020,
 0x290F, 0x28D2, 0x208D, 0x208A, 0x2068, 0x2087, 0x1043, 0x1042, 0x1043, 0x1020, 0x1844, 0x1000, 0x0800, 0x0800, 0x0800, 0x0820,
 0x1021, 0x1021, 0x1021, 0x1021, 0x1042, 0x1844, 0x1020, 0x1020, 0x1021, 0x1844, 0x2087, 0x2067, 0x208A, 0x20AF, 0x28F3, 0x20ED,
 0x2040, 0x2062, 0x2062, 0x2062, 0x2062, 0x2062, 0x2882, 0x2882, 0x2882, 0x2882, 0x3082, 0x38C3, 0x5924, 0x6144, 0x6144, 0x7185,
 0x81E6, 0x81C6, 0x7185, 0x79A5, 0x81E6, 0x9207, 0x89E6, 0x81E6, 0x9206, 0xA267, 0xAA88, 0xA268, 0xB2A8, 0xB2A8, 0xBAC9, 0xC309,
 0xC2E9, 0xBAE9, 0xDB8B, 0xE3EC, 0xEC4D, 0xF4EF, 0xEC6D, 0xF4CE, 0xFD4F, 0xFDF1, 0xFE53, 0xFE53, 0xFE12, 0xFDD1, 0xFD70, 0xFD91,
 0xFDF2, 0xFD91, 0xFDB2, 0xFE95, 0xFEF5, 0xFE74, 0xFEB5, 0xFED6, 0xFE33, 0xFE94, 0xFFFA, 0x8C11, 0x61EB, 0x622B, 0x416A, 0x296E,
 0x212D, 0x18AA, 0x2970, 0x3A55, 0x3A35, 0x31B2, 0x20ED, 0x20EC, 0x20EC, 0x20CB, 0x18CB, 0x18EC, 0x212E, 0x20EA, 0x2085, 0x4166,
 0x7BEF, 0x1886, 0x1868, 0x294F, 0x2970, 0x3191, 0x31D2, 0x3A34, 0x4255, 0x4B39, 0x6CBF, 0x439B, 0x73B1, 0xFE72, 0xFCCD, 0xEC4D,
 0xDBCC, 0xC34A, 0xBAE9, 0xBB0A, 0xB2C9, 0xAAA9, 0xA268, 0x9227, 0x81E6, 0x8A06, 0x8A07, 0x81C6, 0x79A5, 0x7185, 0x81C6, 0x79C6,
 0x71A5, 0x6965, 0x6965, 0x5924, 0x48E3, 0x38C3, 0x3082, 0x2882, 0x2882, 0x2862, 0x2062, 0x2062, 0x2062, 0x2062, 0x2062, 0x1820,
 0x292E, 0x28F4, 0x20B0, 0x208B, 0x2089, 0x2088, 0x1844, 0x1020, 0x1020, 0x1020, 0x1865, 0x1022, 0x1021, 0x1021, 0x1021, 0x0821,
 0x1021, 0x1021, 0x1021, 0x1021, 0x1042, 0x1844, 0x1021, 0x1041, 0x1021, 0x1866, 0x208B, 0x2089, 0x208A, 0x208E, 0x2913, 0x290C,
 0x2060, 0x2062, 0x2862, 0x2882, 0x2062, 0x2062, 0x2862, 0x2882, 0x2882, 0x2882, 0x40C3, 0x6145, 0x71A5, 0x79C6, 0x81E6, 0x81E6,
 0x9A68, 0x9A68, 0x8A07, 0x9227, 0xB2A8, 0xBAE9, 0x9A67, 0x9A27, 0xA268, 0xB2C9, 0xB2E9, 0xBAE9, 0xBB0A, 0xCB4A, 0xD3AC, 0xDBCC,
 0xDBCC, 0xE42D, 0xF46E, 0xFD30, 0xFD70, 0xFDD1, 0xFEB4, 0xF694, 0xC573, 0xBD74, 0xD635, 0xEF37, 0xF717, 0xFF98, 0xFF98, 0xFEF6,
 0xFEB6, 0xFE95, 0xFE95, 0xFEF7, 0xFF99, 0xFF37, 0xFF18, 0xFF79, 0xFEB6, 0xFE95, 0xFFFA, 0xB555, 0x416A, 0x28C9, 0x210B, 0x3A35,
 0x3A34, 0x296E, 0x31D0, 0x31D1, 0x296F, 0x292E, 0x292E, 0x210C, 0x18A9, 0x20EB, 0x28EB, 0x20CA, 0x20A9, 0x1887, 0x1044, 0x1863,
 0x0803, 0x0805, 0x1048, 0x20A8, 0x314D, 0x42B7, 0x5BDB, 0x5BFB, 0x5BBB, 0x4AD6, 0x42B4, 0x4B7A, 0x5B32, 0xFF36, 0xFDF0, 0xFD0F,
 0xEC8E, 0xDC0D, 0xD38C, 0xC34B, 0xBB0A, 0xB2EA, 0xB2C9, 0xA288, 0x9248, 0x9A68, 0xB2C9, 0x9A47, 0x89E6, 0x9247, 0xA2C9, 0x9247,
 0x8206, 0x81E6, 0x81E6, 0x6985, 0x5924, 0x40E3, 0x30A2, 0x2862, 0x2062, 0x2062, 0x2041, 0x2062, 0x2082, 0x2062, 0x2062, 0x2040,
 0x290C, 0x2914, 0x20B0, 0x28AD, 0x28AB, 0x20AD, 0x1866, 0x1021, 0x1021, 0x1021, 0x1844, 0x1042, 0x1021, 0x1021, 0x1021, 0x1021,
 0x1041, 0x1021, 0x1041, 0x1021, 0x1042, 0x1843, 0x1021, 0x1041, 0x1042, 0x2066, 0x208C, 0x208C, 0x208B, 0x208F, 0x3155, 0x3109,
 0x2861, 0x2882, 0x2062, 0x2882, 0x2862, 0x2882, 0x2882, 0x2882, 0x3082, 0x5104, 0x6144, 0x6165, 0x6965, 0x7185, 0x81C6, 0x9227,
 0xA288, 0xAAA9, 0xB2C9, 0xD38B, 0xE42D, 0xF48E, 0xD38B, 0xBAE9, 0xC32A, 0xCB4A, 0xCB4A, 0xD34B, 0xD36B, 0xE40D, 0xEC6D, 0xF46E,
 0xF4AE, 0xFD0F, 0xFD71, 0xFDF2, 0xFEB4, 0xFF77, 0xA4F3, 0x4252, 0x18EE, 0x108A, 0x18AA, 0x318B, 0x39AC, 0x52AE, 0xB594, 0xFFFD,
 0xFFFC, 0xFFBA, 0xFF9A, 0xFF9A, 0xFFFC, 0xFFDC, 0xFF58, 0xFF38, 0xFF18, 0xFF79, 0xFFFF, 0xCE58, 0x292A, 0x20C9, 0x290C, 0x296F,
 0x296E, 0x290B, 0x294E, 0x2970, 0x2970, 0x294E, 0x20EA, 0x30E8, 0x3909, 0x30EA, 0x1068, 0x1866, 0x1865, 0x1864, 0x28A7, 0x2068,
 0x1028, 0x082C, 0x082E, 0x104D, 0x208A, 0x31D0, 0x5BFB, 0x645C, 0x5BBA, 0x5359, 0x5358, 0x3A76, 0x4A4E, 0xFF77, 0xFED4, 0xFDD1,
 0xFD50, 0xF4CE, 0xEC4D, 0xDBED, 0xD38B, 0xCB6B, 0xD3CC, 0xCB6B, 0xC32A, 0xDC0D, 0xF4CF, 0xE42D, 0xC32A, 0xBB2A, 0xAB0A, 0xA288,
 0x8A07, 0x79C6, 0x7185, 0x6165, 0x6944, 0x6144, 0x48E3, 0x2882, 0x2882, 0x3082, 0x2882, 0x2062, 0x2882, 0x2882, 0x2882, 0x2040,
 0x394B, 0x3997, 0x20B1, 0x28AE, 0x28AE, 0x28AE, 0x2087, 0x1042, 0x1021, 0x1020, 0x1844, 0x1022, 0x1021, 0x1041, 0x1021, 0x1021,
 0x1041, 0x1041, 0x1041, 0x1041, 0x1042, 0x1843, 0x1041, 0x1041, 0x1021, 0x2066, 0x208B, 0x208B, 0x208E, 0x2091, 0x41B6, 0x4128,
 0x40A2, 0x30A2, 0x30A2, 0x3082, 0x2882, 0x30A2, 0x38A2, 0x48E3, 0x5124, 0x6984, 0x79A5, 0x71A5, 0x71A5, 0x81E5, 0x8A06, 0x9247,
 0x9A67, 0xAAC8, 0xB309, 0xC38A, 0xD44D, 0xE4CF, 0xD3EC, 0xBB29, 0xBB4A, 0xC36A, 0xC34A, 0xC36A, 0xCBCB, 0xD40C, 0xDC4D, 0xDC4D,
 0xDC6D, 0xE50F, 0xEDB1, 0xF612, 0xFF15, 0xEF16, 0x3212, 0x29F6, 0x31F3, 0x3A34, 0x3A13, 0x31F3, 0x2971, 0x18AB, 0x20EA, 0x7370,
 0xCE57, 0xFFFD, 0xFFFD, 0xFFBB, 0xFF7B, 0xFF7C, 0xFFBA, 0xFFB9, 0xFF38, 0xFFDA, 0xF79C, 0x83D0, 0x416A, 0x292C, 0x31F2, 0x39F2,
 0x31B1, 0x31B2, 0x31D3, 0x2991, 0x210C, 0x30E9, 0x28A9, 0x208E, 0x188F, 0x186E, 0x082C, 0x0828, 0x0825, 0x0825, 0x0823, 0x0806,
 0x082A, 0x0850, 0x0851, 0x0034, 0x0035, 0x080F, 0x53B7, 0x7DBF, 0x7D5F, 0x7D5F, 0x753F, 0x5C7F, 0x5B13, 0xFF37, 0xFEB4, 0xED91,
 0xED0F, 0xDC8E, 0xDC4D, 0xD42C, 0xCBCB, 0xC38B, 0xCBEC, 0xBB6B, 0xBB4A, 0xD46E, 0xDCD0, 0xCC2D, 0xBB4A, 0xAAC8, 0x9A67, 0x8A26,
 0x81E6, 0x79C5, 0x71A5, 0x7185, 0x79A5, 0x7184, 0x6144, 0x5103, 0x48E3, 0x40C2, 0x30A2, 0x30A2, 0x3082, 0x38A2, 0x30A2, 0x2861,
 0x4169, 0x41D7, 0x2092, 0x28B0, 0x28AE, 0x20AD, 0x2066, 0x1021, 0x1041, 0x1041, 0x1043, 0x1022, 0x0820, 0x1021, 0x1021, 0x1021,
 0x0821, 0x0821, 0x0821, 0x0821, 0x0821, 0x0821, 0x0821, 0x1843, 0x1842, 0x2067, 0x208D, 0x20AE, 0x28AF, 0x20B1, 0x41D6, 0x2084,
 0x1800, 0x1821, 0x1841, 0x1841, 0x1821, 0x1821, 0x1821, 0x2061, 0x2061, 0x2062, 0x2862, 0x2863, 0x2863, 0x2863, 0x2863, 0x2863,
 0x38A4, 0x38A4, 0x38A5, 0x38A5, 0x38A5, 0x40C5, 0x48E5, 0x40C5, 0x40A6, 0x48C6, 0x50E7, 0x50E7, 0x6107, 0x6927, 0x7167, 0x6926,
 0x7986, 0x91E7, 0xAA49, 0xDB2B, 0xFC4D, 0xE550, 0x3A73, 0x4297, 0x537A, 0x539B, 0x42B6, 0x3A13, 0x3A34, 0x31D2, 0x292D, 0x1069,
 0x212F, 0x6310, 0xBD73, 0xE654, 0xFF16, 0xFF16, 0xFFBA, 0xFFDB, 0xFFD9, 0xFFFD, 0x9C92, 0x30E8, 0x28E8, 0x20E9, 0x294D, 0x31D1,
 0x3190, 0x292D, 0x294D, 0x28E8, 0x38EB, 0x186F, 0x0031, 0x0032, 0x0032, 0x0031, 0x082C, 0x0826, 0x0805, 0x082B, 0x002C, 0x082D,
 0x082A, 0x0050, 0x007B, 0x00DE, 0x00BE, 0x0016, 0x4AD4, 0x969F, 0x969F, 0x9E7F, 0x8E5F, 0x649B, 0xACF4, 0xFD91, 0xEBAC, 0xC2CA,
 0xA228, 0x81A7, 0x7967, 0x6948, 0x6128, 0x5107, 0x48E6, 0x48C5, 0x40C4, 0x40C4, 0x40A3, 0x3883, 0x3084, 0x3064, 0x2864, 0x2064,
 0x2064, 0x2064, 0x2043, 0x2043, 0x2043, 0x2043, 0x2042, 0x2042, 0x2042, 0x1821, 0x1821, 0x1021, 0x1002, 0x1822, 0x1021, 0x1000,
 0x20A6, 0x41D7, 0x20B1, 0x28D1, 0x20B1, 0x20AF, 0x2067, 0x1841, 0x1842, 0x0821, 0x0821, 0x0801, 0x0821, 0x0821, 0x0821, 0x0821,
 0x3082, 0x38A2, 0x40E3, 0x48E3, 0x5124, 0x5124, 0x40C2, 0x2861, 0x3082, 0x2088, 0x20AE, 0x28AF, 0x28CF, 0x20B2, 0x5256, 0x6A08,
 0x7229, 0x722C, 0x7A4D, 0x828E, 0x7A6E, 0x724E, 0x724F, 0x6A2F, 0x6A4F, 0x7250, 0x7250, 0x7A50, 0x8A90, 0x92B1, 0x92D1, 0x92F3,
 0x9313, 0x9313, 0xA353, 0xA354, 0xA396, 0xABB5, 0xB3B5, 0xBBF6, 0xB3D7, 0xB418, 0xB459, 0xB45A, 0xBC7A, 0xBC79, 0xC458, 0xCC97,
 0xDCB7, 0xE518, 0xED78, 0xF639, 0xFF3C, 0xAD14, 0x3213, 0x4B39, 0x5C3D, 0x5C1D, 0x4B19, 0x39F3, 0x39F2, 0x31B0, 0x3190, 0x20C8,
 0x20C9, 0x188B, 0x312B, 0x526F, 0x7BD1, 0xE71A, 0xFFFF, 0xFFFE, 0xEF5B, 0x736F, 0x28EA, 0x2990, 0x39F2, 0x3A12, 0x39D1, 0x3190,
 0x20EC, 0x31B1, 0x318F, 0x30CF, 0x0853, 0x0035, 0x0058, 0x0878, 0x007A, 0x009C, 0x007C, 0x0833, 0x1028, 0x082B, 0x082E, 0x0031,
 0x000F, 0x000D, 0x091C, 0x1A1F, 0x11FF, 0x18D7, 0x6C55, 0xC7BE, 0xBEBB, 0x9DDB, 0x8D59, 0xB5D8, 0xFFBD, 0xFEDB, 0xFE19, 0xF599,
 0xE538, 0xDD18, 0xD4D9, 0xCCD9, 0xBCBA, 0xBC9A, 0xB458, 0xB3D6, 0xB3B4, 0xB3B4, 0xB3B3, 0xABB4, 0xA394, 0x9B75, 0x9B56, 0x9315,
 0x8AF3, 0x8AD3, 0x82B2, 0x7A71, 0x7252, 0x6A52, 0x6A52, 0x6A71, 0x724E, 0x6A2E, 0x6A2D, 0x6A2D, 0x7A8E, 0x726D, 0x724B, 0x828A,
 0x6A4A, 0x4A37, 0x28D2, 0x20D1, 0x20B1, 0x28CF, 0x2068, 0x30A2, 0x2861, 0x48E3, 0x5944, 0x5944, 0x4903, 0x40E3, 0x38C3, 0x38A2,
 0x5965, 0x59A6, 0x69E7, 0x6A28, 0x7249, 0x6186, 0x38A2, 0x2063, 0x2863, 0x2089, 0x28AD, 0x20AD, 0x20B1, 0x20D5, 0x5AB6, 0x6A28,
 0x82AA, 0x7A6B, 0x724A, 0x6A6B, 0x82AC, 0x8ACC, 0x8ACC, 0x8ACC, 0x9AEC, 0xA30D, 0xAB0C, 0xAB0C, 0xB32C, 0xC36D, 0xD3EE, 0xD42E,
 0xD40E, 0xE46F, 0xECF0, 0xFD52, 0xFE34, 0xFE54, 0xFDD3, 0xFDB3, 0xFDF3, 0xFE34, 0xFE14, 0xFE95, 0xFF58, 0xFEB6, 0xFE54, 0xFEF6,
 0xFDF3, 0xFE13, 0xFF17, 0xFFFB, 0xFFFF, 0xA515, 0x4B79, 0x53BC, 0x5C3D, 0x5BDA, 0x294D, 0x1889, 0x1068, 0x1047, 0x1887, 0x1865,
 0x1865, 0x290D, 0x20ED, 0x20CB, 0x20AB, 0x398A, 0xDEDA, 0xEF3B, 0x39AA, 0x18EE, 0x31F3, 0x3A55, 0x4296, 0x42F7, 0x4B18, 0x3A33,
 0x39F2, 0x4337, 0x2112, 0x0034, 0x0035, 0x007B, 0x007C, 0x00BE, 0x095F, 0x119F, 0x097F, 0x091F, 0x0012, 0x0012, 0x0034, 0x0053,
 0x0056, 0x0014, 0x1158, 0x435F, 0x539C, 0x5B77, 0x5BD4, 0x63D6, 0x63F7, 0x5375, 0xB597, 0xFFFE, 0xFFFB, 0xFF78, 0xFEB5, 0xFE95,
 0xFED6, 0xFEB5, 0xFED6, 0xFF37, 0xFE94, 0xFE95, 0xFE75, 0xFDB2, 0xFD92, 0xFE14, 0xFE75, 0xFE14, 0xECD0, 0xE48F, 0xDC6F, 0xCBCD,
 0xCBED, 0xBB8C, 0xAB2C, 0x9ACB, 0x9ACB, 0x92CC, 0x92EC, 0x8ACB, 0x8AAB, 0x82AC, 0x82AC, 0x7A8B, 0x624A, 0x7AAB, 0x82CB, 0x7AAA,
 0x6228, 0x4A36, 0x20D5, 0x20D2, 0x20B0, 0x30CE, 0x2089, 0x2883, 0x2862, 0x40C3, 0x69C7, 0x8AEC, 0x7269, 0x6A28, 0x61E8, 0x6208,
 0x0821, 0x0821, 0x0800, 0x0000, 0x1023, 0x0822, 0x1022, 0x1022, 0x1842, 0x28AB, 0x28CF, 0x20AD, 0x20B1, 0x2937, 0x62F5, 0x2861,
 0x50C2, 0x48C2, 0x2841, 0x3061, 0x6924, 0x7164, 0x79A5, 0x89E5, 0x9A47, 0x9A47, 0x9A47, 0xA288, 0x9A47, 0xAA88, 0xBB0A, 0xC34B,
 0xC36C, 0xCB8C, 0xD3CD, 0xEC6E, 0xF4F0, 0xFD31, 0xFD30, 0xFD10, 0xFD30, 0xFD91, 0xFDD2, 0xFE75, 0xFEB6, 0xFE13, 0xFE95, 0xFED6,
 0xFEB6, 0xFE75, 0xFE95, 0xFF37, 0xFFFC, 0xCE59, 0x955A, 0x85FF, 0x5C1B, 0x212E, 0x080A, 0x002E, 0x002F, 0x002F, 0x082A, 0x2887,
 0x20A6, 0x294F, 0x3192, 0x3192, 0x20ED, 0x1048, 0x20C5, 0x41CA, 0x2130, 0x3A34, 0x3A75, 0x4275, 0x42F8, 0x4BBB, 0x53DC, 0x42B5,
 0x4AD6, 0x53B9, 0x0890, 0x0036, 0x007B, 0x091F, 0x117F, 0x119F, 0x11BF, 0x19FF, 0x1A1F, 0x22BF, 0x4B1F, 0x199E, 0x08FE, 0x009D,
 0x007E, 0x087C, 0x5B14, 0x8CF9, 0x8539, 0xAEDE, 0x8DBF, 0x64BE, 0x7D9F, 0x94B6, 0xFFFD, 0xFFDB, 0xFF58, 0xFEF7, 0xFF58, 0xFF17,
 0xFE95, 0xFE74, 0xFE13, 0xFF17, 0xFEB6, 0xFE13, 0xFD92, 0xFD51, 0xFD10, 0xFD71, 0xFD30, 0xEC8F, 0xE42D, 0xCB6B, 0xBB2A, 0xB2CA,
 0xB2A9, 0xA267, 0x9206, 0x8A06, 0x9226, 0x9206, 0xA247, 0x89C5, 0x79A5, 0x79A5, 0x7164, 0x6123, 0x2861, 0x3882, 0x58E3, 0x3861,
 0x2020, 0x5295, 0x28F5, 0x20B3, 0x28D0, 0x28D1, 0x20AA, 0x1842, 0x1042, 0x0821, 0x0802, 0x0823, 0x0800, 0x0800, 0x0800, 0x0821,
 0x1021, 0x1041, 0x1021, 0x0820, 0x1844, 0x1042, 0x1021, 0x1021, 0x1843, 0x28AC, 0x28D1, 0x20AF, 0x2090, 0x3137, 0x49F1, 0x2860,
 0x30A2, 0x2882, 0x2882, 0x30A2, 0x5124, 0x6965, 0x71A5, 0x79A5, 0x81E6, 0x8207, 0x8A27, 0x9A68, 0x9A68, 0xAAEA, 0xB2EA, 0xB32A,
 0xBB2B, 0xBB2B, 0xDBED, 0xE48F, 0xECD0, 0xECB0, 0xE42D, 0xEC4E, 0xEC6E, 0xEC8F, 0xF4AF, 0xFD10, 0xF4F0, 0xF4F0, 0xFDD3, 0xFDF3,
 0xFE75, 0xFEB6, 0xFE95, 0xFEB6, 0xFF78, 0xFFFC, 0xBDF9, 0xAEBE, 0x42F6, 0x0011, 0x0055, 0x0853, 0x0852, 0x0850, 0x082D, 0x1869,
 0x30C6, 0x18A8, 0x210F, 0x2150, 0x292F, 0x20CA, 0x1003, 0x20EC, 0x31D2, 0x31F3, 0x3A75, 0x4296, 0x42B6, 0x42D7, 0x42F8, 0x31AF,
 0x4B58, 0x53DA, 0x2113, 0x005D, 0x08FF, 0x19DF, 0x1A3F, 0x225F, 0x227F, 0x2ABF, 0x229F, 0x6C9F, 0xB69F, 0x43DF, 0x2ABF, 0x19DF,
 0x117F, 0x52F8, 0x74D6, 0xA6DE, 0xBF7F, 0xAEDF, 0x8E3F, 0xAEDF, 0xBE3A, 0xEF7C, 0xFFDB, 0xFF58, 0xFED6, 0xFE95, 0xFED6, 0xFEB6,
 0xFE13, 0xFD71, 0xF4CF, 0xF531, 0xF510, 0xECAF, 0xEC8E, 0xEC6E, 0xE42D, 0xEC6E, 0xECF0, 0xECF1, 0xE46E, 0xC36B, 0xA288, 0xA289,
 0x9A68, 0xA288, 0x9A88, 0x8A07, 0x9227, 0x81C6, 0x79C6, 0x79A5, 0x71A5, 0x71A5, 0x6965, 0x5104, 0x30A2, 0x3082, 0x3082, 0x3082,
 0x2061, 0x41F2, 0x2916, 0x20B3, 0x28D2, 0x28D3, 0x20AC, 0x1843, 0x1020, 0x1020, 0x1022, 0x1844, 0x0820, 0x1041, 0x1041, 0x0821,
 0x1021, 0x0821, 0x1861, 0x2061, 0x1844, 0x1042, 0x1021, 0x1021, 0x1845, 0x208C, 0x28B0, 0x28D3, 0x20D3, 0x3157, 0x312D, 0x2860,
 0x2882, 0x2882, 0x2062, 0x30A2, 0x5104, 0x6144, 0x6165, 0x6144, 0x6144, 0x7185, 0x71A5, 0x79C6, 0x79C6, 0x81E6, 0x81E6, 0x8A06,
 0xA248, 0xB2C9, 0xC32B, 0xDBED, 0xED11, 0xEC8F, 0xD36B, 0xCB2B, 0xD36B, 0xDBAC, 0xDBCD, 0xEC2D, 0xE40D, 0xE42E, 0xF4AF, 0xFD10,
 0xFDD3, 0xFE74, 0xFF16, 0xFFF9, 0xFF99, 0xFFD9, 0xF7FC, 0xC658, 0x2131, 0x003D, 0x009B, 0x0855, 0x0830, 0x082B, 0x082B, 0x0808,
 0x1023, 0x2085, 0x398C, 0x28E9, 0x28A7, 0x1887, 0x1866, 0x292E, 0x3191, 0x31B1, 0x39D2, 0x3A34, 0x4275, 0x4255, 0x3A34, 0x3190,
 0x4B38, 0x541D, 0x6375, 0x31FF, 0x00BF, 0x223F, 0x2ABF, 0x2ADF, 0x333F, 0x333F, 0x3BBF, 0x751F, 0x545F, 0x43DF, 0x2ADF, 0x1A5F,
 0x6C1D, 0x52D2, 0x6CBB, 0x74BC, 0x641A, 0x541D, 0x645A, 0xD6BB, 0xF7DE, 0xFFFD, 0xFF99, 0xFF38, 0xFF38, 0xFED6, 0xFE34, 0xFDD3,
 0xFD51, 0xEC4E, 0xE42E, 0xEC6E, 0xE40D, 0xD36B, 0xDBAC, 0xCB6B, 0xC32B, 0xD3CC, 0xF511, 0xF511, 0xD3CC, 0xAAC9, 0x9A68, 0x9207,
 0x81C6, 0x79C6, 0x79C6, 0x6965, 0x6965, 0x6965, 0x6144, 0x5924, 0x6144, 0x6144, 0x6144, 0x40C3, 0x2862, 0x2882, 0x2862, 0x2882,
 0x2040, 0x316F, 0x3158, 0x28F5, 0x28F3, 0x28D2, 0x28AD, 0x1844, 0x1021, 0x1021, 0x1021, 0x1844, 0x2061, 0x1841, 0x1021, 0x1021,
 0x1021, 0x1021, 0x1861, 0x1842, 0x1844, 0x1021, 0x1021, 0x1042, 0x1866, 0x208C, 0x28AF, 0x28F3, 0x3154, 0x41B7, 0x312C, 0x2861,
 0x3082, 0x2862, 0x3082, 0x5103, 0x7185, 0x79C5, 0x79A5, 0x81C5, 0x81C5, 0x81C6, 0x8A06, 0x8A06, 0x9227, 0x9227, 0x9206, 0xA267,
 0xB2A8, 0xC34A, 0xCBAB, 0xCBAB, 0xD3EC, 0xCBEC, 0xB2C8, 0xA267, 0x9A47, 0x9A67, 0xA2A8, 0xA2A7, 0xA2C8, 0xAAC8, 0xA2C8, 0xAB09,
 0xBB8B, 0xC3CB, 0xCC4D, 0xDD0F, 0xF54F, 0xFDD1, 0xFE31, 0xFF14, 0x7372, 0x19BF, 0x009F, 0x0052, 0x082D, 0x082F, 0x082C, 0x1027,
 0x188F, 0x1070, 0x108F, 0x186E, 0x288D, 0x30CB, 0x20A7, 0x20EA, 0x292E, 0x3170, 0x3191, 0x31B1, 0x31B2, 0x39F3, 0x3A34, 0x3A14,
 0x3A12, 0x4B5A, 0x63D7, 0x8C17, 0x3ABF, 0x1A5F, 0x2ABF, 0x333F, 0x43DF, 0xA63F, 0xD73F, 0x95DF, 0x54BF, 0x3B7F, 0x3B3F, 0x6BFC,
 0x6BF6, 0x5BFB, 0x6C7D, 0x6CBD, 0x647E, 0x3A95, 0x7B2C, 0xFF57, 0xFE74, 0xFDD1, 0xF550, 0xE4AE, 0xD48E, 0xC42D, 0xC3CC, 0xBB8B,
 0xB32A, 0xA2A8, 0xA2C8, 0xAAE8, 0x9A67, 0x9A67, 0x9A67, 0xA287, 0xAAA8, 0xB30A, 0xCBCC, 0xCBCC, 0xC34A, 0xBB09, 0xAAC8, 0xA267,
 0x9226, 0x9226, 0x9A47, 0x9A27, 0x89E6, 0x81C5, 0x81C6, 0x79A5, 0x81C6, 0x79C6, 0x6985, 0x6144, 0x40C3, 0x2882, 0x2882, 0x2882,
 0x2040, 0x314C, 0x39B8, 0x3155, 0x28F4, 0x20B1, 0x28CF, 0x2086, 0x1042, 0x1041, 0x1021, 0x1844, 0x1841, 0x1841, 0x1021, 0x1041,
 0x1021, 0x1021, 0x0821, 0x1021, 0x1843, 0x1041, 0x1041, 0x1021, 0x1866, 0x208D, 0x28B0, 0x28F3, 0x3154, 0x39B7, 0x392A, 0x2860,
 0x2881, 0x3081, 0x48E2, 0x5923, 0x5943, 0x6143, 0x5923, 0x5123, 0x5122, 0x5922, 0x5103, 0x48E3, 0x48E3, 0x40C3, 0x3083, 0x38A4,
 0x38A5, 0x38C5, 0x40E5, 0x40E5, 0x40C5, 0x38C5, 0x3085, 0x2866, 0x2067, 0x2068, 0x28AA, 0x30CB, 0x40EB, 0x490B, 0x48EB, 0x50EA,
 0x694A, 0x81AC, 0x9A0D, 0xBA8E, 0xD32E, 0xF431, 0xFCF2, 0xFE35, 0xE698, 0x845A, 0x08DB, 0x000F, 0x0832, 0x082F, 0x0828, 0x106F,
 0x0878, 0x0015, 0x0014, 0x0033, 0x0012, 0x1072, 0x4950, 0x1865, 0x2086, 0x290B, 0x316F, 0x2970, 0x31D1, 0x3A33, 0x3A13, 0x3191,
 0x3170, 0x39D2, 0x5BFB, 0x6C58, 0x8C97, 0x6C1D, 0x5C3F, 0x5C7F, 0x5C3F, 0xBE7F, 0xAE3F, 0x545F, 0x541F, 0x6C3E, 0x955D, 0x7D1C,
 0x7DBF, 0x8E3F, 0x8DFF, 0x7D5F, 0x85BF, 0x7435, 0xEE98, 0xFED9, 0xFD75, 0xFCB3, 0xEC12, 0xDB70, 0xBA8E, 0xA22E, 0x91CC, 0x818B,
 0x714A, 0x592A, 0x48EA, 0x38CA, 0x30AA, 0x28A9, 0x2067, 0x30A7, 0x30A6, 0x38A6, 0x40E6, 0x40C6, 0x40C5, 0x40C6, 0x38C6, 0x38A5,
 0x3084, 0x38A4, 0x48E4, 0x5103, 0x48E2, 0x48E2, 0x5123, 0x5123, 0x5943, 0x5123, 0x4902, 0x4902, 0x48E2, 0x38C1, 0x38A1, 0x38A2,
 0x2860, 0x394A, 0x41B7, 0x3975, 0x28F5, 0x28B2, 0x28D0, 0x2086, 0x1040, 0x1041, 0x1021, 0x1043, 0x1021, 0x1021, 0x1021, 0x1021,
 0x1041, 0x1021, 0x1020, 0x1021, 0x1041, 0x1041, 0x2063, 0x1862, 0x2067, 0x28B0, 0x28B2, 0x20B2, 0x28F4, 0x41D8, 0x20A7, 0x1001,
 0x1024, 0x1025, 0x1026, 0x1028, 0x1029, 0x0829, 0x082A, 0x106C, 0x106E, 0x108F, 0x10B0, 0x1912, 0x2133, 0x2155, 0x2976, 0x3A18,
 0x4258, 0x4A78, 0x5A97, 0x72D7, 0x8317, 0x8338, 0x8378, 0x7B9A, 0x6B7B, 0x83FA, 0x83FB, 0x943B, 0x9C3A, 0xA439, 0xAC19, 0xBC58,
 0xCC57, 0xE518, 0xF5B9, 0xF639, 0xF679, 0xFEB9, 0xFEF9, 0xFF5A, 0xFFFC, 0xE73B, 0x318E, 0x0832, 0x0032, 0x082A, 0x080E, 0x08DD,
 0x00DE, 0x00BE, 0x00BE, 0x007C, 0x0079, 0x0057, 0x0855, 0x104F, 0x080A, 0x1028, 0x314B, 0x31B0, 0x31B1, 0x31D1, 0x20EB, 0x2088,
 0x208A, 0x28CB, 0x39D1, 0x53DA, 0x6CBB, 0x8D18, 0x94B6, 0x6376, 0x42BC, 0x6BFF, 0x7C7D, 0x951B, 0x8CFB, 0x95DD, 0x8E3F, 0xAEFF,
 0xBF3F, 0xAEDF, 0x963F, 0x8DFF, 0xAE7E, 0xB576, 0xFFFC, 0xFF5A, 0xFEF9, 0xFEB9, 0xFEBA, 0xF659, 0xEDFA, 0xED99, 0xDCF8, 0xCCB8,
 0xCCD9, 0xBC79, 0xAC39, 0x9C39, 0x943A, 0x8C1B, 0x83DA, 0x737B, 0x7B9A, 0x7B79, 0x7B79, 0x7318, 0x7317, 0x62F9, 0x5ADA, 0x4259,
 0x3A18, 0x2997, 0x1915, 0x18F4, 0x18F3, 0x10D1, 0x108F, 0x108E, 0x086E, 0x104A, 0x084A, 0x0829, 0x1028, 0x1027, 0x1026, 0x1024,
 0x1001, 0x2909, 0x41F8, 0x2915, 0x20D4, 0x20B3, 0x28D2, 0x2068, 0x1842, 0x1843, 0x1020, 0x1020, 0x1020, 0x1020, 0x1020, 0x1041,
 0x1042, 0x1043, 0x1024, 0x1847, 0x1869, 0x188A, 0x1867, 0x2862, 0x2889, 0x28AF, 0x28F2, 0x28F3, 0x28F4, 0x4A58, 0x51CC, 0x61EE,
 0x5214, 0x5256, 0x5276, 0x62B7, 0x62B7, 0x5A55, 0x6A74, 0x72D4, 0x7AF4, 0x8314, 0x8313, 0x9352, 0x9B71, 0x9B50, 0xA370, 0xBC11,
 0xCC50, 0xCC0F, 0xC3EE, 0xCBEE, 0xCBCD, 0xCBCD, 0xBB6B, 0xAAE9, 0xA2A9, 0xAAC9, 0xAAC8, 0xB2E9, 0xBAE9, 0xCB4A, 0xDBAA, 0xE3EB,
 0xE40C, 0xFC8D, 0xFD2F, 0xFE32, 0xFE93, 0xFE32, 0xFE32, 0xFEB3, 0xFEF5, 0xFFFA, 0xAD13, 0x2114, 0x0012, 0x0034, 0x00BC, 0x013F,
 0x093F, 0x093F, 0x091F, 0x095F, 0x08DF, 0x009E, 0x005A, 0x0032, 0x08B4, 0x08F7, 0x316C, 0x316D, 0x20CA, 0x20AA, 0x212B, 0x3AB2,
 0x4B32, 0x4290, 0x28E9, 0x3190, 0x5BFC, 0x753F, 0x857D, 0x53D8, 0x3A97, 0x643C, 0x643B, 0x859C, 0x9E7F, 0xAEFF, 0xCF7F, 0xEFFF,
 0xDF9F, 0xA69F, 0x9E9F, 0xCF7F, 0xB5B9, 0xEF3A, 0xFF76, 0xFE53, 0xFE12, 0xFDD1, 0xFE12, 0xFDF2, 0xFDB1, 0xF4AE, 0xDBEC, 0xDBEC,
 0xE46D, 0xD3AB, 0xC32A, 0xB2C9, 0xA2A8, 0xAAC9, 0xAAE9, 0xAAC9, 0xAB0A, 0xC38C, 0xD3ED, 0xC3AD, 0xCC0F, 0xD44F, 0xD470, 0xCC71,
 0xC430, 0xAB90, 0x9B50, 0x8B51, 0x8B32, 0x72F3, 0x8355, 0x7B35, 0x6AB4, 0x6274, 0x5A55, 0x6297, 0x5A97, 0x5278, 0x4A37, 0x4A15,
 0x41B2, 0x49EF, 0x5298, 0x20D5, 0x2915, 0x20D3, 0x28D0, 0x28AA, 0x2042, 0x1048, 0x186A, 0x186B, 0x1869, 0x1024, 0x1023, 0x1042,
 0x20F0, 0x2111, 0x3152, 0x4A14, 0x28F1, 0x186B, 0x1845, 0x2064, 0x28AB, 0x28AE, 0x28D1, 0x2914, 0x3135, 0x5A97, 0x4967, 0x69A7,
 0x69A6, 0x61A6, 0x69A5, 0x79E5, 0x8205, 0x79C5, 0x89E4, 0x9205, 0xB2A7, 0xC349, 0xA246, 0x9205, 0xA246, 0xB2A7, 0xC328, 0xC349,
 0xD3CA, 0xDC2B, 0xDC0B, 0xD3AA, 0xD3CA, 0xD3CB, 0xC329, 0xBB29, 0xB2A8, 0xAA68, 0xB2C9, 0xB2C9, 0xAAA9, 0xC32A, 0xE3EC, 0xEC2D,
 0xEC6E, 0xFD10, 0xFD71, 0xFD51, 0xFD71, 0xFD71, 0xFDD2, 0xFE33, 0xFE94, 0xFFD8, 0xC616, 0x4A79, 0x0019, 0x08DD, 0x227F, 0x1A1F,
 0x19DF, 0x119F, 0x117F, 0x119F, 0x115F, 0x093F, 0x08FF, 0x007A, 0x08B6, 0x08D7, 0x20A6, 0x2065, 0x20C8, 0x4293, 0x5379, 0x5B97,
 0x6439, 0x5C7F, 0x42F6, 0x314C, 0x4274, 0x649E, 0x8DFF, 0x751F, 0x6C9E, 0x753F, 0x9E7F, 0xAEFF, 0xBF1F, 0xAEBF, 0xA69F, 0xB71F,
 0xA6BF, 0xAEBF, 0xCEFE, 0xD67B, 0xEF7D, 0xFFFA, 0xFEB4, 0xFDD2, 0xFD92, 0xFD30, 0xF4CF, 0xFD10, 0xFD30, 0xFCF0, 0xEC6E, 0xEC8F,
 0xE46E, 0xD3AC, 0xC30A, 0xAAA9, 0xA268, 0xA268, 0xAA88, 0xB2E9, 0xCB8A, 0xCB6A, 0xD3EB, 0xDC2B, 0xD3EA, 0xDC0B, 0xDBCA, 0xD369,
 0xCB69, 0xC2E8, 0xAA86, 0x9A26, 0x89E5, 0xAAA7, 0xB2C7, 0x9A25, 0x81C4, 0x7184, 0x79A4, 0x79C5, 0x71C5, 0x71C5, 0x71E6, 0x7207,
 0x5987, 0x4988, 0x6339, 0x2935, 0x3155, 0x28F3, 0x28D0, 0x28CB, 0x2064, 0x1047, 0x184C, 0x20F3, 0x31D6, 0x20F2, 0x18D2, 0x20D2,
 0x1065, 0x1064, 0x1063, 0x2084, 0x1842, 0x1021, 0x1022, 0x2064, 0x28AD, 0x28B0, 0x28D1, 0x2914, 0x3156, 0x6317, 0x2882, 0x40A2,
 0x40C2, 0x38A2, 0x50E3, 0x5924, 0x7185, 0x7185, 0x7185, 0x81E6, 0x9A47, 0x9A68, 0x9A47, 0xA267, 0xBB2A, 0xBB2A, 0x8206, 0x6964,
 0x6144, 0x6984, 0x6984, 0x5944, 0x5944, 0x6164, 0x6964, 0xA2C8, 0xC3CB, 0xDC2C, 0xDBCC, 0xC32A, 0xCB6B, 0xDBAC, 0xF48E, 0xFD51,
 0xFDF3, 0xFD91, 0xFDD3, 0xFD71, 0xFD71, 0xFD91, 0xFD91, 0xFDF2, 0xFE94, 0xFF97, 0xF799, 0x9498, 0x29DF, 0x00FF, 0x2ADF, 0x3B9F,
 0x439F, 0x3B3F, 0x3B3F, 0x32DF, 0x225F, 0x19DF, 0x119F, 0x091D, 0x0055, 0x084E, 0x28C6, 0x28E9, 0x4AD6, 0x6D1F, 0x5BFA, 0x6397,
 0x745A, 0x645A, 0x751F, 0x5337, 0x316D, 0x643A, 0x965F, 0x6C9E, 0x7D3E, 0x95FF, 0xA69F, 0xB71F, 0x9E9F, 0x7DBF, 0x751E, 0x9DFE,
 0xBE9F, 0xD6DE, 0xDEFC, 0xF7BC, 0xFFFB, 0xFF58, 0xFE95, 0xFDF3, 0xFD71, 0xFCEF, 0xF4CF, 0xF4CF, 0xF511, 0xFD31, 0xFD30, 0xFDD3,
 0xF530, 0xE42D, 0xCB8B, 0xC32A, 0xBB0A, 0xCB6B, 0xCB8A, 0xC3AA, 0x9287, 0x6144, 0x6144, 0x6184, 0x5944, 0x6164, 0x6144, 0x6124,
 0x6144, 0x79C5, 0xB2E8, 0xBAE9, 0x9A68, 0x9A68, 0x9247, 0x8A07, 0x7185, 0x6144, 0x6144, 0x5924, 0x50E3, 0x50E3, 0x38A2, 0x40A2,
 0x3061, 0x30C3, 0x6B58, 0x3155, 0x3155, 0x28F4, 0x28D2, 0x28CD, 0x2064, 0x1842, 0x1021, 0x1042, 0x1864, 0x1042, 0x1043, 0x1065,
 0x1020, 0x1020, 0x1021, 0x1846, 0x1040, 0x1040, 0x1041, 0x2066, 0x20AF, 0x2912, 0x28F2, 0x28D3, 0x39B8, 0x7BF7, 0x38A2, 0x50E3,
 0x38C3, 0x40C3, 0x5103, 0x5104, 0x6144, 0x6985, 0x7185, 0x89E6, 0xA267, 0xA288, 0x9A67, 0xBAE9, 0xBB49, 0x5944, 0x3882, 0x3082,
 0x2041, 0x2041, 0x2862, 0x3062, 0x3082, 0x3082, 0x40C3, 0x48C3, 0x5903, 0xAB09, 0xDC2B, 0xD3AB, 0xE40C, 0xDBCC, 0xE40D, 0xF4AF,
 0xFD30, 0xFD30, 0xFD92, 0xFD92, 0xFD91, 0xFD70, 0xFD10, 0xFDD2, 0xFE74, 0xFF16, 0xFFF9, 0xE739, 0x9D1C, 0x3A9F, 0x223F, 0x2ADF,
 0x333F, 0x3B7F, 0x4C1F, 0x6D1F, 0x6D3F, 0x3B5F, 0x119F, 0x08B9, 0x104A, 0x0809, 0x41EF, 0x63B9, 0x7D5F, 0x7D7F, 0x5BFA, 0x7478,
 0x6CDB, 0x963F, 0x8DFF, 0x5BBA, 0x5316, 0x5B34, 0x5BB9, 0x7D7F, 0xA69F, 0xBF5F, 0xBF5F, 0xAF1F, 0x9E7E, 0x84B7, 0xAD96, 0xE73C,
 0xEF7C, 0xFFDE, 0xFFDB, 0xFF58, 0xFF58, 0xFED6, 0xFE34, 0xFDD3, 0xFD51, 0xEC4E, 0xF4CF, 0xECD0, 0xF511, 0xF530, 0xF4CF, 0xECCF,
 0xE44E, 0xD3AC, 0xD3AC, 0xDBEC, 0xDBEC, 0xC38A, 0x8A06, 0x5903, 0x4082, 0x40A2, 0x3082, 0x2862, 0x2862, 0x2042, 0x1841, 0x1841,
 0x2862, 0x3062, 0x6144, 0xCB8A, 0xBB09, 0x9A68, 0x9248, 0x8A06, 0x79A5, 0x6144, 0x5924, 0x5924, 0x5924, 0x5904, 0x38A3, 0x38A3,
 0x40C2, 0x38C3, 0x8419, 0x3177, 0x2914, 0x28F5, 0x20D4, 0x20AF, 0x2065, 0x1040, 0x1020, 0x1021, 0x1845, 0x1021, 0x1020, 0x0820,
 0x1021, 0x1021, 0x1021, 0x1046, 0x1846, 0x1843, 0x2065, 0x208B, 0x28D2, 0x3134, 0x3175, 0x4A17, 0x7BD9, 0x5209, 0x3061, 0x5924,
 0x5924, 0x5903, 0x5904, 0x5124, 0x5924, 0x5924, 0x6124, 0x6144, 0x81C6, 0x9247, 0xA288, 0xCB6A, 0xA2C7, 0x40C3, 0x3082, 0x1841,
 0x0821, 0x1021, 0x1041, 0x1041, 0x1841, 0x1841, 0x2882, 0x40C3, 0x48C3, 0x50C3, 0x81E6, 0xC3CB, 0xB34A, 0xD3CB, 0xE40D, 0xE40D,
 0xEC2D, 0xF46E, 0xF4AF, 0xFD31, 0xFDB2, 0xFDB1, 0xF4AF, 0xFD51, 0xFE34, 0xFED6, 0xFF57, 0xFFF9, 0xFFDC, 0xC65E, 0xADBD, 0x955F,
 0x439F, 0x3B9F, 0x543F, 0x6CFF, 0x5CDF, 0x2AFF, 0x00BC, 0x72AD, 0x9BCC, 0x210B, 0x7CFD, 0x967F, 0x965F, 0x74FF, 0x749C, 0xC73F,
 0x8DFF, 0x9E5F, 0xA6DF, 0x857D, 0x63BA, 0x4A90, 0x312C, 0x6CBD, 0x753E, 0x961F, 0xA67D, 0xA5D8, 0xCDB5, 0xF611, 0xFED3, 0xFF15,
 0xFF77, 0xFFDA, 0xFFB9, 0xFF17, 0xFE96, 0xFE75, 0xFDF3, 0xFD31, 0xEC8F, 0xE46E, 0xF530, 0xECD0, 0xECCF, 0xEC6E, 0xE42E, 0xDC0D,
 0xDBEC, 0xE42D, 0xD3CB, 0xAAE9, 0xB349, 0x79A5, 0x48C3, 0x40A2, 0x40A2, 0x3082, 0x1862, 0x1041, 0x1041, 0x1041, 0x1041, 0x1021,
 0x1841, 0x1841, 0x3882, 0xBBEA, 0xCB8A, 0xA288, 0x8A27, 0x7185, 0x5924, 0x4903, 0x5104, 0x5104, 0x5124, 0x5924, 0x5924, 0x5924,
 0x5104, 0x2841, 0x5A6B, 0x8419, 0x4A18, 0x3177, 0x20F6, 0x20B2, 0x206B, 0x1844, 0x1043, 0x1865, 0x1845, 0x1021, 0x1021, 0x1021,
 0x1021, 0x1021, 0x1021, 0x1021, 0x1045, 0x1868, 0x186B, 0x20D0, 0x3171, 0x522F, 0x5A4D, 0x628C, 0x4124, 0x2021, 0x48E3, 0x5924,
 0x5924, 0x5924, 0x5924, 0x6144, 0x7185, 0x7185, 0x6964, 0x79C6, 0x79A6, 0x79C6, 0x9A67, 0xCB4A, 0xB348, 0x40C3, 0x2062, 0x0821,
 0x1041, 0x1041, 0x1041, 0x1041, 0x1021, 0x1021, 0x1041, 0x1841, 0x3882, 0x38A2, 0x48C3, 0x7985, 0xAAC7, 0x9A67, 0xE42B, 0xF4AD,
 0xF48D, 0xFCCE, 0xFD50, 0xFDD2, 0xFDF2, 0xFD50, 0xF4CF, 0xFD10, 0xFE13, 0xFEB6, 0xFEF6, 0xFEF6, 0xFFDA, 0xFFFD, 0xE73A, 0xD698,
 0xBE1C, 0xADFE, 0xADFE, 0x74DE, 0x74BD, 0x7439, 0xBD53, 0xC573, 0x20CC, 0x5B15, 0x853D, 0x8434, 0x41EA, 0x4230, 0x6CBC, 0x859E,
 0x5B99, 0x9DBE, 0x9DFC, 0xCFDF, 0x9E1F, 0x42D5, 0x298A, 0x522C, 0x83D1, 0xB4F3, 0xCCAF, 0xF4EE, 0xFCAC, 0xFBEA, 0xF3EA, 0xFCAD,
 0xFDB0, 0xFEB3, 0xFF58, 0xFFBA, 0xFEB6, 0xFE34, 0xFDB3, 0xF4F0, 0xE44E, 0xE42E, 0xEC8F, 0xFD71, 0xFD30, 0xFD0F, 0xE46D, 0xD3CB,
 0xDC0B, 0xBB69, 0x79E5, 0x9206, 0x5904, 0x40C3, 0x38A2, 0x3082, 0x2061, 0x1041, 0x1041, 0x1041, 0x1021, 0x1041, 0x1041, 0x1021,
 0x1021, 0x2062, 0x50E3, 0xCC4B, 0xD38A, 0x9A47, 0x71A5, 0x71A5, 0x6965, 0x5944, 0x6144, 0x6144, 0x5924, 0x5924, 0x5924, 0x5924,
 0x5924, 0x40C3, 0x1800, 0x4145, 0x628C, 0x5A6F, 0x4A31, 0x2971, 0x18AF, 0x184A, 0x1847, 0x1043, 0x1021, 0x1021, 0x1021, 0x1021,
 0x1021, 0x1021, 0x1021, 0x1041, 0x1040, 0x1021, 0x1021, 0x1841, 0x38A1, 0x50E2, 0x48A1, 0x3041, 0x2862, 0x2882, 0x48E3, 0x5103,
 0x5103, 0x5924, 0x6144, 0x7185, 0x81C6, 0x81E6, 0x7185, 0x81E6, 0x81E6, 0x6965, 0x8A07, 0xC329, 0xC389, 0x48E3, 0x1841, 0x1841,
 0x1041, 0x1041, 0x1041, 0x1841, 0x1021, 0x1041, 0x1041, 0x1021, 0x1041, 0x1841, 0x3082, 0x4082, 0x9A67, 0x79A5, 0x6124, 0x9A87,
 0xAAC8, 0xBB09, 0xDC8D, 0xF612, 0xFDF1, 0xFDF1, 0xFD70, 0xFD10, 0xFDF3, 0xFEB5, 0xFED6, 0xFEB6, 0xFF37, 0xFF57, 0xFF56, 0xFF13,
 0xFEB3, 0xF613, 0xE572, 0xDD10, 0xE50F, 0xFD6D, 0xFE0F, 0x2991, 0x10B0, 0x4231, 0x1026, 0x2903, 0x4AAC, 0x5BB5, 0x85FF, 0x74FB,
 0x422B, 0x3947, 0x51CB, 0x8478, 0x8DFF, 0x4B78, 0x4399, 0xA491, 0xFDAD, 0xFBE9, 0xE307, 0xC266, 0xBA67, 0xBA67, 0xD329, 0xDB49,
 0xEBEB, 0xFCCD, 0xFD0F, 0xFE75, 0xFED5, 0xFE13, 0xFDD2, 0xF4F0, 0xE44E, 0xF510, 0xFD90, 0xED0F, 0xE4AD, 0xCBCB, 0x8A26, 0x81C5,
 0x79A5, 0x3882, 0x6964, 0x7164, 0x3082, 0x3082, 0x2882, 0x1041, 0x1021, 0x1041, 0x1041, 0x1041, 0x1041, 0x1041, 0x1041, 0x1041,
 0x1041, 0x2041, 0x6985, 0xDC2B, 0xC309, 0x79C5, 0x6965, 0x8A06, 0x79A5, 0x6985, 0x79C6, 0x79C6, 0x7185, 0x6144, 0x6124, 0x5104,
 0x5924, 0x38C3, 0x2062, 0x2841, 0x2840, 0x48C1, 0x50E2, 0x2881, 0x1041, 0x1021, 0x1020, 0x1020, 0x1021, 0x1021, 0x1021, 0x1021,
 0x1021, 0x1021, 0x1021, 0x1041, 0x1041, 0x1021, 0x1041, 0x2061, 0x2882, 0x48E3, 0x48E3, 0x40C3, 0x40C3, 0x2062, 0x2062, 0x2062,
 0x2062, 0x40C3, 0x6124, 0x71A5, 0x81E6, 0x81E6, 0x7185, 0x6965, 0x71A5, 0x79C6, 0x9207, 0xB2C8, 0xDBEA, 0x6164, 0x2062, 0x1041,
 0x1041, 0x1041, 0x1041, 0x1041, 0x1041, 0x1041, 0x1041, 0x1041, 0x1021, 0x0821, 0x1841, 0x2862, 0x40C2, 0x6984, 0x2862, 0x40A2,
 0x48C3, 0x5103, 0x7164, 0x9246, 0xC38A, 0xF54F, 0xFDB0, 0xFE13, 0xFE95, 0xFEB5, 0xFF17, 0xFF77, 0xFE32, 0xFD0F, 0xFD0E, 0xFCCD,
 0xFC6C, 0xF3AA, 0xE328, 0xDB07, 0xD2E7, 0xDAC6, 0xE4AE, 0x4AB1, 0x1088, 0x3A53, 0x3AD2, 0x7D3C, 0x967F, 0x6CDD, 0x7D9F, 0x965F,
 0xBF3F, 0xAD75, 0x294B, 0x216F, 0x645D, 0x42D1, 0x2215, 0x5377, 0xEBE9, 0xCA87, 0x99E5, 0x91C5, 0x89C5, 0x8185, 0x91E6, 0xAA67,
 0xBAC8, 0xCB09, 0xE36A, 0xFCAD, 0xFE53, 0xFE74, 0xFDB2, 0xFD51, 0xF550, 0xECCE, 0xD42C, 0x9A67, 0x7184, 0x5903, 0x48E3, 0x40C3,
 0x38A2, 0x2882, 0x71A5, 0x30A2, 0x2061, 0x2062, 0x1041, 0x1021, 0x1041, 0x1041, 0x1041, 0x1041, 0x1041, 0x1041, 0x1021, 0x1041,
 0x1041, 0x2041, 0x71C5, 0xDBEB, 0xAAA8, 0x8A06, 0x71A5, 0x7185, 0x6164, 0x7185, 0x8A07, 0x79C6, 0x7185, 0x6144, 0x40C3, 0x2062,
 0x2882, 0x2882, 0x2882, 0x38C3, 0x38C3, 0x48E3, 0x40C3, 0x2862, 0x1841, 0x1021, 0x1021, 0x1021, 0x1021, 0x1021, 0x1021, 0x1021,
 0x1021, 0x1021, 0x1021, 0x1021, 0x1021, 0x1021, 0x1841, 0x2882, 0x2862, 0x2862, 0x2882, 0x38A3, 0x30A2, 0x2062, 0x3082, 0x2062,
 0x2062, 0x38A2, 0x50E3, 0x5924, 0x6964, 0x6144, 0x6144, 0x7185, 0x79C6, 0x8A06, 0x9226, 0xAA88, 0xD3AA, 0x79E5, 0x3082, 0x1841,
 0x0821, 0x1021, 0x1041, 0x1021, 0x1021, 0x1021, 0x1021, 0x1041, 0x1841, 0x1841, 0x2062, 0x2882, 0x40E3, 0x6144, 0x30A2, 0x2862,
 0x2882, 0x38A2, 0x48E3, 0x50E3, 0x6104, 0x9206, 0xCBEB, 0xFDB0, 0xF654, 0xFFB8, 0xFFD8, 0xFE52, 0xF46C, 0xD34A, 0xC2C9, 0xBAC8,
 0xAA88, 0xA247, 0x89C5, 0x89E5, 0xA226, 0xBA46, 0xE44E, 0x5206, 0x1043, 0x3AB8, 0x53FD, 0x649D, 0x53F8, 0x1044, 0x4B57, 0x8E3F,
 0x967F, 0xE7FF, 0xD71C, 0x8D7A, 0x5C1A, 0x10C6, 0x4B73, 0x63D9, 0xE3CB, 0xBA66, 0x89C5, 0x7985, 0x7185, 0x6144, 0x6965, 0x7165,
 0x7165, 0x81A5, 0x9A26, 0xC2C8, 0xEBEB, 0xFE33, 0xFEB4, 0xF5B1, 0xDC0C, 0x9A46, 0x6924, 0x50E3, 0x48C3, 0x48C3, 0x38A2, 0x2882,
 0x2041, 0x5103, 0x6984, 0x30A2, 0x2882, 0x2062, 0x2061, 0x1841, 0x1041, 0x1021, 0x1021, 0x1041, 0x1041, 0x1021, 0x0821, 0x0821,
 0x2061, 0x3082, 0x9A67, 0xD36A, 0xA2A8, 0x9227, 0x81E6, 0x71A5, 0x6985, 0x6144, 0x6944, 0x6144, 0x6144, 0x5904, 0x40C3, 0x2882,
 0x2062, 0x30A2, 0x2882, 0x40E3, 0x38C3, 0x2062, 0x2062, 0x2862, 0x2062, 0x1021, 0x1041, 0x1021, 0x1021, 0x1021, 0x1021, 0x1021,
 0x1021, 0x1021, 0x1021, 0x1021, 0x1021, 0x1021, 0x1841, 0x1841, 0x2062, 0x2882, 0x38A2, 0x40C3, 0x5924, 0x38A2, 0x2062, 0x2082,
 0x2882, 0x48C3, 0x50E3, 0x48E3, 0x5103, 0x5103, 0x6144, 0x7185, 0x71A5, 0x71A5, 0x89E6, 0xA267, 0xC329, 0xBB49, 0x50C3, 0x3082,
 0x2061, 0x1841, 0x1021, 0x1021, 0x1021, 0x1021, 0x1841, 0x1841, 0x1041, 0x1041, 0x1041, 0x1841, 0x30A2, 0x5123, 0x69A5, 0x4923,
 0x1021, 0x1841, 0x3082, 0x40C3, 0x48E3, 0x50E3, 0x6944, 0xAA87, 0xD34A, 0xC40C, 0xCC2C, 0xCB49, 0xA226, 0x81A5, 0x81C5, 0x9A47,
 0x9A47, 0x81C6, 0x7985, 0x89E6, 0x9A06, 0xD36A, 0x7B2C, 0x0800, 0x1043, 0x18EB, 0x212A, 0x18C7, 0x1885, 0x2063, 0x28A6, 0x4291,
 0x5354, 0xA5D9, 0xC7BF, 0x8E7F, 0x29CD, 0x0000, 0x4A6A, 0xDD54, 0xD2E7, 0x91E5, 0x7985, 0x6944, 0x5924, 0x6144, 0x6144, 0x6144,
 0x5103, 0x50E3, 0x6944, 0x7985, 0x8185, 0x9247, 0xB34A, 0xBAE9, 0x81A5, 0x50E3, 0x48C3, 0x40C3, 0x38A3, 0x3082, 0x2042, 0x2062,
 0x40E3, 0x6964, 0x5943, 0x38C2, 0x1861, 0x1041, 0x1041, 0x1841, 0x1841, 0x1841, 0x1021, 0x1021, 0x1021, 0x1021, 0x1841, 0x2062,
 0x2882, 0x5923, 0xD3EB, 0xBB09, 0x9A67, 0x81C6, 0x71A5, 0x7185, 0x6164, 0x5924, 0x5103, 0x5103, 0x5104, 0x5924, 0x5924, 0x30A2,
 0x2062, 0x2882, 0x38A2, 0x5924, 0x48E3, 0x40C3, 0x2882, 0x2062, 0x1841, 0x1041, 0x1021, 0x1021, 0x1021, 0x1021, 0x1021, 0x1021,
 0x1021, 0x1021, 0x1021, 0x1041, 0x1841, 0x1841, 0x1021, 0x1021, 0x1041, 0x2882, 0x38A2, 0x30A2, 0x40E3, 0x38A2, 0x3082, 0x30A2,
 0x2062, 0x40C3, 0x5103, 0x50E3, 0x5103, 0x5103, 0x5924, 0x6144, 0x7185, 0x7185, 0x79A5, 0x9226, 0xB2C8, 0xED90, 0x9267, 0x4082,
 0x3882, 0x40A2, 0x2041, 0x1041, 0x0821, 0x1841, 0x2062, 0x1021, 0x1021, 0x1021, 0x1041, 0x1841, 0x2882, 0x40C2, 0x5123, 0x6984,
 0x5103, 0x2862, 0x3082, 0x38A2, 0x40C3, 0x48E3, 0x48E3, 0x5924, 0x81C5, 0x7984, 0x6924, 0x6944, 0x6144, 0x6144, 0x79A5, 0x81C6,
 0x6144, 0x5924, 0x6144, 0x7164, 0x89C5, 0xC4D2, 0x2146, 0x0800, 0x1843, 0x1842, 0x1842, 0x1001, 0x2885, 0x498B, 0x28A6, 0x2044,
 0x1003, 0x2969, 0x4332, 0x4BB6, 0x1865, 0x0801, 0x41E8, 0xEC4D, 0xA205, 0x7164, 0x6124, 0x5924, 0x48E3, 0x5103, 0x50E3, 0x50E3,
 0x5103, 0x5103, 0x50E3, 0x5103, 0x48E3, 0x50E3, 0x58E3, 0x6124, 0x5904, 0x40C3, 0x48C3, 0x38A2, 0x2882, 0x2862, 0x3082, 0x5943,
 0x71A4, 0x48E3, 0x38C2, 0x2882, 0x1841, 0x1841, 0x1021, 0x1021, 0x0821, 0x1841, 0x1841, 0x0821, 0x1841, 0x2062, 0x2882, 0x3082,
 0x3862, 0xAB29, 0xED4F, 0xAA88, 0x8A06, 0x7185, 0x71A5, 0x6144, 0x5104, 0x5103, 0x5103, 0x5103, 0x5104, 0x5924, 0x40C3, 0x2882,
 0x30A2, 0x3082, 0x30A2, 0x40E3, 0x40C3, 0x48C3, 0x2062, 0x1021, 0x1021, 0x1041, 0x1861, 0x1841, 0x1021, 0x1021, 0x1021, 0x1021,
 0x1021, 0x1041, 0x1021, 0x1021, 0x1021, 0x1021, 0x1021, 0x1841, 0x2062, 0x2062, 0x2862, 0x2062, 0x2062, 0x30A2, 0x48E3, 0x5924,
 0x5104, 0x5103, 0x50E3, 0x48E3, 0x40C3, 0x5103, 0x5924, 0x5924, 0x6144, 0x7185, 0x7185, 0x81E6, 0xA267, 0xCC2D, 0xDD12, 0x7144,
 0x50E3, 0x40E3, 0x38A2, 0x2062, 0x2061, 0x3082, 0x1862, 0x1841, 0x2061, 0x1021, 0x0821, 0x2061, 0x2061, 0x1841, 0x30A2, 0x5944,
 0x48E3, 0x6144, 0x6964, 0x38C2, 0x38A2, 0x40C3, 0x5904, 0x5103, 0x48E3, 0x5103, 0x5104, 0x5103, 0x5103, 0x5104, 0x6124, 0x5903,
 0x5924, 0x6144, 0x6144, 0x6144, 0x9227, 0x9BEF, 0x2925, 0x1042, 0x28C7, 0x2908, 0x3129, 0x20A5, 0x49CC, 0x7B32, 0x51EC, 0x418A,
 0x6A8F, 0x8351, 0x30E7, 0x394A, 0x416A, 0x1886, 0x41C9, 0xBB4A, 0x8184, 0x5903, 0x50E3, 0x6124, 0x48E3, 0x40C2, 0x48C3, 0x48E3,
 0x40C3, 0x38A2, 0x38A2, 0x38A2, 0x40C3, 0x40C3, 0x48E3, 0x5103, 0x5103, 0x40C3, 0x40C3, 0x2862, 0x4903, 0x6184, 0x6984, 0x7185,
 0x38C2, 0x2082, 0x2882, 0x38C2, 0x1021, 0x0821, 0x1021, 0x1841, 0x1841, 0x1021, 0x30A2, 0x2882, 0x2862, 0x38A2, 0x38A2, 0x50C2,
 0x8A27, 0xEDD4, 0xC3AC, 0x9A27, 0x79C5, 0x81C6, 0x6985, 0x5924, 0x5924, 0x5104, 0x50E3, 0x48E3, 0x50E3, 0x48E3, 0x5924, 0x6144,
 0x6144, 0x48E3, 0x2862, 0x2062, 0x2062, 0x2882, 0x2062, 0x1841, 0x1841, 0x1041, 0x1041, 0x1041, 0x1021, 0x1021, 0x1021, 0x1021,
 0x1021, 0x1041, 0x1041, 0x1021, 0x1021, 0x1021, 0x1021, 0x1842, 0x1842, 0x2062, 0x2882, 0x30A2, 0x2882, 0x40C3, 0x5924, 0x6144,
 0x6964, 0x6144, 0x5104, 0x50E3, 0x48E3, 0x5103, 0x5103, 0x5904, 0x6144, 0x6144, 0x7185, 0x6965, 0x81E6, 0xA267, 0xE4D0, 0xDCD0,
 0x8A06, 0x58E3, 0x50E3, 0x3082, 0x4903, 0x40C3, 0x2042, 0x38A2, 0x2062, 0x1041, 0x1041, 0x2862, 0x1041, 0x1041, 0x0821, 0x30A2,
 0x3082, 0x38A2, 0x79C5, 0x8A06, 0x5124, 0x6164, 0x48E3, 0x48C3, 0x48E3, 0x40C3, 0x40C3, 0x38C3, 0x2882, 0x2862, 0x2862, 0x48C3,
 0x48E3, 0x5904, 0x5104, 0x5103, 0x6103, 0xAB6C, 0x4229, 0x0824, 0x20C7, 0x2909, 0x394B, 0x314B, 0x398B, 0x51EC, 0x6AB0, 0x72D1,
 0x626E, 0x6AAF, 0x8BB4, 0x72D1, 0x6290, 0x20C9, 0x838F, 0xB2E9, 0x6923, 0x48C3, 0x40A2, 0x50E3, 0x40C3, 0x38A2, 0x40A2, 0x38A2,
 0x2882, 0x1841, 0x2061, 0x2061, 0x30A2, 0x40E3, 0x40E3, 0x40C3, 0x40C3, 0x48E3, 0x5124, 0x5944, 0x79C5, 0x48E3, 0x38C2, 0x2882,
 0x0821, 0x1841, 0x1021, 0x1861, 0x2882, 0x1841, 0x1041, 0x1041, 0x3082, 0x1821, 0x4903, 0x59A4, 0x3062, 0x50C3, 0x6123, 0xB36B,
 0xEDB4, 0xCBED, 0xA247, 0x79C6, 0x6164, 0x7185, 0x6144, 0x6124, 0x5103, 0x5103, 0x5103, 0x48E3, 0x48C3, 0x5103, 0x7185, 0x7185,
 0x6964, 0x6144, 0x38C3, 0x2062, 0x2882, 0x2882, 0x2062, 0x1041, 0x1841, 0x1041, 0x1041, 0x1041, 0x1021, 0x1021, 0x1021, 0x1021,
 0x1041, 0x1041, 0x1041, 0x1021, 0x1021, 0x1041, 0x1841, 0x2062, 0x2062, 0x2062, 0x40C3, 0x30A2, 0x2062, 0x2882, 0x5104, 0x6144,
 0x6144, 0x5924, 0x5104, 0x5924, 0x5103, 0x48E3, 0x50E3, 0x5103, 0x5904, 0x6965, 0x7185, 0x6144, 0x6985, 0x9A67, 0xBAC8, 0xDC6E,
 0xF5D3, 0xBC0D, 0x8207, 0x6123, 0x69A4, 0x5123, 0x38C2, 0x38A2, 0x1841, 0x40E3, 0x2061, 0x2062, 0x38A2, 0x48E3, 0x50E3, 0x3082,
 0x2062, 0x2041, 0x2062, 0x71A4, 0x5124, 0x81E5, 0x79C5, 0x40A2, 0x5103, 0x5103, 0x48C3, 0x38A3, 0x2062, 0x2062, 0x1841, 0x38A3,
 0x48C3, 0x48E3, 0x48E3, 0x40C3, 0x48C2, 0x8A89, 0x830B, 0x5A8B, 0x1044, 0x1044, 0x2085, 0x28C7, 0x312B, 0x49CD, 0x7B53, 0x522E,
 0x2908, 0x2908, 0x3127, 0x3129, 0x520E, 0x5AAE, 0xAB8C, 0x7943, 0x5903, 0x48E3, 0x40C3, 0x40C3, 0x40C3, 0x40A2, 0x38A2, 0x38A2,
 0x3082, 0x1841, 0x3082, 0x38A2, 0x3082, 0x40C3, 0x5924, 0x5103, 0x5103, 0x9226, 0x6164, 0x6144, 0x38A2, 0x1821, 0x1021, 0x2862,
 0x48C3, 0x40C3, 0x30A2, 0x2062, 0x2062, 0x30A2, 0x38A2, 0x1041, 0x30A2, 0x50E2, 0x5164, 0x7206, 0x6964, 0xA30A, 0xD511, 0xFE16,
 0xCBAC, 0xA247, 0x9227, 0x7185, 0x6965, 0x7185, 0x6144, 0x5104, 0x5103, 0x5103, 0x5104, 0x5103, 0x40C3, 0x5104, 0x6965, 0x7185,
 0x6964, 0x48E3, 0x2062, 0x2062, 0x40C3, 0x38A3, 0x2062, 0x2062, 0x1841, 0x1041, 0x1041, 0x1041, 0x1021, 0x1021, 0x1021, 0x1021,
 0x1021, 0x1021, 0x1021, 0x1041, 0x1021, 0x1841, 0x2062, 0x2062, 0x2862, 0x2862, 0x2882, 0x2062, 0x2062, 0x2062, 0x48E3, 0x5924,
 0x5924, 0x5104, 0x5104, 0x6964, 0x6965, 0x6144, 0x5104, 0x5103, 0x5104, 0x6144, 0x5924, 0x5924, 0x5924, 0x7185, 0x9A47, 0xAA87,
 0xCB8A, 0xF571, 0xF5D4, 0xED52, 0xCCD1, 0x936C, 0x61A4, 0x3082, 0x1841, 0x3082, 0x3082, 0x48E3, 0x6124, 0x5924, 0x38A2, 0x3082,
 0x50E3, 0x5103, 0x40C3, 0x3082, 0x1841, 0x2862, 0x81C5, 0x7A26, 0x5124, 0x8206, 0x71C5, 0x3882, 0x3082, 0x2062, 0x2062, 0x3082,
 0x38A3, 0x40C3, 0x48E3, 0x48E3, 0x5103, 0x50E2, 0x7164, 0x9B2B, 0x7B2D, 0x18A4, 0x0002, 0x1045, 0x28C8, 0x418C, 0x520F, 0x522F,
 0x62B2, 0x396C, 0x0802, 0x2106, 0x8BB0, 0xA36C, 0x7964, 0x58E3, 0x48C3, 0x48C3, 0x48C3, 0x40A2, 0x40A2, 0x40C3, 0x3082, 0x3082,
 0x2862, 0x1841, 0x2882, 0x40C3, 0x38A2, 0x71E5, 0x6984, 0x40E3, 0x8206, 0x5924, 0x1841, 0x2882, 0x38A2, 0x30A2, 0x2862, 0x2061,
 0x40C3, 0x6144, 0x5104, 0x48E3, 0x40C3, 0x38A2, 0x2882, 0x1841, 0x2882, 0x82A7, 0x9BAD, 0xD4D1, 0xEDB4, 0xF5D4, 0xE4CF, 0xBB08,
 0xA247, 0x81E6, 0x6165, 0x6165, 0x5924, 0x6144, 0x5924, 0x5103, 0x5104, 0x5124, 0x5944, 0x6144, 0x5924, 0x5124, 0x5103, 0x5103,
 0x5924, 0x40C3, 0x2062, 0x2882, 0x2882, 0x2882, 0x30A2, 0x2882, 0x2882, 0x2062, 0x1041, 0x1021, 0x1021, 0x1021, 0x1021, 0x1021,
 0x1021, 0x1021, 0x1041, 0x1041, 0x1041, 0x1841, 0x2062, 0x2882, 0x2062, 0x2062, 0x1841, 0x2062, 0x2882, 0x2062, 0x2882, 0x48E3,
 0x5924, 0x5904, 0x5104, 0x5944, 0x7185, 0x7185, 0x6144, 0x5924, 0x5924, 0x5103, 0x5104, 0x5924, 0x5924, 0x6944, 0x81C6, 0x8A06,
 0xA267, 0xC309, 0xDBEB, 0xE48E, 0xF4EF, 0xEDB3, 0x7A68, 0x48A2, 0x3082, 0x48C3, 0x5924, 0x6964, 0x50E3, 0x3082, 0x40A2, 0x5924,
 0x6964, 0x7185, 0x48E3, 0x2062, 0x2882, 0x3082, 0x38A3, 0x7A26, 0x7267, 0x40C3, 0x8A26, 0x5924, 0x3882, 0x30A2, 0x3082, 0x2882,
 0x38A2, 0x38A2, 0x48E3, 0x5103, 0x48E3, 0x5104, 0x6144, 0x6103, 0x930B, 0x83AF, 0x83AF, 0x522B, 0x2927, 0x20C6, 0x398B, 0x526F,
 0x6AD0, 0x83B2, 0x8BB0, 0xA38D, 0x9267, 0x7123, 0x5903, 0x48C3, 0x40C3, 0x48E3, 0x40C3, 0x38A2, 0x38A2, 0x38A2, 0x3882, 0x3082,
 0x2882, 0x3082, 0x38C3, 0x3882, 0x79E5, 0x8A66, 0x48C3, 0x6984, 0x6184, 0x2862, 0x3082, 0x1841, 0x40C3, 0x6144, 0x6124, 0x5103,
 0x3082, 0x38C3, 0x6144, 0x6144, 0x5924, 0x5924, 0x48E3, 0x30A2, 0x3882, 0xB46E, 0xE512, 0xE4AF, 0xD3EB, 0xC329, 0xB2C8, 0x9A67,
 0x81E6, 0x71A5, 0x6144, 0x5924, 0x5104, 0x5104, 0x5103, 0x5904, 0x6144, 0x6985, 0x7185, 0x6144, 0x5924, 0x5124, 0x5103, 0x48E3,
 0x48E3, 0x2882, 0x2082, 0x30A2, 0x2062, 0x2062, 0x2082, 0x2882, 0x2062, 0x2062, 0x1041, 0x1021, 0x1021, 0x1021, 0x1021, 0x1021,
 0x1041, 0x1041, 0x1041, 0x1041, 0x1041, 0x1041, 0x1841, 0x2062, 0x2062, 0x2062, 0x2062, 0x2062, 0x2062, 0x2062, 0x2062, 0x30A2,
 0x38C3, 0x5103, 0x5924, 0x5924, 0x6144, 0x7185, 0x7185, 0x7185, 0x6144, 0x6144, 0x6164, 0x6144, 0x6144, 0x6965, 0x7185, 0x81E6,
 0x9247, 0xA288, 0xAAC9, 0xD3AB, 0xC34A, 0xEC4C, 0xE5B4, 0x7A89, 0x50A2, 0x79A5, 0x79A5, 0x5103, 0x3082, 0x5924, 0x6964, 0x79A5,
 0x7185, 0x40C3, 0x3082, 0x5904, 0x5924, 0x6964, 0x7185, 0x5944, 0x5164, 0x6164, 0x5924, 0x8A46, 0x40C3, 0x40A2, 0x38A2, 0x38A2,
 0x38A2, 0x40C3, 0x6144, 0x6144, 0x6124, 0x40C3, 0x48E3, 0x5903, 0x48C2, 0x6985, 0x9268, 0x8227, 0x92EA, 0x934C, 0x8AEB, 0x8ACB,
 0x92CA, 0x8A48, 0x81C5, 0x7123, 0x50E3, 0x40C3, 0x40C3, 0x38A2, 0x3082, 0x40C3, 0x5103, 0x5103, 0x6984, 0x5103, 0x3082, 0x38A2,
 0x38A2, 0x38A2, 0x3882, 0x5944, 0x8A46, 0x50E3, 0x6144, 0x5123, 0x48E3, 0x6965, 0x6965, 0x4903, 0x2882, 0x38A2, 0x6964, 0x7185,
 0x6964, 0x40C3, 0x38A2, 0x5104, 0x6144, 0x79C5, 0x79A5, 0x50A2, 0x9B0B, 0xF5D5, 0xD38A, 0xBB09, 0xB2E9, 0xA288, 0x9A47, 0x9247,
 0x81E6, 0x7185, 0x6985, 0x5944, 0x6144, 0x6164, 0x6144, 0x6964, 0x6985, 0x79A6, 0x7185, 0x5924, 0x5924, 0x5924, 0x48E3, 0x3082,
 0x2862, 0x2062, 0x2062, 0x2062, 0x2062, 0x2062, 0x2082, 0x2062, 0x2062, 0x1841, 0x1041, 0x1021, 0x1021, 0x1021, 0x1021, 0x1021,
 0x1041, 0x1041, 0x1041, 0x1041, 0x1041, 0x1041, 0x1041, 0x1021, 0x1041, 0x2062, 0x2062, 0x2062, 0x30A2, 0x30A2, 0x40E3, 0x5103,
 0x40C3, 0x38A2, 0x38A2, 0x40C3, 0x5924, 0x6144, 0x6964, 0x7185, 0x7185, 0x81E6, 0x8A07, 0x79C6, 0x7185, 0x6985, 0x6965, 0x71A5,
 0x8A47, 0xA2A8, 0xB2E9, 0xC36A, 0xBB2A, 0xDBCB, 0xF4CE, 0xE5D5, 0xA2C9, 0x91E5, 0x6964, 0x48E3, 0x6144, 0x81C6, 0x8A06, 0x7185,
 0x38A2, 0x40C2, 0x7185, 0x89E6, 0x81C5, 0x9206, 0xAAA8, 0x5103, 0x3082, 0x40E3, 0x40A2, 0x8226, 0x7A87, 0x3882, 0x48E3, 0x38A2,
 0x40A2, 0x5103, 0x5103, 0x5103, 0x5924, 0x48E3, 0x48E3, 0x38A2, 0x2882, 0x50E3, 0x58E3, 0x50E2, 0x58C2, 0x60E3, 0x50A2, 0x4881,
 0x48A2, 0x48C2, 0x50E3, 0x5103, 0x48E3, 0x48E3, 0x38A2, 0x3082, 0x38A2, 0x3082, 0x3082, 0x40C3, 0x5103, 0x48E3, 0x38A2, 0x38A2,
 0x40A3, 0x40C3, 0x3882, 0x92E7, 0x7184, 0x40C3, 0x40C3, 0x2041, 0x4903, 0xA288, 0x8A06, 0x7164, 0x5924, 0x38A2, 0x79A5, 0x9226,
 0x81E6, 0x81C5, 0x5103, 0x40C3, 0x5103, 0x9226, 0xB2C8, 0xAB4B, 0xF5B4, 0xE42C, 0xC34A, 0xAAA8, 0xBAE9, 0xAAA8, 0xA288, 0x8A06,
 0x79C6, 0x7185, 0x71A5, 0x6985, 0x79A5, 0x81E6, 0x79C6, 0x71A5, 0x6144, 0x6144, 0x5944, 0x5103, 0x48E3, 0x38A3, 0x40C3, 0x5103,
 0x5103, 0x40E3, 0x30A2, 0x2882, 0x2062, 0x2062, 0x2062, 0x1041, 0x1041, 0x1041, 0x1041, 0x1041, 0x1041, 0x1021, 0x1021, 0x1021,
 0x1021, 0x1021, 0x1021, 0x1021, 0x1021, 0x1041, 0x1041, 0x1041, 0x1841, 0x1841, 0x2062, 0x2062, 0x2882, 0x2882, 0x38A3, 0x5903,
 0x5103, 0x2882, 0x2061, 0x30A2, 0x5924, 0x5924, 0x6144, 0x6144, 0x7185, 0x79C5, 0x8A06, 0x81E6, 0x8A27, 0xA2A8, 0x8A27, 0x79C6,
 0x7185, 0x9227, 0x9A47, 0x9A47, 0xAAC8, 0xBB09, 0xCB4A, 0xEC6D, 0xF615, 0x8269, 0x58E3, 0x7164, 0x89E6, 0x9A47, 0x7185, 0x40C2,
 0x6144, 0x89E6, 0x9206, 0x9226, 0xB2E9, 0xAAC8, 0x5964, 0x48E3, 0x7185, 0x9206, 0x5903, 0x9B6D, 0x934C, 0x50E3, 0x6144, 0x5103,
 0x5103, 0x48E3, 0x48E3, 0x48E3, 0x38A2, 0x38A2, 0x40C3, 0x3082, 0x48E3, 0x48E3, 0x38A2, 0x3082, 0x38A2, 0x48C3, 0x40A2, 0x3082,
 0x3882, 0x38A2, 0x40C3, 0x3882, 0x3082, 0x40C3, 0x5104, 0x48E3, 0x40C3, 0x50E3, 0x48E3, 0x48E3, 0x40C3, 0x40C3, 0x50E3, 0x5103,
 0x5103, 0x5924, 0x50E3, 0xA38D, 0x9B2B, 0x58E2, 0x9206, 0x7185, 0x38A3, 0x5164, 0xBBCA, 0xBB29, 0x89C5, 0x7164, 0x5944, 0x9A47,
 0xA267, 0x9A47, 0x8A06, 0x6965, 0x50E3, 0x58E2, 0xB3EE, 0xF5D5, 0xD38A, 0xBB09, 0xB2C8, 0x9A47, 0x9A47, 0xA288, 0x81E6, 0x71A5,
 0x79C6, 0x9A68, 0xAAC9, 0x8A07, 0x81E6, 0x71A5, 0x71A5, 0x6985, 0x5924, 0x5924, 0x5104, 0x48E3, 0x2882, 0x1841, 0x2882, 0x40E3,
 0x5924, 0x38C3, 0x2882, 0x2882, 0x2062, 0x2062, 0x1842, 0x1041, 0x1041, 0x1041, 0x1021, 0x1021, 0x1021, 0x1021, 0x1021, 0x1021,
 0x1021, 0x1021, 0x1021, 0x1041, 0x1041, 0x1021, 0x1841, 0x2062, 0x2062, 0x1842, 0x2062, 0x2062, 0x2062, 0x2062, 0x2062, 0x3082,
 0x38A2, 0x5924, 0x6944, 0x4903, 0x40E3, 0x5124, 0x48E3, 0x40E3, 0x40C3, 0x30A2, 0x4903, 0x6985, 0x9227, 0xAAA8, 0x9247, 0x71A5,
 0x6985, 0x79C5, 0x79A5, 0x81C6, 0x8A06, 0x9A47, 0xBAE9, 0xD38A, 0xEC6D, 0xEDD4, 0xAB6C, 0xC308, 0xBAE8, 0x79A5, 0x38A2, 0x5903,
 0x9206, 0x9A47, 0xAAA8, 0xC36A, 0x9AA8, 0x48E3, 0x5903, 0x81C6, 0x91C5, 0xCC0D, 0xC4D2, 0xABEF, 0x6965, 0x6964, 0x6965, 0x6144,
 0x5924, 0x5924, 0x48E3, 0x40C3, 0x40C3, 0x48C3, 0x40C3, 0x5103, 0x6144, 0x38A2, 0x3041, 0x48A1, 0x3881, 0x3082, 0x3082, 0x2882,
 0x3082, 0x3082, 0x3082, 0x4082, 0x48A2, 0x3881, 0x40C3, 0x79C5, 0x6144, 0x48E3, 0x5104, 0x40C3, 0x40C3, 0x40C3, 0x5903, 0x6124,
 0x6144, 0x6985, 0x6964, 0x7185, 0xA3CE, 0xBCD2, 0xC38B, 0x91C5, 0x79C6, 0x5103, 0x4924, 0x938A, 0xDC8D, 0xCBEC, 0x8A06, 0x6144,
 0x89E6, 0xAAA8, 0xC329, 0xA246, 0x7164, 0xA40F, 0xF5D4, 0xDBCB, 0xBB09, 0xAAA8, 0x9227, 0x79C6, 0x71A5, 0x81C6, 0x71A5, 0x6965,
 0x79A6, 0x9A68, 0xA2A9, 0x81E6, 0x71A5, 0x40E3, 0x30A2, 0x38C3, 0x48E3, 0x48E3, 0x40C3, 0x38C3, 0x5103, 0x6144, 0x48E3, 0x2882,
 0x2882, 0x2882, 0x2882, 0x2062, 0x2062, 0x2062, 0x2062, 0x2862, 0x1841, 0x1041, 0x1021, 0x1021, 0x1021, 0x1021, 0x1021, 0x1021,
 0x1021, 0x1041, 0x1021, 0x1041, 0x1041, 0x1021, 0x1041, 0x1841, 0x2062, 0x2062, 0x2062, 0x2062, 0x2882, 0x30A3, 0x2882, 0x38C3,
 0x38C3, 0x7185, 0x8A06, 0x6144, 0x38A2, 0x2882, 0x2882, 0x1861, 0x2882, 0x2862, 0x2882, 0x38C3, 0x6144, 0x79A5, 0x7185, 0x6985,
 0x8A27, 0x9227, 0x8207, 0x9A48, 0xAAA8, 0xA288, 0xA288, 0xB2C9, 0xC329, 0xE42C, 0xFE76, 0xF5D5, 0x9268, 0x58E2, 0x7164, 0x9A47,
 0xBB09, 0xBB09, 0xAAA8, 0x5944, 0x48C2, 0x9A26, 0xBB09, 0xBAC8, 0xCBED, 0xE595, 0xBB8C, 0x8984, 0x89C5, 0x81C5, 0x81C5, 0x7164,
 0x6923, 0x6944, 0x6985, 0x6144, 0x6964, 0x6124, 0x5903, 0x9266, 0x7184, 0x6144, 0xBC70, 0xF699, 0xDE37, 0x7A69, 0x1821, 0x1041,
 0x1841, 0x2021, 0x726A, 0xD5F7, 0xEE99, 0xAC30, 0x48E3, 0x8206, 0x9AA8, 0x50E3, 0x6144, 0x5924, 0x5903, 0x6965, 0x71A5, 0x7143,
 0x7984, 0x81C5, 0x81C5, 0x81A4, 0x8164, 0xAB4B, 0xE575, 0xCBCC, 0xBAC8, 0xC32A, 0xA247, 0x50C3, 0x6A05, 0xE570, 0xDC0C, 0xAAA8,
 0x89E6, 0x7164, 0x89C5, 0xD3EC, 0xF5F5, 0xFDF4, 0xD38A, 0xB2E9, 0xA2A8, 0xB2E9, 0xAAC9, 0x9227, 0x81E6, 0x8207, 0x8A07, 0x71A5,
 0x6965, 0x79A5, 0x79A5, 0x5104, 0x30A3, 0x2882, 0x2062, 0x30A2, 0x2062, 0x2882, 0x2882, 0x40C3, 0x6944, 0x9247, 0x6165, 0x40C3,
 0x30A2, 0x28A2, 0x30A3, 0x2062, 0x2062, 0x2062, 0x2062, 0x2062, 0x1841, 0x1041, 0x1041, 0x1041, 0x1021, 0x1021, 0x1021, 0x1021,
 0x1041, 0x1041, 0x1021, 0x1041, 0x1041, 0x1041, 0x1041, 0x1041, 0x1841, 0x2061, 0x2062, 0x2062, 0x38A3, 0x5924, 0x5104, 0x5124,
 0x5103, 0x6144, 0x79A5, 0x5924, 0x2882, 0x2062, 0x2062, 0x3082, 0x38A2, 0x2882, 0x2062, 0x2062, 0x38A3, 0x5924, 0x6965, 0x71A5,
 0x9227, 0x9247, 0x81C6, 0x8A07, 0x9247, 0x9A67, 0xA288, 0x9227, 0xA288, 0xC329, 0xDBEB, 0xF592, 0xEE16, 0xCC0D, 0xE48D, 0xF52F,
 0xEC6D, 0xC329, 0x89E5, 0x7164, 0xB2C8, 0xD38A, 0xDBAB, 0xE4D0, 0xFEF9, 0xEE56, 0xF696, 0xDCF0, 0xCBCD, 0xCB8C, 0xCBAC, 0xC3AD,
 0xC40E, 0xDD12, 0xBBAC, 0x91E5, 0x89A4, 0x9A47, 0xB36B, 0xB34A, 0x4881, 0xA3CE, 0xFFDF, 0xDE38, 0xABAD, 0x5924, 0x2862, 0x1841,
 0x2862, 0x2862, 0x48E3, 0x9B2C, 0xCDB6, 0xFF7D, 0x934C, 0x48A2, 0xAB2A, 0xABCE, 0x9206, 0xA226, 0xA267, 0xCBCD, 0xDD12, 0xD4B1,
 0xCC0E, 0xCBCD, 0xC36B, 0xCC0D, 0xED93, 0xF676, 0xFED8, 0xFED9, 0xDC6F, 0xCB8A, 0xDBEB, 0xC329, 0x7164, 0x81A5, 0xBB09, 0xE44C,
 0xECCE, 0xC38A, 0xBC70, 0xF656, 0xF530, 0xCB8A, 0xAAA9, 0x9A68, 0x8A27, 0xA2A8, 0xAAA8, 0x8A06, 0x81E6, 0x81E6, 0x8A06, 0x79C6,
 0x6965, 0x6965, 0x5924, 0x38A2, 0x2062, 0x2882, 0x2882, 0x38C3, 0x2882, 0x2062, 0x2062, 0x30A2, 0x5924, 0x71A5, 0x6164, 0x5104,
 0x4903, 0x5924, 0x5924, 0x2882, 0x2062, 0x2062, 0x1841, 0x1021, 0x1021, 0x1021, 0x1021, 0x1021, 0x1021, 0x1021, 0x1021, 0x1021,
 0x1041, 0x1041, 0x1041, 0x1041, 0x1041, 0x1041, 0x1041, 0x1041, 0x1041, 0x1841, 0x2062, 0x3082, 0x2882, 0x38C3, 0x38C3, 0x5103,
 0x5104, 0x40C3, 0x5103, 0x48E3, 0x2062, 0x1041, 0x1841, 0x2862, 0x3082, 0x2882, 0x2061, 0x2062, 0x1862, 0x38A3, 0x6144, 0x71A5,
 0x79C6, 0x9AA9, 0xA2EA, 0x7185, 0x6985, 0x71A5, 0x8A06, 0x8A06, 0x8A07, 0xA288, 0xC309, 0xDBAA, 0xF50F, 0xFED6, 0xFEB6, 0xDCD0,
 0xBB2A, 0xECEF, 0xDC6C, 0xCB49, 0xE42C, 0xECD0, 0xF636, 0xFF37, 0xFE93, 0xFE73, 0xFED5, 0xFF58, 0xFF79, 0xFF79, 0xFF79, 0xFFDB,
 0xFFFC, 0xFF99, 0xE676, 0xEDD3, 0xED93, 0xED31, 0xAAE8, 0xAAA7, 0x7185, 0x9268, 0x6185, 0x3861, 0x3861, 0x2862, 0x2882, 0x1841,
 0x1841, 0x1841, 0x2062, 0x2841, 0x2820, 0x5124, 0x81E6, 0x5903, 0x9A05, 0x92EA, 0xE5D5, 0xFE77, 0xFEF8, 0xFF7B, 0xF75B, 0xFFFE,
 0xFFFC, 0xFF9A, 0xFEF6, 0xFF37, 0xFF37, 0xFEB5, 0xFE53, 0xFE94, 0xFED7, 0xF5B4, 0xF5B3, 0xE46D, 0xCB29, 0xBAE8, 0xC3CC, 0xD44E,
 0xE552, 0xFE97, 0xFED8, 0xEC8D, 0xCB8A, 0xB2E9, 0x8A27, 0x79C6, 0x81E6, 0x79C6, 0x71A5, 0x6965, 0x71A5, 0x9A89, 0x81E6, 0x6985,
 0x7185, 0x6985, 0x30A2, 0x1841, 0x2882, 0x3082, 0x2882, 0x2882, 0x2062, 0x1841, 0x1841, 0x2882, 0x48E3, 0x5103, 0x48E3, 0x5924,
 0x5104, 0x40C3, 0x40E3, 0x2862, 0x2062, 0x2062, 0x1041, 0x1021, 0x1021, 0x1021, 0x1021, 0x1021, 0x1021, 0x1021, 0x1021, 0x1021,
 0x1021, 0x1041, 0x1041, 0x1041, 0x1041, 0x1041, 0x1041, 0x1041, 0x1041, 0x1041, 0x2062, 0x2062, 0x2062, 0x2082, 0x2062, 0x2882,
 0x40C3, 0x5103, 0x40C3, 0x38C3, 0x2061, 0x1041, 0x2062, 0x2882, 0x3082, 0x30A3, 0x48E4, 0x48E3, 0x3061, 0x2041, 0x5103, 0x6965,
 0x5904, 0x8A68, 0xCC0E, 0x71A5, 0x6985, 0x7185, 0x79C6, 0x8A06, 0x8A07, 0x9247, 0xAAA8, 0xCB8B, 0xDC0C, 0xECAD, 0xF530, 0xFE14,
 0xFE55, 0xFF18, 0xFEF7, 0xFE76, 0xFE97, 0xFF18, 0xFEF5, 0xFE11, 0xF510, 0xFD10, 0xFD50, 0xFDF2, 0xFE53, 0xFEB4, 0xFED5, 0xFEF5,
 0xFF56, 0xFEF5, 0xFF36, 0xFFD8, 0xFFFD, 0xED32, 0xAA46, 0xCB6A, 0xA247, 0x6103, 0x3061, 0x3082, 0x2062, 0x1841, 0x2062, 0x1841,
 0x1021, 0x1841, 0x1041, 0x2062, 0x2862, 0x2061, 0x5903, 0x89C5, 0xCB49, 0x9A25, 0xCCF0, 0xFFFD, 0xFFB9, 0xFF58, 0xFF79, 0xFF78,
 0xFF37, 0xFF16, 0xFEB4, 0xFE12, 0xFDF2, 0xFD71, 0xFD10, 0xFD51, 0xFE32, 0xFED5, 0xFF5A, 0xFEB8, 0xF5D4, 0xF5F4, 0xFE77, 0xFEB8,
 0xFE14, 0xF530, 0xECAE, 0xE44D, 0xCBAC, 0xA2A8, 0x8A27, 0x81E6, 0x81E6, 0x71A5, 0x6965, 0x6985, 0x71A5, 0xA2EA, 0x71A5, 0x6164,
 0x48E3, 0x2841, 0x2041, 0x30A3, 0x40E3, 0x38C3, 0x2882, 0x2882, 0x2862, 0x1841, 0x1041, 0x2882, 0x38C3, 0x40C3, 0x5103, 0x40E3,
 0x30A2, 0x2882, 0x2882, 0x2062, 0x2062, 0x1841, 0x1041, 0x1041, 0x1041, 0x1041, 0x1021, 0x1021, 0x1021, 0x1021, 0x1021, 0x1021,
 0x1021, 0x1021, 0x1041, 0x1041, 0x1041, 0x1041, 0x1041, 0x1841, 0x2041, 0x2042, 0x2062, 0x2062, 0x2062, 0x2062, 0x2062, 0x2062,
 0x2882, 0x30A2, 0x2882, 0x2882, 0x1841, 0x1841, 0x2062, 0x2882, 0x3082, 0x40C3, 0x48E4, 0x69E8, 0x7A8A, 0x69E7, 0x6964, 0x9207,
 0xA268, 0x6944, 0x7185, 0x79C6, 0x79C6, 0x81E6, 0x8A06, 0x9A67, 0xA268, 0xAAC9, 0xBB2A, 0xCB8B, 0xC36B, 0xCB6B, 0xDC0C, 0xECCE,
 0xF52F, 0xF52F, 0xFD91, 0xFE53, 0xFE33, 0xFE13, 0xFE13, 0xFD92, 0xF510, 0xECB0, 0xF4B0, 0xF4F0, 0xFD31, 0xFE14, 0xFE13, 0xFDF3,
 0xFE54, 0xFDD2, 0xFDB2, 0xFE94, 0xFF57, 0xECF0, 0xF4CE, 0xBAE8, 0x7985, 0x48E3, 0x2862, 0x2062, 0x1842, 0x2041, 0x2062, 0x1841,
 0x1841, 0x1862, 0x1841, 0x1841, 0x2062, 0x2862, 0x48C3, 0x6124, 0xAAC9, 0xE4F0, 0xE4CF, 0xFF57, 0xFE95, 0xFE14, 0xFDF3, 0xFE34,
 0xFDF3, 0xFDF2, 0xFDB2, 0xF511, 0xF4F0, 0xECB0, 0xE48F, 0xECD0, 0xFDB2, 0xFE13, 0xFDB1, 0xFD91, 0xFDB2, 0xF550, 0xECCE, 0xECAE,
 0xEC8D, 0xCB8B, 0xC34B, 0xCBAC, 0xD3CC, 0xBB2A, 0xA2A8, 0x9A68, 0x9A47, 0x89E6, 0x79A6, 0x71A5, 0x71A5, 0x79A5, 0x6965, 0x7165,
 0x6164, 0x4966, 0x6A08, 0x6986, 0x4904, 0x50E3, 0x3082, 0x2882, 0x2882, 0x2041, 0x1021, 0x2062, 0x2882, 0x2882, 0x3082, 0x2862,
 0x2062, 0x2062, 0x2062, 0x2062, 0x2062, 0x2042, 0x2062, 0x2062, 0x1841, 0x1041, 0x1021, 0x1041, 0x1021, 0x1021, 0x1021, 0x1021,
 0x1021, 0x1021, 0x1021, 0x1041, 0x1021, 0x1841, 0x1041, 0x1041, 0x1841, 0x2062, 0x2062, 0x2062, 0x2062, 0x2062, 0x2062, 0x1841,
 0x1841, 0x2062, 0x2882, 0x2882, 0x2062, 0x2062, 0x2062, 0x2062, 0x2062, 0x3082, 0x48C3, 0x6144, 0x7A27, 0xA3CE, 0xCC70, 0xC388,
 0xE4AD, 0xB2E8, 0x8965, 0x9A07, 0x9A27, 0x9A27, 0x9A26, 0x9A46, 0x9A26, 0xBB0A, 0xCBCD, 0xC32A, 0xB2C9, 0xB2C9, 0xC34A, 0xD3CC,
 0xD40D, 0xDC0D, 0xDC0D, 0xEC6E, 0xEC8E, 0xF510, 0xF531, 0xF531, 0xECAF, 0xE44E, 0xECB0, 0xF593, 0xFE14, 0xFDB3, 0xF531, 0xF531,
 0xFDD2, 0xFDD2, 0xFDB2, 0xFE94, 0xFF77, 0xFF7C, 0xFE34, 0xC308, 0x6124, 0x40C3, 0x2061, 0x2882, 0x3082, 0x2062, 0x2062, 0x2862,
 0x2882, 0x1841, 0x2062, 0x2062, 0x2862, 0x2062, 0x5103, 0x5924, 0x9A47, 0xFEB8, 0xFF9A, 0xFF57, 0xFE74, 0xFDD2, 0xFD71, 0xF551,
 0xECD0, 0xECAF, 0xFD72, 0xFDF4, 0xF552, 0xE46F, 0xDC2E, 0xDCB0, 0xECF0, 0xF511, 0xEC8F, 0xE44E, 0xDC2D, 0xD3ED, 0xDC0D, 0xD3CC,
 0xCBAB, 0xB2EA, 0xAAC9, 0xB2E9, 0xBB2A, 0xBB2A, 0xA288, 0x9A27, 0x9227, 0x89E6, 0x81C6, 0x81A5, 0x91C5, 0x9A88, 0x9AC7, 0xBBC9,
 0xBC50, 0x9B2C, 0x79E7, 0x6144, 0x5924, 0x38C3, 0x2882, 0x2082, 0x2882, 0x2862, 0x2062, 0x2882, 0x2882, 0x2062, 0x2062, 0x1841,
 0x1841, 0x2062, 0x2062, 0x2062, 0x2062, 0x2062, 0x2862, 0x1862, 0x1041, 0x1041, 0x1841, 0x1021, 0x1021, 0x1041, 0x1021, 0x1021,
 0x1021, 0x1021, 0x1841, 0x1841, 0x1021, 0x1021, 0x1041, 0x1041, 0x1041, 0x1841, 0x2062, 0x2062, 0x2062, 0x2062, 0x2062, 0x2062,
 0x1041, 0x1041, 0x2062, 0x2062, 0x2062, 0x2062, 0x2062, 0x2062, 0x2062, 0x2062, 0x30A2, 0x5103, 0x50C3, 0x48C2, 0x8A07, 0xCBE9,
 0xFECF, 0xFEF1, 0xDC6A, 0xE3C8, 0xE48B, 0xE510, 0xD44F, 0xCC0E, 0xCBED, 0xCBCC, 0xD3AB, 0xC309, 0xB2A8, 0xB2C8, 0xB2C9, 0xBB09,
 0xB2E9, 0xB2C9, 0xCB6B, 0xD3AC, 0xD3CC, 0xE44E, 0xE42D, 0xE42D, 0xDC0D, 0xD3ED, 0xE46F, 0xED31, 0xFDB3, 0xF4D0, 0xECAF, 0xF552,
 0xF572, 0xF531, 0xF551, 0xFE53, 0xFF36, 0xFFFC, 0xFED8, 0xCB8A, 0x6964, 0x38A2, 0x40C3, 0x48E3, 0x40C3, 0x38A2, 0x40C3, 0x48E3,
 0x48E3, 0x38A2, 0x38A2, 0x38A2, 0x40C3, 0x38A2, 0x48E3, 0x7164, 0xBAA7, 0xFF3A, 0xFFFB, 0xFED5, 0xFDD2, 0xF530, 0xED32, 0xF5D4,
 0xECF0, 0xE44D, 0xECF0, 0xF593, 0xECD0, 0xDBED, 0xD3CC, 0xD3ED, 0xD3ED, 0xD40D, 0xD3ED, 0xCBAC, 0xCBCC, 0xC36B, 0xB2C9, 0xB309,
 0xBB09, 0xB2C9, 0xBAE9, 0xC38B, 0xD3ED, 0xC34A, 0xCB8B, 0xD42F, 0xC34A, 0xC3A9, 0xDC08, 0xD388, 0xDD0F, 0xFF77, 0xF62C, 0xB347,
 0x6145, 0x50C3, 0x5924, 0x5944, 0x4904, 0x2882, 0x2062, 0x2062, 0x2062, 0x2882, 0x2882, 0x2082, 0x2882, 0x2062, 0x1021, 0x1841,
 0x2062, 0x2062, 0x2062, 0x2062, 0x2062, 0x2062, 0x2062, 0x1041, 0x1041, 0x1041, 0x1041, 0x1021, 0x1841, 0x1841, 0x0821, 0x1021,
 0x1021, 0x1021, 0x1021, 0x1041, 0x1041, 0x1041, 0x1041, 0x1041, 0x1041, 0x1841, 0x2062, 0x2862, 0x2862, 0x2062, 0x2062, 0x2062,
 0x1841, 0x2062, 0x2882, 0x30A2, 0x38A3, 0x3082, 0x2062, 0x2062, 0x2062, 0x2062, 0x38A3, 0x5924, 0x6144, 0x5924, 0x6944, 0x8185,
 0xBAA7, 0xFE0E, 0xFFF6, 0xFFD9, 0xF757, 0xF79A, 0xFFFF, 0xFFBE, 0xEF5D, 0xFFFE, 0xFFFE, 0xFEF9, 0xF5B3, 0xF572, 0xDC4D, 0xCBAB,
 0xC309, 0xB2C8, 0xB2E9, 0xBAC8, 0xBAE9, 0xBB0A, 0xC34A, 0xCB6B, 0xCB8C, 0xCB8C, 0xDC0D, 0xE44E, 0xE48F, 0xED11, 0xE4B0, 0xF5F4,
 0xFE15, 0xED11, 0xED31, 0xFDD2, 0xFEB5, 0xFFB9, 0xFF9B, 0xE46E, 0x91E6, 0x6965, 0x5104, 0x5104, 0x48E3, 0x48C3, 0x48C3, 0x4903,
 0x5103, 0x48E3, 0x48C3, 0x48E3, 0x50E3, 0x5103, 0x6124, 0x91E5, 0xED10, 0xFF9C, 0xFF99, 0xFE74, 0xF531, 0xECD0, 0xED72, 0xFE77,
 0xF5F4, 0xDC6E, 0xDC6F, 0xDC4E, 0xD40D, 0xCBAC, 0xC32B, 0xBB4B, 0xBB4B, 0xBB2A, 0xAAC9, 0xAAA8, 0xBB09, 0xC329, 0xBB8B, 0xCBED,
 0xE4B0, 0xF5F5, 0xFEB9, 0xFFBD, 0xFF9C, 0xFF9D, 0xFFBD, 0xFFDE, 0xFF39, 0xFFB9, 0xFFB9, 0xFFFA, 0xFFD6, 0xECEB, 0xAA26, 0x7145,
 0x5924, 0x5104, 0x6964, 0x6965, 0x5944, 0x30A2, 0x2062, 0x1841, 0x2062, 0x2882, 0x38A3, 0x30A2, 0x3082, 0x2062, 0x1841, 0x1841,
 0x2062, 0x2062, 0x2882, 0x2862, 0x2062, 0x2062, 0x2062, 0x1041, 0x1041, 0x1041, 0x1041, 0x1041, 0x1041, 0x1021, 0x1021, 0x1021,
 0x1041, 0x1021, 0x1021, 0x1041, 0x1041, 0x1041, 0x1041, 0x1021, 0x1041, 0x2062, 0x2062, 0x2062, 0x2062, 0x2062, 0x2062, 0x2062,
 0x2882, 0x30A2, 0x40C3, 0x5104, 0x5103, 0x40C3, 0x2862, 0x2062, 0x2882, 0x2882, 0x2882, 0x5924, 0x5104, 0x48E3, 0x5944, 0x79C5,
 0x9A27, 0xD2A7, 0xFD2B, 0xFFB7, 0xEF7F, 0x528E, 0x5AEE, 0x5ACE, 0x20E6, 0x4A2B, 0x7390, 0x9CF5, 0xC639, 0xE73C, 0xFFBE, 0xFFFE,
 0xFF7C, 0xFEFA, 0xFF3B, 0xED73, 0xCB8B, 0xBAC8, 0xB2A8, 0xB2C9, 0xBAE9, 0xCB6B, 0xD3EC, 0xDBED, 0xDBED, 0xDC2D, 0xDC0D, 0xE46F,
 0xECF0, 0xED11, 0xED11, 0xF571, 0xFE54, 0xFF57, 0xFFFB, 0xFE76, 0xDBEB, 0xA267, 0x7185, 0x6944, 0x6124, 0x6144, 0x6144, 0x6144,
 0x6944, 0x6144, 0x6144, 0x6144, 0x6964, 0x9226, 0x9A05, 0xC3AB, 0xFF9C, 0xFFFC, 0xFEF6, 0xFDB2, 0xED31, 0xECD0, 0xE4D0, 0xE46E,
 0xDC4E, 0xDC0D, 0xDBED, 0xD3ED, 0xD40D, 0xCB8B, 0xBB29, 0xB2C9, 0xAAA9, 0xB2C9, 0xBB2A, 0xDC6F, 0xF614, 0xFF79, 0xFFFE, 0xFFFF,
 0xF79E, 0xD6BB, 0xAD57, 0x7BF2, 0x632F, 0x630F, 0x8C53, 0xE71D, 0xFFFF, 0xFFBF, 0xFFFE, 0xFED1, 0xDB46, 0xA1C5, 0x89E6, 0x79C5,
 0x6144, 0x40C3, 0x5924, 0x6965, 0x4903, 0x2862, 0x2041, 0x1862, 0x2062, 0x30A2, 0x48E3, 0x48E3, 0x38C3, 0x2882, 0x2882, 0x2062,
 0x2062, 0x2062, 0x2882, 0x2062, 0x2062, 0x2062, 0x2062, 0x1041, 0x1041, 0x1041, 0x1041, 0x1021, 0x1021, 0x1041, 0x1041, 0x1021,
 0x1021, 0x1021, 0x1021, 0x1041, 0x1021, 0x1021, 0x1041, 0x1841, 0x1841, 0x2062, 0x2062, 0x2062, 0x2862, 0x2882, 0x2062, 0x2882,
 0x2882, 0x3082, 0x38A3, 0x50E3, 0x40E3, 0x5924, 0x48E3, 0x3082, 0x38A2, 0x2882, 0x38C3, 0x6144, 0x5924, 0x5103, 0x6144, 0x6965,
 0x79C6, 0xAA67, 0xF50B, 0xFF90, 0xFFFE, 0xB598, 0x0001, 0x000B, 0x0010, 0x0009, 0x0005, 0x0003, 0x0003, 0x1884, 0x3188, 0x5ACC,
 0x8C52, 0xB5D8, 0xDF1C, 0xFFFF, 0xFFDE, 0xFED9, 0xED73, 0xE4EF, 0xE4EF, 0xD3CC, 0xDC4E, 0xE4D1, 0xE4D1, 0xE4B0, 0xDC90, 0xE48F,
 0xE48F, 0xEC8F, 0xED11, 0xF551, 0xFDF3, 0xFE95, 0xFF78, 0xFFDC, 0xFF59, 0xED50, 0xD3CB, 0xAA66, 0xA267, 0xA247, 0x9A06, 0x89C5,
 0x89E6, 0x9A26, 0x9A47, 0x9A06, 0xA226, 0xD38A, 0xED91, 0xFF38, 0xFFFC, 0xFFDB, 0xFEF7, 0xF571, 0xECCF, 0xE48F, 0xE4AF, 0xE4D1,
 0xEDB4, 0xED52, 0xE4D1, 0xD44F, 0xDCB0, 0xDCD1, 0xF594, 0xF616, 0xEDF5, 0xF678, 0xFFDD, 0xFFDE, 0xDEFC, 0xAD77, 0x7BF1, 0x526C,
 0x2927, 0x0825, 0x0004, 0x0006, 0x0006, 0x0007, 0x0005, 0x1887, 0xC63A, 0xFFFF, 0xFFD9, 0xFE6C, 0xCAE7, 0x9206, 0x79C6, 0x6164,
 0x5924, 0x5904, 0x5924, 0x6144, 0x5944, 0x38A2, 0x2062, 0x2062, 0x40C3, 0x48E3, 0x48E3, 0x38A3, 0x3082, 0x2882, 0x2882, 0x2862,
 0x2882, 0x2062, 0x2882, 0x2862, 0x2062, 0x2062, 0x1842, 0x1841, 0x1841, 0x1041, 0x1041, 0x1041, 0x1041, 0x1041, 0x1041, 0x1021,
 0x1041, 0x1021, 0x1021, 0x1021, 0x1021, 0x1021, 0x1021, 0x1041, 0x1841, 0x1041, 0x1841, 0x2061, 0x2061, 0x2062, 0x2062, 0x2882,
 0x3082, 0x2062, 0x2882, 0x2882, 0x30A2, 0x40C3, 0x30A2, 0x2882, 0x2882, 0x2082, 0x2882, 0x30A2, 0x38C3, 0x5103, 0x6144, 0x7185,
 0x79C6, 0x81C6, 0xAAA8, 0xED8D, 0xFFF9, 0xFFFF, 0x4A2B, 0x0007, 0x08DB, 0x139C, 0x1258, 0x1953, 0x1070, 0x000B, 0x0007, 0x0004,
 0x0002, 0x0002, 0x1044, 0x2927, 0x528C, 0x8C73, 0xDEDB, 0xFFFF, 0xFFFD, 0xFF1B, 0xFFBE, 0xF77D, 0xEF5D, 0xF77D, 0xFFDE, 0xFF9D,
 0xFF7C, 0xFF5B, 0xFFFE, 0xFF9B, 0xFF3A, 0xFF3A, 0xFFBC, 0xFFFD, 0xFFFF, 0xFFFE, 0xFF39, 0xF5B3, 0xF550, 0xED0E, 0xDC2B, 0xD3CA,
 0xD3CA, 0xE48D, 0xE4EE, 0xED10, 0xF5B3, 0xFE97, 0xFFFF, 0xFFFF, 0xFFFF, 0xFFFE, 0xFFFF, 0xFFBB, 0xFF3B, 0xFF3B, 0xFFBD, 0xFFFF,
 0xFFDE, 0xFFFF, 0xFFFF, 0xF77D, 0xEF5D, 0xE71C, 0xDEDB, 0xC63A, 0xEF7D, 0xD69B, 0x6B70, 0x3148, 0x1045, 0x0003, 0x0003, 0x0006,
 0x000B, 0x082F, 0x20F2, 0x49F5, 0x3AB6, 0x0912, 0x104C, 0x0003, 0x62EF, 0xFFFF, 0xFEF4, 0xC327, 0x91E6, 0x79A6, 0x71A5, 0x6965,
 0x6144, 0x5924, 0x5904, 0x38C3, 0x30A2, 0x2882, 0x2882, 0x2062, 0x30A2, 0x38A3, 0x30A2, 0x2882, 0x2882, 0x2082, 0x2882, 0x30A2,
 0x2882, 0x2062, 0x2062, 0x2062, 0x2062, 0x1041, 0x1041, 0x1841, 0x1041, 0x1021, 0x1021, 0x1041, 0x1041, 0x1021, 0x1021, 0x1021,
 0x1041, 0x1041, 0x1021, 0x1021, 0x1021, 0x1041, 0x1841, 0x1861, 0x1041, 0x1021, 0x1021, 0x1021, 0x1041, 0x1841, 0x1841, 0x2061,
 0x2062, 0x2062, 0x2062, 0x2882, 0x2882, 0x2882, 0x2062, 0x2082, 0x2062, 0x2062, 0x2062, 0x1841, 0x2062, 0x48C3, 0x5924, 0x6965,
 0x79A5, 0x9247, 0x9227, 0xAA06, 0xF56F, 0xFFFF, 0xC639, 0x0803, 0x0032, 0x0CBF, 0x15FF, 0x45BF, 0x557F, 0x2C9D, 0x0B5A, 0x0A77,
 0x11B4, 0x08AF, 0x080A, 0x0807, 0x0005, 0x0002, 0x1044, 0x6B2F, 0xEF5D, 0xD6DC, 0x630E, 0x20E6, 0x2106, 0x3168, 0x4A2A, 0x5AED,
 0x7390, 0x8C73, 0xB5B7, 0xE73D, 0xDEFC, 0xC619, 0xCE5A, 0xDEDB, 0xDEFC, 0xE71C, 0xEF9E, 0xFFFF, 0xFFFE, 0xFFFD, 0xF718, 0xEEB6,
 0xEEB6, 0xF73A, 0xF75B, 0xF77C, 0xEF7D, 0xEF5D, 0xE71D, 0xDEFC, 0xDEDB, 0xDEFC, 0xCE5A, 0xC639, 0xBDF8, 0xA556, 0x94B4, 0x8C52,
 0xF7BE, 0xD69B, 0x420A, 0x3988, 0x20E6, 0x18A6, 0x1045, 0x0005, 0x3149, 0x1064, 0x0003, 0x0008, 0x082D, 0x10D1, 0x11B5, 0x1ADA,
 0x341D, 0x5D3F, 0x7E1F, 0x663F, 0x3E7F, 0x0C5F, 0x0853, 0x0004, 0x94B5, 0xFFFF, 0xECED, 0xA1E6, 0x8A06, 0x8A27, 0x6985, 0x6965,
 0x6144, 0x5103, 0x40C3, 0x3082, 0x2062, 0x2882, 0x2062, 0x2062, 0x2062, 0x2062, 0x2862, 0x2882, 0x2882, 0x2882, 0x2882, 0x2062,
 0x2062, 0x1841, 0x1041, 0x1021, 0x1021, 0x1021, 0x1041, 0x1041, 0x2062, 0x1841, 0x1841, 0x1841, 0x1021, 0x1021, 0x1021, 0x1021,
 0x1021, 0x1021, 0x1021, 0x1021, 0x1021, 0x1021, 0x2062, 0x2882, 0x2882, 0x2882, 0x1841, 0x1041, 0x1841, 0x1841, 0x1841, 0x1841,
 0x1041, 0x2062, 0x2062, 0x2082, 0x2062, 0x1841, 0x2062, 0x2882, 0x38A3, 0x30A2, 0x2882, 0x48E3, 0x5944, 0x8A07, 0x5924, 0x48E3,
 0x5924, 0x79A5, 0x6985, 0x7985, 0xC246, 0xFE34, 0xFFFF, 0x526B, 0x0006, 0x017C, 0x051F, 0x047F, 0x04FF, 0x0D7F, 0x0D9F, 0x0DBF,
 0x15DF, 0x157F, 0x14BD, 0x0C1B, 0x1317, 0x10F0, 0x0808, 0x0003, 0x20E7, 0x1065, 0x0004, 0x0008, 0x0009, 0x0009, 0x0007, 0x0005,
 0x0004, 0x0003, 0x0002, 0x18A5, 0x1885, 0x0803, 0x0803, 0x1024, 0x1045, 0x1065, 0x18C6, 0xB5B8, 0xFFFF, 0x9474, 0x18A6, 0x20E7,
 0x20E7, 0x20C7, 0x20C6, 0x20C6, 0x20C6, 0x18A6, 0x1865, 0x1044, 0x1044, 0x1885, 0x0803, 0x0003, 0x0002, 0x0003, 0x0003, 0x0003,
 0x8C32, 0x20A6, 0x0005, 0x000A, 0x000C, 0x000D, 0x084E, 0x1049, 0x0803, 0x0808, 0x1193, 0x1C3B, 0x2D7E, 0x2DDF, 0x1DFF, 0x1E1F,
 0x1E1F, 0x0DBF, 0x055F, 0x04FF, 0x053F, 0x033F, 0x000E, 0x20A6, 0xEF9E, 0xFEB8, 0xB246, 0x7185, 0x6144, 0x6144, 0x6144, 0x5924,
 0x48E3, 0x79C6, 0x9A68, 0x6144, 0x48E3, 0x30A2, 0x40E3, 0x40C3, 0x2062, 0x1841, 0x2061, 0x2862, 0x2882, 0x2062, 0x2062, 0x1841,
 0x1841, 0x1841, 0x1841, 0x1841, 0x1841, 0x2062, 0x2882, 0x2862, 0x2862, 0x1841, 0x1041, 0x1021, 0x1021, 0x1021, 0x1021, 0x1021,
 0x1021, 0x1041, 0x1041, 0x1041, 0x1021, 0x1021, 0x1021, 0x1841, 0x2062, 0x2062, 0x1841, 0x1841, 0x2062, 0x2062, 0x2062, 0x2062,
 0x1862, 0x1841, 0x2062, 0x2062, 0x2062, 0x2062, 0x2882, 0x2882, 0x30A3, 0x38A3, 0x2882, 0x38C3, 0x48E3, 0x5944, 0x40C3, 0x38C3,
 0x5924, 0x6144, 0x5124, 0x6144, 0x81A5, 0xCBED, 0xFFFF, 0xCE5A, 0x0802, 0x0013, 0x041F, 0x0DBF, 0x0D7F, 0x057F, 0x055F, 0x055F,
 0x05DF, 0x0DFF, 0x0E3F, 0x167F, 0x1E9F, 0x1E1F, 0x1BBA, 0x10AF, 0x0804, 0x0807, 0x10D2, 0x43D9, 0x2CDC, 0x247C, 0x1BBA, 0x2319,
 0x22D7, 0x1A74, 0x1191, 0x000A, 0x0807, 0x088E, 0x08EF, 0x086E, 0x004D, 0x002C, 0x0007, 0x1865, 0x7370, 0x1024, 0x000A, 0x000E,
 0x000D, 0x000C, 0x084C, 0x082B, 0x082B, 0x082C, 0x000C, 0x084D, 0x084B, 0x0806, 0x0870, 0x08D1, 0x08F1, 0x0934, 0x0870, 0x1065,
 0x1023, 0x0007, 0x1177, 0x3CDD, 0x3D1E, 0x2D9E, 0x0278, 0x1005, 0x104C, 0x1C1B, 0x26DF, 0x1EBF, 0x16BF, 0x0E5F, 0x0DBF, 0x055F,
 0x055F, 0x059F, 0x0DBF, 0x0DBF, 0x0D5F, 0x015A, 0x0004, 0x7390, 0xFFFF, 0xD42E, 0x7964, 0x48E3, 0x50E3, 0x5924, 0x5124, 0x5124,
 0x40E3, 0x5104, 0x6985, 0x5104, 0x38C3, 0x38C3, 0x40C3, 0x30A2, 0x2062, 0x2062, 0x2062, 0x2882, 0x2882, 0x2062, 0x1841, 0x2062,
 0x2062, 0x2062, 0x2061, 0x2062, 0x1841, 0x2862, 0x2062, 0x2062, 0x1841, 0x1041, 0x1041, 0x1021, 0x1021, 0x1021, 0x1021, 0x1021,
 0x1021, 0x1041, 0x1041, 0x1041, 0x1021, 0x1021, 0x1021, 0x1021, 0x1021, 0x1021, 0x1841, 0x1041, 0x1041, 0x1841, 0x2062, 0x2062,
 0x2062, 0x1841, 0x1021, 0x1041, 0x2062, 0x1841, 0x1841, 0x2062, 0x30A2, 0x2882, 0x2062, 0x2082, 0x40E3, 0x48E3, 0x6144, 0x6965,
 0x7185, 0x6965, 0x6144, 0x7185, 0x9226, 0xB2E9, 0xF698, 0xFFFF, 0x5A8C, 0x0006, 0x09DC, 0x26DF, 0x2E9F, 0x2E9F, 0x2EDF, 0x1D1E,
 0x0AB7, 0x1378, 0x0BDA, 0x1D1C, 0x267F, 0x2E9F, 0x371F, 0x25FF, 0x1171, 0x086F, 0x35FF, 0x579F, 0x371F, 0x36FF, 0x2F3F, 0x375F,
 0x375F, 0x371F, 0x36BF, 0x355D, 0x1A13, 0x086F, 0x14FD, 0x2EDF, 0x465F, 0x3E1E, 0x1215, 0x0807, 0x0002, 0x0009, 0x1279, 0x465F,
 0x461E, 0x4EBF, 0x1C7D, 0x002E, 0x23F8, 0x3E5E, 0x35DE, 0x1D7F, 0x0910, 0x0808, 0x4CDE, 0x471F, 0x3EBF, 0x1DBF, 0x08D1, 0x1002,
 0x0008, 0x1219, 0x3EDF, 0x3F7F, 0x3F5F, 0x26FF, 0x0991, 0x086C, 0x253E, 0x373F, 0x2EBF, 0x265F, 0x1419, 0x0AF5, 0x0A12, 0x0932,
 0x2D7F, 0x2EDF, 0x267F, 0x26DF, 0x0C5F, 0x0011, 0x1023, 0xDEFC, 0xFF7D, 0xAA88, 0x81A5, 0x6144, 0x5924, 0x6965, 0x71A5, 0x6985,
 0x6965, 0x5944, 0x5904, 0x40E3, 0x2882, 0x2062, 0x2882, 0x2882, 0x2062, 0x1841, 0x2062, 0x2062, 0x1841, 0x1041, 0x1841, 0x2062,
 0x2062, 0x2062, 0x1041, 0x1841, 0x1041, 0x1041, 0x0821, 0x1021, 0x1021, 0x1041, 0x1021, 0x1021, 0x1021, 0x1041, 0x1021, 0x1021,
 0x1021, 0x1041, 0x1041, 0x1041, 0x1041, 0x1021, 0x1021, 0x1041, 0x1041, 0x1021, 0x1021, 0x1021, 0x1841, 0x2062, 0x2062, 0x2062,
 0x2062, 0x2062, 0x2882, 0x2062, 0x2062, 0x2062, 0x1841, 0x2882, 0x30A2, 0x2062, 0x2882, 0x2062, 0x30A2, 0x38C3, 0x5103, 0x7185,
 0x79C6, 0x7185, 0x6164, 0x6965, 0x79A5, 0x9A26, 0xDC2D, 0xFFFE, 0xCE7A, 0x0823, 0x0011, 0x1D1F, 0x579F, 0x5F1F, 0x675F, 0x463F,
 0x000D, 0x0805, 0x0805, 0x0806, 0x12F4, 0x4F1F, 0x56DF, 0x577F, 0x24BA, 0x0850, 0x2E1F, 0x46FF, 0x46BF, 0x3EBF, 0x2DBD, 0x257C,
 0x259D, 0x261F, 0x3EDF, 0x575F, 0x4F5F, 0x1316, 0x088D, 0x1D9C, 0x57DF, 0x677F, 0x4EFF, 0x1234, 0x000A, 0x1156, 0x571F, 0x679F,
 0x6FDF, 0x467F, 0x0910, 0x0805, 0x34D8, 0x4FBF, 0x4F5F, 0x2E9F, 0x08ED, 0x0809, 0x4DFF, 0x577F, 0x4F3F, 0x25DF, 0x086A, 0x0006,
 0x1A37, 0x4F3F, 0x4F3F, 0x46DF, 0x471F, 0x25FF, 0x002C, 0x12B5, 0x3F7F, 0x46BF, 0x473F, 0x1B77, 0x0806, 0x0809, 0x088A, 0x2214,
 0x6F1F, 0x571F, 0x5F1F, 0x473F, 0x0A5C, 0x0007, 0x5AAD, 0xFFFF, 0xD470, 0x89A4, 0x7185, 0x6144, 0x7185, 0x79C6, 0x81E6, 0x79C6,
 0x6144, 0x40C3, 0x30A2, 0x2882, 0x2062, 0x2062, 0x2882, 0x2882, 0x2062, 0x1841, 0x2062, 0x2882, 0x2062, 0x2062, 0x2882, 0x2082,
 0x2062, 0x2082, 0x2062, 0x1041, 0x1021, 0x1021, 0x1041, 0x1041, 0x1021, 0x1021, 0x1021, 0x1021, 0x1021, 0x1021, 0x1021, 0x1021,
 0x1021, 0x1041, 0x1041, 0x1041, 0x1021, 0x1021, 0x1041, 0x1041, 0x1041, 0x1021, 0x1021, 0x1021, 0x1841, 0x2062, 0x2062, 0x2882,
 0x38A2, 0x2882, 0x5924, 0x48E3, 0x30A2, 0x2062, 0x2882, 0x2082, 0x1841, 0x2062, 0x2882, 0x2882, 0x2062, 0x2062, 0x40E3, 0x6965,
 0x6985, 0x7185, 0x81C6, 0x7185, 0x5924, 0x7185, 0xA226, 0xEDB4, 0xFFFF, 0x5AAC, 0x0007, 0x09DB, 0x677F, 0x875F, 0x875F, 0x7F7F,
 0x453B, 0x33D7, 0x2B75, 0x2293, 0x3B77, 0x7F5F, 0x7F3F, 0x7F9F, 0x5F3F, 0x0092, 0x343A, 0x77BF, 0x773F, 0x6F7F, 0x1213, 0x0805,
 0x0847, 0x08AB, 0x3D7C, 0x7F9F, 0x7F9F, 0x467F, 0x084A, 0x106A, 0x555C, 0x8FFF, 0x879F, 0x6F1F, 0x22B9, 0x75DE, 0x8FBF, 0x8F9F,
 0x66DF, 0x08D1, 0x0805, 0x0805, 0x44F8, 0x7FBF, 0x775F, 0x469F, 0x088B, 0x086C, 0x5E9F, 0x7F7F, 0x7FBF, 0x34DA, 0x000B, 0x32D7,
 0x877F, 0x7F7F, 0x773F, 0x7F5F, 0x7FBF, 0x351B, 0x000B, 0x4D3B, 0x7FBF, 0x7F5F, 0x5F1F, 0x112F, 0x0807, 0x449C, 0x5F7F, 0x677F,
 0x777F, 0x777F, 0x7FDF, 0x361F, 0x0055, 0x0804, 0xBE1A, 0xFF5B, 0xC2E9, 0x7984, 0x6144, 0x5904, 0x79C6, 0x8A06, 0x71A5, 0x6985,
 0x48E3, 0x38A2, 0x2062, 0x2882, 0x2062, 0x2062, 0x1841, 0x2062, 0x2062, 0x2062, 0x38C3, 0x48E3, 0x40C3, 0x30A2, 0x30A3, 0x38A2,
 0x2882, 0x2082, 0x1841, 0x1021, 0x1021, 0x1041, 0x1041, 0x1041, 0x1041, 0x1041, 0x1021, 0x1021, 0x1021, 0x1021, 0x1021, 0x1021,
 0x1021, 0x1041, 0x1041, 0x1041, 0x1041, 0x1041, 0x1041, 0x1041, 0x1041, 0x1021, 0x1021, 0x1841, 0x1841, 0x1841, 0x2062, 0x2062,
 0x2062, 0x2082, 0x30A2, 0x40C3, 0x2862, 0x1841, 0x2062, 0x2882, 0x2882, 0x2882, 0x2062, 0x2882, 0x48E3, 0x5103, 0x6144, 0x6965,
 0x7185, 0x79C5, 0x9247, 0x6985, 0x5124, 0x7185, 0x91E6, 0xC3CD, 0xFFFF, 0xD69B, 0x1024, 0x0013, 0x5D5F, 0x9FFF, 0x9F7F, 0xA77F,
 0xA7FF, 0xAFFF, 0xB7FF, 0xAFFF, 0xB7FF, 0xA7BF, 0xA79F, 0x86DF, 0x3375, 0x0009, 0x3235, 0xA7DF, 0x9F7F, 0x9FFF, 0x2358, 0x0804,
 0x1023, 0x0803, 0x4397, 0xA7FF, 0xAF9F, 0x97BF, 0x19B1, 0x1004, 0x102A, 0x751B, 0xAFFF, 0xA79F, 0x9FBF, 0xA7BF, 0xAF9F, 0x9F5F,
 0x1193, 0x5A70, 0x630E, 0x0004, 0x4D18, 0xA7FF, 0xA7BF, 0x7E9E, 0x0848, 0x08CE, 0x873F, 0x9F9F, 0xA7FF, 0x3397, 0x42D6, 0xAFFF,
 0xAFFF, 0xAFBF, 0xA77F, 0xA79F, 0xA7FF, 0x2B35, 0x106D, 0xAF5F, 0xAFBF, 0xB7FF, 0x6D9D, 0x0008, 0x2133, 0xA7BF, 0xA7FF, 0x975F,
 0x8EFF, 0x865F, 0x865F, 0x333E, 0x000B, 0x20A6, 0xEF9E, 0xF636, 0xA246, 0x79A5, 0x6985, 0x5924, 0x71A5, 0x79C6, 0x71A5, 0x6965,
 0x6144, 0x6144, 0x5924, 0x40E3, 0x2882, 0x2062, 0x2882, 0x3082, 0x2062, 0x1841, 0x2062, 0x30A3, 0x30A2, 0x2882, 0x2062, 0x2082,
 0x2062, 0x2062, 0x1841, 0x1841, 0x1041, 0x1041, 0x1041, 0x1021, 0x1041, 0x1041, 0x1021, 0x1021, 0x1021, 0x1021, 0x1021, 0x1021,
 0x1021, 0x1041, 0x1041, 0x1041, 0x1041, 0x1041, 0x1041, 0x1041, 0x1041, 0x1041, 0x2062, 0x2062, 0x2062, 0x2062, 0x2882, 0x2062,
 0x2062, 0x2062, 0x2062, 0x2882, 0x2062, 0x1041, 0x1041, 0x2062, 0x2882, 0x3082, 0x2882, 0x2062, 0x2882, 0x40C3, 0x5104, 0x6144,
 0x71A5, 0x8A27, 0x9227, 0x79E6, 0x7185, 0x79A5, 0xA2E9, 0xDD53, 0xFFFE, 0xFFFF, 0x62EE, 0x0007, 0x29BB, 0xBFDF, 0xBFDF, 0xCFBF,
 0xD7DF, 0xA61D, 0xA59B, 0xADFC, 0xAE1C, 0xD79F, 0xEFFF, 0xDF3E, 0x8C15, 0x20C9, 0x106F, 0xCEFF, 0xEFFF, 0xF7FF, 0x95BD, 0x0008,
 0x1044, 0x0003, 0x4232, 0xEFFF, 0xE7FF, 0xF7FF, 0x52D5, 0x0006, 0x1025, 0x0009, 0x9D5C, 0xE7FF, 0xE7DF, 0xDFDF, 0xEFFF, 0x6379,
 0x0005, 0x9493, 0x8412, 0x0004, 0x9D79, 0xEFFF, 0xEFFF, 0xAE7C, 0x0006, 0x2970, 0xDFDF, 0xE7FF, 0xE7FF, 0xBEBE, 0xE7FF, 0xEFFF,
 0xD79F, 0xA5DD, 0xE7FF, 0xEFFF, 0xD7FF, 0x08F0, 0x5AB3, 0xFFFF, 0xF7FF, 0xFFFF, 0x5B15, 0x0006, 0x18EE, 0x4210, 0x292F, 0x18CF,
 0x106E, 0x104E, 0x082D, 0x080B, 0x18A8, 0x41CA, 0xC619, 0xF6B9, 0x89E6, 0x71A5, 0x81C6, 0x8A07, 0x81E6, 0x8A06, 0x81E6, 0x6985,
 0x6144, 0x5124, 0x40C3, 0x2062, 0x2062, 0x2062, 0x2882, 0x3082, 0x1841, 0x1041, 0x1842, 0x2862, 0x2082, 0x2082, 0x2062, 0x2062,
 0x2062, 0x2882, 0x2062, 0x2062, 0x2062, 0x1841, 0x1041, 0x1021, 0x1041, 0x1041, 0x1021, 0x1021, 0x1021, 0x1021, 0x1021, 0x1021,
 0x1021, 0x1041, 0x1021, 0x1041, 0x1041, 0x1041, 0x1041, 0x1862, 0x2062, 0x2062, 0x2062, 0x2882, 0x3082, 0x38A2, 0x30A2, 0x2862,
 0x2062, 0x30A2, 0x40C3, 0x30A2, 0x30A2, 0x2062, 0x2062, 0x2062, 0x1862, 0x2062, 0x2062, 0x2882, 0x30A2, 0x2882, 0x30A2, 0x5104,
 0x6965, 0x81C6, 0x8A07, 0x9247, 0x79A5, 0x79A5, 0xAAC9, 0xF677, 0xFFFF, 0xFFFF, 0xEF3D, 0x18A6, 0x0012, 0x951F, 0xFFFF, 0xEFFF,
 0xFFFF, 0x64BC, 0x000C, 0x0009, 0x0008, 0x18D1, 0xDEBF, 0xFFFF, 0xFFFF, 0xCEDD, 0x000E, 0x947A, 0xFFFF, 0xFFFF, 0xF79F, 0x108C,
 0x0002, 0x0002, 0x188A, 0xF77F, 0xFFFF, 0xFFFF, 0x83F9, 0x0007, 0x0005, 0x2930, 0xDEDE, 0xFFFF, 0xFFFF, 0xFFFF, 0xFFFF, 0xD67C,
 0x18CC, 0x0826, 0x2908, 0x0007, 0xBDBB, 0xFFFF, 0xFFFF, 0xC61C, 0x0006, 0x5273, 0xFFFF, 0xFFFF, 0xFFFF, 0xFFFF, 0xFFFF, 0xFFDF,
 0x4237, 0x9CDC, 0xFFFF, 0xFFFF, 0xC69E, 0x000E, 0xAD59, 0xFFFF, 0xFFFF, 0xEF5F, 0x084F, 0x0006, 0x0006, 0x080A, 0x8418, 0x9498,
 0x318E, 0x0007, 0x0827, 0x0805, 0xBDD8, 0xFFFF, 0xFFFD, 0xEDB3, 0x9A68, 0x7185, 0x81E6, 0x8A07, 0x9227, 0x9247, 0x79C6, 0x5924,
 0x38C3, 0x38A2, 0x38A3, 0x30A2, 0x2882, 0x2062, 0x2062, 0x2062, 0x2062, 0x1862, 0x30A2, 0x5104, 0x48E3, 0x2882, 0x2062, 0x2882,
 0x2882, 0x3082, 0x40C3, 0x38C3, 0x2062, 0x2062, 0x1841, 0x1841, 0x1841, 0x1041, 0x1021, 0x1021, 0x1021, 0x1041, 0x1021, 0x1021,
 0x1021, 0x1021, 0x1021, 0x1021, 0x1021, 0x1041, 0x1841, 0x2082, 0x2082, 0x1841, 0x1841, 0x2062, 0x38A2, 0x40C3, 0x2062, 0x2882,
 0x30A2, 0x2882, 0x38A3, 0x2882, 0x3082, 0x2062, 0x2062, 0x2082, 0x2062, 0x2882, 0x30A2, 0x2882, 0x30A2, 0x40C3, 0x48E3, 0x5104,
 0x6144, 0x6964, 0x7144, 0x7165, 0x9268, 0xC40E, 0xF635, 0xFFFD, 0xFFFF, 0xEF5D, 0xB5B7, 0x2929, 0x000A, 0x213C, 0xEF9F, 0xFFFF,
 0xFFFF, 0xE79F, 0x6BDA, 0x6B78, 0x6B97, 0x5AF8, 0xD69E, 0xFFFF, 0xFFFF, 0xFFFF, 0x5274, 0x31B5, 0xFFFF, 0xFFFF, 0xFFFF, 0x949A,
 0x2951, 0x2950, 0x39F2, 0xEF5F, 0xFFFF, 0xFFFF, 0xB59D, 0x0009, 0x106B, 0xD69E, 0xFFFF, 0xFFFF, 0xE73F, 0xE71F, 0xFFFF, 0xFFFF,
 0xC63C, 0x084B, 0x0004, 0x0008, 0xBDFC, 0xFFFF, 0xFFFF, 0xB5BA, 0x0007, 0x6B56, 0xFFFF, 0xFFFF, 0xFFFF, 0xFFFF, 0xF79F, 0x4213,
 0x000F, 0xE73F, 0xFFFF, 0xFFFF, 0x843B, 0x0850, 0xEF7E, 0xFFFF, 0xFFFF, 0xF79F, 0x949B, 0x8439, 0x8439, 0xCE5D, 0xFFFF, 0xFFFF,
 0xFFFF, 0x4A9B, 0x000C, 0x3168, 0xFFFF, 0xFFFF, 0xFFFF, 0xFF16, 0xDC2B, 0x9206, 0x79A5, 0x71A5, 0x6965, 0x79C6, 0x6985, 0x5944,
 0x40E3, 0x48E3, 0x4903, 0x30A2, 0x2882, 0x30A2, 0x2882, 0x2882, 0x2882, 0x2062, 0x30A2, 0x40C3, 0x48E3, 0x2882, 0x2882, 0x2062,
 0x2882, 0x38A3, 0x48C3, 0x2882, 0x2062, 0x1021, 0x1041, 0x2062, 0x2062, 0x1041, 0x1041, 0x1021, 0x1021, 0x1041, 0x1021, 0x1021,
 0x1021, 0x1021, 0x1021, 0x1021, 0x1041, 0x1041, 0x1841, 0x2062, 0x2062, 0x1841, 0x1841, 0x1841, 0x2882, 0x30A2, 0x30A2, 0x40E3,
 0x30A3, 0x2882, 0x1862, 0x1841, 0x2062, 0x2062, 0x2062, 0x2062, 0x2062, 0x2882, 0x30A2, 0x3082, 0x1841, 0x2882, 0x50E3, 0x5904,
 0x7165, 0x9A26, 0xCBEB, 0xEE11, 0xFFFE, 0xFFFF, 0xE75D, 0xA536, 0x5AAD, 0x18A7, 0x0006, 0x0828, 0x1047, 0x0012, 0x8C9F, 0xFFFF,
 0xFFFF, 0xFFFF, 0xFFFF, 0xFFFF, 0xFFFF, 0xFFFF, 0xFFFF, 0xFFFF, 0xFFFF, 0xFFFF, 0x6317, 0x000E, 0xB5BE, 0xFFFF, 0xFFFF, 0xFFFF,
 0xFFFF, 0xFFFF, 0xFFFF, 0xFFFF, 0xFFFF, 0xFFFF, 0xA51B, 0x000C, 0xB59A, 0xFFFF, 0xFFFF, 0xFFDF, 0x39D4, 0x2133, 0xE73F, 0xFFFF,
 0xFFFF, 0xBDDB, 0x0829, 0x0007, 0xC61D, 0xFFFF, 0xFFFF, 0xA519, 0x0007, 0x8C79, 0xFFFF, 0xFFFF, 0xFFFF, 0xE73F, 0x31B4, 0x0006,
 0x4213, 0xFFFF, 0xFFFF, 0xFFFF, 0x4216, 0x0871, 0xE73F, 0xFFFF, 0xFFFF, 0xFFFF, 0xFFFF, 0xFFFF, 0xFFFF, 0xFFFF, 0xFFFF, 0xF79F,
 0x843C, 0x18D2, 0x0848, 0x1065, 0x39A9, 0x9493, 0xE71C, 0xFFFF, 0xFFFF, 0xF6D8, 0xDBCA, 0xBA26, 0x7965, 0x5104, 0x5124, 0x5924,
 0x5924, 0x5124, 0x2082, 0x2062, 0x40C3, 0x30A2, 0x2062, 0x2062, 0x2062, 0x2062, 0x2062, 0x1862, 0x1842, 0x2062, 0x2882, 0x30A2,
 0x38C3, 0x3082, 0x2882, 0x2062, 0x1841, 0x1841, 0x1841, 0x2062, 0x2062, 0x1841, 0x1041, 0x1021, 0x1021, 0x1041, 0x1021, 0x1021,
 0x1021, 0x1021, 0x1021, 0x1021, 0x1021, 0x1041, 0x2062, 0x1841, 0x1841, 0x1021, 0x1041, 0x1021, 0x1041, 0x1862, 0x2882, 0x30A2,
 0x2882, 0x2882, 0x2062, 0x1041, 0x1041, 0x2062, 0x2082, 0x2082, 0x2082, 0x2062, 0x2062, 0x38A2, 0x50E3, 0x7144, 0x9185, 0xB2E6,
 0xDD0B, 0xFF19, 0xFFFE, 0xD6DA, 0x8C72, 0x4A2B, 0x1886, 0x0005, 0x0006, 0x0828, 0x1048, 0x1048, 0x1067, 0x000A, 0x29BD, 0xE77F,
 0xE77F, 0xE77F, 0xEF7F, 0xEF9F, 0xF79F, 0xF79F, 0xEF9F, 0xF79F, 0xE71F, 0x6B7A, 0x082B, 0x0825, 0x082D, 0x6338, 0xCE9F, 0xF79F,
 0xF7DF, 0xF7DF, 0xF7BF, 0xF7BF, 0xEF5F, 0x949A, 0x084D, 0x7BD7, 0xFFFF, 0xFFDF, 0xF7BF, 0x6317, 0x0006, 0x0005, 0x31B5, 0xE73F,
 0xFFDF, 0xFFFF, 0x9CDA, 0x002D, 0xB5BC, 0xF7DF, 0xFFDF, 0x8C78, 0x0009, 0xA51C, 0xF7BF, 0xF7BF, 0xD69F, 0x2952, 0x0006, 0x0008,
 0x73BB, 0xF7BF, 0xF7BF, 0xCE9F, 0x0870, 0x0008, 0x2955, 0xCE5F, 0xEF7F, 0xEF7F, 0xEF7F, 0xEF7F, 0xEF7F, 0xDF1F, 0x94BD, 0x2954,
 0x000A, 0x0827, 0x1068, 0x1068, 0x0005, 0x0003, 0x1885, 0x62ED, 0xC639, 0xFFFF, 0xFFDD, 0xFE52, 0xCC68, 0xB265, 0x99C5, 0x8165,
 0x7145, 0x6945, 0x40C3, 0x3082, 0x2882, 0x2062, 0x2062, 0x2062, 0x2882, 0x2082, 0x1841, 0x0821, 0x1841, 0x2882, 0x2062, 0x2882,
 0x2882, 0x2062, 0x1841, 0x1021, 0x1021, 0x1841, 0x1021, 0x2062, 0x2062, 0x1841, 0x1041, 0x1041, 0x1021, 0x1021, 0x1021, 0x1021,
 0x1021, 0x1021, 0x1021, 0x1021, 0x1021, 0x1041, 0x1841, 0x2062, 0x2062, 0x1041, 0x1041, 0x1021, 0x1041, 0x1041, 0x1041, 0x2062,
 0x2062, 0x2062, 0x1841, 0x1041, 0x1041, 0x1841, 0x2062, 0x2061, 0x3061, 0x4882, 0x6103, 0x99E5, 0xC2A6, 0xEC29, 0xFDD0, 0xFF35,
 0xFFFC, 0xB5B7, 0x2948, 0x0827, 0x0006, 0x0006, 0x0807, 0x1008, 0x1008, 0x1007, 0x1007, 0x1006, 0x1025, 0x1026, 0x084E, 0x20EF,
 0x20EF, 0x20EF, 0x20EF, 0x20EE, 0x20EE, 0x20EE, 0x20EE, 0x20EE, 0x18AE, 0x0008, 0x1045, 0x1046, 0x1024, 0x0005, 0x084C, 0x20EE,
 0x290E, 0x290D, 0x290E, 0x290E, 0x20CD, 0x0007, 0x1048, 0x3171, 0x3170, 0x2950, 0x292F, 0x0807, 0x1044, 0x1045, 0x0807, 0x18CE,
 0x292D, 0x294D, 0x318E, 0x106B, 0x20EC, 0x292D, 0x294E, 0x20CC, 0x1049, 0x20EF, 0x292F, 0x292F, 0x106D, 0x0806, 0x1025, 0x1028,
 0x18CE, 0x290E, 0x290E, 0x18CF, 0x082A, 0x1048, 0x0008, 0x084C, 0x20CC, 0x20CC, 0x20CD, 0x20AD, 0x20AE, 0x106D, 0x000A, 0x0807,
 0x1046, 0x1007, 0x1008, 0x1008, 0x1009, 0x1008, 0x0807, 0x0006, 0x0005, 0x39CB, 0xBE1B, 0xF7FF, 0xFFFB, 0xFE70, 0xFD4B, 0xEC49,
 0xDB87, 0xC2C7, 0xA226, 0x6924, 0x50A2, 0x3861, 0x2861, 0x2041, 0x2062, 0x2062, 0x1041, 0x1041, 0x1841, 0x2062, 0x2062, 0x2062,
 0x1862, 0x1041, 0x1041, 0x1021, 0x1021, 0x0821, 0x2062, 0x2062, 0x2062, 0x1841, 0x1041, 0x1041, 0x1021, 0x1021, 0x1021, 0x1021,
 0x1021, 0x1021, 0x1021, 0x1021, 0x1021, 0x1041, 0x1841, 0x1841, 0x1041, 0x1041, 0x1841, 0x1021, 0x1021, 0x1041, 0x1021, 0x1841,
 0x2882, 0x38C3, 0x40C2, 0x3082, 0x30A2, 0x40E3, 0x5145, 0x71E7, 0xA349, 0xD4CC, 0xEDCD, 0xFED0, 0xFF52, 0xFFD5, 0xFFFC, 0xFFFF,
 0xFFFF, 0xDEFC, 0x1044, 0x000D, 0x093C, 0x32FC, 0x229B, 0x127C, 0x0A1C, 0x0A1B, 0x121A, 0x19F8, 0x21B6, 0x2974, 0x1110, 0x0809,
 0x1004, 0x1004, 0x0825, 0x080A, 0x084B, 0x084A, 0x084A, 0x084A, 0x0808, 0x1046, 0x1047, 0x1047, 0x106B, 0x106A, 0x084A, 0x082A,
 0x080A, 0x0829, 0x0829, 0x082A, 0x082A, 0x1048, 0x1867, 0x1026, 0x0826, 0x0826, 0x0808, 0x104B, 0x104B, 0x104B, 0x104A, 0x0808,
 0x0808, 0x0809, 0x0829, 0x104A, 0x0829, 0x0809, 0x0809, 0x0807, 0x1025, 0x1025, 0x0805, 0x0805, 0x1005, 0x102B, 0x108D, 0x108D,
 0x086C, 0x084B, 0x084B, 0x1007, 0x1026, 0x1049, 0x1048, 0x1025, 0x082A, 0x00AE, 0x00CE, 0x00CF, 0x00CF, 0x084E, 0x1048, 0x1046,
 0x0871, 0x09BA, 0x09FA, 0x0A1B, 0x023B, 0x021B, 0x017C, 0x0852, 0x0004, 0x8C13, 0xF79E, 0xF7BF, 0xFFFF, 0xFFFE, 0xFFFB, 0xFFF7,
 0xFF92, 0xFF51, 0xFECF, 0xE56B, 0xCCAE, 0xB3CE, 0x7A48, 0x5965, 0x4904, 0x38A3, 0x2061, 0x2862, 0x30A2, 0x40C3, 0x30A2, 0x2882,
 0x1841, 0x1041, 0x1041, 0x1021, 0x1021, 0x1841, 0x1041, 0x1041, 0x1841, 0x2061, 0x1041, 0x1021, 0x1021, 0x1021, 0x1021, 0x1021,
 0x1021, 0x1021, 0x1021, 0x1021, 0x1021, 0x1041, 0x1021, 0x1021, 0x1041, 0x2062, 0x2062, 0x1841, 0x1041, 0x1041, 0x1021, 0x1021,
 0x2062, 0x48E4, 0x6165, 0x5986, 0x69E8, 0x82AB, 0x9B4D, 0xCCD3, 0xE551, 0xED70, 0xD48A, 0xDCAB, 0xF612, 0xFFFA, 0xFED3, 0xFDCE,
 0xFF93, 0xFFFF, 0x7BD1, 0x0003, 0x095A, 0x24BF, 0x133F, 0x0B1F, 0x031F, 0x0B9F, 0x13DF, 0x23FF, 0x341F, 0x3BFF, 0x13DF, 0x035E,
 0x0A57, 0x10AB, 0x1804, 0x0913, 0x0BFF, 0x035F, 0x033F, 0x035F, 0x0914, 0x1026, 0x1047, 0x1006, 0x09B7, 0x03DF, 0x035F, 0x037F,
 0x0179, 0x1A18, 0x143F, 0x035F, 0x03BF, 0x0976, 0x1006, 0x1026, 0x1026, 0x1006, 0x19D6, 0x0C3F, 0x039F, 0x03DF, 0x01D9, 0x02FB,
 0x03BE, 0x037F, 0x039F, 0x039F, 0x039F, 0x037F, 0x035F, 0x02FC, 0x0950, 0x1826, 0x1045, 0x1028, 0x09D5, 0x03DE, 0x0C5F, 0x0C1F,
 0x0BDF, 0x03BF, 0x039F, 0x02FC, 0x1130, 0x1027, 0x1046, 0x1007, 0x0A7A, 0x045F, 0x03FF, 0x041F, 0x045F, 0x01DD, 0x100A, 0x1009,
 0x027C, 0x0CBF, 0x0BFF, 0x03BF, 0x037F, 0x03FF, 0x033F, 0x000E, 0x1885, 0xEF3D, 0xFFFF, 0xFFFA, 0xFF72, 0xFDAD, 0xECEC, 0xFD8C,
 0xF4EC, 0xDC0B, 0xD44A, 0xD44A, 0xDCEF, 0xD4B1, 0xC42F, 0x9B6D, 0x8AEC, 0x6A2A, 0x5187, 0x4925, 0x48E4, 0x5104, 0x3082, 0x1841,
 0x1041, 0x1021, 0x1021, 0x1041, 0x2062, 0x2062, 0x1841, 0x1021, 0x1021, 0x1021, 0x1041, 0x1021, 0x1021, 0x1021, 0x1021, 0x1021,
 0x1021, 0x1021, 0x1021, 0x1021, 0x1021, 0x1021, 0x1021, 0x1021, 0x1841, 0x2062, 0x3082, 0x30A2, 0x2062, 0x1041, 0x1021, 0x1021,
 0x1041, 0x1862, 0x28A3, 0x38C3, 0x38C3, 0x48C3, 0x6103, 0xA32E, 0x9AAB, 0x81A6, 0x6904, 0x7945, 0xB3AE, 0xD575, 0x9206, 0x99A3,
 0xC347, 0xF5F5, 0xEF5C, 0x20C5, 0x000F, 0x01DF, 0x017E, 0x011E, 0x013E, 0x015E, 0x01BF, 0x01FF, 0x01DF, 0x01BF, 0x01BF, 0x023F,
 0x035F, 0x035E, 0x10EC, 0x104B, 0x02DF, 0x027F, 0x025F, 0x031F, 0x0279, 0x1007, 0x1047, 0x1025, 0x0912, 0x037F, 0x031F, 0x033F,
 0x02BA, 0x08CE, 0x041F, 0x02FF, 0x031F, 0x033E, 0x1991, 0x196F, 0x196F, 0x1131, 0x0BBD, 0x03FF, 0x037F, 0x03DF, 0x08CE, 0x0BDB,
 0x039F, 0x033F, 0x033F, 0x035F, 0x035F, 0x033F, 0x031F, 0x037F, 0x03FF, 0x09D4, 0x1826, 0x0A99, 0x03DF, 0x033F, 0x031F, 0x033F,
 0x031F, 0x02DF, 0x02FF, 0x037F, 0x03BF, 0x0932, 0x1005, 0x10AE, 0x03DF, 0x02BF, 0x02BF, 0x02BF, 0x031F, 0x021D, 0x1009, 0x08D0,
 0x03BF, 0x021F, 0x01DF, 0x01FF, 0x01DF, 0x025F, 0x01DE, 0x000C, 0x2907, 0xFFDF, 0xF699, 0xD48F, 0xBB28, 0xA206, 0x8965, 0x9164,
 0xDC90, 0xAAEA, 0x58C3, 0x6924, 0x9228, 0x81A5, 0x9248, 0x6944, 0x48C3, 0x38A3, 0x28A3, 0x30C4, 0x30A3, 0x2062, 0x1021, 0x1021,
 0x1021, 0x1021, 0x1041, 0x2862, 0x40C3, 0x2882, 0x2062, 0x1041, 0x1021, 0x1021, 0x1021, 0x1041, 0x1021, 0x1021, 0x1021, 0x1021,
 0x1021, 0x1021, 0x1021, 0x1021, 0x1021, 0x1021, 0x1041, 0x1041, 0x2062, 0x1841, 0x2862, 0x30A2, 0x2882, 0x1841, 0x1021, 0x1021,
 0x1021, 0x0821, 0x0821, 0x2062, 0x38A3, 0x40C3, 0x40C3, 0x40A2, 0x40A2, 0x40A2, 0x40C3, 0x40C3, 0x48C2, 0x58E3, 0x5903, 0x6144,
 0x7144, 0xA1E5, 0xFE77, 0x8412, 0x0005, 0x00BA, 0x01BF, 0x00FD, 0x00FE, 0x015F, 0x027D, 0x0A97, 0x0A97, 0x0A98, 0x01FD, 0x01FF,
 0x01BF, 0x021F, 0x027E, 0x1048, 0x0A18, 0x029F, 0x021F, 0x025F, 0x02BD, 0x1029, 0x1066, 0x1045, 0x088D, 0x02BF, 0x02BF, 0x02BF,
 0x031D, 0x1027, 0x0A98, 0x039F, 0x027F, 0x031F, 0x0B9F, 0x0B9F, 0x0B9F, 0x0B9F, 0x037F, 0x031F, 0x035F, 0x0AB9, 0x1006, 0x0B7B,
 0x037F, 0x02FF, 0x029C, 0x0A72, 0x0A93, 0x0A74, 0x031E, 0x02FF, 0x02DF, 0x023C, 0x10CC, 0x035F, 0x029F, 0x029F, 0x027D, 0x0A77,
 0x0A77, 0x029B, 0x02FF, 0x02BF, 0x02DF, 0x09F8, 0x1005, 0x0996, 0x031F, 0x023F, 0x023F, 0x025F, 0x027F, 0x01FD, 0x100A, 0x0218,
 0x02DF, 0x01DF, 0x01FF, 0x021F, 0x01FF, 0x01DF, 0x019D, 0x000A, 0x2107, 0xFF9D, 0xC3AC, 0x70E2, 0x7165, 0x6965, 0x5103, 0x48C3,
 0x8207, 0xB2E9, 0x6944, 0x40A2, 0x40A2, 0x48E3, 0x40C3, 0x40C3, 0x30A2, 0x2882, 0x2882, 0x2862, 0x1021, 0x1021, 0x1041, 0x1021,
 0x1021, 0x1021, 0x1862, 0x2862, 0x2882, 0x2062, 0x2062, 0x2062, 0x1041, 0x1021, 0x1021, 0x1021, 0x1021, 0x1021, 0x1021, 0x1021,
 0x1041, 0x1021, 0x1021, 0x1041, 0x1021, 0x1021, 0x1021, 0x1021, 0x1041, 0x1021, 0x1041, 0x1041, 0x1841, 0x1041, 0x1021, 0x1021,
 0x1021, 0x1021, 0x1041, 0x1841, 0x2062, 0x2862, 0x2062, 0x2882, 0x2882, 0x2062, 0x2062, 0x3082, 0x40C3, 0x5924, 0x5924, 0x6144,
 0x81E6, 0x9226, 0xC38C, 0xDE7A, 0x18A6, 0x0831, 0x025F, 0x033F, 0x027F, 0x025C, 0x0979, 0x1009, 0x1845, 0x1804, 0x10CD, 0x039F,
 0x025F, 0x025F, 0x029F, 0x08CF, 0x11CE, 0x03DF, 0x027F, 0x02BF, 0x02FF, 0x106F, 0x1007, 0x1007, 0x100B, 0x02DD, 0x02FF, 0x02BF,
 0x031F, 0x10AA, 0x10AD, 0x03DF, 0x033F, 0x031F, 0x037F, 0x0B9D, 0x03BC, 0x0BDE, 0x039F, 0x035F, 0x041F, 0x11D2, 0x1006, 0x0B7B,
 0x041F, 0x03DF, 0x0A59, 0x1005, 0x1005, 0x1007, 0x0B7A, 0x03BF, 0x031F, 0x021B, 0x110C, 0x039F, 0x02DF, 0x02BF, 0x08D2, 0x1006,
 0x1006, 0x08B2, 0x03FF, 0x031F, 0x02DF, 0x0973, 0x1008, 0x02DD, 0x031F, 0x02DF, 0x0BFF, 0x02FF, 0x025F, 0x01BB, 0x086D, 0x035F,
 0x023F, 0x027F, 0x145F, 0x02FF, 0x025F, 0x01FF, 0x013D, 0x102B, 0x0004, 0x39CB, 0xC597, 0xC42F, 0x6986, 0x48E3, 0x5103, 0x5124,
 0x6944, 0x6965, 0x6144, 0x38C3, 0x30A2, 0x2882, 0x2062, 0x2882, 0x2882, 0x2062, 0x2062, 0x2061, 0x1041, 0x1041, 0x1021, 0x1021,
 0x0821, 0x1021, 0x1041, 0x1841, 0x1041, 0x1021, 0x1041, 0x1041, 0x1041, 0x1021, 0x1041, 0x1021, 0x1021, 0x1021, 0x1021, 0x1021,
 0x1021, 0x1041, 0x1021, 0x1041, 0x1021, 0x1021, 0x1021, 0x1021, 0x1041, 0x1841, 0x1841, 0x1841, 0x1841, 0x1041, 0x1041, 0x2062,
 0x1041, 0x1041, 0x1041, 0x1041, 0x1041, 0x1021, 0x1841, 0x1841, 0x2062, 0x2882, 0x2882, 0x2882, 0x30A3, 0x38C3, 0x5103, 0x5904,
 0x6965, 0x81E6, 0xA268, 0xFF3B, 0x8C53, 0x0008, 0x00FB, 0x0998, 0x10AF, 0x1869, 0x1867, 0x1828, 0x102B, 0x0972, 0x13FA, 0x047F,
 0x02FF, 0x031F, 0x03FF, 0x0A58, 0x108B, 0x043F, 0x035F, 0x039F, 0x043F, 0x0B9D, 0x0B1B, 0x0B3B, 0x0B3C, 0x0BFE, 0x037F, 0x039F,
 0x03FF, 0x1130, 0x1806, 0x0ABB, 0x04BF, 0x03FF, 0x0D1F, 0x1212, 0x1066, 0x13BC, 0x0CFF, 0x047F, 0x0CBF, 0x108D, 0x1008, 0x0B9C,
 0x04DF, 0x049F, 0x0B1B, 0x1029, 0x1047, 0x1008, 0x0BBA, 0x043F, 0x03FF, 0x02DB, 0x0970, 0x03FF, 0x035F, 0x039F, 0x10CF, 0x1047,
 0x1027, 0x1195, 0x0C7F, 0x039F, 0x03DF, 0x110F, 0x1130, 0x045F, 0x035F, 0x03DF, 0x145C, 0x043F, 0x033F, 0x01F9, 0x11F4, 0x03BF,
 0x02DF, 0x037F, 0x3D7E, 0x0C5F, 0x035F, 0x025F, 0x00FC, 0x0009, 0x41EA, 0xAD77, 0xD65A, 0xBCB1, 0x7A69, 0x79C5, 0x79A5, 0x6144,
 0x5944, 0x40E3, 0x2882, 0x30A3, 0x2882, 0x2082, 0x2882, 0x2062, 0x1841, 0x1041, 0x1021, 0x1021, 0x1041, 0x1841, 0x1021, 0x1041,
 0x2061, 0x1041, 0x1021, 0x1841, 0x1841, 0x1841, 0x1841, 0x1041, 0x1021, 0x1021, 0x1041, 0x1041, 0x1021, 0x1021, 0x1021, 0x1021,
 0x1021, 0x1021, 0x1021, 0x1021, 0x1021, 0x1021, 0x1021, 0x1041, 0x1841, 0x1041, 0x1841, 0x2041, 0x2062, 0x1842, 0x40C3, 0x38A2,
 0x1021, 0x1021, 0x1021, 0x1021, 0x1021, 0x1021, 0x1021, 0x1041, 0x2041, 0x2062, 0x2882, 0x2882, 0x30A2, 0x2062, 0x2062, 0x30A2,
 0x5924, 0x7964, 0xCCB1, 0xF79E, 0x7372, 0x0808, 0x104C, 0x1829, 0x1867, 0x1828, 0x102E, 0x09F7, 0x0C1E, 0x055F, 0x0D5F, 0x0D1F,
 0x0CBF, 0x14FF, 0x0C7F, 0x1151, 0x100A, 0x0BDD, 0x04BF, 0x047F, 0x0D1F, 0x051F, 0x055F, 0x057F, 0x055F, 0x04FF, 0x03DF, 0x0CFF,
 0x161F, 0x09B6, 0x1805, 0x10D2, 0x259F, 0x0E1F, 0x167F, 0x13D9, 0x100E, 0x45DF, 0x163F, 0x1E9F, 0x135C, 0x100A, 0x080B, 0x4C1C,
 0x26DF, 0x167F, 0x13BC, 0x100A, 0x1868, 0x100A, 0x447C, 0x15FF, 0x15DF, 0x035B, 0x3A36, 0x363F, 0x0D9F, 0x0CFF, 0x10AF, 0x1848,
 0x1008, 0x1AB8, 0x1E1F, 0x051F, 0x0CDF, 0x106F, 0x1B59, 0x161F, 0x0D1F, 0x0CBE, 0x229A, 0x1E3F, 0x045F, 0x0A7B, 0x2C3B, 0x04BF,
 0x053F, 0x0B1B, 0x449C, 0x0D9F, 0x049F, 0x035F, 0x00FB, 0x0006, 0x736F, 0xFFFF, 0xAAEB, 0x58C2, 0x40A2, 0x5924, 0x6964, 0x5103,
 0x2882, 0x1862, 0x2062, 0x3082, 0x2882, 0x2062, 0x2062, 0x2862, 0x1841, 0x1021, 0x1021, 0x1021, 0x1021, 0x1021, 0x0821, 0x1841,
 0x5103, 0x38A2, 0x1841, 0x2062, 0x2062, 0x1841, 0x1041, 0x1841, 0x1041, 0x1021, 0x1021, 0x1021, 0x1021, 0x1021, 0x1021, 0x1021,
 0x1041, 0x1021, 0x1021, 0x1021, 0x1021, 0x1021, 0x1021, 0x1021, 0x1041, 0x1041, 0x1041, 0x1041, 0x1841, 0x1841, 0x2062, 0x1841,
 0x1021, 0x1841, 0x1841, 0x1041, 0x1021, 0x1021, 0x1041, 0x1041, 0x1021, 0x1841, 0x2062, 0x2882, 0x2882, 0x2882, 0x38A2, 0x50E3,
 0x5903, 0xABAD, 0xFFFF, 0xAD99, 0x292C, 0x0809, 0x1869, 0x1888, 0x104E, 0x09B9, 0x14DF, 0x161F, 0x161F, 0x161F, 0x1EBF, 0x2E9F,
 0x1CDF, 0x2278, 0x106E, 0x1827, 0x1808, 0x12D9, 0x0DBF, 0x0CFF, 0x0DBF, 0x259F, 0x55BF, 0x5DBF, 0x5D7F, 0x2D1F, 0x051F, 0x0D9F,
 0x1EDF, 0x0ABA, 0x1809, 0x100A, 0x32DC, 0x375F, 0x16BF, 0x0D7E, 0x329A, 0x4EFF, 0x16BF, 0x26BF, 0x1156, 0x1828, 0x080C, 0x541D,
 0x379F, 0x1F5F, 0x13DD, 0x100B, 0x1808, 0x100C, 0x6CFD, 0x26FF, 0x1EDF, 0x035C, 0x4A99, 0x36FF, 0x16BF, 0x151E, 0x184E, 0x1868,
 0x1009, 0x231B, 0x1EBF, 0x0E1F, 0x0C3D, 0x1094, 0x1D5F, 0x163F, 0x163F, 0x0B1C, 0x19B9, 0x1E9F, 0x04FF, 0x1C7E, 0x255F, 0x051F,
 0x15BF, 0x08D4, 0x1CFD, 0x163F, 0x0D5F, 0x03FF, 0x00FB, 0x0005, 0x6B70, 0xF6BB, 0x7965, 0x5103, 0x40C3, 0x5924, 0x6144, 0x5103,
 0x38A2, 0x2882, 0x2082, 0x2062, 0x2882, 0x2062, 0x1841, 0x1041, 0x1841, 0x1041, 0x1021, 0x1021, 0x1841, 0x2882, 0x1041, 0x0821,
 0x2062, 0x2882, 0x1862, 0x1841, 0x1041, 0x1021, 0x1021, 0x1041, 0x1021, 0x1041, 0x1021, 0x1021, 0x1021, 0x1021, 0x1021, 0x1021,
 0x1021, 0x1021, 0x1021, 0x1021, 0x1021, 0x1041, 0x1041, 0x1021, 0x1021, 0x1041, 0x1041, 0x1041, 0x1041, 0x1021, 0x1021, 0x1021,
 0x1841, 0x2062, 0x2062, 0x1841, 0x1041, 0x1041, 0x1041, 0x1041, 0x1021, 0x1041, 0x2041, 0x2062, 0x2882, 0x30A3, 0x48E3, 0x5124,
 0x5945, 0x8A89, 0xAB4C, 0xDCCF, 0xF6F8, 0x9476, 0x1048, 0x0850, 0x0B3F, 0x1E5F, 0x0DDF, 0x0D7F, 0x1E3F, 0x46DF, 0x4CDE, 0x21F7,
 0x102D, 0x0807, 0x1006, 0x1008, 0x1807, 0x11B6, 0x1E5F, 0x161F, 0x16BF, 0x149F, 0x2094, 0x20B0, 0x208F, 0x10B6, 0x2DFF, 0x1F1F,
 0x1F5F, 0x0BBD, 0x100B, 0x1047, 0x1033, 0x6E1F, 0x2F9F, 0x271F, 0x363F, 0x3F5F, 0x379F, 0x251F, 0x1030, 0x1869, 0x080D, 0x541D,
 0x4FDF, 0x3F9F, 0x1CFE, 0x09F9, 0x09F7, 0x0A18, 0x463E, 0x375F, 0x2F7F, 0x0B1D, 0x639C, 0x479F, 0x2F3F, 0x1DFF, 0x0977, 0x1092,
 0x0853, 0x1C7E, 0x1EDF, 0x1EBF, 0x0B9C, 0x1A1A, 0x2F3F, 0x26FF, 0x1E7F, 0x0937, 0x11D8, 0x169F, 0x15DF, 0x0D7F, 0x0DBF, 0x0DFF,
 0x0B5B, 0x0810, 0x2D3F, 0x165F, 0x15BF, 0x047F, 0x00FA, 0x0005, 0x6B70, 0xFF5C, 0x8A07, 0x48E3, 0x48E3, 0x71A5, 0x6144, 0x48E3,
 0x48E3, 0x2882, 0x2062, 0x2062, 0x2062, 0x1041, 0x1041, 0x1041, 0x1041, 0x1841, 0x1041, 0x1041, 0x1841, 0x2062, 0x2882, 0x1841,
 0x0821, 0x1041, 0x1841, 0x1041, 0x1021, 0x1841, 0x1041, 0x1021, 0x1021, 0x1021, 0x1021, 0x1021, 0x1021, 0x1021, 0x1021, 0x1021,
 0x1021, 0x1021, 0x1021, 0x1021, 0x1021, 0x1021, 0x1041, 0x1041, 0x1021, 0x1021, 0x1041, 0x1041, 0x1041, 0x1021, 0x1041, 0x1021,
 0x1041, 0x1841, 0x1041, 0x1041, 0x1041, 0x1041, 0x1041, 0x1041, 0x1041, 0x1041, 0x1021, 0x1841, 0x1841, 0x2882, 0x28A2, 0x2882,
 0x2882, 0x50E3, 0x6103, 0x8984, 0xDCB0, 0xFFFF, 0x396D, 0x0037, 0x1DDF, 0x0E5F, 0x161F, 0x16BF, 0x1D5F, 0x2938, 0x180E, 0x1009,
 0x1871, 0x2A98, 0x12D9, 0x0319, 0x0A59, 0x1075, 0x3DFF, 0x379F, 0x377F, 0x1DDF, 0x0872, 0x1849, 0x186A, 0x0810, 0x753F, 0x5FFF,
 0x57DF, 0x1CBF, 0x100E, 0x1868, 0x080C, 0x52DD, 0x7FFF, 0x4FBF, 0x5FDF, 0x67BF, 0x5FFF, 0x1A9B, 0x100C, 0x186B, 0x080E, 0x745D,
 0x77FF, 0x57DF, 0x57FF, 0x4FFF, 0x4FFF, 0x4FFF, 0x67FF, 0x77FF, 0x5F5F, 0x09FD, 0x5B3D, 0x97FF, 0x579F, 0x4F7F, 0x2EFF, 0x263F,
 0x2E7F, 0x373F, 0x377F, 0x2FDF, 0x0AFD, 0x4C7E, 0x4FDF, 0x47BF, 0x1D7F, 0x0832, 0x31D8, 0x4F3F, 0x1F1F, 0x1E9F, 0x26FF, 0x165F,
 0x0914, 0x100F, 0x657F, 0x271F, 0x1E9F, 0x157F, 0x011B, 0x0006, 0x6B50, 0xFFFF, 0xC40F, 0x6124, 0x40C3, 0x6144, 0x5124, 0x2062,
 0x2882, 0x2882, 0x2062, 0x2062, 0x1841, 0x1021, 0x1041, 0x1041, 0x1041, 0x1041, 0x1041, 0x1041, 0x1041, 0x1021, 0x1841, 0x1041,
 0x1021, 0x1041, 0x1041, 0x1041, 0x1021, 0x1041, 0x1021, 0x1021, 0x1021, 0x1021, 0x1021, 0x1021, 0x1021, 0x1021, 0x1021, 0x1021,
 0x1021, 0x1021, 0x1021, 0x1021, 0x1021, 0x1041, 0x1041, 0x1021, 0x1021, 0x1021, 0x1041, 0x1041, 0x1041, 0x1841, 0x2062, 0x1041,
 0x1041, 0x1041, 0x1841, 0x1041, 0x1041, 0x1021, 0x1041, 0x1041, 0x1041, 0x1041, 0x1841, 0x1841, 0x2062, 0x2882, 0x2882, 0x2062,
 0x38A3, 0x5924, 0x6165, 0x8A26, 0xCBEE, 0xFFFF, 0x5291, 0x0011, 0x2BBF, 0x479F, 0x16FF, 0x1F3F, 0x1DDF, 0x0958, 0x08D3, 0x08F5,
 0x1B7D, 0x57BF, 0x57DF, 0x47FF, 0x157F, 0x0017, 0x63DD, 0x7FFF, 0x5F9F, 0x473F, 0x0157, 0x184B, 0x188C, 0x080E, 0x6B9D, 0x97FF,
 0x7FFF, 0x3E5F, 0x0893, 0x1849, 0x1049, 0x0876, 0x965F, 0x9FFF, 0x9FBF, 0xAFDF, 0x6E7F, 0x0896, 0x184C, 0x20CC, 0x080F, 0x63BF,
 0x9F1F, 0x8EDF, 0x8EDF, 0x96FF, 0x971F, 0x971F, 0x971F, 0x7D7F, 0x193B, 0x0012, 0x0015, 0x639E, 0x979F, 0x87FF, 0x8FFF, 0x8FFF,
 0x87FF, 0x87FF, 0x673F, 0x1BDD, 0x219C, 0x979F, 0x77FF, 0x4FFF, 0x135D, 0x100E, 0x3999, 0x7F9F, 0x3FBF, 0x3F7F, 0x2FBF, 0x143E,
 0x100E, 0x1031, 0x8DBF, 0x377F, 0x271F, 0x1E1F, 0x011A, 0x0006, 0x6B50, 0xFFFF, 0xC3AD, 0x7985, 0x4903, 0x6144, 0x5924, 0x30A3,
 0x2882, 0x2062, 0x2882, 0x2062, 0x2062, 0x1841, 0x1841, 0x1041, 0x1041, 0x1041, 0x1041, 0x1041, 0x1841, 0x1041, 0x1021, 0x1021,
 0x1021, 0x1861, 0x2062, 0x1041, 0x1041, 0x1021, 0x1021, 0x1021, 0x1021, 0x1021, 0x1021, 0x1021, 0x1021, 0x1021, 0x1021, 0x1021,
 0x1021, 0x1021, 0x1021, 0x1021, 0x1021, 0x1021, 0x1021, 0x1021, 0x1021, 0x1021, 0x1021, 0x1841, 0x1021, 0x1841, 0x1041, 0x1041,
 0x1041, 0x1041, 0x1041, 0x1041, 0x1021, 0x1041, 0x2062, 0x2882, 0x2862, 0x2062, 0x2882, 0x2882, 0x2882, 0x2882, 0x2882, 0x2882,
 0x38C3, 0x5103, 0x5124, 0x6965, 0x9A46, 0xF616, 0xBDDB, 0x000D, 0x109B, 0x9E7F, 0x5FFF, 0x577F, 0x67BF, 0x577F, 0x46DF, 0x4F1F,
 0x5F9F, 0x5F9F, 0x8FFF, 0x9FFF, 0x2B5F, 0x0013, 0x41FC, 0x9FFF, 0x8FFF, 0x97FF, 0x22BD, 0x100E, 0x104B, 0x082C, 0x299A, 0x64BE,
 0x4C1D, 0x331D, 0x0037, 0x080B, 0x20ED, 0x000F, 0x10B8, 0x3158, 0x2117, 0x2117, 0x1098, 0x0011, 0x83D6, 0x5292, 0x000D, 0x0034,
 0x1035, 0x1055, 0x1035, 0x1035, 0x1076, 0x1896, 0x1076, 0x0015, 0x3174, 0xA4F9, 0x5274, 0x0014, 0x18D9, 0x423B, 0x4A9B, 0x52FC,
 0x5B7C, 0x531C, 0x10F9, 0x0014, 0x219D, 0x6D5F, 0x75DF, 0x661F, 0x117A, 0x102D, 0x295A, 0x979F, 0x87FF, 0x6FFF, 0x377F, 0x09B9,
 0x182B, 0x0854, 0x8DFF, 0x3FDF, 0x3F7F, 0x263F, 0x011A, 0x0008, 0x6B30, 0xFFFF, 0xBBCE, 0x6944, 0x5104, 0x5924, 0x5104, 0x30A2,
 0x2882, 0x2062, 0x2882, 0x2882, 0x2882, 0x2062, 0x2062, 0x2882, 0x2862, 0x2062, 0x1041, 0x1041, 0x1841, 0x1041, 0x1021, 0x1021,
 0x1041, 0x1841, 0x1841, 0x1021, 0x1041, 0x1041, 0x1021, 0x1021, 0x1021, 0x1021, 0x1021, 0x1021, 0x1021, 0x1021, 0x1021, 0x1021,
 0x1021, 0x1021, 0x1021, 0x1021, 0x1021, 0x1021, 0x1021, 0x1021, 0x1021, 0x1021, 0x1021, 0x1021, 0x1021, 0x1021, 0x1041, 0x1041,
 0x1041, 0x1041, 0x1041, 0x2062, 0x1041, 0x1041, 0x1841, 0x2062, 0x1861, 0x1841, 0x2062, 0x2062, 0x2062, 0x2062, 0x2062, 0x2882,
 0x3082, 0x30A2, 0x3082, 0x50E3, 0x6944, 0xBB09, 0xFF7C, 0x7BF7, 0x0010, 0x191C, 0x9DFF, 0xEFFF, 0xE7FF, 0x9FFF, 0x9FFF, 0xAFFF,
 0xA7FF, 0x9FFF, 0xBF5F, 0x5B1E, 0x0014, 0x104D, 0x0879, 0x3A7D, 0x29FC, 0x213B, 0x085A, 0x0011, 0x7BB4, 0x41D0, 0x1070, 0x20D4,
 0x2934, 0x3994, 0x4A34, 0x5273, 0x8C77, 0x83D6, 0x6B76, 0x6B56, 0x7396, 0x8418, 0x8C58, 0x94BA, 0xFFFF, 0xCE7C, 0xA539, 0xAD59,
 0xAD39, 0xAD39, 0xAD59, 0xA539, 0xAD5A, 0xAD5A, 0xAD5A, 0xCE9D, 0xFFFF, 0xFFFF, 0xFFFF, 0xBDFC, 0x7378, 0x5297, 0x4237, 0x39F6,
 0x39B6, 0x4A37, 0x4A35, 0x3194, 0x2116, 0x0836, 0x0836, 0x0817, 0x0834, 0x18AF, 0x0036, 0x219B, 0x325C, 0x3B3D, 0x2AFE, 0x0834,
 0x186C, 0x0878, 0x9DDF, 0x77DF, 0x67DF, 0x36FF, 0x015A, 0x000A, 0x6B32, 0xFFFF, 0xC450, 0x50C2, 0x3082, 0x30A2, 0x38C3, 0x2882,
 0x2062, 0x2882, 0x2062, 0x2062, 0x2062, 0x1862, 0x1862, 0x1861, 0x1862, 0x1841, 0x1041, 0x1841, 0x1841, 0x1021, 0x1021, 0x1021,
 0x1021, 0x1021, 0x1021, 0x1041, 0x1021, 0x1021, 0x1021, 0x1021, 0x1021, 0x1021, 0x1021, 0x1021, 0x1021, 0x1021, 0x1021, 0x1021,
 0x1021, 0x1021, 0x1021, 0x1021, 0x1021, 0x1021, 0x1021, 0x1021, 0x1021, 0x1021, 0x1021, 0x1021, 0x1021, 0x1021, 0x1041, 0x1041,
 0x1021, 0x1021, 0x1021, 0x1041, 0x1041, 0x1041, 0x1021, 0x1021, 0x1021, 0x1041, 0x1041, 0x1841, 0x1841, 0x1841, 0x1841, 0x1862,
 0x2062, 0x2062, 0x30A2, 0x48E3, 0x5103, 0x7144, 0xC36C, 0xFF7C, 0x94DA, 0x1094, 0x0018, 0x3A3D, 0x7C7F, 0x8D9F, 0x7D3F, 0x643F,
 0x4B1E, 0x321C, 0x0899, 0x0013, 0x41D2, 0x3172, 0x39D5, 0x4216, 0x5AF8, 0x7BFA, 0x9CDB, 0xB5BC, 0xFFFF, 0xEFBF, 0xE75E, 0xEEDB,
 0xEEBA, 0xFFBD, 0xFFFF, 0xFFFE, 0xEDB4, 0xDC8F, 0xF615, 0xFFFF, 0xFFFF, 0xEDF5, 0xE594, 0xF6B8, 0xE617, 0xDDD5, 0xEE16, 0xEE58,
 0xEE79, 0xEE99, 0xE616, 0xE616, 0xEE37, 0xEE36, 0xE636, 0xE617, 0xDDD6, 0xD574, 0xDDD6, 0xEE78, 0xF6D9, 0xFEFA, 0xF6B9, 0xF6BA,
 0xFF3B, 0xFF9C, 0xFF9D, 0xEF3C, 0xEF5D, 0xE73E, 0xD6BD, 0xBE1C, 0xAD5A, 0xCE7D, 0x8439, 0x6318, 0x5298, 0x39D6, 0x2935, 0x2932,
 0x104F, 0x0014, 0x10B9, 0x215A, 0x3A7C, 0x235E, 0x011D, 0x000C, 0x7372, 0xFFFF, 0xF676, 0x6944, 0x2862, 0x2882, 0x2062, 0x2062,
 0x1862, 0x1862, 0x1841, 0x1841, 0x1841, 0x1041, 0x1041, 0x1041, 0x1041, 0x1021, 0x1021, 0x1041, 0x1041, 0x1021, 0x1021, 0x1021,
 0x1021, 0x1021, 0x1021, 0x1041, 0x1021, 0x1021, 0x1021, 0x1021, 0x1021, 0x1021, 0x1021, 0x1041, 0x1041, 0x1021, 0x1021, 0x1021,
 0x1021, 0x1021, 0x1021, 0x1021, 0x1021, 0x1021, 0x1021, 0x1021, 0x1021, 0x1021, 0x1021, 0x1021, 0x1021, 0x1021, 0x1021, 0x1021,
 0x1021, 0x1021, 0x1021, 0x1021, 0x1021, 0x1021, 0x1041, 0x1041, 0x1041, 0x1041, 0x1041, 0x1021, 0x1021, 0x1021, 0x1041, 0x1041,
 0x1041, 0x2062, 0x2882, 0x30A3, 0x40A3, 0x5903, 0x9A88, 0xE4EF, 0xFE77, 0xE69B, 0x843A, 0x39D8, 0x1097, 0x0858, 0x0857, 0x1097,
 0x2937, 0x4A38, 0x7BD9, 0xCE9D, 0xFFFF, 0xFFDF, 0xFFBE, 0xFFFE, 0xFF1A, 0xE5F6, 0xEE37, 0xE5B4, 0xCCD2, 0xDDB5, 0xDD12, 0x9A67,
 0x89E6, 0xAB0A, 0xDCD0, 0xA2E9, 0x8184, 0x7164, 0x7943, 0xDD53, 0xBC4F, 0x7123, 0x7964, 0x81A5, 0x7985, 0x7144, 0x7985, 0x8A07,
 0x8A07, 0x81C6, 0x7185, 0x7165, 0x7985, 0x7985, 0x7165, 0x7985, 0x79A5, 0x7185, 0x7985, 0x7985, 0x81E6, 0x9227, 0x8A06, 0x9227,
 0xA2A9, 0xAB0A, 0xAB4B, 0xAB4B, 0xBBEE, 0xDD53, 0xF6DA, 0xF6D9, 0xD48F, 0xDCB0, 0xFF9C, 0xFFDD, 0xFF1A, 0xFFBC, 0xFF9E, 0xF7BF,
 0xB57A, 0x6B97, 0x8438, 0x6317, 0x4216, 0x3156, 0x20F6, 0x082E, 0x294F, 0xD6BD, 0xFFFC, 0xD3A9, 0x58C2, 0x3882, 0x1862, 0x1041,
 0x1041, 0x1041, 0x1041, 0x1041, 0x1041, 0x1041, 0x1041, 0x1041, 0x1041, 0x1021, 0x1041, 0x1021, 0x1021, 0x1021, 0x1021, 0x1021,
 0x1021, 0x1021, 0x1021, 0x1021, 0x1021, 0x1021, 0x1021, 0x1021, 0x1021, 0x1021, 0x1021, 0x1021, 0x1021, 0x1021, 0x1021, 0x1021,
 0x1021, 0x1021, 0x1021, 0x1021, 0x1041, 0x1021, 0x1021, 0x1021, 0x1021, 0x1021, 0x1021, 0x1021, 0x1021, 0x1021, 0x1021, 0x1021,
 0x1021, 0x1021, 0x1041, 0x1021, 0x1021, 0x1021, 0x1021, 0x1041, 0x1041, 0x1041, 0x1041, 0x1041, 0x1021, 0x1021, 0x1021, 0x1041,
 0x1841, 0x2062, 0x2062, 0x2862, 0x5144, 0x7A68, 0x59A6, 0x6944, 0x9206, 0xBB6A, 0xDD50, 0xF71A, 0xE6FD, 0xDE9C, 0xE71E, 0xF77E,
 0xFFBD, 0xFFFC, 0xFFFC, 0xF613, 0xE5F4, 0xDD72, 0xB38D, 0xB34A, 0x81C6, 0x7164, 0x7985, 0x81A5, 0x7964, 0x7964, 0x7985, 0x6944,
 0x6964, 0x6944, 0x6103, 0x50E3, 0x48E3, 0x48E3, 0x50E3, 0x6944, 0x50E3, 0x40C3, 0x50E3, 0x5904, 0x5904, 0x5904, 0x5924, 0x6985,
 0x7185, 0x6124, 0x6144, 0x5924, 0x5924, 0x48E3, 0x40C3, 0x50E3, 0x40C3, 0x40C3, 0x50E3, 0x50E3, 0x50E3, 0x5924, 0x6144, 0x6965,
 0x79A5, 0x79A5, 0x81C5, 0x81E6, 0x81C5, 0x7985, 0xA289, 0x8A07, 0x7164, 0x7144, 0x8A07, 0xBBAB, 0xAA87, 0xB2E9, 0xC36B, 0xDD10,
 0xF590, 0xF572, 0xFFFE, 0xFFB9, 0xFF59, 0xF6FA, 0xE654, 0xCDD5, 0xACD5, 0x9C96, 0xDEDD, 0xFFBC, 0xCC4B, 0x6964, 0x3082, 0x1841,
 0x1021, 0x1041, 0x1041, 0x1041, 0x1041, 0x1041, 0x1041, 0x1041, 0x1041, 0x1021, 0x1021, 0x1021, 0x1041, 0x1021, 0x1021, 0x1021,
 0x1021, 0x1021, 0x1021, 0x1021, 0x1021, 0x1021, 0x1021, 0x1021, 0x1021, 0x1021, 0x1021, 0x1021, 0x1021, 0x1021, 0x1021, 0x1021,
 0x1021, 0x1021, 0x1021, 0x1021, 0x1021, 0x1021, 0x1021, 0x1021, 0x1021, 0x1021, 0x1021, 0x1021, 0x1021, 0x1021, 0x1021, 0x1021,
 0x1021, 0x1021, 0x1041, 0x1041, 0x1021, 0x1021, 0x1021, 0x1021, 0x1021, 0x1041, 0x1041, 0x1041, 0x1041, 0x1841, 0x28A2, 0x2062,
 0x1041, 0x1841, 0x1841, 0x2062, 0x4145, 0x28C3, 0x1001, 0x2862, 0x48E3, 0x48C3, 0x60E3, 0x8A07, 0xA2EA, 0xAB4B, 0xB3AD, 0xB38C,
 0xAAE8, 0x9AA7, 0x8227, 0x6924, 0x6103, 0x6123, 0x6103, 0x50C3, 0x38A2, 0x38A3, 0x4903, 0x5924, 0x5103, 0x5103, 0x6144, 0x5924,
 0x5124, 0x38C3, 0x30A3, 0x30A2, 0x2882, 0x30A2, 0x2882, 0x3082, 0x3082, 0x2882, 0x30A2, 0x48E3, 0x48E3, 0x40C3, 0x48E3, 0x6965,
 0x6965, 0x6124, 0x5904, 0x40E3, 0x40C3, 0x30A2, 0x30A2, 0x38C3, 0x3082, 0x2882, 0x38A2, 0x3082, 0x30A2, 0x30A2, 0x30A2, 0x5924,
 0x6144, 0x5924, 0x6144, 0x6144, 0x6985, 0x79A5, 0x6185, 0x6965, 0x4903, 0x30A3, 0x48C3, 0x6124, 0x6964, 0x5903, 0x6103, 0x81C5,
 0x9268, 0x7123, 0x92A9, 0xBBED, 0x9247, 0x79C5, 0x9225, 0xB2E6, 0xCB68, 0xCBAA, 0xAAC9, 0x932C, 0xAC0B, 0x9B4B, 0x61E8, 0x38C3,
 0x1041, 0x30A2, 0x1041, 0x1041, 0x1041, 0x1041, 0x1041, 0x1041, 0x1041, 0x1021, 0x1021, 0x1021, 0x1021, 0x1021, 0x1021, 0x1021,
 0x1021, 0x1021, 0x1021, 0x1021, 0x1021, 0x1041, 0x1021, 0x1021, 0x1021, 0x1021, 0x1021, 0x1021, 0x1021, 0x1021, 0x1021, 0x1021,
 0x1021, 0x1041, 0x1041, 0x1021, 0x1021, 0x1021, 0x1021, 0x1021, 0x1021, 0x1021, 0x1021, 0x1021, 0x1021, 0x1021, 0x1021, 0x1021,
 0x1021, 0x1021, 0x1021, 0x1041, 0x1041, 0x1021, 0x1021, 0x1041, 0x1041, 0x1021, 0x1021, 0x1021, 0x1021, 0x1021, 0x1841, 0x1041,
 0x1041, 0x1041, 0x1041, 0x1041, 0x1841, 0x2041, 0x1841, 0x1841, 0x30A2, 0x2062, 0x2882, 0x3882, 0x48E3, 0x5103, 0x48C2, 0x40A2,
 0x48C3, 0x3062, 0x2842, 0x3082, 0x3082, 0x48E3, 0x48E3, 0x2882, 0x3082, 0x2882, 0x38C3, 0x38A3, 0x40C3, 0x40C3, 0x40C3, 0x38A3,
 0x3082, 0x3082, 0x2882, 0x2882, 0x2062, 0x2062, 0x2062, 0x2862, 0x2862, 0x2882, 0x30A3, 0x30A3, 0x2882, 0x2882, 0x3082, 0x48E3,
 0x5124, 0x40E3, 0x40C3, 0x40C3, 0x2882, 0x2862, 0x2062, 0x2882, 0x2882, 0x2062, 0x2882, 0x2882, 0x2882, 0x2062, 0x3082, 0x3082,
 0x38A3, 0x48E3, 0x40C3, 0x40C3, 0x40C3, 0x40C3, 0x2882, 0x48E3, 0x40E3, 0x2882, 0x30A2, 0x40C3, 0x3082, 0x38A3, 0x38C3, 0x38A3,
 0x48C3, 0x3082, 0x2841, 0x5124, 0x4104, 0x1821, 0x2862, 0x3882, 0x48C3, 0x50E3, 0x48C2, 0x48C3, 0x40A4, 0x40C4, 0x4905, 0x38E4,
 0x1883, 0x1841, 0x1041, 0x1041, 0x1041, 0x1041, 0x1041, 0x1041, 0x1021, 0x1021, 0x1021, 0x1021, 0x1021, 0x1021, 0x1021, 0x1021,
 0x1021, 0x1021, 0x1021, 0x1021, 0x1021, 0x1021, 0x1021, 0x1021, 0x1021, 0x1021, 0x1021, 0x1021, 0x1021, 0x1021, 0x1021, 0x1021,
 0x1041, 0x1041, 0x1041, 0x1021, 0x1021, 0x1021, 0x1021, 0x1021, 0x1021, 0x1021, 0x1021, 0x1021, 0x1021, 0x1021, 0x1021, 0x1021,
 0x1021, 0x1021, 0x1041, 0x1041, 0x1041, 0x1041, 0x1041, 0x1041, 0x1041, 0x1021, 0x1021, 0x1041, 0x1041, 0x1041, 0x1021, 0x1041,
 0x1041, 0x1041, 0x1041, 0x1041, 0x1041, 0x1041, 0x1841, 0x1041, 0x1041, 0x1041, 0x1041, 0x1041, 0x1841, 0x1842, 0x2062, 0x1841,
 0x1041, 0x1862, 0x1841, 0x1841, 0x2062, 0x2882, 0x2062, 0x2082, 0x2882, 0x2882, 0x2082, 0x2882, 0x2882, 0x2062, 0x2062, 0x2062,
 0x2062, 0x2062, 0x2062, 0x2062, 0x2062, 0x1841, 0x2062, 0x1862, 0x2062, 0x1841, 0x2062, 0x2062, 0x2062, 0x2062, 0x2062, 0x2862,
 0x2882, 0x2062, 0x2082, 0x2062, 0x1862, 0x1862, 0x1841, 0x1841, 0x1841, 0x1841, 0x2082, 0x1862, 0x1841, 0x1841, 0x1841, 0x1041,
 0x1841, 0x2882, 0x2882, 0x2062, 0x2882, 0x2062, 0x2882, 0x2062, 0x2062, 0x2882, 0x2062, 0x2062, 0x1862, 0x1842, 0x1862, 0x2062,
 0x2062, 0x2062, 0x1041, 0x1021, 0x1021, 0x1041, 0x1041, 0x1041, 0x1841, 0x1841, 0x1841, 0x1841, 0x1841, 0x1862, 0x1862, 0x1021,
 0x1021, 0x1041, 0x1041, 0x1021, 0x1021, 0x1021, 0x1041, 0x1021, 0x1021, 0x1041, 0x1021, 0x1021, 0x1021, 0x1021, 0x1021, 0x1021,
 0x1021, 0x1021, 0x1021, 0x1021, 0x1021, 0x1021, 0x1021, 0x1021, 0x1021, 0x1021, 0x1021, 0x1021, 0x1021, 0x1021, 0x1021, 0x1021,


};

