#include <stdint.h>

/* Auto-generated from valvano.c by convert_uint32_pixels_to_uint16.py. */
/* Source pixels: 0xAARRGGBB, output pixels: RGB565 (uint16_t). */

#define VALVANO_FRAME_COUNT 3
#define VALVANO_PIXELS_PER_FRAME 7200
#define VALVANO_FRAME_WIDTH 60
#define VALVANO_FRAME_HEIGHT 120

static const uint16_t valvano[3][7200] = {
  {
    0xF81F, 0xF81F, 0xF81F, 0xF81F, 0xF81F, 0xF81F, 0xF81F, 0xF81F, 0xF81F, 0xF81F, 0xF81F, 0xF81F,
    0xF81F, 0x006A, 0x006A, 0x006A, 0x006A, 0xF81F, 0xF81F, 0xF81F, 0xF81F, 0xF81F, 0xF81F, 0xF81F,
    0xF81F, 0xF81F, 0xF81F, 0xF81F, 0xF81F, 0xF81F, 0xF81F, 0xF81F, 0xF81F, 0xF81F, 0xF81F, 0xF81F,
    0xF81F, 0xF81F, 0xF81F, 0x006A, 0x006A, 0x006A, 0x006A, 0x006A, 0x006A, 0x006A, 0x006A, 0x006A,
    0x006A, 0xF81F, 0xF81F, 0xF81F, 0xF81F, 0xF81F, 0xF81F, 0xF81F, 0xF81F, 0xF81F, 0xF81F, 0xF81F,
    0xF81F, 0xF81F, 0xF81F, 0xF81F, 0xF81F, 0xF81F, 0xF81F, 0xF81F, 0xF81F, 0xF81F, 0xF81F, 0xF81F,
    0x006A, 0x006A, 0x006A, 0x006A, 0x006A, 0x006A, 0x006A, 0xF81F, 0xF81F, 0xF81F, 0xF81F, 0xF81F,
    0xF81F, 0xF81F, 0xF81F, 0xF81F, 0xF81F, 0xF81F, 0xF81F, 0xF81F, 0xF81F, 0xF81F, 0xF81F, 0xF81F,
    0xF81F, 0xF81F, 0xF81F, 0x006A, 0x006A, 0x006A, 0x006A, 0x006A, 0x006A, 0x006A, 0x006A, 0x006A,
    0x006A, 0xF81F, 0xF81F, 0xF81F, 0xF81F, 0xF81F, 0xF81F, 0xF81F, 0xF81F, 0xF81F, 0xF81F, 0xF81F,
    0xF81F, 0xF81F, 0xF81F, 0xF81F, 0xF81F, 0xF81F, 0xF81F, 0xF81F, 0xF81F, 0xF81F, 0xF81F, 0xF81F,
    0x006A, 0x006A, 0x006A, 0x006A, 0x006A, 0x006A, 0x006A, 0x006A, 0x006A, 0xF81F, 0xF81F, 0xF81F,
    0xF81F, 0xF81F, 0xF81F, 0xF81F, 0xF81F, 0xF81F, 0xF81F, 0xF81F, 0xF81F, 0xF81F, 0xF81F, 0xF81F,
    0xF81F, 0xF81F, 0xF81F, 0x006A, 0x006A, 0x006A, 0x006A, 0x006A, 0x006A, 0x006A, 0x006A, 0x006A,
    0x006A, 0xF81F, 0xF81F, 0xF81F, 0xF81F, 0xF81F, 0xF81F, 0xF81F, 0xF81F, 0xF81F, 0xF81F, 0xF81F,
    0xF81F, 0xF81F, 0xF81F, 0xF81F, 0xF81F, 0xF81F, 0xF81F, 0xF81F, 0xF81F, 0xF81F, 0xF81F, 0xF81F,
    0x006A, 0x006A, 0x006A, 0x006A, 0x006A, 0x006A, 0x006A, 0x006A, 0x006A, 0x006A, 0xF81F, 0xF81F,
    0xF81F, 0xF81F, 0xF81F, 0xF81F, 0xF81F, 0xF81F, 0xF81F, 0xF81F, 0xF81F, 0xF81F, 0xF81F, 0xF81F,
    0xF81F, 0xF81F, 0xF81F, 0xF81F, 0x006A, 0x006A, 0x006A, 0x006A, 0x006A, 0x006A, 0x006A, 0x006A,
    0x006A, 0xF81F, 0xF81F, 0xF81F, 0xF81F, 0xF81F, 0xF81F, 0xF81F, 0xF81F, 0xF81F, 0xF81F, 0xF81F,
    0xF81F, 0xF81F, 0xF81F, 0xF81F, 0xF81F, 0xF81F, 0xF81F, 0xF81F, 0xF81F, 0xF81F, 0xF81F, 0xF81F,
    0x006A, 0x006A, 0x006A, 0x006A, 0x006A, 0x006A, 0x006A, 0x006A, 0x006A, 0x006A, 0x006A, 0x006A,
    0xF81F, 0xF81F, 0xF81F, 0xF81F, 0xF81F, 0xF81F, 0xF81F, 0xF81F, 0xF81F, 0xF81F, 0xF81F, 0xF81F,
    0xF81F, 0xF81F, 0xF81F, 0xF81F, 0x006A, 0x006A, 0x006A, 0x006A, 0x006A, 0x006A, 0x006A, 0x006A,
    0xF81F, 0xF81F, 0xF81F, 0xF81F, 0xF81F, 0xF81F, 0xF81F, 0xF81F, 0xF81F, 0xF81F, 0xF81F, 0xF81F,
    0xF81F, 0xF81F, 0xF81F, 0xF81F, 0xF81F, 0xF81F, 0xF81F, 0xF81F, 0xF81F, 0xF81F, 0xF81F, 0xF81F,
    0xF81F, 0x006A, 0x006A, 0x006A, 0x006A, 0x006A, 0x006A, 0x006A, 0x006A, 0x006A, 0x006A, 0x006A,
    0x006A, 0xF81F, 0xF81F, 0xF81F, 0xF81F, 0xF81F, 0xF81F, 0xF81F, 0xF81F, 0xF81F, 0xF81F, 0xF81F,
    0xF81F, 0xF81F, 0xF81F, 0xF81F, 0x006A, 0x006A, 0x006A, 0x006A, 0x006A, 0x006A, 0x006A, 0x006A,
    0xF81F, 0xF81F, 0xF81F, 0xF81F, 0xF81F, 0xF81F, 0xF81F, 0xF81F, 0xF81F, 0xF81F, 0xF81F, 0xF81F,
    0xF81F, 0xF81F, 0xF81F, 0xF81F, 0xF81F, 0xF81F, 0xF81F, 0xF81F, 0xF81F, 0xF81F, 0xF81F, 0xF81F,
    0xF81F, 0xF81F, 0x006A, 0x006A, 0x006A, 0x006A, 0x006A, 0x006A, 0x006A, 0x006A, 0x006A, 0x006A,
    0x006A, 0xF81F, 0xF81F, 0xF81F, 0xF81F, 0xF81F, 0xF81F, 0xF81F, 0xF81F, 0xF81F, 0xF81F, 0xF81F,
    0xF81F, 0xF81F, 0xF81F, 0xF81F, 0x006A, 0x006A, 0x006A, 0x006A, 0x006A, 0x006A, 0x006A, 0xF81F,
    0xF81F, 0xF81F, 0xF81F, 0xF81F, 0xF81F, 0xF81F, 0xF81F, 0xF81F, 0xF81F, 0xF81F, 0xF81F, 0xF81F,
    0xF81F, 0xF81F, 0xF81F, 0xF81F, 0xF81F, 0xF81F, 0xF81F, 0xF81F, 0xF81F, 0xF81F, 0xF81F, 0xF81F,
    0xF81F, 0xF81F, 0xF81F, 0x006A, 0x006A, 0x006A, 0x006A, 0x006A, 0x006A, 0x006A, 0x006A, 0x006A,
    0x006A, 0xF81F, 0xF81F, 0xF81F, 0xF81F, 0xF81F, 0xF81F, 0xF81F, 0xF81F, 0xF81F, 0xF81F, 0xF81F,
    0xF81F, 0xF81F, 0xF81F, 0xF81F, 0x006A, 0x006A, 0x006A, 0x006A, 0x006A, 0x006A, 0x006A, 0xF81F,
    0xF81F, 0xF81F, 0xF81F, 0xF81F, 0xF81F, 0xF81F, 0xF81F, 0xF81F, 0xF81F, 0xF81F, 0xF81F, 0xF81F,
    0xF81F, 0xF81F, 0xF81F, 0xF81F, 0xF81F, 0xF81F, 0xF81F, 0xF81F, 0xF81F, 0xF81F, 0xF81F, 0xF81F,
    0xF81F, 0xF81F, 0xF81F, 0xF81F, 0x006A, 0x006A, 0x006A, 0x006A, 0x006A, 0x006A, 0x006A, 0x006A,
    0x006A, 0xF81F, 0xF81F, 0xF81F, 0xF81F, 0xF81F, 0xF81F, 0xF81F, 0xF81F, 0xF81F, 0xF81F, 0xF81F,
    0xF81F, 0xF81F, 0xF81F, 0x006A, 0x006A, 0x01B2, 0x01B2, 0x01B2, 0x006A, 0x006A, 0x006A, 0xF81F,
    0xF81F, 0xF81F, 0xF81F, 0xF81F, 0xF81F, 0xF81F, 0xF81F, 0xF81F, 0xF81F, 0xF81F, 0xF81F, 0xF81F,
    0xF81F, 0xF81F, 0xF81F, 0xF81F, 0xF81F, 0xF81F, 0xF81F, 0xF81F, 0xF81F, 0xF81F, 0xF81F, 0xF81F,
    0xF81F, 0xF81F, 0xF81F, 0xF81F, 0xF81F, 0x006A, 0x006A, 0x006A, 0x006A, 0x006A, 0x006A, 0x006A,
    0x006A, 0xF81F, 0xF81F, 0xF81F, 0xF81F, 0xF81F, 0xF81F, 0xF81F, 0xF81F, 0xF81F, 0xF81F, 0xF81F,
    0xF81F, 0xF81F, 0xF81F, 0x006A, 0x006A, 0x006A, 0x006A, 0x006A, 0x01B2, 0x006A, 0xF81F, 0xF81F,
    0xF81F, 0xF81F, 0xF81F, 0xF81F, 0xF81F, 0xF81F, 0xF81F, 0xF81F, 0xF81F, 0xF81F, 0xF81F, 0xF81F,
    0xF81F, 0xF81F, 0xF81F, 0xF81F, 0xF81F, 0xF81F, 0xF81F, 0xF81F, 0xF81F, 0xF81F, 0xF81F, 0xF81F,
    0xF81F, 0xF81F, 0xF81F, 0xF81F, 0xF81F, 0x006A, 0x006A, 0x006A, 0x006A, 0x006A, 0x006A, 0x006A,
    0x006A, 0xF81F, 0xF81F, 0xF81F, 0xF81F, 0xF81F, 0xF81F, 0xF81F, 0xF81F, 0xF81F, 0xF81F, 0xF81F,
    0xF81F, 0xF81F, 0xF81F, 0x006A, 0x006A, 0x006A, 0x006A, 0x006A, 0x006A, 0x006A, 0xF81F, 0xF81F,
    0xF81F, 0xF81F, 0xF81F, 0xF81F, 0xF81F, 0xF81F, 0xF81F, 0xF81F, 0xF81F, 0xF81F, 0xF81F, 0xF81F,
    0xF81F, 0xF81F, 0xF81F, 0xF81F, 0xF81F, 0xF81F, 0xF81F, 0xF81F, 0xF81F, 0xF81F, 0xF81F, 0xF81F,
    0xF81F, 0xF81F, 0xF81F, 0xF81F, 0xF81F, 0x01B2, 0x01B2, 0x01B2, 0x006A, 0x006A, 0x006A, 0x006A,
    0x006A, 0xF81F, 0xF81F, 0xF81F, 0xF81F, 0xF81F, 0xF81F, 0xF81F, 0xF81F, 0xF81F, 0xF81F, 0xF81F,
    0xF81F, 0xF81F, 0x006A, 0x006A, 0x01B2, 0x01B2, 0x01B2, 0x006A, 0x006A, 0x006A, 0xF81F, 0xF81F,
    0xF81F, 0xF81F, 0xF81F, 0xF81F, 0xF81F, 0xF81F, 0xF81F, 0xF81F, 0xF81F, 0xF81F, 0xF81F, 0xF81F,
    0xF81F, 0xF81F, 0xF81F, 0xF81F, 0xF81F, 0xF81F, 0xF81F, 0xF81F, 0xF81F, 0xF81F, 0xF81F, 0xF81F,
    0xF81F, 0xF81F, 0xF81F, 0xF81F, 0xF81F, 0x006A, 0x006A, 0x006A, 0x006A, 0x006A, 0x006A, 0x006A,
    0xF81F, 0xF81F, 0xF81F, 0xF81F, 0xF81F, 0xF81F, 0xF81F, 0xF81F, 0xF81F, 0xF81F, 0xF81F, 0xF81F,
    0xF81F, 0xF81F, 0x006A, 0x006A, 0x006A, 0x006A, 0x006A, 0x01B2, 0x006A, 0x006A, 0xF81F, 0xF81F,
    0xF81F, 0xF81F, 0xF81F, 0xF81F, 0xF81F, 0xF81F, 0xF81F, 0xF81F, 0xF81F, 0xF81F, 0xF81F, 0xF81F,
    0xF81F, 0xF81F, 0xF81F, 0xF81F, 0xF81F, 0xF81F, 0xF81F, 0xF81F, 0xF81F, 0xF81F, 0xF81F, 0xF81F,
    0xF81F, 0xF81F, 0xF81F, 0xF81F, 0xF81F, 0x006A, 0x006A, 0x006A, 0x006A, 0x006A, 0x006A, 0x006A,
    0xF81F, 0xF81F, 0xF81F, 0xF81F, 0xF81F, 0xF81F, 0xF81F, 0xF81F, 0xF81F, 0xF81F, 0xF81F, 0xF81F,
    0xF81F, 0x006A, 0x006A, 0x006A, 0x006A, 0x006A, 0x006A, 0x006A, 0x006A, 0x006A, 0xF81F, 0xF81F,
    0xF81F, 0xF81F, 0xF81F, 0xF81F, 0xF81F, 0xF81F, 0xF81F, 0xF81F, 0xF81F, 0xF81F, 0xF81F, 0xF81F,
    0xF81F, 0xF81F, 0xF81F, 0xF81F, 0xF81F, 0xF81F, 0xF81F, 0xF81F, 0xF81F, 0xF81F, 0xF81F, 0xF81F,
    0xF81F, 0xF81F, 0xF81F, 0xF81F, 0xF81F, 0x01B2, 0x01B2, 0x01B2, 0x006A, 0x006A, 0x006A, 0x006A,
    0xF81F, 0xF81F, 0xF81F, 0xF81F, 0xF81F, 0xF81F, 0xF81F, 0xF81F, 0xF81F, 0xF81F, 0xF81F, 0xF81F,
    0xF81F, 0x006A, 0x006A, 0x01B2, 0x01B2, 0x01B2, 0x006A, 0x006A, 0x006A, 0xF81F, 0xF81F, 0xF81F,
    0xF81F, 0xF81F, 0xF81F, 0xF81F, 0xF81F, 0xF81F, 0xF81F, 0xF81F, 0xF81F, 0xF81F, 0xF81F, 0xF81F,
    0xF81F, 0xF81F, 0xF81F, 0xF81F, 0xF81F, 0xF81F, 0xF81F, 0xF81F, 0xF81F, 0xF81F, 0xF81F, 0xF81F,
    0xF81F, 0xF81F, 0xF81F, 0xF81F, 0xF81F, 0x006A, 0x006A, 0x006A, 0x006A, 0x006A, 0x006A, 0x006A,
    0xF81F, 0xF81F, 0xF81F, 0xF81F, 0xF81F, 0xF81F, 0xF81F, 0xF81F, 0xF81F, 0xF81F, 0xF81F, 0xF81F,
    0x006A, 0x006A, 0x006A, 0x006A, 0x006A, 0x006A, 0x01B2, 0x006A, 0x006A, 0xF81F, 0xF81F, 0xF81F,
    0xF81F, 0xF81F, 0xF81F, 0xF81F, 0xF81F, 0xF81F, 0xF81F, 0xF81F, 0xF81F, 0xF81F, 0xF81F, 0xF81F,
    0xF81F, 0xF81F, 0xF81F, 0xF81F, 0xF81F, 0xF81F, 0xF81F, 0xF81F, 0xF81F, 0xF81F, 0xF81F, 0xF81F,
    0xF81F, 0xF81F, 0xF81F, 0xF81F, 0xF81F, 0x006A, 0x006A, 0x006A, 0x006A, 0x006A, 0x006A, 0x006A,
    0xF81F, 0xF81F, 0xF81F, 0xF81F, 0xF81F, 0xF81F, 0xF81F, 0xF81F, 0xF81F, 0xF81F, 0xF81F, 0x006A,
    0x006A, 0x006A, 0x006A, 0x006A, 0x006A, 0x006A, 0x006A, 0x006A, 0x006A, 0xF81F, 0xF81F, 0xF81F,
    0xF81F, 0xF81F, 0xF81F, 0xF81F, 0xF81F, 0xF81F, 0xF81F, 0xF81F, 0xF81F, 0xF81F, 0xF81F, 0xF81F,
    0xF81F, 0xF81F, 0xF81F, 0xF81F, 0xF81F, 0xF81F, 0xF81F, 0xF81F, 0xF81F, 0xF81F, 0xF81F, 0xF81F,
    0xF81F, 0xF81F, 0xF81F, 0xF81F, 0x006A, 0x01B2, 0x01B2, 0x01B2, 0x006A, 0x006A, 0x006A, 0x006A,
    0xF81F, 0xF81F, 0xF81F, 0xF81F, 0xF81F, 0xF81F, 0xF81F, 0xF81F, 0xF81F, 0xF81F, 0x006A, 0x01B2,
    0x01B2, 0x01B2, 0x01B2, 0x01B2, 0x006A, 0x006A, 0x006A, 0x006A, 0x006A, 0xF81F, 0xF81F, 0xF81F,
    0xF81F, 0xF81F, 0xF81F, 0xF81F, 0xF81F, 0xF81F, 0xF81F, 0xF81F, 0xF81F, 0xF81F, 0xF81F, 0xF81F,
    0xF81F, 0xF81F, 0xF81F, 0xF81F, 0xF81F, 0xF81F, 0xF81F, 0xF81F, 0xF81F, 0xF81F, 0xF81F, 0xF81F,
    0xF81F, 0xF81F, 0xF81F, 0xF81F, 0x006A, 0x006A, 0x006A, 0x006A, 0x006A, 0x006A, 0x006A, 0x006A,
    0xF81F, 0xF81F, 0xF81F, 0xF81F, 0xF81F, 0xF81F, 0xF81F, 0xF81F, 0xF81F, 0xF81F, 0x01B2, 0x01B2,
    0x01B2, 0x01B2, 0x01B2, 0x01B2, 0x01B2, 0x006A, 0x006A, 0x006A, 0xF81F, 0xF81F, 0xF81F, 0xF81F,
    0xF81F, 0xF81F, 0xF81F, 0xF81F, 0xF81F, 0xF81F, 0xF81F, 0xF81F, 0xF81F, 0xF81F, 0xF81F, 0xF81F,
    0xF81F, 0xF81F, 0xF81F, 0xF81F, 0xF81F, 0xF81F, 0xF81F, 0xF81F, 0xF81F, 0xF81F, 0xF81F, 0xF81F,
    0xF81F, 0xF81F, 0xF81F, 0x006A, 0x006A, 0x006A, 0x006A, 0x006A, 0x006A, 0x006A, 0x006A, 0x006A,
    0xF81F, 0xF81F, 0xF81F, 0xF81F, 0xF81F, 0xF81F, 0xF81F, 0xF81F, 0xF81F, 0xF81F, 0x01B2, 0x006A,
    0x006A, 0x006A, 0x006A, 0x01B2, 0x01B2, 0x01B2, 0x006A, 0x006A, 0xF81F, 0xF81F, 0xF81F, 0xF81F,
    0xF81F, 0xF81F, 0xF81F, 0xF81F, 0xF81F, 0xF81F, 0xF81F, 0xF81F, 0xF81F, 0xF81F, 0xF81F, 0xF81F,
    0xF81F, 0xF81F, 0xF81F, 0xF81F, 0xF81F, 0xF81F, 0xF81F, 0xF81F, 0xF81F, 0xF81F, 0xF81F, 0xF81F,
    0xF81F, 0xF81F, 0xF81F, 0x006A, 0x01B2, 0x01B2, 0x01B2, 0x01B2, 0x006A, 0x006A, 0x006A, 0x006A,
    0xF81F, 0xF81F, 0xF81F, 0xF81F, 0xF81F, 0xF81F, 0xF81F, 0xF81F, 0xF81F, 0xF81F, 0x006A, 0xFE1D,
    0xFE1D, 0xFE1D, 0xFE1D, 0x006A, 0x01B2, 0x01B2, 0x006A, 0x006A, 0xF81F, 0xF81F, 0xF81F, 0xF81F,
    0xF81F, 0xF81F, 0xF81F, 0xF81F, 0xF81F, 0xF81F, 0xF81F, 0xF81F, 0xF81F, 0xF81F, 0xF81F, 0xF81F,
    0xF81F, 0xF81F, 0xF81F, 0xF81F, 0xF81F, 0xF81F, 0xF81F, 0xF81F, 0xF81F, 0xF81F, 0xF81F, 0xF81F,
    0xF81F, 0xF81F, 0xF81F, 0x01B2, 0x01B2, 0x01B2, 0x01B2, 0x01B2, 0x01B2, 0x01B2, 0x006A, 0x006A,
    0xF81F, 0xF81F, 0xF81F, 0xF81F, 0xF81F, 0xF81F, 0xF81F, 0xF81F, 0xF81F, 0x006A, 0xFE1D, 0xFE1D,
    0xFE1D, 0xFE1D, 0xFE1D, 0xFE1D, 0x006A, 0x01B2, 0x01B2, 0x006A, 0xF81F, 0xF81F, 0xF81F, 0xF81F,
    0xF81F, 0xF81F, 0xF81F, 0xF81F, 0xF81F, 0xF81F, 0xF81F, 0xF81F, 0xF81F, 0xF81F, 0xF81F, 0xF81F,
    0xF81F, 0xF81F, 0xF81F, 0xF81F, 0xF81F, 0xF81F, 0xF81F, 0xF81F, 0xF81F, 0xF81F, 0xF81F, 0xF81F,
    0xF81F, 0xF81F, 0xF81F, 0x01B2, 0x006A, 0x006A, 0x006A, 0x006A, 0x01B2, 0x01B2, 0x01B2, 0x006A,
    0xF81F, 0xF81F, 0xF81F, 0xF81F, 0xF81F, 0xF81F, 0xF81F, 0xF81F, 0xF81F, 0x006A, 0xFE1D, 0xFE1D,
    0xFE1D, 0xFE1D, 0xFE1D, 0xFE1D, 0xFE1D, 0x006A, 0x01B2, 0xF81F, 0xF81F, 0xF81F, 0xF81F, 0xF81F,
    0xF81F, 0xF81F, 0xF81F, 0xF81F, 0xF81F, 0xF81F, 0xF81F, 0xF81F, 0xF81F, 0xF81F, 0xF81F, 0xF81F,
    0xF81F, 0xF81F, 0xF81F, 0xF81F, 0xF81F, 0xF81F, 0xF81F, 0xF81F, 0xF81F, 0xF81F, 0xF81F, 0xF81F,
    0xF81F, 0xF81F, 0xF81F, 0x006A, 0xFE1D, 0xFE1D, 0xFE1D, 0xFE1D, 0x006A, 0x006A, 0x01B2, 0x01B2,
    0xF81F, 0xF81F, 0xF81F, 0xF81F, 0xF81F, 0xF81F, 0xF81F, 0xF81F, 0x006A, 0xFE1D, 0xFE1D, 0xFE1D,
    0xFE1D, 0xFE1D, 0xFE1D, 0xFE1D, 0xFE1D, 0xFE1D, 0x006A, 0xF81F, 0xF81F, 0xF81F, 0xF81F, 0xF81F,
    0xF81F, 0xF81F, 0xF81F, 0xF81F, 0xF81F, 0xF81F, 0xF81F, 0xF81F, 0xF81F, 0xF81F, 0xF81F, 0xF81F,
    0xF81F, 0xF81F, 0xF81F, 0xF81F, 0xF81F, 0xF81F, 0xF81F, 0xF81F, 0xF81F, 0xF81F, 0xF81F, 0xF81F,
    0xF81F, 0xF81F, 0xF81F, 0x006A, 0xFE1D, 0xFE1D, 0xFE1D, 0xFE1D, 0xFE1D, 0xFE1D, 0x006A, 0x01B2,
    0xF81F, 0xF81F, 0xF81F, 0xF81F, 0xF81F, 0xF81F, 0xF81F, 0x006A, 0xFE1D, 0xFE1D, 0xFE1D, 0xFE1D,
    0xFE1D, 0xFE1D, 0xFE1D, 0xFE1D, 0xFE1D, 0xFE1D, 0x006A, 0xF81F, 0xF81F, 0xF81F, 0xF81F, 0xF81F,
    0xF81F, 0xF81F, 0xF81F, 0xF81F, 0xF81F, 0xF81F, 0xF81F, 0xF81F, 0xF81F, 0xF81F, 0xF81F, 0xF81F,
    0xF81F, 0xF81F, 0xF81F, 0xF81F, 0xF81F, 0xF81F, 0xF81F, 0xF81F, 0xF81F, 0xF81F, 0xF81F, 0xF81F,
    0xF81F, 0xF81F, 0x006A, 0xFE1D, 0xFE1D, 0xFE1D, 0xFE1D, 0xFE1D, 0xFE1D, 0xFE1D, 0xFE1D, 0x006A,
    0xF81F, 0xF81F, 0xF81F, 0xF81F, 0xF81F, 0xF81F, 0x006A, 0xFE1D, 0xFE1D, 0xFE1D, 0xFE1D, 0xFE1D,
    0x006A, 0xFE1D, 0xFE1D, 0xFE1D, 0xFE1D, 0x006A, 0xF81F, 0xF81F, 0xF81F, 0xF81F, 0xF81F, 0xF81F,
    0xF81F, 0xF81F, 0xF81F, 0xF81F, 0xF81F, 0xF81F, 0xF81F, 0xF81F, 0xF81F, 0xF81F, 0xF81F, 0xF81F,
    0xF81F, 0xF81F, 0xF81F, 0xF81F, 0xF81F, 0xF81F, 0xF81F, 0xF81F, 0xF81F, 0xF81F, 0xF81F, 0xF81F,
    0xF81F, 0xF81F, 0x006A, 0x006A, 0x006A, 0xFE1D, 0xFE1D, 0xFE1D, 0xFE1D, 0xFE1D, 0xFE1D, 0x006A,
    0xF81F, 0xF81F, 0xF81F, 0xF81F, 0xF81F, 0xF81F, 0x006A, 0xFE1D, 0xFE1D, 0xFE1D, 0xFE1D, 0xFE1D,
    0x006A, 0xFE1D, 0xFE1D, 0xFE1D, 0xFE1D, 0x006A, 0xF81F, 0xF81F, 0xF81F, 0xF81F, 0xF81F, 0xF81F,
    0xF81F, 0xF81F, 0xF81F, 0xF81F, 0xF81F, 0xF81F, 0xF81F, 0xF81F, 0xF81F, 0xF81F, 0xF81F, 0xF81F,
    0xF81F, 0xF81F, 0xF81F, 0xF81F, 0xF81F, 0xF81F, 0xF81F, 0xF81F, 0xF81F, 0xF81F, 0xF81F, 0xF81F,
    0xF81F, 0x006A, 0xFE1D, 0xFE1D, 0xFE1D, 0x006A, 0xFE1D, 0xFE1D, 0xFE1D, 0xFE1D, 0x006A, 0xF81F,
    0xF81F, 0xF81F, 0xF81F, 0xF81F, 0xF81F, 0xF81F, 0x006A, 0xFE1D, 0xFE1D, 0xFE1D, 0xFE1D, 0xFE1D,
    0x006A, 0xFE1D, 0xFE1D, 0xFE1D, 0xFE1D, 0x006A, 0xF81F, 0xF81F, 0xF81F, 0xF81F, 0xF81F, 0xF81F,
    0xF81F, 0xF81F, 0xF81F, 0xF81F, 0xF81F, 0xF81F, 0xF81F, 0xF81F, 0xF81F, 0xF81F, 0xF81F, 0xF81F,
    0xF81F, 0xF81F, 0xF81F, 0xF81F, 0xF81F, 0xF81F, 0xF81F, 0xF81F, 0xF81F, 0xF81F, 0xF81F, 0xF81F,
    0x006A, 0xFE1D, 0xFE1D, 0xFE1D, 0xFE1D, 0xFE1D, 0xFE1D, 0xFE1D, 0xFE1D, 0xFE1D, 0x006A, 0xF81F,
    0xF81F, 0xF81F, 0xF81F, 0xF81F, 0xF81F, 0xF81F, 0x006A, 0xFE1D, 0xFE1D, 0xFE1D, 0xFE1D, 0x006A,
    0xFE1D, 0xFE1D, 0xFE1D, 0xFE1D, 0x006A, 0xF81F, 0xF81F, 0xF81F, 0xF81F, 0xF81F, 0xF81F, 0xF81F,
    0xF81F, 0xF81F, 0xF81F, 0xF81F, 0xF81F, 0xF81F, 0xF81F, 0xF81F, 0xF81F, 0xF81F, 0xF81F, 0xF81F,
    0xF81F, 0xF81F, 0xF81F, 0xF81F, 0xF81F, 0xF81F, 0xF81F, 0xF81F, 0xF81F, 0xF81F, 0xF81F, 0xF81F,
    0x006A, 0xFE1D, 0xFE1D, 0xFE1D, 0xFE1D, 0xFE1D, 0xFE1D, 0xFE1D, 0x006A, 0x006A, 0xF81F, 0xF81F,
    0xF81F, 0xF81F, 0xF81F, 0xF81F, 0xF81F, 0xF81F, 0x006A, 0xFE1D, 0xFE1D, 0xFE1D, 0xFE1D, 0xFE1D,
    0xFE1D, 0xFE1D, 0xFE1D, 0x006A, 0x006A, 0xF81F, 0xF81F, 0xF81F, 0xF81F, 0xF81F, 0xF81F, 0xF81F,
    0xF81F, 0xF81F, 0xF81F, 0xF81F, 0xF81F, 0xF81F, 0xF81F, 0xF81F, 0xF81F, 0xF81F, 0xF81F, 0xF81F,
    0xF81F, 0xF81F, 0xF81F, 0xF81F, 0xF81F, 0xF81F, 0xF81F, 0xF81F, 0xF81F, 0xF81F, 0xF81F, 0xF81F,
    0x006A, 0xFE1D, 0xFE1D, 0xFE1D, 0x006A, 0xFE1D, 0xFE1D, 0xFE1D, 0xFE1D, 0xFE1D, 0x006A, 0x006A,
    0x006A, 0x006A, 0xF81F, 0xF81F, 0xF81F, 0xF81F, 0xF81F, 0x006A, 0xFE1D, 0xFE1D, 0xFE1D, 0xFE1D,
    0xFE1D, 0xFE1D, 0xFE1D, 0xFE1D, 0xFE1D, 0x006A, 0xF81F, 0xF81F, 0xF81F, 0xF81F, 0xF81F, 0xF81F,
    0xF81F, 0xF81F, 0xF81F, 0xF81F, 0xF81F, 0xF81F, 0xF81F, 0xF81F, 0xF81F, 0xF81F, 0xF81F, 0xF81F,
    0xF81F, 0xF81F, 0xF81F, 0xF81F, 0xF81F, 0xF81F, 0xF81F, 0xF81F, 0xF81F, 0xF81F, 0xF81F, 0xF81F,
    0x006A, 0xFE1D, 0xFE1D, 0x006A, 0xFE1D, 0xFE1D, 0xFE1D, 0xFE1D, 0xFE1D, 0xFE1D, 0xFE1D, 0xFE1D,
    0xFE1D, 0xFE1D, 0x006A, 0x006A, 0xF81F, 0xF81F, 0xF81F, 0x006A, 0xFE1D, 0xFE1D, 0xFE1D, 0xFE1D,
    0xFE1D, 0xFE1D, 0xFE1D, 0xFE1D, 0xFE1D, 0xFE1D, 0x006A, 0xF81F, 0xF81F, 0xF81F, 0xF81F, 0xF81F,
    0xF81F, 0xF81F, 0xF81F, 0xF81F, 0xF81F, 0xF81F, 0xF81F, 0xF81F, 0xF81F, 0xF81F, 0xF81F, 0xF81F,
    0xF81F, 0xF81F, 0xF81F, 0xF81F, 0xF81F, 0xF81F, 0xF81F, 0xF81F, 0xF81F, 0xF81F, 0xF81F, 0xF81F,
    0xF81F, 0x006A, 0xFE1D, 0xFE1D, 0xFE1D, 0xFE1D, 0xFE1D, 0xFE1D, 0xFE1D, 0xFE1D, 0xFE1D, 0xFE1D,
    0xFE1D, 0xFE1D, 0xFE1D, 0xFE1D, 0x006A, 0x006A, 0xF81F, 0x006A, 0xFE1D, 0xFE1D, 0xFE1D, 0xFE1D,
    0xFE1D, 0xFE1D, 0xFE1D, 0xFE1D, 0xFE1D, 0xFE1D, 0xFE1D, 0x006A, 0xF81F, 0xF81F, 0xF81F, 0xF81F,
    0xF81F, 0xF81F, 0xF81F, 0xF81F, 0xF81F, 0xF81F, 0xF81F, 0xF81F, 0xF81F, 0xF81F, 0xF81F, 0xF81F,
    0xF81F, 0xF81F, 0xF81F, 0xF81F, 0xF81F, 0xF81F, 0xF81F, 0xF81F, 0xF81F, 0xF81F, 0xF81F, 0xF81F,
    0xF81F, 0x006A, 0xFE1D, 0xFE1D, 0xFE1D, 0xFE1D, 0xFE1D, 0xFE1D, 0xFE1D, 0xFE1D, 0xFE1D, 0xFE1D,
    0xFE1D, 0xFE1D, 0xFE1D, 0xFE1D, 0xFE1D, 0xFE1D, 0x006A, 0x006A, 0x006A, 0xFE1D, 0xFE1D, 0xFE1D,
    0xFE1D, 0xFE1D, 0xFE1D, 0x006A, 0xFE1D, 0xFE1D, 0xFE1D, 0x006A, 0xF81F, 0xF81F, 0xF81F, 0xF81F,
    0xF81F, 0xF81F, 0xF81F, 0xF81F, 0xF81F, 0xF81F, 0xF81F, 0xF81F, 0xF81F, 0xF81F, 0xF81F, 0xF81F,
    0xF81F, 0xF81F, 0xF81F, 0xF81F, 0xF81F, 0xF81F, 0xF81F, 0xF81F, 0xF81F, 0xF81F, 0xF81F, 0xF81F,
    0xF81F, 0x006A, 0xFE1D, 0xFE1D, 0xFE1D, 0xFE1D, 0xFE1D, 0xFE1D, 0xFE1D, 0xFE1D, 0x006A, 0x006A,
    0xFE1D, 0xFE1D, 0xFE1D, 0xFE1D, 0xFE1D, 0xFE1D, 0xFE1D, 0x006A, 0x006A, 0xFE1D, 0xFE1D, 0xFE1D,
    0xFE1D, 0xFE1D, 0xFE1D, 0xFE1D, 0x006A, 0xFE1D, 0xFE1D, 0xFE1D, 0x006A, 0xF81F, 0xF81F, 0xF81F,
    0xF81F, 0xF81F, 0xF81F, 0xF81F, 0xF81F, 0xF81F, 0xF81F, 0xF81F, 0xF81F, 0xF81F, 0xF81F, 0xF81F,
    0xF81F, 0xF81F, 0xF81F, 0xF81F, 0xF81F, 0xF81F, 0xF81F, 0xF81F, 0xF81F, 0xF81F, 0xF81F, 0xF81F,
    0xF81F, 0xF81F, 0x006A, 0xFE1D, 0xFE1D, 0xFE1D, 0xFE1D, 0xFE1D, 0xFE1D, 0xFE1D, 0xFE1D, 0xFE1D,
    0x006A, 0xFE1D, 0xFE1D, 0xFE1D, 0xFE1D, 0xFE1D, 0xFE1D, 0x006A, 0xFE1D, 0x006A, 0xFE1D, 0xFE1D,
    0xFE1D, 0xFE1D, 0xFE1D, 0xFE1D, 0xFE1D, 0x006A, 0xFE1D, 0xFE1D, 0x006A, 0xF81F, 0xF81F, 0xF81F,
    0xF81F, 0xF81F, 0xF81F, 0xF81F, 0xF81F, 0xF81F, 0xF81F, 0xF81F, 0xF81F, 0xF81F, 0xF81F, 0xF81F,
    0xF81F, 0xF81F, 0xF81F, 0xF81F, 0xF81F, 0xF81F, 0xF81F, 0xF81F, 0xF81F, 0xF81F, 0xF81F, 0xF81F,
    0xF81F, 0xF81F, 0x006A, 0xFE1D, 0xFE1D, 0xFE1D, 0xFE1D, 0xFE1D, 0xFE1D, 0xFE1D, 0xFE1D, 0xFE1D,
    0xFE1D, 0x006A, 0xFE1D, 0xFE1D, 0xFE1D, 0xFE1D, 0xFE1D, 0x006A, 0xFE1D, 0x006A, 0xFE1D, 0xFE1D,
    0xFE1D, 0xFE1D, 0xFE1D, 0xFE1D, 0xFE1D, 0x006A, 0xFE1D, 0xFE1D, 0xFE1D, 0x006A, 0xF81F, 0xF81F,
    0xF81F, 0xF81F, 0xF81F, 0xF81F, 0xF81F, 0xF81F, 0xF81F, 0xF81F, 0xF81F, 0xF81F, 0xF81F, 0xF81F,
    0xF81F, 0xF81F, 0xF81F, 0xF81F, 0xF81F, 0xF81F, 0xF81F, 0xF81F, 0xF81F, 0xF81F, 0xF81F, 0xF81F,
    0xF81F, 0xF81F, 0xF81F, 0x006A, 0xFE1D, 0xFE1D, 0xFE1D, 0xFE1D, 0xFE1D, 0xFE1D, 0xFE1D, 0xFE1D,
    0xFE1D, 0xFE1D, 0x006A, 0xFE1D, 0xFE1D, 0xFE1D, 0xFE1D, 0x006A, 0xFE1D, 0x006A, 0xFE1D, 0xFE1D,
    0xFE1D, 0xFE1D, 0xFE1D, 0xFE1D, 0xFE1D, 0xFE1D, 0x006A, 0xFE1D, 0xFE1D, 0x006A, 0xF81F, 0xF81F,
    0xF81F, 0xF81F, 0xF81F, 0xF81F, 0xF81F, 0xF81F, 0xF81F, 0xF81F, 0xF81F, 0xF81F, 0xF81F, 0xF81F,
    0xF81F, 0xF81F, 0xF81F, 0xF81F, 0xF81F, 0xF81F, 0xF81F, 0xF81F, 0xF81F, 0xF81F, 0xF81F, 0xF81F,
    0xF81F, 0xF81F, 0xF81F, 0xF81F, 0x006A, 0xFE1D, 0xFE1D, 0xFE1D, 0xFE1D, 0xFE1D, 0xFE1D, 0xFE1D,
    0xFE1D, 0xFE1D, 0xFE1D, 0x006A, 0xFE1D, 0xFE1D, 0xFE1D, 0x006A, 0xFE1D, 0xFE1D, 0xFE1D, 0xFE1D,
    0xFE1D, 0xFE1D, 0xFE1D, 0xFE1D, 0xFE1D, 0xFE1D, 0x006A, 0xFE1D, 0xFE1D, 0xFE1D, 0x006A, 0xF81F,
    0xF81F, 0xF81F, 0xF81F, 0xF81F, 0xF81F, 0xF81F, 0xF81F, 0xF81F, 0xF81F, 0xF81F, 0xF81F, 0xF81F,
    0xF81F, 0xF81F, 0xF81F, 0xF81F, 0xF81F, 0xF81F, 0xF81F, 0xF81F, 0xF81F, 0xF81F, 0xF81F, 0xF81F,
    0xF81F, 0xF81F, 0xF81F, 0xF81F, 0xF81F, 0x006A, 0xFE1D, 0xFE1D, 0xFE1D, 0xFE1D, 0xFE1D, 0xFE1D,
    0xFE1D, 0xFE1D, 0xFE1D, 0xFE1D, 0xFE1D, 0xFE1D, 0x006A, 0x006A, 0xFE1D, 0xFE1D, 0xFE1D, 0xFE1D,
    0xFE1D, 0xFE1D, 0xFE1D, 0xFE1D, 0xFE1D, 0xFE1D, 0xFE1D, 0xFE1D, 0xFE1D, 0xFE1D, 0x006A, 0xF81F,
    0xF81F, 0xF81F, 0xF81F, 0xF81F, 0xF81F, 0xF81F, 0xF81F, 0xF81F, 0xF81F, 0xF81F, 0xF81F, 0xF81F,
    0xF81F, 0xF81F, 0xF81F, 0xF81F, 0xF81F, 0xF81F, 0xF81F, 0xF81F, 0xF81F, 0xF81F, 0xF81F, 0xF81F,
    0xF81F, 0xF81F, 0xF81F, 0xF81F, 0xF81F, 0x006A, 0xFE1D, 0xFE1D, 0xFE1D, 0xFE1D, 0xFE1D, 0xFE1D,
    0xFE1D, 0xFE1D, 0xFE1D, 0xFE1D, 0xFE1D, 0xFE1D, 0x006A, 0x01B2, 0x006A, 0xFE1D, 0xFE1D, 0xFE1D,
    0xFE1D, 0xFE1D, 0xFE1D, 0xFE1D, 0xFE1D, 0xFE1D, 0xFE1D, 0xFE1D, 0xFE1D, 0xFE1D, 0x006A, 0xF81F,
    0xF81F, 0xF81F, 0xF81F, 0xF81F, 0xF81F, 0xF81F, 0xF81F, 0xF81F, 0xF81F, 0xF81F, 0xF81F, 0xF81F,
    0xF81F, 0xF81F, 0xF81F, 0xF81F, 0xF81F, 0xF81F, 0xF81F, 0xF81F, 0xF81F, 0xF81F, 0xF81F, 0xF81F,
    0xF81F, 0xF81F, 0xF81F, 0xF81F, 0xF81F, 0xF81F, 0x006A, 0xFE1D, 0xFE1D, 0xFE1D, 0xFE1D, 0xFE1D,
    0xFE1D, 0xFE1D, 0xFE1D, 0xFE1D, 0xFE1D, 0x006A, 0x01B2, 0x01B2, 0x006A, 0xFE1D, 0xFE1D, 0xFE1D,
    0xFE1D, 0xFE1D, 0xFE1D, 0xFE1D, 0xFE1D, 0xFE1D, 0xFE1D, 0xFE1D, 0xFE1D, 0xFE1D, 0xFE1D, 0x006A,
    0xF81F, 0xF81F, 0xF81F, 0xF81F, 0xF81F, 0xF81F, 0xF81F, 0xF81F, 0xF81F, 0xF81F, 0xF81F, 0xF81F,
    0xF81F, 0xF81F, 0xF81F, 0xF81F, 0xF81F, 0xF81F, 0xF81F, 0xF81F, 0xF81F, 0xF81F, 0xF81F, 0xF81F,
    0xF81F, 0xF81F, 0xF81F, 0xF81F, 0xF81F, 0xF81F, 0x006A, 0xFE1D, 0xFE1D, 0xFE1D, 0xFE1D, 0xFE1D,
    0xFE1D, 0xFE1D, 0xFE1D, 0xFE1D, 0xFE1D, 0x006A, 0x01B2, 0x01B2, 0x01B2, 0x006A, 0xFE1D, 0xFE1D,
    0xFE1D, 0xFE1D, 0xFE1D, 0xFE1D, 0xFE1D, 0xFE1D, 0xFE1D, 0xFE1D, 0xFE1D, 0xFE1D, 0xFE1D, 0x006A,
    0xF81F, 0xF81F, 0xF81F, 0xF81F, 0xF81F, 0xF81F, 0xF81F, 0xF81F, 0xF81F, 0xF81F, 0xF81F, 0xF81F,
    0xF81F, 0xF81F, 0xF81F, 0xF81F, 0xF81F, 0xF81F, 0xF81F, 0xF81F, 0xF81F, 0xF81F, 0xF81F, 0xF81F,
    0xF81F, 0xF81F, 0xF81F, 0xF81F, 0xF81F, 0xF81F, 0xF81F, 0x006A, 0xFE1D, 0xFE1D, 0xFE1D, 0xFE1D,
    0xFE1D, 0xFE1D, 0xFE1D, 0xFE1D, 0x006A, 0x01B2, 0x01B2, 0x01B2, 0x01B2, 0x006A, 0xFE1D, 0xFE1D,
    0xFE1D, 0xFE1D, 0xFE1D, 0xFE1D, 0xFE1D, 0xFE1D, 0xFE1D, 0xFE1D, 0xFE1D, 0xFE1D, 0xFE1D, 0x006A,
    0xF81F, 0xF81F, 0xF81F, 0xF81F, 0xF81F, 0xF81F, 0xF81F, 0xF81F, 0xF81F, 0xF81F, 0xF81F, 0xF81F,
    0xF81F, 0xF81F, 0xF81F, 0xF81F, 0xF81F, 0xF81F, 0xF81F, 0xF81F, 0xF81F, 0xF81F, 0xF81F, 0xF81F,
    0xF81F, 0xF81F, 0xF81F, 0xF81F, 0xF81F, 0xF81F, 0xF81F, 0xF81F, 0x006A, 0xFE1D, 0xFE1D, 0xFE1D,
    0xFE1D, 0xFE1D, 0xFE1D, 0xFE1D, 0x006A, 0x01B2, 0x01B2, 0x01B2, 0x01B2, 0x01B2, 0x006A, 0xFE1D,
    0xFE1D, 0xFE1D, 0xFE1D, 0xFE1D, 0xFE1D, 0xFE1D, 0xFE1D, 0xFE1D, 0xFE1D, 0xFE1D, 0xFE1D, 0x006A,
    0xF81F, 0xF81F, 0xF81F, 0xF81F, 0xF81F, 0xF81F, 0xF81F, 0xF81F, 0xF81F, 0xF81F, 0xF81F, 0xF81F,
    0xF81F, 0xF81F, 0xF81F, 0xF81F, 0xF81F, 0xF81F, 0xF81F, 0xF81F, 0xF81F, 0xF81F, 0xF81F, 0xF81F,
    0xF81F, 0xF81F, 0xF81F, 0xF81F, 0xF81F, 0xF81F, 0xF81F, 0xF81F, 0xF81F, 0x006A, 0xFE1D, 0xFE1D,
    0xFE1D, 0xFE1D, 0xFE1D, 0xFE1D, 0x006A, 0x01B2, 0x01B2, 0x01B2, 0x01B2, 0x01B2, 0x01B2, 0x006A,
    0xFE1D, 0xFE1D, 0xFE1D, 0xFE1D, 0xFE1D, 0xFE1D, 0xFE1D, 0xFE1D, 0xFE1D, 0xFE1D, 0xFE1D, 0x006A,
    0xF81F, 0xF81F, 0xF81F, 0xF81F, 0xF81F, 0xF81F, 0xF81F, 0xF81F, 0xF81F, 0xF81F, 0xF81F, 0xF81F,
    0xF81F, 0xF81F, 0xF81F, 0xF81F, 0xF81F, 0xF81F, 0xF81F, 0xF81F, 0xF81F, 0xF81F, 0xF81F, 0xF81F,
    0xF81F, 0xF81F, 0xF81F, 0xF81F, 0xF81F, 0xF81F, 0xF81F, 0xF81F, 0xF81F, 0xF81F, 0x006A, 0xFE1D,
    0xFE1D, 0xFE1D, 0xFE1D, 0xFE1D, 0x006A, 0x01B2, 0x01B2, 0x01B2, 0x01B2, 0x01B2, 0x01B2, 0x01B2,
    0x006A, 0xFE1D, 0xFE1D, 0xFE1D, 0xFE1D, 0xFE1D, 0xFE1D, 0xFE1D, 0xFE1D, 0xFE1D, 0x006A, 0x006A,
    0xF81F, 0xF81F, 0xF81F, 0xF81F, 0xF81F, 0xF81F, 0xF81F, 0xF81F, 0xF81F, 0xF81F, 0xF81F, 0xF81F,
    0xF81F, 0xF81F, 0xF81F, 0xF81F, 0xF81F, 0xF81F, 0xF81F, 0xF81F, 0xF81F, 0xF81F, 0xF81F, 0xF81F,
    0xF81F, 0xF81F, 0xF81F, 0xF81F, 0xF81F, 0xF81F, 0xF81F, 0xF81F, 0xF81F, 0xF81F, 0xF81F, 0x006A,
    0xFE1D, 0xFE1D, 0xFE1D, 0x006A, 0x01B2, 0x01B2, 0x01B2, 0x01B2, 0x01B2, 0x01B2, 0x01B2, 0x01B2,
    0x01B2, 0x006A, 0x006A, 0xFE1D, 0xFE1D, 0xFE1D, 0xFE1D, 0xFE1D, 0xFE1D, 0xFE1D, 0x006A, 0x006A,
    0xF81F, 0xF81F, 0xF81F, 0xF81F, 0xF81F, 0xF81F, 0xF81F, 0xF81F, 0xF81F, 0xF81F, 0xF81F, 0xF81F,
    0xF81F, 0xF81F, 0xF81F, 0xF81F, 0xF81F, 0xF81F, 0xF81F, 0xF81F, 0xF81F, 0xF81F, 0xF81F, 0xF81F,
    0xF81F, 0xF81F, 0xF81F, 0xF81F, 0xF81F, 0xF81F, 0xF81F, 0xF81F, 0xF81F, 0xF81F, 0xF81F, 0xF81F,
    0x006A, 0x006A, 0x006A, 0x01B2, 0x01B2, 0x01B2, 0x01B2, 0x01B2, 0x01B2, 0x01B2, 0x01B2, 0x01B2,
    0x01B2, 0x01B2, 0x01B2, 0x006A, 0x006A, 0xFE1D, 0xFE1D, 0xFE1D, 0x006A, 0x006A, 0x01B2, 0x006A,
    0xF81F, 0xF81F, 0xF81F, 0xF81F, 0xF81F, 0xF81F, 0xF81F, 0xF81F, 0xF81F, 0xF81F, 0xF81F, 0xF81F,
    0xF81F, 0xF81F, 0xF81F, 0xF81F, 0xF81F, 0xF81F, 0xF81F, 0xF81F, 0xF81F, 0xF81F, 0xF81F, 0xF81F,
    0xF81F, 0xF81F, 0xF81F, 0xF81F, 0xF81F, 0xF81F, 0xF81F, 0xF81F, 0xF81F, 0xF81F, 0xF81F, 0xF81F,
    0xF81F, 0x006A, 0x01B2, 0x01B2, 0x01B2, 0x01B2, 0x01B2, 0x01B2, 0x01B2, 0x01B2, 0x01B2, 0x01B2,
    0x01B2, 0x01B2, 0x01B2, 0x01B2, 0x01B2, 0x006A, 0x006A, 0x006A, 0x01B2, 0x01B2, 0x01B2, 0x006A,
    0xF81F, 0xF81F, 0xF81F, 0xF81F, 0xF81F, 0xF81F, 0xF81F, 0xF81F, 0xF81F, 0xF81F, 0xF81F, 0xF81F,
    0xF81F, 0xF81F, 0xF81F, 0xF81F, 0xF81F, 0xF81F, 0xF81F, 0xF81F, 0xF81F, 0xF81F, 0xF81F, 0xF81F,
    0xF81F, 0xF81F, 0xF81F, 0xF81F, 0xF81F, 0xF81F, 0xF81F, 0xF81F, 0xF81F, 0xF81F, 0xF81F, 0xF81F,
    0xF81F, 0x006A, 0x01B2, 0x01B2, 0x01B2, 0x01B2, 0x01B2, 0x01B2, 0x01B2, 0x01B2, 0x01B2, 0x01B2,
    0x01B2, 0x01B2, 0x01B2, 0x01B2, 0x01B2, 0x01B2, 0x01B2, 0x01B2, 0x01B2, 0x01B2, 0x01B2, 0x006A,
    0xF81F, 0xF81F, 0xF81F, 0xF81F, 0xF81F, 0xF81F, 0xF81F, 0xF81F, 0xF81F, 0xF81F, 0xF81F, 0xF81F,
    0xF81F, 0xF81F, 0xF81F, 0xF81F, 0xF81F, 0xF81F, 0xF81F, 0xF81F, 0xF81F, 0xF81F, 0xF81F, 0xF81F,
    0xF81F, 0xF81F, 0xF81F, 0xF81F, 0xF81F, 0xF81F, 0xF81F, 0xF81F, 0xF81F, 0xF81F, 0xF81F, 0xF81F,
    0xF81F, 0x006A, 0x01B2, 0x01B2, 0x01B2, 0x01B2, 0x01B2, 0x01B2, 0x01B2, 0x01B2, 0x01B2, 0x01B2,
    0x01B2, 0x01B2, 0x01B2, 0x01B2, 0x01B2, 0x01B2, 0x01B2, 0x01B2, 0x01B2, 0x01B2, 0x006A, 0xF81F,
    0xF81F, 0xF81F, 0xF81F, 0xF81F, 0xF81F, 0xF81F, 0xF81F, 0xF81F, 0xF81F, 0xF81F, 0xF81F, 0xF81F,
    0xF81F, 0xF81F, 0xF81F, 0xF81F, 0xF81F, 0xF81F, 0xF81F, 0xF81F, 0xF81F, 0xF81F, 0xF81F, 0xF81F,
    0xF81F, 0xF81F, 0xF81F, 0xF81F, 0xF81F, 0xF81F, 0xF81F, 0xF81F, 0xF81F, 0xF81F, 0xF81F, 0xF81F,
    0xF81F, 0x006A, 0x01B2, 0x01B2, 0x01B2, 0x01B2, 0x006A, 0x006A, 0x006A, 0x006A, 0x006A, 0x006A,
    0x006A, 0x01B2, 0x01B2, 0x01B2, 0x01B2, 0x01B2, 0x01B2, 0x01B2, 0x01B2, 0x01B2, 0x006A, 0xF81F,
    0xF81F, 0xF81F, 0xF81F, 0xF81F, 0xF81F, 0xF81F, 0xF81F, 0xF81F, 0xF81F, 0xF81F, 0xF81F, 0xF81F,
    0xF81F, 0xF81F, 0xF81F, 0xF81F, 0xF81F, 0xF81F, 0xF81F, 0xF81F, 0xF81F, 0xF81F, 0xF81F, 0xF81F,
    0xF81F, 0xF81F, 0xF81F, 0xF81F, 0xF81F, 0xF81F, 0xF81F, 0xF81F, 0xF81F, 0xF81F, 0xF81F, 0xF81F,
    0xF81F, 0xF81F, 0x006A, 0x01B2, 0x006A, 0x006A, 0xFE1D, 0xFE1D, 0xFE1D, 0xFE1D, 0xFE1D, 0xFE1D,
    0xFE1D, 0x006A, 0x006A, 0x006A, 0x006A, 0x01B2, 0x01B2, 0x01B2, 0x01B2, 0x01B2, 0x006A, 0xF81F,
    0xF81F, 0xF81F, 0xF81F, 0xF81F, 0xF81F, 0xF81F, 0xF81F, 0xF81F, 0xF81F, 0xF81F, 0xF81F, 0xF81F,
    0xF81F, 0xF81F, 0xF81F, 0xF81F, 0xF81F, 0xF81F, 0xF81F, 0xF81F, 0xF81F, 0xF81F, 0xF81F, 0xF81F,
    0xF81F, 0xF81F, 0xF81F, 0xF81F, 0xF81F, 0xF81F, 0xF81F, 0xF81F, 0xF81F, 0xF81F, 0xF81F, 0xF81F,
    0xF81F, 0xF81F, 0x006A, 0x006A, 0xFE1D, 0xFE1D, 0xFE1D, 0xFE1D, 0xFE1D, 0xFE1D, 0xFE1D, 0xFE1D,
    0xFE1D, 0xFE1D, 0xFE1D, 0xFE1D, 0xFE1D, 0x006A, 0x01B2, 0x01B2, 0x01B2, 0x006A, 0xF81F, 0xF81F,
    0xF81F, 0xF81F, 0xF81F, 0xF81F, 0xF81F, 0xF81F, 0xF81F, 0xF81F, 0xF81F, 0xF81F, 0xF81F, 0xF81F,
    0xF81F, 0xF81F, 0xF81F, 0xF81F, 0xF81F, 0xF81F, 0xF81F, 0xF81F, 0xF81F, 0xF81F, 0xF81F, 0xF81F,
    0xF81F, 0xF81F, 0xF81F, 0xF81F, 0xF81F, 0xF81F, 0xF81F, 0xF81F, 0xF81F, 0xF81F, 0xF81F, 0xF81F,
    0xF81F, 0x006A, 0xFE1D, 0xFE1D, 0x006A, 0xFE1D, 0xFE1D, 0x006A, 0xFE1D, 0xFE1D, 0xFE1D, 0xFE1D,
    0xFE1D, 0xFE1D, 0xFE1D, 0x006A, 0xFE1D, 0xFE1D, 0x006A, 0x006A, 0x006A, 0xF81F, 0xF81F, 0xF81F,
    0xF81F, 0xF81F, 0xF81F, 0xF81F, 0xF81F, 0xF81F, 0xF81F, 0xF81F, 0xF81F, 0xF81F, 0xF81F, 0xF81F,
    0xF81F, 0xF81F, 0xF81F, 0xF81F, 0xF81F, 0xF81F, 0xF81F, 0xF81F, 0xF81F, 0xF81F, 0xF81F, 0xF81F,
    0xF81F, 0xF81F, 0xF81F, 0xF81F, 0xF81F, 0xF81F, 0xF81F, 0xF81F, 0xF81F, 0xF81F, 0xF81F, 0xF81F,
    0xF81F, 0x006A, 0xFE1D, 0x006A, 0xFE1D, 0xFE1D, 0xFE1D, 0x006A, 0xFE1D, 0xFE1D, 0xFE1D, 0xFE1D,
    0xFE1D, 0xFE1D, 0x006A, 0xFE1D, 0xFE1D, 0xFE1D, 0xFE1D, 0xFE1D, 0x006A, 0xF81F, 0xF81F, 0xF81F,
    0xF81F, 0xF81F, 0xF81F, 0xF81F, 0xF81F, 0xF81F, 0xF81F, 0xF81F, 0xF81F, 0xF81F, 0xF81F, 0xF81F,
    0xF81F, 0xF81F, 0xF81F, 0xF81F, 0xF81F, 0xF81F, 0xF81F, 0xF81F, 0xF81F, 0xF81F, 0xF81F, 0xF81F,
    0xF81F, 0xF81F, 0xF81F, 0xF81F, 0xF81F, 0xF81F, 0xF81F, 0xF81F, 0xF81F, 0xF81F, 0xF81F, 0xF81F,
    0x006A, 0xFE1D, 0xFE1D, 0x006A, 0xFE1D, 0x006A, 0x006A, 0xFE1D, 0x006A, 0x006A, 0x006A, 0xFE1D,
    0xFE1D, 0xFE1D, 0x006A, 0xFE1D, 0xFE1D, 0xFE1D, 0xFE1D, 0xFE1D, 0x006A, 0xF81F, 0xF81F, 0xF81F,
    0xF81F, 0xF81F, 0xF81F, 0xF81F, 0xF81F, 0xF81F, 0xF81F, 0xF81F, 0xF81F, 0xF81F, 0xF81F, 0xF81F,
    0xF81F, 0xF81F, 0xF81F, 0xF81F, 0xF81F, 0xF81F, 0xF81F, 0x006A, 0x006A, 0xF81F, 0xF81F, 0xF81F,
    0xF81F, 0xF81F, 0xF81F, 0xF81F, 0xF81F, 0xF81F, 0xF81F, 0xF81F, 0xF81F, 0xF81F, 0xF81F, 0x006A,
    0xFE1D, 0xFE1D, 0xFE1D, 0x006A, 0xFE1D, 0xFE1D, 0xFE1D, 0x006A, 0xFE1D, 0xFE1D, 0xFE1D, 0xFE1D,
    0xFE1D, 0x006A, 0xFE1D, 0xFE1D, 0xFE1D, 0xFE1D, 0xFE1D, 0xFE1D, 0x006A, 0xF81F, 0xF81F, 0xF81F,
    0xF81F, 0xF81F, 0xF81F, 0xF81F, 0xF81F, 0xF81F, 0xF81F, 0xF81F, 0xF81F, 0xF81F, 0xF81F, 0xF81F,
    0xF81F, 0xF81F, 0xF81F, 0xF81F, 0xF81F, 0xF81F, 0x006A, 0xFE1D, 0xFE1D, 0x006A, 0xF81F, 0xF81F,
    0xF81F, 0xF81F, 0xF81F, 0xF81F, 0xF81F, 0xF81F, 0xF81F, 0xF81F, 0xF81F, 0xF81F, 0xF81F, 0x006A,
    0xFE1D, 0xFE1D, 0xFE1D, 0x006A, 0xFE1D, 0xFE1D, 0x006A, 0xFE1D, 0xFE1D, 0xFE1D, 0xFE1D, 0xFE1D,
    0x006A, 0xFE1D, 0xFE1D, 0xFE1D, 0xFE1D, 0xFE1D, 0xFE1D, 0xFE1D, 0x006A, 0x006A, 0xF81F, 0xF81F,
    0xF81F, 0xF81F, 0xF81F, 0xF81F, 0xF81F, 0xF81F, 0xF81F, 0xF81F, 0xF81F, 0xF81F, 0xF81F, 0xF81F,
    0xF81F, 0xF81F, 0xF81F, 0xF81F, 0xF81F, 0x006A, 0xFE1D, 0xFE1D, 0xFE1D, 0xFE1D, 0x006A, 0xF81F,
    0xF81F, 0xF81F, 0xF81F, 0xF81F, 0xF81F, 0xF81F, 0xF81F, 0xF81F, 0xF81F, 0xF81F, 0x006A, 0xFE1D,
    0xFE1D, 0xFE1D, 0xFE1D, 0x006A, 0xFE1D, 0xFE1D, 0x006A, 0xFE1D, 0xFE1D, 0xFE1D, 0x006A, 0x006A,
    0xFE1D, 0xFE1D, 0xFE1D, 0xFE1D, 0xFE1D, 0x006A, 0x006A, 0x006A, 0xFE1D, 0x006A, 0x006A, 0xF81F,
    0x006A, 0x006A, 0x006A, 0xF81F, 0xF81F, 0xF81F, 0xF81F, 0xF81F, 0xF81F, 0xF81F, 0xF81F, 0xF81F,
    0xF81F, 0xF81F, 0xF81F, 0xF81F, 0x006A, 0xFE1D, 0xFE1D, 0xFE1D, 0xFE1D, 0xFE1D, 0xFE1D, 0x006A,
    0xF81F, 0xF81F, 0xF81F, 0xF81F, 0xF81F, 0xF81F, 0xF81F, 0xF81F, 0xF81F, 0xF81F, 0x006A, 0xFE1D,
    0xFE1D, 0xFE1D, 0xFE1D, 0xFE1D, 0x006A, 0xFE1D, 0xFE1D, 0xFE1D, 0x006A, 0x006A, 0xFE1D, 0xFE1D,
    0xFE1D, 0xFE1D, 0xFE1D, 0xFE1D, 0x006A, 0x006A, 0xFE1D, 0xFE1D, 0xFE1D, 0xFE1D, 0x006A, 0x006A,
    0xFE1D, 0xFE1D, 0xFE1D, 0x006A, 0xF81F, 0xF81F, 0xF81F, 0xF81F, 0xF81F, 0xF81F, 0xF81F, 0xF81F,
    0xF81F, 0xF81F, 0xF81F, 0xF81F, 0x006A, 0xFE1D, 0xFE1D, 0xFE1D, 0xFE1D, 0xFE1D, 0xFE1D, 0xFE1D,
    0x006A, 0xF81F, 0xF81F, 0xF81F, 0xF81F, 0xF81F, 0xF81F, 0xF81F, 0x006A, 0x006A, 0x006A, 0x006A,
    0x006A, 0x006A, 0xFE1D, 0xFE1D, 0xFE1D, 0x006A, 0x006A, 0x006A, 0xFE1D, 0xFE1D, 0x006A, 0x006A,
    0x006A, 0x006A, 0x006A, 0x006A, 0xFE1D, 0xFE1D, 0x006A, 0xFE1D, 0xFE1D, 0xFE1D, 0x006A, 0xFE1D,
    0xFE1D, 0xFE1D, 0xFE1D, 0xFE1D, 0x006A, 0xF81F, 0xF81F, 0xF81F, 0xF81F, 0xF81F, 0xF81F, 0xF81F,
    0xF81F, 0xF81F, 0xF81F, 0x006A, 0xFE1D, 0xFE1D, 0xFE1D, 0xFE1D, 0xFE1D, 0xFE1D, 0xFE1D, 0xFE1D,
    0x006A, 0xF81F, 0xF81F, 0xF81F, 0xF81F, 0xF81F, 0x006A, 0x006A, 0xFE1D, 0xFE1D, 0xFE1D, 0xFE1D,
    0xFE1D, 0xFE1D, 0x006A, 0x006A, 0xFE1D, 0xFE1D, 0xFE1D, 0xFE1D, 0x006A, 0x006A, 0xFE1D, 0xFE1D,
    0xFE1D, 0xFE1D, 0xFE1D, 0xFE1D, 0x006A, 0x006A, 0xFE1D, 0xFE1D, 0xFE1D, 0x006A, 0xFE1D, 0xFE1D,
    0xFE1D, 0xFE1D, 0xFE1D, 0xFE1D, 0xFE1D, 0x006A, 0xF81F, 0xF81F, 0xF81F, 0xF81F, 0xF81F, 0xF81F,
    0xF81F, 0xF81F, 0xF81F, 0x006A, 0xFE1D, 0xFE1D, 0xFE1D, 0xFE1D, 0xFE1D, 0xFE1D, 0xFE1D, 0xFE1D,
    0xFE1D, 0x006A, 0xF81F, 0xF81F, 0xF81F, 0x006A, 0xFE1D, 0xFE1D, 0xFE1D, 0x006A, 0xFE1D, 0xFE1D,
    0xFE1D, 0xFE1D, 0xFE1D, 0xFE1D, 0x006A, 0x006A, 0x006A, 0x006A, 0xFE1D, 0xFE1D, 0xFE1D, 0xFE1D,
    0xFE1D, 0xFE1D, 0xFE1D, 0xFE1D, 0xFE1D, 0xFE1D, 0x006A, 0xFE1D, 0x006A, 0xFE1D, 0xFE1D, 0xFE1D,
    0xFE1D, 0xFE1D, 0xFE1D, 0xFE1D, 0xFE1D, 0x006A, 0xF81F, 0xF81F, 0xF81F, 0xF81F, 0xF81F, 0xF81F,
    0xF81F, 0xF81F, 0xF81F, 0x006A, 0xFE1D, 0xFE1D, 0xFE1D, 0xFE1D, 0xFE1D, 0xFE1D, 0xFE1D, 0xFE1D,
    0xFE1D, 0x006A, 0x006A, 0xF81F, 0x006A, 0xFE1D, 0xFE1D, 0xFE1D, 0xFE1D, 0xFE1D, 0xFE1D, 0xFE1D,
    0xFE1D, 0xFE1D, 0xFE1D, 0xFE1D, 0xFE1D, 0xFE1D, 0xFE1D, 0xFE1D, 0xFE1D, 0xFE1D, 0xFE1D, 0x006A,
    0xFE1D, 0xFE1D, 0xFE1D, 0xFE1D, 0xFE1D, 0xFE1D, 0xFE1D, 0x006A, 0xFE1D, 0xFE1D, 0xFE1D, 0xFE1D,
    0xFE1D, 0xFE1D, 0xFE1D, 0xFE1D, 0xFE1D, 0x006A, 0xF81F, 0xF81F, 0xF81F, 0xF81F, 0xF81F, 0xF81F,
    0xF81F, 0xF81F, 0xF81F, 0x006A, 0xFE1D, 0xFE1D, 0xFE1D, 0xFE1D, 0xFE1D, 0xFE1D, 0xFE1D, 0xFE1D,
    0xFE1D, 0x006A, 0x006A, 0xF81F, 0x006A, 0xFE1D, 0xFE1D, 0xFE1D, 0xFE1D, 0xFE1D, 0xFE1D, 0xFE1D,
    0xFE1D, 0xFE1D, 0xFE1D, 0x006A, 0xFE1D, 0xFE1D, 0xFE1D, 0xFE1D, 0xFE1D, 0xFE1D, 0xFE1D, 0xFE1D,
    0xFE1D, 0xFE1D, 0xFE1D, 0xFE1D, 0xFE1D, 0xFE1D, 0xFE1D, 0x006A, 0xFE1D, 0xFE1D, 0xFE1D, 0xFE1D,
    0xFE1D, 0xFE1D, 0xFE1D, 0xFE1D, 0xFE1D, 0xFE1D, 0x006A, 0xF81F, 0xF81F, 0xF81F, 0xF81F, 0xF81F,
    0xF81F, 0xF81F, 0xF81F, 0x006A, 0xFE1D, 0xFE1D, 0xFE1D, 0xFE1D, 0xFE1D, 0xFE1D, 0xFE1D, 0xFE1D,
    0x006A, 0xFE1D, 0x006A, 0x006A, 0xFE1D, 0xFE1D, 0xFE1D, 0xFE1D, 0xFE1D, 0xFE1D, 0xFE1D, 0xFE1D,
    0xFE1D, 0xFE1D, 0xFE1D, 0x006A, 0xFE1D, 0xFE1D, 0xFE1D, 0xFE1D, 0xFE1D, 0xFE1D, 0xFE1D, 0xFE1D,
    0xFE1D, 0xFE1D, 0xFE1D, 0xFE1D, 0xFE1D, 0xFE1D, 0x006A, 0x006A, 0x006A, 0x006A, 0xFE1D, 0xFE1D,
    0xFE1D, 0xFE1D, 0xFE1D, 0xFE1D, 0xFE1D, 0xFE1D, 0x006A, 0xF81F, 0xF81F, 0xF81F, 0xF81F, 0xF81F,
    0xF81F, 0xF81F, 0xF81F, 0xF81F, 0x006A, 0xFE1D, 0xFE1D, 0xFE1D, 0xFE1D, 0xFE1D, 0xFE1D, 0xFE1D,
    0x006A, 0x006A, 0xFE1D, 0x006A, 0xFE1D, 0xFE1D, 0xFE1D, 0xFE1D, 0xFE1D, 0xFE1D, 0xFE1D, 0xFE1D,
    0xFE1D, 0xFE1D, 0x006A, 0xFE1D, 0xFE1D, 0xFE1D, 0xFE1D, 0xFE1D, 0xFE1D, 0xFE1D, 0xFE1D, 0xFE1D,
    0xFE1D, 0xFE1D, 0xFE1D, 0xFE1D, 0xFE1D, 0x006A, 0x028E, 0x028E, 0x028E, 0x028E, 0x006A, 0xFE1D,
    0xFE1D, 0xFE1D, 0xFE1D, 0xFE1D, 0xFE1D, 0xFE1D, 0x006A, 0xF81F, 0xF81F, 0xF81F, 0xF81F, 0xF81F,
    0xF81F, 0xF81F, 0xF81F, 0xF81F, 0x006A, 0xFE1D, 0xFE1D, 0xFE1D, 0xFE1D, 0x006A, 0x006A, 0x006A,
    0x006A, 0xFE1D, 0xFE1D, 0x006A, 0xFE1D, 0xFE1D, 0xFE1D, 0xFE1D, 0xFE1D, 0xFE1D, 0xFE1D, 0xFE1D,
    0xFE1D, 0xFE1D, 0x006A, 0xFE1D, 0xFE1D, 0xFE1D, 0xFE1D, 0xFE1D, 0xFE1D, 0xFE1D, 0xFE1D, 0xFE1D,
    0xFE1D, 0xFE1D, 0xFE1D, 0xFE1D, 0xFE1D, 0x006A, 0x028E, 0x028E, 0x028E, 0x028E, 0x028E, 0x006A,
    0xFE1D, 0xFE1D, 0xFE1D, 0xFE1D, 0xFE1D, 0xFE1D, 0xFE1D, 0x006A, 0xF81F, 0xF81F, 0xF81F, 0xF81F,
    0xF81F, 0xF81F, 0xF81F, 0xF81F, 0xF81F, 0x006A, 0xFE1D, 0x006A, 0x006A, 0x028E, 0x028E, 0x028E,
    0x028E, 0x006A, 0xFE1D, 0x006A, 0xFE1D, 0xFE1D, 0xFE1D, 0xFE1D, 0xFE1D, 0xFE1D, 0xFE1D, 0xFE1D,
    0xFE1D, 0xFE1D, 0x006A, 0xFE1D, 0xFE1D, 0xFE1D, 0xFE1D, 0xFE1D, 0xFE1D, 0xFE1D, 0xFE1D, 0xFE1D,
    0xFE1D, 0xFE1D, 0xFE1D, 0xFE1D, 0xFE1D, 0x006A, 0x006A, 0x006A, 0x028E, 0x028E, 0x028E, 0x028E,
    0x006A, 0xFE1D, 0xFE1D, 0xFE1D, 0x006A, 0xFE1D, 0xFE1D, 0x006A, 0xF81F, 0xF81F, 0xF81F, 0xF81F,
    0xF81F, 0xF81F, 0xF81F, 0xF81F, 0xF81F, 0x006A, 0x006A, 0x028E, 0x028E, 0x028E, 0x028E, 0x028E,
    0x028E, 0x006A, 0xFE1D, 0xFE1D, 0xFE1D, 0xFE1D, 0xFE1D, 0xFE1D, 0xFE1D, 0xFE1D, 0xFE1D, 0xFE1D,
    0xFE1D, 0xFE1D, 0x006A, 0xFE1D, 0xFE1D, 0xFE1D, 0xFE1D, 0xFE1D, 0xFE1D, 0xFE1D, 0xFE1D, 0xFE1D,
    0xFE1D, 0xFE1D, 0x006A, 0x006A, 0x006A, 0x028E, 0x028E, 0x028E, 0x006A, 0x028E, 0x028E, 0x028E,
    0x006A, 0xFE1D, 0xFE1D, 0xFE1D, 0x006A, 0xFE1D, 0xFE1D, 0x006A, 0xF81F, 0xF81F, 0xF81F, 0xF81F,
    0xF81F, 0xF81F, 0xF81F, 0xF81F, 0xF81F, 0x006A, 0x028E, 0x028E, 0x028E, 0x028E, 0x028E, 0x028E,
    0x028E, 0x006A, 0xFE1D, 0xFE1D, 0xFE1D, 0xFE1D, 0xFE1D, 0xFE1D, 0xFE1D, 0xFE1D, 0xFE1D, 0xFE1D,
    0xFE1D, 0xFE1D, 0x006A, 0xFE1D, 0xFE1D, 0xFE1D, 0xFE1D, 0xFE1D, 0xFE1D, 0xFE1D, 0xFE1D, 0x006A,
    0x006A, 0x006A, 0x028E, 0x028E, 0x028E, 0x028E, 0x028E, 0x028E, 0x028E, 0x006A, 0x028E, 0x028E,
    0x006A, 0xFE1D, 0xFE1D, 0x006A, 0xFE1D, 0xFE1D, 0xFE1D, 0x006A, 0xF81F, 0xF81F, 0xF81F, 0xF81F,
    0xF81F, 0xF81F, 0xF81F, 0xF81F, 0xF81F, 0x006A, 0x028E, 0x028E, 0x028E, 0x006A, 0x006A, 0x006A,
    0x006A, 0x006A, 0xFE1D, 0xFE1D, 0xFE1D, 0xFE1D, 0xFE1D, 0xFE1D, 0xFE1D, 0xFE1D, 0xFE1D, 0xFE1D,
    0xFE1D, 0xFE1D, 0x006A, 0xFE1D, 0xFE1D, 0xFE1D, 0xFE1D, 0xFE1D, 0x006A, 0x006A, 0x006A, 0x028E,
    0x028E, 0x028E, 0x028E, 0x028E, 0x028E, 0x028E, 0x028E, 0x028E, 0x028E, 0x006A, 0x028E, 0x028E,
    0x006A, 0x006A, 0x006A, 0xFE1D, 0xFE1D, 0xFE1D, 0xFE1D, 0x006A, 0xF81F, 0xF81F, 0xF81F, 0xF81F,
    0xF81F, 0xF81F, 0xF81F, 0xF81F, 0xF81F, 0x006A, 0x028E, 0x028E, 0x006A, 0x028E, 0x028E, 0x028E,
    0x028E, 0x006A, 0xFE1D, 0xFE1D, 0xFE1D, 0xFE1D, 0xFE1D, 0xFE1D, 0xFE1D, 0xFE1D, 0xFE1D, 0xFE1D,
    0xFE1D, 0xFE1D, 0xFE1D, 0xFE1D, 0xFE1D, 0xFE1D, 0xFE1D, 0x006A, 0x028E, 0x028E, 0x006A, 0x028E,
    0x028E, 0x028E, 0x028E, 0x028E, 0x028E, 0x028E, 0x028E, 0x028E, 0x028E, 0x028E, 0x006A, 0x006A,
    0xFE1D, 0xFE1D, 0xFE1D, 0xFE1D, 0xFE1D, 0xFE1D, 0xFE1D, 0x006A, 0xF81F, 0xF81F, 0xF81F, 0xF81F,
    0xF81F, 0xF81F, 0xF81F, 0xF81F, 0xF81F, 0xF81F, 0x006A, 0x006A, 0x028E, 0x028E, 0x028E, 0x028E,
    0x028E, 0x028E, 0x006A, 0xFE1D, 0xFE1D, 0xFE1D, 0xFE1D, 0xFE1D, 0xFE1D, 0xFE1D, 0xFE1D, 0xFE1D,
    0x006A, 0x006A, 0x006A, 0xFE1D, 0xFE1D, 0xFE1D, 0xFE1D, 0x006A, 0x028E, 0x028E, 0x006A, 0x028E,
    0x028E, 0x028E, 0x028E, 0x028E, 0x028E, 0x028E, 0x028E, 0x028E, 0x028E, 0x028E, 0x006A, 0xFE1D,
    0xFE1D, 0xFE1D, 0xFE1D, 0x006A, 0xFE1D, 0xFE1D, 0xFE1D, 0x006A, 0xF81F, 0xF81F, 0xF81F, 0xF81F,
    0xF81F, 0xF81F, 0xF81F, 0xF81F, 0xF81F, 0xF81F, 0x006A, 0x028E, 0x028E, 0x028E, 0x028E, 0x028E,
    0x028E, 0x028E, 0x006A, 0xFE1D, 0xFE1D, 0xFE1D, 0xFE1D, 0xFE1D, 0xFE1D, 0x006A, 0x006A, 0x006A,
    0xFE1D, 0xFE1D, 0xFE1D, 0x006A, 0xFE1D, 0xFE1D, 0x006A, 0x028E, 0x028E, 0x028E, 0x006A, 0x028E,
    0x028E, 0x028E, 0x028E, 0x028E, 0x028E, 0x028E, 0x028E, 0x028E, 0x028E, 0x028E, 0x006A, 0xFE1D,
    0xFE1D, 0xFE1D, 0xFE1D, 0xFE1D, 0x006A, 0xFE1D, 0x006A, 0xF81F, 0xF81F, 0xF81F, 0xF81F, 0xF81F,
    0xF81F, 0xF81F, 0xF81F, 0xF81F, 0xF81F, 0xF81F, 0x006A, 0x028E, 0x028E, 0x028E, 0x028E, 0x028E,
    0x028E, 0x028E, 0x028E, 0x006A, 0xFE1D, 0xFE1D, 0xFE1D, 0xFE1D, 0x006A, 0xFE1D, 0xFE1D, 0x006A,
    0xFE1D, 0xFE1D, 0xFE1D, 0xFE1D, 0x006A, 0xFE1D, 0x006A, 0x028E, 0x028E, 0x028E, 0x006A, 0x028E,
    0x028E, 0x028E, 0x028E, 0x028E, 0x028E, 0x028E, 0x028E, 0x028E, 0x028E, 0x028E, 0x006A, 0xFE1D,
    0xFE1D, 0xFE1D, 0xFE1D, 0xFE1D, 0x006A, 0xFE1D, 0x006A, 0xF81F, 0xF81F, 0xF81F, 0xF81F, 0xF81F,
    0xF81F, 0xF81F, 0xF81F, 0xF81F, 0xF81F, 0xF81F, 0x006A, 0x028E, 0x028E, 0x028E, 0x028E, 0x028E,
    0x028E, 0x028E, 0x006A, 0x006A, 0xFE1D, 0xFE1D, 0xFE1D, 0xFE1D, 0x006A, 0xFE1D, 0xFE1D, 0x006A,
    0xFE1D, 0xFE1D, 0xFE1D, 0xFE1D, 0xFE1D, 0x006A, 0x006A, 0x028E, 0x028E, 0x006A, 0x028E, 0x028E,
    0x028E, 0x028E, 0x028E, 0x028E, 0x028E, 0x028E, 0x028E, 0x028E, 0x028E, 0x028E, 0x006A, 0x006A,
    0xFE1D, 0xFE1D, 0xFE1D, 0xFE1D, 0xFE1D, 0xFE1D, 0x006A, 0xF81F, 0xF81F, 0xF81F, 0xF81F, 0xF81F,
    0xF81F, 0xF81F, 0xF81F, 0xF81F, 0xF81F, 0x006A, 0x028E, 0x028E, 0x028E, 0x028E, 0x028E, 0x028E,
    0x028E, 0x028E, 0x028E, 0x006A, 0x006A, 0xFE1D, 0xFE1D, 0xFE1D, 0x006A, 0xFE1D, 0xFE1D, 0xFE1D,
    0xFE1D, 0xFE1D, 0xFE1D, 0xFE1D, 0xFE1D, 0x006A, 0x006A, 0x028E, 0x028E, 0x028E, 0x028E, 0x028E,
    0x028E, 0x028E, 0x028E, 0x028E, 0x028E, 0x028E, 0x028E, 0x028E, 0x028E, 0x006A, 0xFE1D, 0xFE1D,
    0x006A, 0x006A, 0xFE1D, 0xFE1D, 0xFE1D, 0xFE1D, 0x006A, 0xF81F, 0xF81F, 0xF81F, 0xF81F, 0xF81F,
    0xF81F, 0xF81F, 0xF81F, 0xF81F, 0xF81F, 0x006A, 0x028E, 0x028E, 0x028E, 0x028E, 0x028E, 0x028E,
    0x028E, 0x028E, 0x028E, 0x028E, 0x006A, 0x006A, 0xFE1D, 0x006A, 0xFE1D, 0xFE1D, 0xFE1D, 0xFE1D,
    0xFE1D, 0xFE1D, 0xFE1D, 0xFE1D, 0xFE1D, 0xFE1D, 0x006A, 0x028E, 0x028E, 0x028E, 0x028E, 0x028E,
    0x028E, 0x028E, 0x028E, 0x028E, 0x028E, 0x028E, 0x028E, 0x028E, 0x028E, 0x006A, 0xFE1D, 0xFE1D,
    0xFE1D, 0xFE1D, 0xFE1D, 0xFE1D, 0xFE1D, 0xFE1D, 0x006A, 0xF81F, 0xF81F, 0xF81F, 0xF81F, 0xF81F,
    0xF81F, 0xF81F, 0xF81F, 0xF81F, 0xF81F, 0x006A, 0x028E, 0x028E, 0x028E, 0x028E, 0x028E, 0x028E,
    0x028E, 0x028E, 0x028E, 0x028E, 0x006A, 0x028E, 0x006A, 0x006A, 0xFE1D, 0xFE1D, 0xFE1D, 0x006A,
    0x006A, 0x006A, 0xFE1D, 0xFE1D, 0xFE1D, 0xFE1D, 0x006A, 0x028E, 0x028E, 0x028E, 0x028E, 0x028E,
    0x028E, 0x028E, 0x028E, 0x028E, 0x028E, 0x028E, 0x028E, 0x028E, 0x006A, 0xFE1D, 0xFE1D, 0xFE1D,
    0xFE1D, 0xFE1D, 0xFE1D, 0xFE1D, 0xFE1D, 0x006A, 0xF81F, 0xF81F, 0xF81F, 0xF81F, 0xF81F, 0xF81F,
    0xF81F, 0xF81F, 0xF81F, 0xF81F, 0xF81F, 0x006A, 0x028E, 0x028E, 0x028E, 0x028E, 0x028E, 0x028E,
    0x028E, 0x028E, 0x028E, 0x028E, 0x006A, 0x028E, 0x006A, 0x006A, 0xFE1D, 0xFE1D, 0xFE1D, 0xFE1D,
    0xFE1D, 0xFE1D, 0xFE1D, 0xFE1D, 0xFE1D, 0xFE1D, 0x006A, 0x028E, 0x028E, 0x028E, 0x028E, 0x028E,
    0x028E, 0x028E, 0x028E, 0x028E, 0x028E, 0x028E, 0x028E, 0x028E, 0x006A, 0xFE1D, 0xFE1D, 0xFE1D,
    0xFE1D, 0xFE1D, 0xFE1D, 0xFE1D, 0xFE1D, 0x006A, 0xF81F, 0xF81F, 0xF81F, 0xF81F, 0xF81F, 0xF81F,
    0xF81F, 0xF81F, 0xF81F, 0xF81F, 0xF81F, 0x006A, 0x028E, 0x028E, 0x028E, 0x028E, 0x028E, 0x028E,
    0x028E, 0x028E, 0x028E, 0x028E, 0x028E, 0x028E, 0x028E, 0x006A, 0xFE1D, 0xFE59, 0x006A, 0x006A,
    0x006A, 0x006A, 0x006A, 0xFE59, 0xFE1D, 0x006A, 0x006A, 0x006A, 0x028E, 0x028E, 0x028E, 0x028E,
    0x028E, 0x028E, 0x028E, 0x028E, 0x028E, 0x028E, 0x028E, 0x006A, 0xFE1D, 0xFE1D, 0xFE1D, 0xFE1D,
    0xFE1D, 0xFE1D, 0xFE1D, 0xFE1D, 0x006A, 0xF81F, 0xF81F, 0xF81F, 0xF81F, 0xF81F, 0xF81F, 0xF81F,
    0xF81F, 0xF81F, 0xF81F, 0xF81F, 0xF81F, 0x006A, 0x028E, 0x028E, 0x028E, 0x028E, 0x028E, 0x028E,
    0x028E, 0x028E, 0x028E, 0x028E, 0x028E, 0x028E, 0x028E, 0x006A, 0x006A, 0xFE59, 0xFE59, 0x006A,
    0xFE59, 0x006A, 0xFE59, 0xFE59, 0xFE1D, 0x006A, 0x006A, 0x006A, 0x028E, 0x028E, 0x028E, 0x028E,
    0x028E, 0x028E, 0x028E, 0x028E, 0x028E, 0x028E, 0x028E, 0x006A, 0xFE1D, 0xFE1D, 0xFE1D, 0xFE1D,
    0xFE1D, 0xFE1D, 0xFE1D, 0xFE1D, 0x006A, 0xF81F, 0xF81F, 0xF81F, 0xF81F, 0xF81F, 0xF81F, 0xF81F,
    0xF81F, 0xF81F, 0xF81F, 0xF81F, 0xF81F, 0xF81F, 0x006A, 0x028E, 0x028E, 0x028E, 0x028E, 0x028E,
    0x028E, 0x028E, 0x028E, 0x028E, 0x028E, 0x028E, 0x028E, 0x006A, 0x006A, 0x006A, 0xFE59, 0xFE59,
    0xFE59, 0xFE59, 0xFE59, 0xFE1D, 0x006A, 0x006A, 0x006A, 0xFE1D, 0x006A, 0x028E, 0x028E, 0x028E,
    0x028E, 0x028E, 0x028E, 0x028E, 0x028E, 0x028E, 0x006A, 0xFE1D, 0xFE1D, 0xFE1D, 0xFE1D, 0xFE1D,
    0xFE1D, 0xFE1D, 0xFE1D, 0xFE1D, 0x006A, 0xF81F, 0xF81F, 0xF81F, 0xF81F, 0xF81F, 0xF81F, 0xF81F,
    0xF81F, 0xF81F, 0xF81F, 0xF81F, 0xF81F, 0xF81F, 0x006A, 0x028E, 0x028E, 0x028E, 0x028E, 0x028E,
    0x028E, 0x028E, 0x028E, 0x028E, 0x028E, 0x028E, 0x028E, 0x006A, 0xFE1D, 0x006A, 0x006A, 0x006A,
    0x006A, 0x006A, 0x006A, 0x006A, 0x006A, 0x006A, 0xFE1D, 0xFE1D, 0xFE1D, 0x006A, 0x028E, 0x028E,
    0x028E, 0x028E, 0x028E, 0x028E, 0x028E, 0x006A, 0xFE1D, 0xFE1D, 0xFE1D, 0xFE1D, 0xFE1D, 0xFE1D,
    0xFE1D, 0xFE1D, 0xFE1D, 0xFE1D, 0x006A, 0xF81F, 0xF81F, 0xF81F, 0xF81F, 0xF81F, 0xF81F, 0xF81F,
    0xF81F, 0xF81F, 0xF81F, 0xF81F, 0xF81F, 0xF81F, 0x006A, 0x028E, 0x028E, 0x028E, 0x028E, 0x028E,
    0x028E, 0x028E, 0x028E, 0x028E, 0x028E, 0x028E, 0x028E, 0x006A, 0x006A, 0xFE1D, 0x006A, 0x006A,
    0x006A, 0x006A, 0x006A, 0x006A, 0x006A, 0xFE1D, 0xFE1D, 0xFE1D, 0xFE1D, 0xFE1D, 0x006A, 0x006A,
    0x028E, 0x028E, 0x028E, 0x028E, 0x006A, 0xFE1D, 0xFE1D, 0xFE1D, 0xFE1D, 0xFE1D, 0xFE1D, 0xFE1D,
    0xFE1D, 0xFE1D, 0xFE1D, 0x006A, 0xF81F, 0xF81F, 0xF81F, 0xF81F, 0xF81F, 0xF81F, 0xF81F, 0xF81F,
    0xF81F, 0xF81F, 0xF81F, 0xF81F, 0xF81F, 0xF81F, 0xF81F, 0x006A, 0x028E, 0x028E, 0x028E, 0x028E,
    0x028E, 0x028E, 0x028E, 0x028E, 0x028E, 0x028E, 0x028E, 0x006A, 0xFE1D, 0x006A, 0xFE1D, 0xFE1D,
    0xFE1D, 0xFE1D, 0xFE1D, 0x006A, 0xFE1D, 0xFE1D, 0xFE1D, 0xFE1D, 0xFE1D, 0xFE1D, 0x006A, 0xFE1D,
    0x006A, 0x006A, 0x006A, 0x006A, 0xFE1D, 0xFE1D, 0xFE1D, 0xFE1D, 0xFE1D, 0xFE1D, 0xFE1D, 0xFE1D,
    0x006A, 0xFE1D, 0xFE1D, 0x006A, 0xF81F, 0xF81F, 0xF81F, 0xF81F, 0xF81F, 0xF81F, 0xF81F, 0xF81F,
    0xF81F, 0xF81F, 0xF81F, 0xF81F, 0xF81F, 0xF81F, 0xF81F, 0x006A, 0x028E, 0x028E, 0x028E, 0x028E,
    0x028E, 0x028E, 0x028E, 0x028E, 0x028E, 0x028E, 0x028E, 0x006A, 0xFE1D, 0x006A, 0xFE1D, 0xFE1D,
    0xFE1D, 0xFE1D, 0xFE1D, 0xFE1D, 0x006A, 0xFE1D, 0x006A, 0x006A, 0xFE1D, 0xFE1D, 0x006A, 0xFE1D,
    0x006A, 0xFE1D, 0xFE1D, 0xFE1D, 0xFE1D, 0xFE1D, 0xFE1D, 0xFE1D, 0xFE1D, 0xFE1D, 0xFE1D, 0xFE1D,
    0x006A, 0xFE1D, 0xFE1D, 0x006A, 0xF81F, 0xF81F, 0xF81F, 0xF81F, 0xF81F, 0xF81F, 0xF81F, 0xF81F,
    0xF81F, 0xF81F, 0xF81F, 0xF81F, 0xF81F, 0xF81F, 0xF81F, 0xF81F, 0x006A, 0x028E, 0x028E, 0x028E,
    0x028E, 0x028E, 0x028E, 0x028E, 0x028E, 0x028E, 0x006A, 0xFE1D, 0xFE1D, 0x006A, 0xFE1D, 0xFE1D,
    0xFE1D, 0xFE1D, 0xFE1D, 0xFE1D, 0x006A, 0xFE1D, 0xFE1D, 0xFE1D, 0x006A, 0xFE1D, 0x006A, 0xFE1D,
    0xFE1D, 0xFE1D, 0xFE1D, 0xFE1D, 0xFE1D, 0xFE1D, 0xFE1D, 0xFE1D, 0xFE1D, 0xFE1D, 0xFE1D, 0x006A,
    0xFE1D, 0xFE1D, 0x006A, 0xF81F, 0xF81F, 0xF81F, 0xF81F, 0xF81F, 0xF81F, 0xF81F, 0xF81F, 0xF81F,
    0xF81F, 0xF81F, 0xF81F, 0xF81F, 0xF81F, 0xF81F, 0xF81F, 0xF81F, 0xF81F, 0x006A, 0x028E, 0x028E,
    0x028E, 0x028E, 0x028E, 0x028E, 0x006A, 0x006A, 0x028E, 0x006A, 0xFE1D, 0xFE1D, 0x006A, 0xFE1D,
    0xFE1D, 0xFE1D, 0xFE1D, 0x006A, 0xFE1D, 0xFE1D, 0xFE1D, 0xFE1D, 0xFE1D, 0x006A, 0xFE1D, 0x006A,
    0xFE1D, 0xFE1D, 0xFE1D, 0xFE1D, 0xFE1D, 0xFE1D, 0xFE1D, 0xFE1D, 0xFE1D, 0x006A, 0x006A, 0xFE1D,
    0xFE1D, 0xFE1D, 0x006A, 0xF81F, 0xF81F, 0xF81F, 0xF81F, 0xF81F, 0xF81F, 0xF81F, 0xF81F, 0xF81F,
    0xF81F, 0xF81F, 0xF81F, 0xF81F, 0xF81F, 0xF81F, 0xF81F, 0xF81F, 0xF81F, 0xF81F, 0x006A, 0x006A,
    0x006A, 0x006A, 0x006A, 0x006A, 0x028E, 0x028E, 0x006A, 0x006A, 0xFE1D, 0xFE1D, 0xFE1D, 0x006A,
    0xFE1D, 0xFE1D, 0xFE1D, 0xFE1D, 0xFE1D, 0xFE1D, 0xFE1D, 0xFE1D, 0xFE1D, 0x006A, 0xFE1D, 0xFE1D,
    0x006A, 0xFE1D, 0xFE1D, 0xFE1D, 0xFE1D, 0xFE1D, 0xFE1D, 0xFE1D, 0xFE1D, 0xFE1D, 0xFE1D, 0xFE1D,
    0xFE1D, 0x006A, 0xF81F, 0xF81F, 0xF81F, 0xF81F, 0xF81F, 0xF81F, 0xF81F, 0xF81F, 0xF81F, 0xF81F,
    0xF81F, 0xF81F, 0xF81F, 0xF81F, 0xF81F, 0xF81F, 0xF81F, 0xF81F, 0xF81F, 0xF81F, 0xF81F, 0x006A,
    0x028E, 0x028E, 0x028E, 0x028E, 0x028E, 0x006A, 0xFE1D, 0x006A, 0xFE1D, 0xFE59, 0x006A, 0xFE59,
    0xFE1D, 0xFE1D, 0xFE59, 0x006A, 0xFE59, 0xFE1D, 0xFE1D, 0xFE1D, 0xFE1D, 0x006A, 0xFE1D, 0xFE1D,
    0x006A, 0xFE1D, 0xFE1D, 0xFE1D, 0xFE1D, 0xFE1D, 0xFE1D, 0xFE1D, 0xFE1D, 0xFE1D, 0xFE1D, 0xFE1D,
    0xFE1D, 0x006A, 0xF81F, 0xF81F, 0xF81F, 0xF81F, 0xF81F, 0xF81F, 0xF81F, 0xF81F, 0xF81F, 0xF81F,
    0xF81F, 0xF81F, 0xF81F, 0xF81F, 0xF81F, 0xF81F, 0xF81F, 0xF81F, 0xF81F, 0xF81F, 0xF81F, 0xF81F,
    0x006A, 0x006A, 0x006A, 0x006A, 0x006A, 0xFE1D, 0xFE1D, 0x006A, 0xFE59, 0xFE59, 0xFE59, 0x006A,
    0x006A, 0x006A, 0xFE1D, 0xFE59, 0xFE59, 0xFE59, 0xFE1D, 0xFE1D, 0xFE1D, 0x006A, 0xFE1D, 0xFE1D,
    0x006A, 0xFE1D, 0xFE1D, 0xFE1D, 0xFE1D, 0xFE1D, 0xFE1D, 0xFE1D, 0xFE1D, 0xFE1D, 0xFE1D, 0x006A,
    0x006A, 0xF81F, 0xF81F, 0xF81F, 0xF81F, 0xF81F, 0xF81F, 0xF81F, 0xF81F, 0xF81F, 0xF81F, 0xF81F,
    0xF81F, 0xF81F, 0xF81F, 0xF81F, 0xF81F, 0xF81F, 0xF81F, 0xF81F, 0xF81F, 0xF81F, 0xF81F, 0xF81F,
    0xF81F, 0xF81F, 0xF81F, 0xF81F, 0x006A, 0x006A, 0x006A, 0xFE1D, 0xFE1D, 0x006A, 0x006A, 0x006A,
    0xFE1D, 0xFE1D, 0x006A, 0xFE1D, 0xFE59, 0xFE59, 0xFE1D, 0xFE1D, 0x006A, 0xFE1D, 0x006A, 0xFE1D,
    0x006A, 0xFE1D, 0xFE1D, 0xFE1D, 0xFE1D, 0xFE1D, 0xFE1D, 0x006A, 0x006A, 0x006A, 0x006A, 0xF81F,
    0xF81F, 0xF81F, 0xF81F, 0xF81F, 0xF81F, 0xF81F, 0xF81F, 0xF81F, 0xF81F, 0xF81F, 0xF81F, 0xF81F,
    0xF81F, 0xF81F, 0xF81F, 0xF81F, 0xF81F, 0xF81F, 0xF81F, 0xF81F, 0xF81F, 0xF81F, 0xF81F, 0xF81F,
    0xF81F, 0xF81F, 0xF81F, 0xF81F, 0xF81F, 0xF81F, 0x006A, 0x006A, 0x006A, 0x006A, 0x006A, 0xFE1D,
    0xFE1D, 0xFE1D, 0xFE1D, 0x006A, 0x006A, 0xFE1D, 0xFE1D, 0xFE1D, 0xFE1D, 0xFE1D, 0x006A, 0x006A,
    0xFE1D, 0xFE1D, 0xFE1D, 0xFE1D, 0xFE1D, 0x006A, 0x006A, 0xF81F, 0xF81F, 0xF81F, 0xF81F, 0xF81F,
    0xF81F, 0xF81F, 0xF81F, 0xF81F, 0xF81F, 0xF81F, 0xF81F, 0xF81F, 0xF81F, 0xF81F, 0xF81F, 0xF81F,
    0xF81F, 0xF81F, 0xF81F, 0xF81F, 0xF81F, 0xF81F, 0xF81F, 0xF81F, 0xF81F, 0xF81F, 0xF81F, 0xF81F,
    0xF81F, 0xF81F, 0xF81F, 0xF81F, 0xF81F, 0xF81F, 0x006A, 0xFE1D, 0x006A, 0x006A, 0xFE1D, 0xFE1D,
    0xFE1D, 0xFE1D, 0xFE1D, 0x006A, 0x006A, 0x006A, 0x006A, 0xFE1D, 0xFE1D, 0xFE1D, 0x006A, 0x006A,
    0x006A, 0x006A, 0x006A, 0x006A, 0x006A, 0xF81F, 0xF81F, 0xF81F, 0xF81F, 0xF81F, 0xF81F, 0xF81F,
    0xF81F, 0xF81F, 0xF81F, 0xF81F, 0xF81F, 0xF81F, 0xF81F, 0xF81F, 0xF81F, 0xF81F, 0xF81F, 0xF81F,
    0xF81F, 0xF81F, 0xF81F, 0xF81F, 0xF81F, 0xF81F, 0xF81F, 0xF81F, 0xF81F, 0xF81F, 0xF81F, 0xF81F,
    0xF81F, 0xF81F, 0xF81F, 0xF81F, 0xF81F, 0xF81F, 0x006A, 0xFE1D, 0xFE1D, 0xFE1D, 0xFE1D, 0xFE1D,
    0xFE1D, 0xFE1D, 0xFE1D, 0xFE1D, 0x006A, 0x006A, 0xFE1D, 0xFE1D, 0xFE1D, 0x006A, 0x006A, 0xF81F,
    0xF81F, 0xF81F, 0xF81F, 0xF81F, 0xF81F, 0xF81F, 0xF81F, 0xF81F, 0xF81F, 0xF81F, 0xF81F, 0xF81F,
    0xF81F, 0xF81F, 0xF81F, 0xF81F, 0xF81F, 0xF81F, 0xF81F, 0xF81F, 0xF81F, 0xF81F, 0xF81F, 0xF81F,
    0xF81F, 0xF81F, 0xF81F, 0xF81F, 0xF81F, 0xF81F, 0xF81F, 0xF81F, 0xF81F, 0xF81F, 0xF81F, 0xF81F,
    0xF81F, 0xF81F, 0xF81F, 0xF81F, 0xF81F, 0xF81F, 0x006A, 0xFE1D, 0xFE1D, 0xFE1D, 0xFE1D, 0xFE1D,
    0xFE1D, 0xFE1D, 0xFE1D, 0xFE1D, 0xFE1D, 0xFE1D, 0xFE1D, 0xFE1D, 0x006A, 0xFE1D, 0x006A, 0xF81F,
    0xF81F, 0xF81F, 0xF81F, 0xF81F, 0xF81F, 0xF81F, 0xF81F, 0xF81F, 0xF81F, 0xF81F, 0xF81F, 0xF81F,
    0xF81F, 0xF81F, 0xF81F, 0xF81F, 0xF81F, 0xF81F, 0xF81F, 0xF81F, 0xF81F, 0xF81F, 0xF81F, 0xF81F,
    0xF81F, 0xF81F, 0xF81F, 0xF81F, 0xF81F, 0xF81F, 0xF81F, 0xF81F, 0xF81F, 0xF81F, 0xF81F, 0xF81F,
    0xF81F, 0xF81F, 0xF81F, 0xF81F, 0xF81F, 0xF81F, 0xF81F, 0x006A, 0xFE1D, 0xFE1D, 0xFE1D, 0xFE1D,
    0xFE1D, 0xFE1D, 0xFE1D, 0xFE1D, 0xFE1D, 0xFE1D, 0xFE1D, 0x006A, 0xFE1D, 0x006A, 0xF81F, 0xF81F,
    0xF81F, 0xF81F, 0xF81F, 0xF81F, 0xF81F, 0xF81F, 0xF81F, 0xF81F, 0xF81F, 0xF81F, 0xF81F, 0xF81F,
    0xF81F, 0xF81F, 0xF81F, 0xF81F, 0xF81F, 0xF81F, 0xF81F, 0xF81F, 0xF81F, 0xF81F, 0xF81F, 0xF81F,
    0xF81F, 0xF81F, 0xF81F, 0xF81F, 0xF81F, 0xF81F, 0xF81F, 0xF81F, 0xF81F, 0xF81F, 0xF81F, 0xF81F,
    0xF81F, 0xF81F, 0xF81F, 0xF81F, 0xF81F, 0xF81F, 0xF81F, 0x006A, 0xFE1D, 0xFE1D, 0xFE1D, 0xFE1D,
    0xFE1D, 0xFE1D, 0xFE1D, 0xFE1D, 0xFE1D, 0xFE1D, 0xFE1D, 0xFE1D, 0x006A, 0xF81F, 0xF81F, 0xF81F,
    0xF81F, 0xF81F, 0xF81F, 0xF81F, 0xF81F, 0xF81F, 0xF81F, 0xF81F, 0xF81F, 0xF81F, 0xF81F, 0xF81F,
    0xF81F, 0xF81F, 0xF81F, 0xF81F, 0xF81F, 0xF81F, 0xF81F, 0xF81F, 0xF81F, 0xF81F, 0xF81F, 0xF81F,
    0xF81F, 0xF81F, 0xF81F, 0xF81F, 0xF81F, 0xF81F, 0xF81F, 0xF81F, 0xF81F, 0xF81F, 0xF81F, 0xF81F,
    0xF81F, 0xF81F, 0xF81F, 0xF81F, 0xF81F, 0xF81F, 0xF81F, 0x006A, 0xFE1D, 0xFE1D, 0xFE1D, 0xFE1D,
    0xFE1D, 0xFE1D, 0xFE1D, 0xFE1D, 0xFE1D, 0xFE1D, 0x006A, 0x006A, 0x006A, 0xF81F, 0xF81F, 0xF81F,
    0xF81F, 0xF81F, 0xF81F, 0xF81F, 0xF81F, 0xF81F, 0xF81F, 0xF81F, 0xF81F, 0xF81F, 0xF81F, 0xF81F,
    0xF81F, 0xF81F, 0xF81F, 0xF81F, 0xF81F, 0xF81F, 0xF81F, 0xF81F, 0xF81F, 0xF81F, 0xF81F, 0xF81F,
    0xF81F, 0xF81F, 0xF81F, 0xF81F, 0xF81F, 0xF81F, 0xF81F, 0xF81F, 0xF81F, 0xF81F, 0xF81F, 0xF81F,
    0xF81F, 0xF81F, 0xF81F, 0xF81F, 0xF81F, 0xF81F, 0xF81F, 0xF81F, 0x006A, 0xFE1D, 0xFE1D, 0xFE1D,
    0xFE1D, 0xFE1D, 0xFE1D, 0xFE1D, 0xFE1D, 0x006A, 0xFE1D, 0x006A, 0xF81F, 0xF81F, 0xF81F, 0xF81F,
    0xF81F, 0xF81F, 0xF81F, 0xF81F, 0xF81F, 0xF81F, 0xF81F, 0xF81F, 0xF81F, 0xF81F, 0xF81F, 0xF81F,
    0xF81F, 0xF81F, 0xF81F, 0xF81F, 0xF81F, 0xF81F, 0xF81F, 0xF81F, 0xF81F, 0xF81F, 0xF81F, 0xF81F,
    0xF81F, 0xF81F, 0xF81F, 0xF81F, 0xF81F, 0xF81F, 0xF81F, 0xF81F, 0xF81F, 0xF81F, 0xF81F, 0xF81F,
    0xF81F, 0xF81F, 0xF81F, 0xF81F, 0xF81F, 0xF81F, 0xF81F, 0xF81F, 0x006A, 0xFE1D, 0xFE1D, 0xFE1D,
    0xFE1D, 0xFE1D, 0xFE1D, 0xFE1D, 0xFE1D, 0xFE1D, 0x006A, 0x006A, 0xF81F, 0xF81F, 0xF81F, 0xF81F,
    0xF81F, 0xF81F, 0xF81F, 0xF81F, 0xF81F, 0xF81F, 0xF81F, 0xF81F, 0xF81F, 0xF81F, 0xF81F, 0xF81F,
    0xF81F, 0xF81F, 0xF81F, 0xF81F, 0xF81F, 0xF81F, 0xF81F, 0xF81F, 0xF81F, 0xF81F, 0xF81F, 0xF81F,
    0xF81F, 0xF81F, 0xF81F, 0xF81F, 0xF81F, 0xF81F, 0xF81F, 0xF81F, 0xF81F, 0xF81F, 0xF81F, 0xF81F,
    0xF81F, 0xF81F, 0xF81F, 0xF81F, 0xF81F, 0xF81F, 0xF81F, 0xF81F, 0x006A, 0xFE1D, 0xFE1D, 0xFE1D,
    0xFE1D, 0xFE1D, 0xFE1D, 0xFE1D, 0xFE1D, 0xFE1D, 0xFE1D, 0x006A, 0xF81F, 0xF81F, 0xF81F, 0xF81F,
    0xF81F, 0xF81F, 0xF81F, 0xF81F, 0xF81F, 0xF81F, 0xF81F, 0xF81F, 0xF81F, 0xF81F, 0xF81F, 0xF81F,
    0xF81F, 0xF81F, 0xF81F, 0xF81F, 0xF81F, 0xF81F, 0xF81F, 0xF81F, 0xF81F, 0xF81F, 0xF81F, 0xF81F,
    0xF81F, 0xF81F, 0xF81F, 0xF81F, 0xF81F, 0xF81F, 0xF81F, 0xF81F, 0xF81F, 0xF81F, 0xF81F, 0xF81F,
    0xF81F, 0xF81F, 0xF81F, 0xF81F, 0xF81F, 0xF81F, 0xF81F, 0xF81F, 0xF81F, 0x006A, 0xFE1D, 0xFE1D,
    0xFE1D, 0xFE1D, 0xFE1D, 0xFE1D, 0xFE1D, 0xFE1D, 0x006A, 0xF81F, 0xF81F, 0xF81F, 0xF81F, 0xF81F,
    0xF81F, 0xF81F, 0xF81F, 0xF81F, 0xF81F, 0xF81F, 0xF81F, 0xF81F, 0xF81F, 0xF81F, 0xF81F, 0xF81F,
    0xF81F, 0xF81F, 0xF81F, 0xF81F, 0xF81F, 0xF81F, 0xF81F, 0xF81F, 0xF81F, 0xF81F, 0xF81F, 0xF81F,
    0xF81F, 0xF81F, 0xF81F, 0xF81F, 0xF81F, 0xF81F, 0xF81F, 0xF81F, 0xF81F, 0xF81F, 0xF81F, 0xF81F,
    0xF81F, 0xF81F, 0xF81F, 0xF81F, 0xF81F, 0xF81F, 0xF81F, 0xF81F, 0xF81F, 0x006A, 0xFE1D, 0xFE1D,
    0xFE1D, 0xFE1D, 0xFE1D, 0xFE1D, 0xFE1D, 0xFE1D, 0x006A, 0xF81F, 0xF81F, 0xF81F, 0xF81F, 0xF81F,
    0xF81F, 0xF81F, 0xF81F, 0xF81F, 0xF81F, 0xF81F, 0xF81F, 0xF81F, 0xF81F, 0xF81F, 0xF81F, 0xF81F,
    0xF81F, 0xF81F, 0xF81F, 0xF81F, 0xF81F, 0xF81F, 0xF81F, 0xF81F, 0xF81F, 0xF81F, 0xF81F, 0xF81F,
    0xF81F, 0xF81F, 0xF81F, 0xF81F, 0xF81F, 0xF81F, 0xF81F, 0xF81F, 0xF81F, 0xF81F, 0xF81F, 0xF81F,
    0xF81F, 0xF81F, 0xF81F, 0xF81F, 0xF81F, 0xF81F, 0xF81F, 0xF81F, 0xF81F, 0x006A, 0xFE1D, 0xFE1D,
    0xFE1D, 0xFE1D, 0xFE1D, 0xFE1D, 0xFE1D, 0xFE1D, 0x006A, 0xF81F, 0xF81F, 0xF81F, 0xF81F, 0xF81F,
    0xF81F, 0xF81F, 0xF81F, 0xF81F, 0xF81F, 0xF81F, 0xF81F, 0xF81F, 0xF81F, 0xF81F, 0xF81F, 0xF81F,
    0xF81F, 0xF81F, 0xF81F, 0xF81F, 0xF81F, 0xF81F, 0xF81F, 0xF81F, 0xF81F, 0xF81F, 0xF81F, 0xF81F,
    0xF81F, 0xF81F, 0xF81F, 0xF81F, 0xF81F, 0xF81F, 0xF81F, 0xF81F, 0xF81F, 0xF81F, 0xF81F, 0xF81F,
    0xF81F, 0xF81F, 0xF81F, 0xF81F, 0xF81F, 0xF81F, 0xF81F, 0xF81F, 0xF81F, 0xF81F, 0x006A, 0xFE1D,
    0xFE1D, 0xFE1D, 0xFE1D, 0xFE1D, 0xFE1D, 0x006A, 0xF81F, 0xF81F, 0xF81F, 0xF81F, 0xF81F, 0xF81F,
    0xF81F, 0xF81F, 0xF81F, 0xF81F, 0xF81F, 0xF81F, 0xF81F, 0xF81F, 0xF81F, 0xF81F, 0xF81F, 0xF81F,
    0xF81F, 0xF81F, 0xF81F, 0xF81F, 0xF81F, 0xF81F, 0xF81F, 0xF81F, 0xF81F, 0xF81F, 0xF81F, 0xF81F,
    0xF81F, 0xF81F, 0xF81F, 0xF81F, 0xF81F, 0xF81F, 0xF81F, 0xF81F, 0xF81F, 0xF81F, 0xF81F, 0xF81F,
    0xF81F, 0xF81F, 0xF81F, 0xF81F, 0xF81F, 0xF81F, 0xF81F, 0xF81F, 0xF81F, 0xF81F, 0xF81F, 0x006A,
    0x006A, 0x006A, 0x006A, 0x006A, 0x006A, 0xF81F, 0xF81F, 0xF81F, 0xF81F, 0xF81F, 0xF81F, 0xF81F,
    0xF81F, 0xF81F, 0xF81F, 0xF81F, 0xF81F, 0xF81F, 0xF81F, 0xF81F, 0xF81F, 0xF81F, 0xF81F, 0xF81F,
    0xF81F, 0xF81F, 0xF81F, 0xF81F, 0xF81F, 0xF81F, 0xF81F, 0xF81F, 0xF81F, 0xF81F, 0xF81F, 0xF81F,
    0xF81F, 0xF81F, 0xF81F, 0xF81F, 0xF81F, 0xF81F, 0xF81F, 0xF81F, 0xF81F, 0xF81F, 0xF81F, 0xF81F,
    0xF81F, 0xF81F, 0xF81F, 0xF81F, 0xF81F, 0xF81F, 0xF81F, 0xF81F, 0xF81F, 0xF81F, 0xF81F, 0xF81F,
    0xF81F, 0xF81F, 0xF81F, 0xF81F, 0xF81F, 0xF81F, 0xF81F, 0xF81F, 0xF81F, 0xF81F, 0xF81F, 0xF81F,
    0xF81F, 0xF81F, 0xF81F, 0xF81F, 0xF81F, 0xF81F, 0xF81F, 0xF81F, 0xF81F, 0xF81F, 0xF81F, 0xF81F,
    0xF81F, 0xF81F, 0xF81F, 0xF81F, 0xF81F, 0xF81F, 0xF81F, 0xF81F, 0xF81F, 0xF81F, 0xF81F, 0xF81F,
    0xF81F, 0xF81F, 0xF81F, 0xF81F, 0xF81F, 0xF81F, 0xF81F, 0xF81F, 0xF81F, 0xF81F, 0xF81F, 0xF81F,
    0xF81F, 0xF81F, 0xF81F, 0xF81F, 0xF81F, 0xF81F, 0xF81F, 0xF81F, 0xF81F, 0xF81F, 0xF81F, 0xF81F,
    0xF81F, 0xF81F, 0xF81F, 0xF81F, 0xF81F, 0xF81F, 0xF81F, 0xF81F, 0xF81F, 0xF81F, 0xF81F, 0xF81F,
    0xF81F, 0xF81F, 0xF81F, 0xF81F, 0xF81F, 0xF81F, 0xF81F, 0xF81F, 0xF81F, 0xF81F, 0xF81F, 0xF81F,
    0xF81F, 0xF81F, 0xF81F, 0xF81F, 0xF81F, 0xF81F, 0xF81F, 0xF81F, 0xF81F, 0xF81F, 0xF81F, 0xF81F,
    0xF81F, 0xF81F, 0xF81F, 0xF81F, 0xF81F, 0xF81F, 0xF81F, 0xF81F, 0xF81F, 0xF81F, 0xF81F, 0xF81F,
    0xF81F, 0xF81F, 0xF81F, 0xF81F, 0xF81F, 0xF81F, 0xF81F, 0xF81F, 0xF81F, 0xF81F, 0xF81F, 0xF81F,
    0xF81F, 0xF81F, 0xF81F, 0xF81F, 0xF81F, 0xF81F, 0xF81F, 0xF81F, 0xF81F, 0xF81F, 0xF81F, 0xF81F,
    0xF81F, 0xF81F, 0xF81F, 0xF81F, 0xF81F, 0xF81F, 0xF81F, 0xF81F, 0xF81F, 0xF81F, 0xF81F, 0xF81F,
    0xF81F, 0xF81F, 0xF81F, 0xF81F, 0xF81F, 0xF81F, 0xF81F, 0xF81F, 0xF81F, 0xF81F, 0xF81F, 0xF81F,
    0xF81F, 0xF81F, 0xF81F, 0xF81F, 0xF81F, 0xF81F, 0xF81F, 0xF81F, 0xF81F, 0xF81F, 0xF81F, 0xF81F,
    0xF81F, 0xF81F, 0xF81F, 0xF81F, 0xF81F, 0xF81F, 0xF81F, 0xF81F, 0xF81F, 0xF81F, 0xF81F, 0xF81F,
    0xF81F, 0xF81F, 0xF81F, 0xF81F, 0xF81F, 0xF81F, 0xF81F, 0xF81F, 0xF81F, 0xF81F, 0xF81F, 0xF81F,
    0xF81F, 0xF81F, 0xF81F, 0xF81F, 0xF81F, 0xF81F, 0xF81F, 0xF81F, 0xF81F, 0xF81F, 0xF81F, 0xF81F,
    0xF81F, 0xF81F, 0xF81F, 0xF81F, 0xF81F, 0xF81F, 0xF81F, 0xF81F, 0xF81F, 0xF81F, 0xF81F, 0xF81F,
    0xF81F, 0xF81F, 0xF81F, 0xF81F, 0xF81F, 0xF81F, 0xF81F, 0xF81F, 0xF81F, 0xF81F, 0xF81F, 0xF81F,
    0xF81F, 0xF81F, 0xF81F, 0xF81F, 0xF81F, 0xF81F, 0xF81F, 0xF81F, 0xF81F, 0xF81F, 0xF81F, 0xF81F,
    0xF81F, 0xF81F, 0xF81F, 0xF81F, 0xF81F, 0xF81F, 0xF81F, 0xF81F, 0xF81F, 0xF81F, 0xF81F, 0xF81F,
    0xF81F, 0xF81F, 0xF81F, 0xF81F, 0xF81F, 0xF81F, 0xF81F, 0xF81F, 0xF81F, 0xF81F, 0xF81F, 0xF81F,
    0xF81F, 0xF81F, 0xF81F, 0xF81F, 0xF81F, 0xF81F, 0xF81F, 0xF81F, 0xF81F, 0xF81F, 0xF81F, 0xF81F,
    0xF81F, 0xF81F, 0xF81F, 0xF81F, 0xF81F, 0xF81F, 0xF81F, 0xF81F, 0xF81F, 0xF81F, 0xF81F, 0xF81F,
    0xF81F, 0xF81F, 0xF81F, 0xF81F, 0xF81F, 0xF81F, 0xF81F, 0xF81F, 0xF81F, 0xF81F, 0xF81F, 0xF81F,
    0xF81F, 0xF81F, 0xF81F, 0xF81F, 0xF81F, 0xF81F, 0xF81F, 0xF81F, 0xF81F, 0xF81F, 0xF81F, 0xF81F,
    0xF81F, 0xF81F, 0xF81F, 0xF81F, 0xF81F, 0xF81F, 0xF81F, 0xF81F, 0xF81F, 0xF81F, 0xF81F, 0xF81F,
    0xF81F, 0xF81F, 0xF81F, 0xF81F, 0xF81F, 0xF81F, 0xF81F, 0xF81F, 0xF81F, 0xF81F, 0xF81F, 0xF81F,
    0xF81F, 0xF81F, 0xF81F, 0xF81F, 0xF81F, 0xF81F, 0xF81F, 0xF81F, 0xF81F, 0xF81F, 0xF81F, 0xF81F,
    0xF81F, 0xF81F, 0xF81F, 0xF81F, 0xF81F, 0xF81F, 0xF81F, 0xF81F, 0xF81F, 0xF81F, 0xF81F, 0xF81F,
    0xF81F, 0xF81F, 0xF81F, 0xF81F, 0xF81F, 0xF81F, 0xF81F, 0xF81F, 0xF81F, 0xF81F, 0xF81F, 0xF81F,
    0xF81F, 0xF81F, 0xF81F, 0xF81F, 0xF81F, 0xF81F, 0xF81F, 0xF81F, 0xF81F, 0xF81F, 0xF81F, 0xF81F,
    0xF81F, 0xF81F, 0xF81F, 0xF81F, 0xF81F, 0xF81F, 0xF81F, 0xF81F, 0xF81F, 0xF81F, 0xF81F, 0xF81F,
    0xF81F, 0xF81F, 0xF81F, 0xF81F, 0xF81F, 0xF81F, 0xF81F, 0xF81F, 0xF81F, 0xF81F, 0xF81F, 0xF81F,
    0xF81F, 0xF81F, 0xF81F, 0xF81F, 0xF81F, 0xF81F, 0xF81F, 0xF81F, 0xF81F, 0xF81F, 0xF81F, 0xF81F,
    0xF81F, 0xF81F, 0xF81F, 0xF81F, 0xF81F, 0xF81F, 0xF81F, 0xF81F, 0xF81F, 0xF81F, 0xF81F, 0xF81F,
    0xF81F, 0xF81F, 0xF81F, 0xF81F, 0xF81F, 0xF81F, 0xF81F, 0xF81F, 0xF81F, 0xF81F, 0xF81F, 0xF81F,
    0xF81F, 0xF81F, 0xF81F, 0xF81F, 0xF81F, 0xF81F, 0xF81F, 0xF81F, 0xF81F, 0xF81F, 0xF81F, 0xF81F,
    0xF81F, 0xF81F, 0xF81F, 0xF81F, 0xF81F, 0xF81F, 0xF81F, 0xF81F, 0xF81F, 0xF81F, 0xF81F, 0xF81F,
    0xF81F, 0xF81F, 0xF81F, 0xF81F, 0xF81F, 0xF81F, 0xF81F, 0xF81F, 0xF81F, 0xF81F, 0xF81F, 0xF81F,
    0xF81F, 0xF81F, 0xF81F, 0xF81F, 0xF81F, 0xF81F, 0xF81F, 0xF81F, 0xF81F, 0xF81F, 0xF81F, 0xF81F,
    0xF81F, 0xF81F, 0xF81F, 0xF81F, 0xF81F, 0xF81F, 0xF81F, 0xF81F, 0xF81F, 0xF81F, 0xF81F, 0xF81F,
    0xF81F, 0xF81F, 0xF81F, 0xF81F, 0xF81F, 0xF81F, 0xF81F, 0xF81F, 0xF81F, 0xF81F, 0xF81F, 0xF81F
  },
  {
    0xF81F, 0xF81F, 0xF81F, 0xF81F, 0x006A, 0x006A, 0x006A, 0x006A, 0x006A, 0xF81F, 0xF81F, 0xF81F,
    0xF81F, 0xF81F, 0xF81F, 0xF81F, 0xF81F, 0xF81F, 0xF81F, 0xF81F, 0xF81F, 0xF81F, 0xF81F, 0xF81F,
    0xF81F, 0xF81F, 0xF81F, 0xF81F, 0xF81F, 0xF81F, 0xF81F, 0xF81F, 0xF81F, 0xF81F, 0xF81F, 0x006A,
    0x006A, 0x006A, 0xF81F, 0xF81F, 0xF81F, 0xF81F, 0xF81F, 0xF81F, 0xF81F, 0xF81F, 0xF81F, 0xF81F,
    0xF81F, 0xF81F, 0xF81F, 0xF81F, 0xF81F, 0xF81F, 0xF81F, 0xF81F, 0xF81F, 0xF81F, 0xF81F, 0xF81F,
    0xF81F, 0xF81F, 0xF81F, 0x006A, 0x006A, 0x006A, 0x006A, 0x006A, 0x006A, 0x006A, 0xF81F, 0xF81F,
    0xF81F, 0xF81F, 0xF81F, 0xF81F, 0xF81F, 0xF81F, 0xF81F, 0xF81F, 0xF81F, 0xF81F, 0xF81F, 0xF81F,
    0xF81F, 0xF81F, 0xF81F, 0xF81F, 0xF81F, 0xF81F, 0xF81F, 0xF81F, 0xF81F, 0xF81F, 0x006A, 0x006A,
    0x006A, 0x006A, 0x006A, 0xF81F, 0xF81F, 0xF81F, 0xF81F, 0xF81F, 0xF81F, 0xF81F, 0xF81F, 0xF81F,
    0xF81F, 0xF81F, 0xF81F, 0xF81F, 0xF81F, 0xF81F, 0xF81F, 0xF81F, 0xF81F, 0xF81F, 0xF81F, 0xF81F,
    0xF81F, 0xF81F, 0xF81F, 0x006A, 0x006A, 0x006A, 0x006A, 0x006A, 0x006A, 0x006A, 0x006A, 0xF81F,
    0xF81F, 0xF81F, 0xF81F, 0xF81F, 0xF81F, 0xF81F, 0xF81F, 0xF81F, 0xF81F, 0xF81F, 0xF81F, 0xF81F,
    0xF81F, 0xF81F, 0xF81F, 0xF81F, 0xF81F, 0xF81F, 0xF81F, 0xF81F, 0xF81F, 0x006A, 0x006A, 0x006A,
    0x006A, 0x006A, 0x006A, 0x006A, 0xF81F, 0xF81F, 0xF81F, 0xF81F, 0xF81F, 0xF81F, 0xF81F, 0xF81F,
    0xF81F, 0xF81F, 0xF81F, 0xF81F, 0xF81F, 0xF81F, 0xF81F, 0xF81F, 0xF81F, 0xF81F, 0xF81F, 0xF81F,
    0xF81F, 0xF81F, 0xF81F, 0x006A, 0x006A, 0x006A, 0x006A, 0x006A, 0x006A, 0x006A, 0x006A, 0x006A,
    0xF81F, 0xF81F, 0xF81F, 0xF81F, 0xF81F, 0xF81F, 0xF81F, 0xF81F, 0xF81F, 0xF81F, 0xF81F, 0xF81F,
    0xF81F, 0xF81F, 0xF81F, 0xF81F, 0xF81F, 0xF81F, 0xF81F, 0xF81F, 0xF81F, 0x006A, 0x006A, 0x006A,
    0x006A, 0x006A, 0x006A, 0x006A, 0xF81F, 0xF81F, 0xF81F, 0xF81F, 0xF81F, 0xF81F, 0xF81F, 0xF81F,
    0xF81F, 0xF81F, 0xF81F, 0xF81F, 0xF81F, 0xF81F, 0xF81F, 0xF81F, 0xF81F, 0xF81F, 0xF81F, 0xF81F,
    0xF81F, 0xF81F, 0xF81F, 0x006A, 0x006A, 0x006A, 0x006A, 0x006A, 0x006A, 0x006A, 0x006A, 0x006A,
    0x006A, 0xF81F, 0xF81F, 0xF81F, 0xF81F, 0xF81F, 0xF81F, 0xF81F, 0xF81F, 0xF81F, 0xF81F, 0xF81F,
    0xF81F, 0xF81F, 0xF81F, 0xF81F, 0xF81F, 0xF81F, 0xF81F, 0xF81F, 0xF81F, 0x006A, 0x006A, 0x006A,
    0x006A, 0x006A, 0x006A, 0x006A, 0xF81F, 0xF81F, 0xF81F, 0xF81F, 0xF81F, 0xF81F, 0xF81F, 0xF81F,
    0xF81F, 0xF81F, 0xF81F, 0xF81F, 0xF81F, 0xF81F, 0xF81F, 0xF81F, 0xF81F, 0xF81F, 0xF81F, 0xF81F,
    0xF81F, 0xF81F, 0xF81F, 0xF81F, 0x006A, 0x006A, 0x006A, 0x006A, 0x006A, 0x006A, 0x006A, 0x006A,
    0x006A, 0xF81F, 0xF81F, 0xF81F, 0xF81F, 0xF81F, 0xF81F, 0xF81F, 0xF81F, 0xF81F, 0xF81F, 0xF81F,
    0xF81F, 0xF81F, 0xF81F, 0xF81F, 0xF81F, 0xF81F, 0xF81F, 0xF81F, 0xF81F, 0x006A, 0x006A, 0x006A,
    0x006A, 0x006A, 0x006A, 0x006A, 0x006A, 0xF81F, 0xF81F, 0xF81F, 0xF81F, 0xF81F, 0xF81F, 0xF81F,
    0xF81F, 0xF81F, 0xF81F, 0xF81F, 0xF81F, 0xF81F, 0xF81F, 0xF81F, 0xF81F, 0xF81F, 0xF81F, 0xF81F,
    0xF81F, 0xF81F, 0xF81F, 0xF81F, 0x006A, 0x006A, 0x006A, 0x006A, 0x006A, 0x006A, 0x006A, 0x006A,
    0x006A, 0x006A, 0xF81F, 0xF81F, 0xF81F, 0xF81F, 0xF81F, 0xF81F, 0xF81F, 0xF81F, 0xF81F, 0xF81F,
    0xF81F, 0xF81F, 0xF81F, 0xF81F, 0xF81F, 0xF81F, 0xF81F, 0xF81F, 0xF81F, 0xF81F, 0x006A, 0x006A,
    0x006A, 0x006A, 0x006A, 0x006A, 0x006A, 0xF81F, 0xF81F, 0xF81F, 0xF81F, 0xF81F, 0xF81F, 0xF81F,
    0xF81F, 0xF81F, 0xF81F, 0xF81F, 0xF81F, 0xF81F, 0xF81F, 0xF81F, 0xF81F, 0xF81F, 0xF81F, 0xF81F,
    0xF81F, 0xF81F, 0xF81F, 0xF81F, 0xF81F, 0x006A, 0x006A, 0x006A, 0x006A, 0x006A, 0x006A, 0x006A,
    0x006A, 0x006A, 0xF81F, 0xF81F, 0xF81F, 0xF81F, 0xF81F, 0xF81F, 0xF81F, 0xF81F, 0xF81F, 0xF81F,
    0xF81F, 0xF81F, 0xF81F, 0xF81F, 0xF81F, 0xF81F, 0xF81F, 0xF81F, 0xF81F, 0xF81F, 0x006A, 0x006A,
    0x006A, 0x006A, 0x006A, 0x006A, 0x006A, 0xF81F, 0xF81F, 0xF81F, 0xF81F, 0xF81F, 0xF81F, 0xF81F,
    0xF81F, 0xF81F, 0xF81F, 0xF81F, 0xF81F, 0xF81F, 0xF81F, 0xF81F, 0xF81F, 0xF81F, 0xF81F, 0xF81F,
    0xF81F, 0xF81F, 0xF81F, 0xF81F, 0xF81F, 0xF81F, 0x006A, 0x006A, 0x006A, 0x006A, 0x006A, 0x006A,
    0x006A, 0x006A, 0xF81F, 0xF81F, 0xF81F, 0xF81F, 0xF81F, 0xF81F, 0xF81F, 0xF81F, 0xF81F, 0xF81F,
    0xF81F, 0xF81F, 0xF81F, 0xF81F, 0xF81F, 0xF81F, 0xF81F, 0xF81F, 0xF81F, 0xF81F, 0x01B2, 0x01B2,
    0x006A, 0x006A, 0x006A, 0x006A, 0x006A, 0xF81F, 0xF81F, 0xF81F, 0xF81F, 0xF81F, 0xF81F, 0xF81F,
    0xF81F, 0xF81F, 0xF81F, 0xF81F, 0xF81F, 0xF81F, 0xF81F, 0xF81F, 0xF81F, 0xF81F, 0xF81F, 0xF81F,
    0xF81F, 0xF81F, 0xF81F, 0xF81F, 0xF81F, 0xF81F, 0xF81F, 0x01B2, 0x01B2, 0x006A, 0x006A, 0x006A,
    0x006A, 0x006A, 0xF81F, 0xF81F, 0xF81F, 0xF81F, 0xF81F, 0xF81F, 0xF81F, 0xF81F, 0xF81F, 0xF81F,
    0xF81F, 0xF81F, 0xF81F, 0xF81F, 0xF81F, 0xF81F, 0xF81F, 0xF81F, 0xF81F, 0xF81F, 0x006A, 0x006A,
    0x01B2, 0x006A, 0x006A, 0x006A, 0x006A, 0x006A, 0xF81F, 0xF81F, 0xF81F, 0xF81F, 0xF81F, 0xF81F,
    0xF81F, 0xF81F, 0xF81F, 0xF81F, 0xF81F, 0xF81F, 0xF81F, 0xF81F, 0xF81F, 0xF81F, 0xF81F, 0xF81F,
    0xF81F, 0xF81F, 0xF81F, 0xF81F, 0xF81F, 0xF81F, 0xF81F, 0x006A, 0x006A, 0x01B2, 0x006A, 0x006A,
    0x006A, 0x006A, 0xF81F, 0xF81F, 0xF81F, 0xF81F, 0xF81F, 0xF81F, 0xF81F, 0xF81F, 0xF81F, 0xF81F,
    0xF81F, 0xF81F, 0xF81F, 0xF81F, 0xF81F, 0xF81F, 0xF81F, 0xF81F, 0xF81F, 0x006A, 0x01B2, 0x006A,
    0x006A, 0x006A, 0x006A, 0x006A, 0x006A, 0x006A, 0xF81F, 0xF81F, 0xF81F, 0xF81F, 0xF81F, 0xF81F,
    0xF81F, 0xF81F, 0xF81F, 0xF81F, 0xF81F, 0xF81F, 0xF81F, 0xF81F, 0xF81F, 0xF81F, 0xF81F, 0xF81F,
    0xF81F, 0xF81F, 0xF81F, 0xF81F, 0xF81F, 0xF81F, 0xF81F, 0x006A, 0x006A, 0x006A, 0x006A, 0x006A,
    0x006A, 0x006A, 0xF81F, 0xF81F, 0xF81F, 0xF81F, 0xF81F, 0xF81F, 0xF81F, 0xF81F, 0xF81F, 0xF81F,
    0xF81F, 0xF81F, 0xF81F, 0xF81F, 0xF81F, 0xF81F, 0xF81F, 0xF81F, 0xF81F, 0x006A, 0x006A, 0x01B2,
    0x006A, 0x006A, 0x006A, 0x006A, 0x006A, 0x006A, 0xF81F, 0xF81F, 0xF81F, 0xF81F, 0xF81F, 0xF81F,
    0xF81F, 0xF81F, 0xF81F, 0xF81F, 0xF81F, 0xF81F, 0xF81F, 0xF81F, 0xF81F, 0xF81F, 0xF81F, 0xF81F,
    0xF81F, 0xF81F, 0xF81F, 0xF81F, 0xF81F, 0xF81F, 0xF81F, 0x01B2, 0x01B2, 0x006A, 0x006A, 0x006A,
    0x006A, 0x006A, 0xF81F, 0xF81F, 0xF81F, 0xF81F, 0xF81F, 0xF81F, 0xF81F, 0xF81F, 0xF81F, 0xF81F,
    0xF81F, 0xF81F, 0xF81F, 0xF81F, 0xF81F, 0xF81F, 0xF81F, 0xF81F, 0x006A, 0x01B2, 0x006A, 0x006A,
    0x006A, 0x006A, 0x006A, 0x006A, 0x006A, 0x006A, 0xF81F, 0xF81F, 0xF81F, 0xF81F, 0xF81F, 0xF81F,
    0xF81F, 0xF81F, 0xF81F, 0xF81F, 0xF81F, 0xF81F, 0xF81F, 0xF81F, 0xF81F, 0xF81F, 0xF81F, 0xF81F,
    0xF81F, 0xF81F, 0xF81F, 0xF81F, 0xF81F, 0xF81F, 0xF81F, 0x006A, 0x006A, 0x01B2, 0x006A, 0x006A,
    0x006A, 0x006A, 0xF81F, 0xF81F, 0xF81F, 0xF81F, 0xF81F, 0xF81F, 0xF81F, 0xF81F, 0xF81F, 0xF81F,
    0xF81F, 0xF81F, 0xF81F, 0xF81F, 0xF81F, 0xF81F, 0xF81F, 0x006A, 0x006A, 0x006A, 0x01B2, 0x006A,
    0x006A, 0x006A, 0x006A, 0x006A, 0x006A, 0xF81F, 0xF81F, 0xF81F, 0xF81F, 0xF81F, 0xF81F, 0xF81F,
    0xF81F, 0xF81F, 0xF81F, 0xF81F, 0xF81F, 0xF81F, 0xF81F, 0xF81F, 0xF81F, 0xF81F, 0xF81F, 0xF81F,
    0xF81F, 0xF81F, 0xF81F, 0xF81F, 0xF81F, 0xF81F, 0x006A, 0x006A, 0x006A, 0x006A, 0x006A, 0x006A,
    0x006A, 0xF81F, 0xF81F, 0xF81F, 0xF81F, 0xF81F, 0xF81F, 0xF81F, 0xF81F, 0xF81F, 0xF81F, 0xF81F,
    0xF81F, 0xF81F, 0xF81F, 0xF81F, 0xF81F, 0x01B2, 0x01B2, 0x01B2, 0x006A, 0x006A, 0x006A, 0x006A,
    0x006A, 0x006A, 0x006A, 0x006A, 0xF81F, 0xF81F, 0xF81F, 0xF81F, 0xF81F, 0xF81F, 0xF81F, 0xF81F,
    0xF81F, 0xF81F, 0xF81F, 0xF81F, 0xF81F, 0xF81F, 0xF81F, 0xF81F, 0xF81F, 0xF81F, 0xF81F, 0xF81F,
    0xF81F, 0xF81F, 0xF81F, 0xF81F, 0xF81F, 0xF81F, 0x01B2, 0x01B2, 0x01B2, 0x006A, 0x006A, 0x006A,
    0x006A, 0xF81F, 0xF81F, 0xF81F, 0xF81F, 0xF81F, 0xF81F, 0xF81F, 0xF81F, 0xF81F, 0xF81F, 0xF81F,
    0xF81F, 0xF81F, 0xF81F, 0xF81F, 0x01B2, 0x01B2, 0x01B2, 0x01B2, 0x01B2, 0x006A, 0x006A, 0x006A,
    0x006A, 0x006A, 0x006A, 0x006A, 0xF81F, 0xF81F, 0xF81F, 0xF81F, 0xF81F, 0xF81F, 0xF81F, 0xF81F,
    0xF81F, 0xF81F, 0xF81F, 0xF81F, 0xF81F, 0xF81F, 0xF81F, 0xF81F, 0xF81F, 0xF81F, 0xF81F, 0xF81F,
    0xF81F, 0xF81F, 0xF81F, 0xF81F, 0xF81F, 0xF81F, 0x006A, 0x006A, 0x006A, 0x01B2, 0x006A, 0x006A,
    0x006A, 0xF81F, 0xF81F, 0xF81F, 0xF81F, 0xF81F, 0xF81F, 0xF81F, 0xF81F, 0xF81F, 0xF81F, 0xF81F,
    0xF81F, 0xF81F, 0xF81F, 0x006A, 0x006A, 0x006A, 0x006A, 0x01B2, 0x01B2, 0x01B2, 0x006A, 0x006A,
    0x006A, 0x006A, 0x006A, 0xF81F, 0xF81F, 0xF81F, 0xF81F, 0xF81F, 0xF81F, 0xF81F, 0xF81F, 0xF81F,
    0xF81F, 0xF81F, 0xF81F, 0xF81F, 0xF81F, 0xF81F, 0xF81F, 0xF81F, 0xF81F, 0xF81F, 0xF81F, 0xF81F,
    0xF81F, 0xF81F, 0xF81F, 0xF81F, 0xF81F, 0x006A, 0x006A, 0x006A, 0x006A, 0x006A, 0x006A, 0x006A,
    0x006A, 0xF81F, 0xF81F, 0xF81F, 0xF81F, 0xF81F, 0xF81F, 0xF81F, 0xF81F, 0xF81F, 0xF81F, 0xF81F,
    0xF81F, 0xF81F, 0x006A, 0xFE1D, 0xFE1D, 0xFE1D, 0xFE1D, 0x006A, 0x01B2, 0x01B2, 0x01B2, 0x006A,
    0x006A, 0x006A, 0xF81F, 0xF81F, 0xF81F, 0xF81F, 0xF81F, 0xF81F, 0xF81F, 0xF81F, 0xF81F, 0xF81F,
    0xF81F, 0xF81F, 0xF81F, 0xF81F, 0xF81F, 0xF81F, 0xF81F, 0xF81F, 0xF81F, 0xF81F, 0xF81F, 0xF81F,
    0xF81F, 0xF81F, 0xF81F, 0xF81F, 0xF81F, 0x01B2, 0x01B2, 0x01B2, 0x01B2, 0x01B2, 0x006A, 0x006A,
    0xF81F, 0xF81F, 0xF81F, 0xF81F, 0xF81F, 0xF81F, 0xF81F, 0xF81F, 0xF81F, 0xF81F, 0xF81F, 0x006A,
    0x006A, 0x006A, 0xFE1D, 0xFE1D, 0xFE1D, 0xFE1D, 0xFE1D, 0xFE1D, 0x006A, 0x01B2, 0x01B2, 0x006A,
    0x006A, 0xF81F, 0xF81F, 0xF81F, 0xF81F, 0xF81F, 0xF81F, 0xF81F, 0xF81F, 0xF81F, 0xF81F, 0xF81F,
    0xF81F, 0xF81F, 0xF81F, 0xF81F, 0xF81F, 0xF81F, 0xF81F, 0xF81F, 0xF81F, 0xF81F, 0xF81F, 0xF81F,
    0xF81F, 0xF81F, 0xF81F, 0xF81F, 0x01B2, 0x01B2, 0x01B2, 0x01B2, 0x01B2, 0x01B2, 0x01B2, 0x006A,
    0xF81F, 0xF81F, 0xF81F, 0xF81F, 0xF81F, 0xF81F, 0xF81F, 0xF81F, 0xF81F, 0xF81F, 0x006A, 0xFE1D,
    0xFE1D, 0x006A, 0xFE1D, 0xFE1D, 0xFE1D, 0xFE1D, 0xFE1D, 0xFE1D, 0x006A, 0x01B2, 0x01B2, 0x006A,
    0xF81F, 0xF81F, 0xF81F, 0xF81F, 0xF81F, 0xF81F, 0xF81F, 0xF81F, 0xF81F, 0xF81F, 0xF81F, 0xF81F,
    0xF81F, 0xF81F, 0xF81F, 0xF81F, 0xF81F, 0xF81F, 0xF81F, 0xF81F, 0xF81F, 0xF81F, 0xF81F, 0xF81F,
    0xF81F, 0xF81F, 0xF81F, 0xF81F, 0x01B2, 0x006A, 0x006A, 0x006A, 0x006A, 0x01B2, 0x01B2, 0x01B2,
    0xF81F, 0xF81F, 0xF81F, 0xF81F, 0xF81F, 0xF81F, 0xF81F, 0xF81F, 0xF81F, 0x006A, 0xFE1D, 0xFE1D,
    0xFE1D, 0xFE1D, 0x006A, 0xFE1D, 0xFE1D, 0xFE1D, 0xFE1D, 0xFE1D, 0x006A, 0x01B2, 0x01B2, 0xF81F,
    0xF81F, 0xF81F, 0xF81F, 0xF81F, 0xF81F, 0xF81F, 0xF81F, 0xF81F, 0xF81F, 0xF81F, 0xF81F, 0xF81F,
    0xF81F, 0xF81F, 0xF81F, 0xF81F, 0xF81F, 0xF81F, 0xF81F, 0xF81F, 0xF81F, 0xF81F, 0xF81F, 0xF81F,
    0xF81F, 0xF81F, 0xF81F, 0xF81F, 0x006A, 0xFE1D, 0xFE1D, 0xFE1D, 0xFE1D, 0x006A, 0x01B2, 0x01B2,
    0xF81F, 0xF81F, 0xF81F, 0xF81F, 0xF81F, 0xF81F, 0xF81F, 0xF81F, 0xF81F, 0x006A, 0xFE1D, 0xFE1D,
    0xFE1D, 0xFE1D, 0xFE1D, 0xFE1D, 0xFE1D, 0xFE1D, 0xFE1D, 0xFE1D, 0x01B2, 0x01B2, 0xF81F, 0xF81F,
    0xF81F, 0xF81F, 0xF81F, 0xF81F, 0xF81F, 0xF81F, 0xF81F, 0xF81F, 0xF81F, 0xF81F, 0xF81F, 0xF81F,
    0xF81F, 0xF81F, 0xF81F, 0xF81F, 0xF81F, 0xF81F, 0xF81F, 0xF81F, 0xF81F, 0xF81F, 0xF81F, 0xF81F,
    0xF81F, 0xF81F, 0xF81F, 0x006A, 0xFE1D, 0xFE1D, 0xFE1D, 0xFE1D, 0xFE1D, 0xFE1D, 0x006A, 0x01B2,
    0xF81F, 0xF81F, 0xF81F, 0xF81F, 0xF81F, 0xF81F, 0xF81F, 0xF81F, 0xF81F, 0x006A, 0xFE1D, 0x006A,
    0xFE1D, 0xFE1D, 0xFE1D, 0xFE1D, 0xFE1D, 0xFE1D, 0xFE1D, 0x006A, 0xF81F, 0xF81F, 0xF81F, 0xF81F,
    0xF81F, 0xF81F, 0xF81F, 0xF81F, 0xF81F, 0xF81F, 0xF81F, 0xF81F, 0xF81F, 0xF81F, 0xF81F, 0xF81F,
    0xF81F, 0xF81F, 0xF81F, 0xF81F, 0xF81F, 0xF81F, 0xF81F, 0xF81F, 0xF81F, 0xF81F, 0xF81F, 0xF81F,
    0xF81F, 0xF81F, 0xF81F, 0x006A, 0xFE1D, 0xFE1D, 0xFE1D, 0xFE1D, 0xFE1D, 0xFE1D, 0xFE1D, 0x01B2,
    0xF81F, 0xF81F, 0xF81F, 0xF81F, 0xF81F, 0xF81F, 0xF81F, 0xF81F, 0xF81F, 0x006A, 0x006A, 0xFE1D,
    0xFE1D, 0xFE1D, 0xFE1D, 0xFE1D, 0xFE1D, 0x006A, 0x006A, 0xF81F, 0xF81F, 0xF81F, 0xF81F, 0xF81F,
    0xF81F, 0xF81F, 0xF81F, 0xF81F, 0xF81F, 0xF81F, 0xF81F, 0xF81F, 0xF81F, 0xF81F, 0xF81F, 0xF81F,
    0xF81F, 0xF81F, 0xF81F, 0xF81F, 0xF81F, 0xF81F, 0xF81F, 0xF81F, 0xF81F, 0xF81F, 0xF81F, 0xF81F,
    0xF81F, 0xF81F, 0x006A, 0xFE1D, 0xFE1D, 0xFE1D, 0xFE1D, 0xFE1D, 0xFE1D, 0xFE1D, 0xFE1D, 0x006A,
    0xF81F, 0xF81F, 0xF81F, 0xF81F, 0xF81F, 0xF81F, 0xF81F, 0xF81F, 0xF81F, 0x006A, 0xFE1D, 0xFE1D,
    0xFE1D, 0xFE1D, 0xFE1D, 0xFE1D, 0xFE1D, 0xFE1D, 0x006A, 0xF81F, 0xF81F, 0xF81F, 0xF81F, 0xF81F,
    0xF81F, 0xF81F, 0xF81F, 0xF81F, 0xF81F, 0xF81F, 0xF81F, 0xF81F, 0xF81F, 0xF81F, 0xF81F, 0xF81F,
    0xF81F, 0xF81F, 0xF81F, 0xF81F, 0xF81F, 0xF81F, 0xF81F, 0xF81F, 0xF81F, 0xF81F, 0xF81F, 0xF81F,
    0xF81F, 0xF81F, 0x006A, 0xFE1D, 0xFE1D, 0x006A, 0xFE1D, 0xFE1D, 0xFE1D, 0xFE1D, 0xFE1D, 0x006A,
    0xF81F, 0xF81F, 0xF81F, 0xF81F, 0xF81F, 0xF81F, 0xF81F, 0xF81F, 0x006A, 0xFE1D, 0xFE1D, 0xFE1D,
    0xFE1D, 0xFE1D, 0xFE1D, 0xFE1D, 0xFE1D, 0x006A, 0xFE1D, 0x006A, 0xF81F, 0xF81F, 0xF81F, 0xF81F,
    0xF81F, 0xF81F, 0xF81F, 0xF81F, 0xF81F, 0xF81F, 0xF81F, 0xF81F, 0xF81F, 0xF81F, 0xF81F, 0xF81F,
    0xF81F, 0xF81F, 0xF81F, 0xF81F, 0xF81F, 0xF81F, 0xF81F, 0xF81F, 0xF81F, 0xF81F, 0xF81F, 0xF81F,
    0xF81F, 0xF81F, 0x006A, 0xFE1D, 0xFE1D, 0xFE1D, 0x006A, 0xFE1D, 0xFE1D, 0xFE1D, 0x006A, 0xF81F,
    0xF81F, 0xF81F, 0xF81F, 0xF81F, 0xF81F, 0xF81F, 0xF81F, 0xF81F, 0x006A, 0xFE1D, 0xFE1D, 0xFE1D,
    0xFE1D, 0xFE1D, 0xFE1D, 0xFE1D, 0xFE1D, 0xFE1D, 0x006A, 0xFE1D, 0x006A, 0xF81F, 0xF81F, 0xF81F,
    0xF81F, 0xF81F, 0xF81F, 0xF81F, 0xF81F, 0xF81F, 0xF81F, 0xF81F, 0xF81F, 0xF81F, 0xF81F, 0xF81F,
    0xF81F, 0xF81F, 0xF81F, 0xF81F, 0xF81F, 0xF81F, 0xF81F, 0xF81F, 0xF81F, 0xF81F, 0xF81F, 0xF81F,
    0xF81F, 0xF81F, 0x006A, 0xFE1D, 0xFE1D, 0xFE1D, 0x006A, 0xFE1D, 0xFE1D, 0x006A, 0x006A, 0x006A,
    0x006A, 0x006A, 0xF81F, 0xF81F, 0xF81F, 0xF81F, 0xF81F, 0xF81F, 0x006A, 0xFE1D, 0xFE1D, 0xFE1D,
    0xFE1D, 0xFE1D, 0xFE1D, 0xFE1D, 0xFE1D, 0xFE1D, 0x006A, 0xFE1D, 0xFE1D, 0x006A, 0xF81F, 0xF81F,
    0xF81F, 0xF81F, 0xF81F, 0xF81F, 0xF81F, 0xF81F, 0xF81F, 0xF81F, 0xF81F, 0xF81F, 0xF81F, 0xF81F,
    0xF81F, 0xF81F, 0xF81F, 0xF81F, 0xF81F, 0xF81F, 0xF81F, 0xF81F, 0xF81F, 0xF81F, 0xF81F, 0xF81F,
    0xF81F, 0xF81F, 0x006A, 0xFE1D, 0xFE1D, 0xFE1D, 0x006A, 0xFE1D, 0xFE1D, 0xFE1D, 0xFE1D, 0xFE1D,
    0xFE1D, 0xFE1D, 0x006A, 0x006A, 0x006A, 0x006A, 0xF81F, 0xF81F, 0x006A, 0xFE1D, 0xFE1D, 0xFE1D,
    0xFE1D, 0xFE1D, 0xFE1D, 0xFE1D, 0xFE1D, 0xFE1D, 0xFE1D, 0x006A, 0xFE1D, 0x006A, 0xF81F, 0xF81F,
    0xF81F, 0xF81F, 0xF81F, 0xF81F, 0xF81F, 0xF81F, 0xF81F, 0xF81F, 0xF81F, 0xF81F, 0xF81F, 0xF81F,
    0xF81F, 0xF81F, 0xF81F, 0xF81F, 0xF81F, 0xF81F, 0xF81F, 0xF81F, 0xF81F, 0xF81F, 0xF81F, 0xF81F,
    0xF81F, 0xF81F, 0xF81F, 0x006A, 0xFE1D, 0xFE1D, 0xFE1D, 0xFE1D, 0xFE1D, 0xFE1D, 0xFE1D, 0xFE1D,
    0xFE1D, 0xFE1D, 0xFE1D, 0xFE1D, 0xFE1D, 0xFE1D, 0x006A, 0x006A, 0x006A, 0xFE1D, 0xFE1D, 0xFE1D,
    0xFE1D, 0xFE1D, 0xFE1D, 0xFE1D, 0xFE1D, 0xFE1D, 0xFE1D, 0x006A, 0xFE1D, 0xFE1D, 0x006A, 0xF81F,
    0xF81F, 0xF81F, 0xF81F, 0xF81F, 0xF81F, 0xF81F, 0xF81F, 0xF81F, 0xF81F, 0xF81F, 0xF81F, 0xF81F,
    0xF81F, 0xF81F, 0xF81F, 0xF81F, 0xF81F, 0xF81F, 0xF81F, 0xF81F, 0xF81F, 0xF81F, 0xF81F, 0xF81F,
    0xF81F, 0xF81F, 0xF81F, 0x006A, 0xFE1D, 0xFE1D, 0xFE1D, 0xFE1D, 0xFE1D, 0xFE1D, 0xFE1D, 0xFE1D,
    0xFE1D, 0xFE1D, 0xFE1D, 0xFE1D, 0xFE1D, 0xFE1D, 0xFE1D, 0xFE1D, 0x006A, 0xFE1D, 0xFE1D, 0xFE1D,
    0xFE1D, 0xFE1D, 0xFE1D, 0xFE1D, 0xFE1D, 0xFE1D, 0xFE1D, 0xFE1D, 0x006A, 0xFE1D, 0x006A, 0xF81F,
    0xF81F, 0xF81F, 0xF81F, 0xF81F, 0xF81F, 0xF81F, 0xF81F, 0xF81F, 0xF81F, 0xF81F, 0xF81F, 0xF81F,
    0xF81F, 0xF81F, 0xF81F, 0xF81F, 0xF81F, 0xF81F, 0xF81F, 0xF81F, 0xF81F, 0xF81F, 0xF81F, 0xF81F,
    0xF81F, 0xF81F, 0xF81F, 0xF81F, 0x006A, 0xFE1D, 0xFE1D, 0xFE1D, 0xFE1D, 0xFE1D, 0xFE1D, 0xFE1D,
    0x006A, 0x006A, 0xFE1D, 0xFE1D, 0xFE1D, 0xFE1D, 0xFE1D, 0xFE1D, 0xFE1D, 0x006A, 0xFE1D, 0xFE1D,
    0xFE1D, 0xFE1D, 0xFE1D, 0xFE1D, 0xFE1D, 0xFE1D, 0xFE1D, 0xFE1D, 0x006A, 0xFE1D, 0xFE1D, 0x006A,
    0xF81F, 0xF81F, 0xF81F, 0xF81F, 0xF81F, 0xF81F, 0xF81F, 0xF81F, 0xF81F, 0xF81F, 0xF81F, 0xF81F,
    0xF81F, 0xF81F, 0xF81F, 0xF81F, 0xF81F, 0xF81F, 0xF81F, 0xF81F, 0xF81F, 0xF81F, 0xF81F, 0xF81F,
    0xF81F, 0xF81F, 0xF81F, 0xF81F, 0xF81F, 0x006A, 0xFE1D, 0xFE1D, 0xFE1D, 0xFE1D, 0xFE1D, 0xFE1D,
    0xFE1D, 0xFE1D, 0x006A, 0x006A, 0xFE1D, 0xFE1D, 0xFE1D, 0xFE1D, 0xFE1D, 0x006A, 0xFE1D, 0xFE1D,
    0xFE1D, 0xFE1D, 0xFE1D, 0xFE1D, 0xFE1D, 0xFE1D, 0xFE1D, 0xFE1D, 0x006A, 0xFE1D, 0xFE1D, 0x006A,
    0xF81F, 0xF81F, 0xF81F, 0xF81F, 0xF81F, 0xF81F, 0xF81F, 0xF81F, 0xF81F, 0xF81F, 0xF81F, 0xF81F,
    0xF81F, 0xF81F, 0xF81F, 0xF81F, 0xF81F, 0xF81F, 0xF81F, 0xF81F, 0xF81F, 0xF81F, 0xF81F, 0xF81F,
    0xF81F, 0xF81F, 0xF81F, 0xF81F, 0xF81F, 0x006A, 0xFE1D, 0xFE1D, 0xFE1D, 0xFE1D, 0xFE1D, 0xFE1D,
    0xFE1D, 0xFE1D, 0xFE1D, 0xFE1D, 0x006A, 0xFE1D, 0xFE1D, 0xFE1D, 0xFE1D, 0x006A, 0xFE1D, 0xFE1D,
    0xFE1D, 0xFE1D, 0xFE1D, 0xFE1D, 0xFE1D, 0xFE1D, 0xFE1D, 0xFE1D, 0x006A, 0xFE1D, 0xFE1D, 0x006A,
    0xF81F, 0xF81F, 0xF81F, 0xF81F, 0xF81F, 0xF81F, 0xF81F, 0xF81F, 0xF81F, 0xF81F, 0xF81F, 0xF81F,
    0xF81F, 0xF81F, 0xF81F, 0xF81F, 0xF81F, 0xF81F, 0xF81F, 0xF81F, 0xF81F, 0xF81F, 0xF81F, 0xF81F,
    0xF81F, 0xF81F, 0xF81F, 0xF81F, 0xF81F, 0x006A, 0xFE1D, 0xFE1D, 0xFE1D, 0xFE1D, 0xFE1D, 0xFE1D,
    0xFE1D, 0xFE1D, 0xFE1D, 0xFE1D, 0xFE1D, 0x006A, 0xFE1D, 0xFE1D, 0xFE1D, 0xFE1D, 0x006A, 0xFE1D,
    0xFE1D, 0xFE1D, 0xFE1D, 0xFE1D, 0xFE1D, 0xFE1D, 0xFE1D, 0xFE1D, 0x006A, 0xFE1D, 0xFE1D, 0x006A,
    0xF81F, 0xF81F, 0xF81F, 0xF81F, 0xF81F, 0xF81F, 0xF81F, 0xF81F, 0xF81F, 0xF81F, 0xF81F, 0xF81F,
    0xF81F, 0xF81F, 0xF81F, 0xF81F, 0xF81F, 0xF81F, 0xF81F, 0xF81F, 0xF81F, 0xF81F, 0xF81F, 0xF81F,
    0xF81F, 0xF81F, 0xF81F, 0xF81F, 0xF81F, 0xF81F, 0x006A, 0xFE1D, 0xFE1D, 0xFE1D, 0xFE1D, 0xFE1D,
    0xFE1D, 0xFE1D, 0xFE1D, 0xFE1D, 0xFE1D, 0xFE1D, 0x006A, 0xFE1D, 0xFE1D, 0x006A, 0x006A, 0xFE1D,
    0xFE1D, 0xFE1D, 0xFE1D, 0xFE1D, 0xFE1D, 0xFE1D, 0xFE1D, 0xFE1D, 0xFE1D, 0xFE1D, 0xFE1D, 0xFE1D,
    0x006A, 0xF81F, 0xF81F, 0xF81F, 0xF81F, 0xF81F, 0xF81F, 0xF81F, 0xF81F, 0xF81F, 0xF81F, 0xF81F,
    0xF81F, 0xF81F, 0xF81F, 0xF81F, 0xF81F, 0xF81F, 0xF81F, 0xF81F, 0xF81F, 0xF81F, 0xF81F, 0xF81F,
    0xF81F, 0xF81F, 0xF81F, 0xF81F, 0xF81F, 0xF81F, 0x006A, 0xFE1D, 0xFE1D, 0xFE1D, 0xFE1D, 0xFE1D,
    0xFE1D, 0xFE1D, 0xFE1D, 0xFE1D, 0xFE1D, 0xFE1D, 0x006A, 0xFE1D, 0x006A, 0x01B2, 0x01B2, 0x006A,
    0xFE1D, 0xFE1D, 0xFE1D, 0xFE1D, 0xFE1D, 0xFE1D, 0xFE1D, 0xFE1D, 0xFE1D, 0xFE1D, 0xFE1D, 0xFE1D,
    0x006A, 0xF81F, 0xF81F, 0xF81F, 0xF81F, 0xF81F, 0xF81F, 0xF81F, 0xF81F, 0xF81F, 0xF81F, 0xF81F,
    0xF81F, 0xF81F, 0xF81F, 0xF81F, 0xF81F, 0xF81F, 0xF81F, 0xF81F, 0xF81F, 0xF81F, 0xF81F, 0xF81F,
    0xF81F, 0xF81F, 0xF81F, 0xF81F, 0xF81F, 0xF81F, 0xF81F, 0x006A, 0xFE1D, 0xFE1D, 0xFE1D, 0xFE1D,
    0xFE1D, 0xFE1D, 0xFE1D, 0xFE1D, 0xFE1D, 0xFE1D, 0xFE1D, 0xFE1D, 0x006A, 0x01B2, 0x01B2, 0x01B2,
    0x006A, 0xFE1D, 0xFE1D, 0xFE1D, 0xFE1D, 0xFE1D, 0xFE1D, 0xFE1D, 0xFE1D, 0xFE1D, 0xFE1D, 0xFE1D,
    0x006A, 0xF81F, 0xF81F, 0xF81F, 0xF81F, 0xF81F, 0xF81F, 0xF81F, 0xF81F, 0xF81F, 0xF81F, 0xF81F,
    0xF81F, 0xF81F, 0xF81F, 0xF81F, 0xF81F, 0xF81F, 0xF81F, 0xF81F, 0xF81F, 0xF81F, 0xF81F, 0xF81F,
    0xF81F, 0xF81F, 0xF81F, 0xF81F, 0xF81F, 0xF81F, 0xF81F, 0xF81F, 0x006A, 0xFE1D, 0xFE1D, 0xFE1D,
    0xFE1D, 0xFE1D, 0xFE1D, 0xFE1D, 0xFE1D, 0xFE1D, 0xFE1D, 0x006A, 0x01B2, 0x01B2, 0x01B2, 0x01B2,
    0x01B2, 0x006A, 0xFE1D, 0xFE1D, 0xFE1D, 0xFE1D, 0xFE1D, 0xFE1D, 0xFE1D, 0xFE1D, 0xFE1D, 0xFE1D,
    0x006A, 0xF81F, 0xF81F, 0xF81F, 0xF81F, 0xF81F, 0xF81F, 0xF81F, 0xF81F, 0xF81F, 0xF81F, 0xF81F,
    0xF81F, 0xF81F, 0xF81F, 0xF81F, 0xF81F, 0xF81F, 0xF81F, 0xF81F, 0xF81F, 0xF81F, 0xF81F, 0xF81F,
    0xF81F, 0xF81F, 0xF81F, 0xF81F, 0xF81F, 0xF81F, 0xF81F, 0xF81F, 0xF81F, 0x006A, 0xFE1D, 0xFE1D,
    0xFE1D, 0xFE1D, 0xFE1D, 0xFE1D, 0xFE1D, 0xFE1D, 0xFE1D, 0x006A, 0x01B2, 0x01B2, 0x01B2, 0x01B2,
    0x01B2, 0x01B2, 0x006A, 0x006A, 0x006A, 0xFE1D, 0xFE1D, 0xFE1D, 0xFE1D, 0xFE1D, 0xFE1D, 0xFE1D,
    0x006A, 0xF81F, 0xF81F, 0xF81F, 0xF81F, 0xF81F, 0xF81F, 0xF81F, 0xF81F, 0xF81F, 0xF81F, 0xF81F,
    0xF81F, 0xF81F, 0xF81F, 0xF81F, 0xF81F, 0xF81F, 0xF81F, 0xF81F, 0xF81F, 0xF81F, 0xF81F, 0xF81F,
    0xF81F, 0xF81F, 0xF81F, 0xF81F, 0xF81F, 0xF81F, 0xF81F, 0xF81F, 0xF81F, 0xF81F, 0x006A, 0xFE1D,
    0xFE1D, 0xFE1D, 0xFE1D, 0xFE1D, 0xFE1D, 0xFE1D, 0xFE1D, 0x006A, 0x01B2, 0x01B2, 0x01B2, 0x01B2,
    0x01B2, 0x01B2, 0x01B2, 0x006A, 0xFE1D, 0xFE1D, 0xFE1D, 0xFE1D, 0xFE1D, 0xFE1D, 0xFE1D, 0xFE1D,
    0x006A, 0xF81F, 0xF81F, 0xF81F, 0xF81F, 0xF81F, 0xF81F, 0xF81F, 0xF81F, 0xF81F, 0xF81F, 0xF81F,
    0xF81F, 0xF81F, 0xF81F, 0xF81F, 0xF81F, 0xF81F, 0xF81F, 0xF81F, 0xF81F, 0xF81F, 0xF81F, 0xF81F,
    0xF81F, 0xF81F, 0xF81F, 0xF81F, 0xF81F, 0xF81F, 0xF81F, 0xF81F, 0xF81F, 0xF81F, 0xF81F, 0x006A,
    0xFE1D, 0xFE1D, 0xFE1D, 0xFE1D, 0xFE1D, 0xFE1D, 0xFE1D, 0x006A, 0x01B2, 0x01B2, 0x01B2, 0x01B2,
    0x01B2, 0x01B2, 0x01B2, 0x01B2, 0x006A, 0x006A, 0x006A, 0xFE1D, 0xFE1D, 0xFE1D, 0xFE1D, 0xFE1D,
    0x006A, 0xF81F, 0xF81F, 0xF81F, 0xF81F, 0xF81F, 0xF81F, 0xF81F, 0xF81F, 0xF81F, 0xF81F, 0xF81F,
    0xF81F, 0xF81F, 0xF81F, 0xF81F, 0xF81F, 0xF81F, 0xF81F, 0xF81F, 0xF81F, 0xF81F, 0xF81F, 0xF81F,
    0xF81F, 0xF81F, 0xF81F, 0xF81F, 0xF81F, 0xF81F, 0xF81F, 0xF81F, 0xF81F, 0xF81F, 0xF81F, 0xF81F,
    0x006A, 0x006A, 0xFE1D, 0xFE1D, 0xFE1D, 0xFE1D, 0xFE1D, 0x006A, 0x01B2, 0x01B2, 0x01B2, 0x01B2,
    0x01B2, 0x01B2, 0x01B2, 0x01B2, 0x01B2, 0x01B2, 0x01B2, 0x006A, 0x006A, 0xFE1D, 0xFE1D, 0x006A,
    0xF81F, 0xF81F, 0xF81F, 0xF81F, 0xF81F, 0xF81F, 0xF81F, 0xF81F, 0xF81F, 0xF81F, 0xF81F, 0xF81F,
    0xF81F, 0xF81F, 0xF81F, 0xF81F, 0xF81F, 0xF81F, 0xF81F, 0xF81F, 0xF81F, 0xF81F, 0xF81F, 0xF81F,
    0xF81F, 0xF81F, 0xF81F, 0xF81F, 0xF81F, 0xF81F, 0xF81F, 0xF81F, 0xF81F, 0xF81F, 0xF81F, 0xF81F,
    0xF81F, 0xF81F, 0x006A, 0x006A, 0xFE1D, 0xFE1D, 0xFE1D, 0x006A, 0x01B2, 0x01B2, 0x01B2, 0x01B2,
    0x01B2, 0x01B2, 0x01B2, 0x01B2, 0x01B2, 0x01B2, 0x01B2, 0x01B2, 0x01B2, 0x006A, 0x006A, 0x006A,
    0xF81F, 0xF81F, 0xF81F, 0xF81F, 0xF81F, 0xF81F, 0xF81F, 0xF81F, 0xF81F, 0xF81F, 0xF81F, 0xF81F,
    0xF81F, 0xF81F, 0xF81F, 0xF81F, 0xF81F, 0xF81F, 0xF81F, 0xF81F, 0xF81F, 0xF81F, 0xF81F, 0xF81F,
    0xF81F, 0xF81F, 0xF81F, 0xF81F, 0xF81F, 0xF81F, 0xF81F, 0xF81F, 0xF81F, 0xF81F, 0xF81F, 0xF81F,
    0xF81F, 0xF81F, 0xF81F, 0xF81F, 0x006A, 0x006A, 0x006A, 0x01B2, 0x01B2, 0x01B2, 0x01B2, 0x01B2,
    0x01B2, 0x01B2, 0x01B2, 0x01B2, 0x01B2, 0x01B2, 0x01B2, 0x01B2, 0x01B2, 0x01B2, 0x01B2, 0x006A,
    0xF81F, 0xF81F, 0xF81F, 0xF81F, 0xF81F, 0xF81F, 0xF81F, 0xF81F, 0xF81F, 0xF81F, 0xF81F, 0xF81F,
    0xF81F, 0xF81F, 0xF81F, 0xF81F, 0xF81F, 0xF81F, 0xF81F, 0xF81F, 0xF81F, 0xF81F, 0xF81F, 0xF81F,
    0xF81F, 0xF81F, 0xF81F, 0xF81F, 0xF81F, 0xF81F, 0xF81F, 0xF81F, 0xF81F, 0xF81F, 0xF81F, 0xF81F,
    0xF81F, 0xF81F, 0xF81F, 0xF81F, 0xF81F, 0xF81F, 0x006A, 0x01B2, 0x01B2, 0x01B2, 0x01B2, 0x006A,
    0x006A, 0x006A, 0x006A, 0x006A, 0x006A, 0x006A, 0x006A, 0x006A, 0x01B2, 0x01B2, 0x006A, 0xF81F,
    0xF81F, 0xF81F, 0xF81F, 0xF81F, 0xF81F, 0xF81F, 0xF81F, 0xF81F, 0xF81F, 0xF81F, 0xF81F, 0xF81F,
    0xF81F, 0xF81F, 0xF81F, 0xF81F, 0xF81F, 0xF81F, 0xF81F, 0xF81F, 0xF81F, 0xF81F, 0xF81F, 0xF81F,
    0xF81F, 0xF81F, 0xF81F, 0xF81F, 0xF81F, 0xF81F, 0xF81F, 0xF81F, 0xF81F, 0xF81F, 0xF81F, 0xF81F,
    0xF81F, 0xF81F, 0xF81F, 0xF81F, 0xF81F, 0xF81F, 0xF81F, 0x006A, 0x01B2, 0x006A, 0x006A, 0xFE1D,
    0xFE1D, 0xFE1D, 0xFE1D, 0xFE1D, 0xFE1D, 0xFE1D, 0xFE1D, 0xFE1D, 0x006A, 0x006A, 0xF81F, 0xF81F,
    0xF81F, 0xF81F, 0xF81F, 0xF81F, 0xF81F, 0xF81F, 0xF81F, 0xF81F, 0xF81F, 0xF81F, 0xF81F, 0xF81F,
    0xF81F, 0xF81F, 0xF81F, 0xF81F, 0xF81F, 0xF81F, 0xF81F, 0xF81F, 0xF81F, 0xF81F, 0xF81F, 0xF81F,
    0xF81F, 0xF81F, 0xF81F, 0xF81F, 0xF81F, 0xF81F, 0xF81F, 0xF81F, 0xF81F, 0xF81F, 0xF81F, 0xF81F,
    0xF81F, 0xF81F, 0xF81F, 0xF81F, 0xF81F, 0xF81F, 0xF81F, 0xF81F, 0x006A, 0xFE1D, 0xFE1D, 0xFE1D,
    0xFE1D, 0x006A, 0xFE1D, 0xFE1D, 0xFE1D, 0xFE1D, 0xFE1D, 0x006A, 0xFE1D, 0xFE1D, 0x006A, 0xF81F,
    0xF81F, 0xF81F, 0xF81F, 0xF81F, 0xF81F, 0xF81F, 0xF81F, 0xF81F, 0xF81F, 0xF81F, 0xF81F, 0xF81F,
    0xF81F, 0xF81F, 0xF81F, 0xF81F, 0xF81F, 0xF81F, 0xF81F, 0xF81F, 0xF81F, 0xF81F, 0xF81F, 0xF81F,
    0xF81F, 0xF81F, 0xF81F, 0xF81F, 0xF81F, 0xF81F, 0xF81F, 0xF81F, 0xF81F, 0xF81F, 0xF81F, 0xF81F,
    0xF81F, 0xF81F, 0xF81F, 0x006A, 0x006A, 0x006A, 0x006A, 0x006A, 0x006A, 0xFE1D, 0xFE1D, 0xFE1D,
    0xFE1D, 0x006A, 0xFE1D, 0xFE1D, 0xFE1D, 0xFE1D, 0xFE1D, 0x006A, 0xFE1D, 0xFE1D, 0xFE1D, 0x006A,
    0xF81F, 0xF81F, 0xF81F, 0xF81F, 0xF81F, 0xF81F, 0xF81F, 0xF81F, 0xF81F, 0xF81F, 0xF81F, 0xF81F,
    0xF81F, 0xF81F, 0xF81F, 0xF81F, 0xF81F, 0xF81F, 0xF81F, 0xF81F, 0xF81F, 0xF81F, 0xF81F, 0xF81F,
    0xF81F, 0xF81F, 0xF81F, 0xF81F, 0xF81F, 0xF81F, 0xF81F, 0xF81F, 0xF81F, 0xF81F, 0xF81F, 0xF81F,
    0xF81F, 0xF81F, 0x006A, 0x028E, 0x028E, 0x028E, 0x028E, 0x028E, 0x028E, 0x006A, 0xFE1D, 0xFE1D,
    0xFE1D, 0x006A, 0xFE1D, 0xFE1D, 0x006A, 0xFE1D, 0xFE1D, 0x006A, 0xFE1D, 0x006A, 0x006A, 0xFE1D,
    0x006A, 0x006A, 0xF81F, 0xF81F, 0xF81F, 0xF81F, 0xF81F, 0xF81F, 0xF81F, 0xF81F, 0xF81F, 0xF81F,
    0xF81F, 0xF81F, 0xF81F, 0xF81F, 0xF81F, 0xF81F, 0xF81F, 0xF81F, 0xF81F, 0xF81F, 0xF81F, 0xF81F,
    0xF81F, 0xF81F, 0xF81F, 0xF81F, 0xF81F, 0xF81F, 0xF81F, 0xF81F, 0xF81F, 0xF81F, 0xF81F, 0xF81F,
    0xF81F, 0x006A, 0x028E, 0x028E, 0x028E, 0x028E, 0x028E, 0x028E, 0x028E, 0x006A, 0xFE1D, 0x006A,
    0xFE1D, 0x006A, 0xFE1D, 0xFE1D, 0x006A, 0xFE1D, 0xFE1D, 0x006A, 0xFE1D, 0xFE1D, 0xFE1D, 0x006A,
    0xFE1D, 0xFE1D, 0x006A, 0xF81F, 0xF81F, 0xF81F, 0xF81F, 0xF81F, 0xF81F, 0xF81F, 0xF81F, 0xF81F,
    0xF81F, 0xF81F, 0xF81F, 0xF81F, 0xF81F, 0xF81F, 0xF81F, 0xF81F, 0xF81F, 0xF81F, 0xF81F, 0xF81F,
    0xF81F, 0xF81F, 0xF81F, 0xF81F, 0xF81F, 0xF81F, 0xF81F, 0xF81F, 0xF81F, 0xF81F, 0xF81F, 0xF81F,
    0x006A, 0x028E, 0x028E, 0x028E, 0x028E, 0x028E, 0x028E, 0x028E, 0x006A, 0x006A, 0xFE1D, 0xFE1D,
    0x006A, 0xFE1D, 0x006A, 0x006A, 0xFE1D, 0xFE1D, 0xFE1D, 0x006A, 0x006A, 0x006A, 0x006A, 0x006A,
    0xFE1D, 0x006A, 0xFE1D, 0x006A, 0xF81F, 0xF81F, 0xF81F, 0xF81F, 0xF81F, 0xF81F, 0x006A, 0x006A,
    0x006A, 0x006A, 0xF81F, 0xF81F, 0xF81F, 0xF81F, 0xF81F, 0xF81F, 0xF81F, 0xF81F, 0xF81F, 0xF81F,
    0xF81F, 0xF81F, 0xF81F, 0xF81F, 0xF81F, 0xF81F, 0xF81F, 0xF81F, 0xF81F, 0xF81F, 0xF81F, 0xF81F,
    0x006A, 0x028E, 0x028E, 0x028E, 0x028E, 0x028E, 0x028E, 0x006A, 0x028E, 0x028E, 0x006A, 0xFE1D,
    0xFE1D, 0x006A, 0xFE1D, 0xFE1D, 0xFE1D, 0xFE1D, 0x006A, 0x006A, 0x028E, 0x028E, 0x028E, 0x028E,
    0x006A, 0x028E, 0x006A, 0xFE1D, 0x006A, 0xF81F, 0xF81F, 0xF81F, 0x006A, 0x006A, 0xFE1D, 0xFE1D,
    0xFE1D, 0xFE1D, 0x006A, 0xF81F, 0xF81F, 0xF81F, 0xF81F, 0xF81F, 0xF81F, 0xF81F, 0xF81F, 0xF81F,
    0xF81F, 0xF81F, 0xF81F, 0xF81F, 0xF81F, 0xF81F, 0xF81F, 0xF81F, 0xF81F, 0xF81F, 0xF81F, 0xF81F,
    0x006A, 0x028E, 0x028E, 0x028E, 0x028E, 0x028E, 0x028E, 0x006A, 0x028E, 0x028E, 0x006A, 0xFE1D,
    0xFE1D, 0x006A, 0xFE1D, 0xFE1D, 0xFE1D, 0xFE1D, 0x006A, 0x028E, 0x028E, 0x028E, 0x028E, 0x028E,
    0x006A, 0x028E, 0x028E, 0x006A, 0x006A, 0x006A, 0x006A, 0x006A, 0x028E, 0x006A, 0xFE1D, 0xFE1D,
    0xFE1D, 0xFE1D, 0xFE1D, 0x006A, 0xF81F, 0xF81F, 0xF81F, 0xF81F, 0xF81F, 0xF81F, 0xF81F, 0xF81F,
    0xF81F, 0xF81F, 0xF81F, 0xF81F, 0xF81F, 0xF81F, 0xF81F, 0xF81F, 0xF81F, 0xF81F, 0xF81F, 0xF81F,
    0x006A, 0x028E, 0x028E, 0x028E, 0x028E, 0x028E, 0x028E, 0x006A, 0x028E, 0x028E, 0x006A, 0xFE1D,
    0x006A, 0xFE1D, 0x006A, 0x006A, 0xFE1D, 0x006A, 0x006A, 0x028E, 0x028E, 0x028E, 0x028E, 0x028E,
    0x028E, 0x006A, 0x006A, 0x028E, 0x028E, 0x028E, 0x028E, 0x006A, 0x028E, 0x028E, 0x006A, 0xFE1D,
    0xFE1D, 0xFE1D, 0xFE1D, 0x006A, 0xF81F, 0xF81F, 0xF81F, 0xF81F, 0xF81F, 0xF81F, 0xF81F, 0xF81F,
    0xF81F, 0xF81F, 0xF81F, 0xF81F, 0xF81F, 0xF81F, 0xF81F, 0xF81F, 0xF81F, 0xF81F, 0xF81F, 0xF81F,
    0x006A, 0x028E, 0x028E, 0x028E, 0x028E, 0x028E, 0x028E, 0x006A, 0x028E, 0x006A, 0xFE1D, 0x006A,
    0xFE1D, 0x006A, 0xFE1D, 0xFE1D, 0xFE1D, 0x006A, 0x028E, 0x028E, 0x028E, 0x028E, 0x028E, 0x028E,
    0x028E, 0x028E, 0x028E, 0x028E, 0x028E, 0x028E, 0x028E, 0x028E, 0x006A, 0x028E, 0x006A, 0xFE1D,
    0xFE1D, 0xFE1D, 0xFE1D, 0x006A, 0xF81F, 0xF81F, 0xF81F, 0xF81F, 0xF81F, 0xF81F, 0xF81F, 0xF81F,
    0xF81F, 0xF81F, 0xF81F, 0xF81F, 0xF81F, 0xF81F, 0xF81F, 0xF81F, 0xF81F, 0xF81F, 0xF81F, 0xF81F,
    0x006A, 0x028E, 0x028E, 0x028E, 0x028E, 0x028E, 0x028E, 0x028E, 0x006A, 0x006A, 0xFE1D, 0x006A,
    0xFE1D, 0x006A, 0xFE1D, 0xFE1D, 0x006A, 0x028E, 0x028E, 0x028E, 0x028E, 0x028E, 0x028E, 0x028E,
    0x028E, 0x028E, 0x028E, 0x028E, 0x028E, 0x028E, 0x028E, 0x028E, 0x006A, 0x028E, 0x028E, 0x006A,
    0xFE1D, 0xFE1D, 0xFE1D, 0xFE1D, 0x006A, 0xF81F, 0xF81F, 0xF81F, 0xF81F, 0xF81F, 0xF81F, 0xF81F,
    0xF81F, 0xF81F, 0xF81F, 0xF81F, 0xF81F, 0xF81F, 0xF81F, 0xF81F, 0xF81F, 0xF81F, 0xF81F, 0xF81F,
    0xF81F, 0x006A, 0x028E, 0x028E, 0x028E, 0x028E, 0x028E, 0x028E, 0x028E, 0x006A, 0xFE1D, 0x006A,
    0xFE1D, 0xFE1D, 0xFE1D, 0x006A, 0x006A, 0x028E, 0x028E, 0x028E, 0x028E, 0x028E, 0x028E, 0x028E,
    0x028E, 0x028E, 0x028E, 0x028E, 0x028E, 0x028E, 0x028E, 0x028E, 0x028E, 0x006A, 0x028E, 0x006A,
    0xFE1D, 0xFE1D, 0xFE1D, 0xFE1D, 0x006A, 0xF81F, 0xF81F, 0xF81F, 0xF81F, 0xF81F, 0xF81F, 0xF81F,
    0xF81F, 0xF81F, 0xF81F, 0xF81F, 0xF81F, 0xF81F, 0xF81F, 0xF81F, 0xF81F, 0xF81F, 0xF81F, 0xF81F,
    0xF81F, 0x006A, 0x028E, 0x028E, 0x028E, 0x028E, 0x028E, 0x028E, 0x006A, 0xFE1D, 0xFE1D, 0x006A,
    0xFE1D, 0xFE1D, 0xFE1D, 0x006A, 0x006A, 0x028E, 0x028E, 0x028E, 0x028E, 0x028E, 0x028E, 0x028E,
    0x028E, 0x028E, 0x028E, 0x028E, 0x028E, 0x028E, 0x028E, 0x028E, 0x028E, 0x006A, 0x028E, 0x006A,
    0xFE1D, 0xFE1D, 0xFE1D, 0xFE1D, 0xFE1D, 0x006A, 0xF81F, 0xF81F, 0xF81F, 0xF81F, 0xF81F, 0xF81F,
    0xF81F, 0xF81F, 0xF81F, 0xF81F, 0xF81F, 0xF81F, 0xF81F, 0xF81F, 0xF81F, 0xF81F, 0xF81F, 0xF81F,
    0xF81F, 0xF81F, 0x006A, 0x006A, 0x028E, 0x028E, 0x028E, 0x028E, 0x006A, 0xFE1D, 0xFE1D, 0x006A,
    0xFE1D, 0xFE1D, 0x006A, 0xFE1D, 0x006A, 0x028E, 0x028E, 0x028E, 0x028E, 0x028E, 0x028E, 0x028E,
    0x028E, 0x028E, 0x028E, 0x028E, 0x028E, 0x028E, 0x028E, 0x028E, 0x028E, 0x006A, 0x028E, 0x006A,
    0xFE1D, 0xFE1D, 0x006A, 0xFE1D, 0xFE1D, 0x006A, 0xF81F, 0xF81F, 0xF81F, 0xF81F, 0xF81F, 0xF81F,
    0xF81F, 0xF81F, 0xF81F, 0xF81F, 0xF81F, 0xF81F, 0xF81F, 0xF81F, 0xF81F, 0xF81F, 0xF81F, 0xF81F,
    0xF81F, 0xF81F, 0xF81F, 0xF81F, 0x006A, 0x006A, 0x006A, 0x006A, 0xFE1D, 0xFE1D, 0xFE1D, 0xFE1D,
    0x006A, 0x006A, 0xFE1D, 0xFE1D, 0x006A, 0x028E, 0x028E, 0x028E, 0x028E, 0x028E, 0x028E, 0x028E,
    0x028E, 0x028E, 0x028E, 0x028E, 0x028E, 0x028E, 0x028E, 0x028E, 0x028E, 0x006A, 0x006A, 0x006A,
    0x006A, 0x006A, 0xFE1D, 0xFE1D, 0xFE1D, 0x006A, 0xF81F, 0xF81F, 0xF81F, 0xF81F, 0xF81F, 0xF81F,
    0xF81F, 0xF81F, 0xF81F, 0xF81F, 0xF81F, 0xF81F, 0xF81F, 0xF81F, 0xF81F, 0xF81F, 0xF81F, 0xF81F,
    0xF81F, 0xF81F, 0xF81F, 0xF81F, 0xF81F, 0xF81F, 0xF81F, 0x006A, 0xFE1D, 0xFE1D, 0xFE1D, 0xFE1D,
    0xFE1D, 0xFE1D, 0xFE1D, 0x006A, 0x028E, 0x006A, 0x028E, 0x028E, 0x028E, 0x028E, 0x028E, 0x028E,
    0x028E, 0x028E, 0x028E, 0x028E, 0x028E, 0x028E, 0x028E, 0x028E, 0x006A, 0x006A, 0xFE1D, 0xFE1D,
    0xFE1D, 0xFE1D, 0xFE1D, 0xFE1D, 0xFE1D, 0x006A, 0xF81F, 0xF81F, 0xF81F, 0xF81F, 0xF81F, 0xF81F,
    0xF81F, 0xF81F, 0xF81F, 0xF81F, 0xF81F, 0xF81F, 0xF81F, 0xF81F, 0xF81F, 0xF81F, 0xF81F, 0xF81F,
    0xF81F, 0xF81F, 0xF81F, 0xF81F, 0xF81F, 0xF81F, 0xF81F, 0x006A, 0x006A, 0x006A, 0xFE1D, 0xFE1D,
    0xFE1D, 0xFE1D, 0xFE1D, 0x006A, 0x028E, 0x006A, 0x028E, 0x028E, 0x028E, 0x028E, 0x028E, 0x028E,
    0x028E, 0x028E, 0x028E, 0x028E, 0x028E, 0x028E, 0x028E, 0x006A, 0x006A, 0xFE1D, 0xFE1D, 0xFE1D,
    0xFE1D, 0xFE1D, 0xFE1D, 0xFE1D, 0xFE1D, 0xFE1D, 0x006A, 0xF81F, 0xF81F, 0xF81F, 0xF81F, 0xF81F,
    0xF81F, 0xF81F, 0xF81F, 0xF81F, 0xF81F, 0xF81F, 0xF81F, 0xF81F, 0xF81F, 0xF81F, 0xF81F, 0xF81F,
    0xF81F, 0xF81F, 0xF81F, 0xF81F, 0xF81F, 0xF81F, 0x006A, 0xFE1D, 0xFE1D, 0xFE1D, 0x006A, 0xFE1D,
    0xFE1D, 0xFE1D, 0xFE1D, 0x006A, 0x028E, 0x028E, 0x006A, 0x028E, 0x028E, 0x028E, 0x028E, 0x028E,
    0x028E, 0x028E, 0x028E, 0x028E, 0x028E, 0x028E, 0x006A, 0x006A, 0xFE1D, 0xFE1D, 0xFE1D, 0xFE1D,
    0xFE1D, 0xFE1D, 0xFE1D, 0xFE1D, 0xFE1D, 0xFE1D, 0x006A, 0xF81F, 0xF81F, 0xF81F, 0xF81F, 0xF81F,
    0xF81F, 0xF81F, 0xF81F, 0xF81F, 0xF81F, 0xF81F, 0xF81F, 0xF81F, 0xF81F, 0xF81F, 0xF81F, 0xF81F,
    0xF81F, 0xF81F, 0xF81F, 0xF81F, 0xF81F, 0x006A, 0xFE1D, 0xFE1D, 0x006A, 0xFE1D, 0xFE1D, 0x006A,
    0xFE1D, 0xFE1D, 0x006A, 0xFE1D, 0x006A, 0x028E, 0x028E, 0x006A, 0x028E, 0x028E, 0x028E, 0x028E,
    0x028E, 0x028E, 0x028E, 0x028E, 0x028E, 0x006A, 0xFE1D, 0xFE1D, 0xFE1D, 0xFE1D, 0xFE1D, 0xFE1D,
    0xFE1D, 0xFE1D, 0xFE1D, 0xFE1D, 0xFE1D, 0xFE1D, 0x006A, 0xF81F, 0xF81F, 0xF81F, 0xF81F, 0xF81F,
    0xF81F, 0xF81F, 0xF81F, 0xF81F, 0xF81F, 0xF81F, 0xF81F, 0xF81F, 0xF81F, 0xF81F, 0xF81F, 0xF81F,
    0xF81F, 0xF81F, 0xF81F, 0xF81F, 0xF81F, 0x006A, 0xFE1D, 0xFE1D, 0xFE1D, 0xFE1D, 0xFE1D, 0x006A,
    0xFE1D, 0x006A, 0xFE1D, 0xFE1D, 0x006A, 0x028E, 0x028E, 0x028E, 0x006A, 0x028E, 0x028E, 0x028E,
    0x028E, 0x028E, 0x028E, 0x006A, 0x006A, 0xFE1D, 0x006A, 0xFE1D, 0xFE1D, 0xFE1D, 0xFE1D, 0xFE1D,
    0xFE1D, 0xFE1D, 0xFE1D, 0x006A, 0xFE1D, 0xFE1D, 0x006A, 0xF81F, 0xF81F, 0xF81F, 0xF81F, 0xF81F,
    0xF81F, 0xF81F, 0xF81F, 0xF81F, 0xF81F, 0xF81F, 0xF81F, 0xF81F, 0xF81F, 0xF81F, 0xF81F, 0xF81F,
    0xF81F, 0xF81F, 0xF81F, 0xF81F, 0x006A, 0xFE1D, 0xFE1D, 0xFE1D, 0xFE1D, 0xFE1D, 0xFE1D, 0xFE1D,
    0x006A, 0xFE1D, 0xFE1D, 0xFE1D, 0xFE1D, 0x006A, 0x006A, 0x006A, 0xFE1D, 0x006A, 0x006A, 0x006A,
    0x006A, 0x006A, 0x006A, 0xFE1D, 0xFE1D, 0x006A, 0x006A, 0xFE1D, 0xFE1D, 0xFE1D, 0xFE1D, 0xFE1D,
    0xFE1D, 0xFE1D, 0xFE1D, 0x006A, 0xFE1D, 0xFE1D, 0x006A, 0xF81F, 0xF81F, 0xF81F, 0xF81F, 0xF81F,
    0xF81F, 0xF81F, 0xF81F, 0xF81F, 0xF81F, 0xF81F, 0xF81F, 0xF81F, 0xF81F, 0xF81F, 0xF81F, 0xF81F,
    0xF81F, 0xF81F, 0xF81F, 0xF81F, 0x006A, 0xFE1D, 0xFE1D, 0xFE1D, 0xFE1D, 0xFE1D, 0xFE1D, 0xFE1D,
    0x006A, 0xFE1D, 0xFE1D, 0xFE1D, 0xFE1D, 0xFE1D, 0xFE1D, 0xFE1D, 0xFE1D, 0xFE1D, 0xFE1D, 0xFE1D,
    0xFE1D, 0xFE1D, 0xFE1D, 0xFE1D, 0x006A, 0xFE1D, 0x006A, 0xFE1D, 0xFE1D, 0xFE1D, 0xFE1D, 0xFE1D,
    0xFE1D, 0xFE1D, 0xFE1D, 0x006A, 0xFE1D, 0xFE1D, 0x006A, 0xF81F, 0xF81F, 0xF81F, 0xF81F, 0xF81F,
    0xF81F, 0xF81F, 0xF81F, 0xF81F, 0xF81F, 0xF81F, 0xF81F, 0xF81F, 0xF81F, 0xF81F, 0xF81F, 0xF81F,
    0xF81F, 0xF81F, 0xF81F, 0xF81F, 0x006A, 0xFE1D, 0xFE1D, 0xFE1D, 0xFE1D, 0xFE1D, 0xFE1D, 0xFE1D,
    0x006A, 0xFE1D, 0xFE1D, 0xFE1D, 0xFE1D, 0xFE1D, 0xFE1D, 0xFE1D, 0xFE1D, 0xFE1D, 0xFE1D, 0xFE1D,
    0xFE1D, 0xFE1D, 0xFE1D, 0xFE1D, 0xFE1D, 0x006A, 0xFE1D, 0xFE1D, 0xFE1D, 0xFE1D, 0xFE1D, 0xFE1D,
    0xFE1D, 0xFE1D, 0x006A, 0xFE1D, 0xFE1D, 0x006A, 0xF81F, 0xF81F, 0xF81F, 0xF81F, 0xF81F, 0xF81F,
    0xF81F, 0xF81F, 0xF81F, 0xF81F, 0xF81F, 0xF81F, 0xF81F, 0xF81F, 0xF81F, 0xF81F, 0xF81F, 0xF81F,
    0xF81F, 0xF81F, 0xF81F, 0xF81F, 0x006A, 0xFE1D, 0xFE1D, 0xFE1D, 0xFE1D, 0xFE1D, 0xFE1D, 0xFE1D,
    0x006A, 0xFE1D, 0xFE1D, 0xFE1D, 0xFE1D, 0xFE1D, 0xFE1D, 0xFE1D, 0xFE1D, 0xFE1D, 0xFE1D, 0xFE1D,
    0xFE1D, 0xFE1D, 0xFE1D, 0xFE1D, 0xFE1D, 0x006A, 0xFE1D, 0xFE1D, 0xFE1D, 0xFE1D, 0xFE1D, 0xFE1D,
    0xFE1D, 0xFE1D, 0x006A, 0xFE1D, 0xFE1D, 0x006A, 0xF81F, 0xF81F, 0xF81F, 0xF81F, 0xF81F, 0xF81F,
    0xF81F, 0xF81F, 0xF81F, 0xF81F, 0xF81F, 0xF81F, 0xF81F, 0xF81F, 0xF81F, 0xF81F, 0xF81F, 0xF81F,
    0xF81F, 0xF81F, 0xF81F, 0xF81F, 0x006A, 0xFE1D, 0xFE1D, 0xFE1D, 0xFE1D, 0xFE1D, 0xFE1D, 0xFE1D,
    0x006A, 0xFE1D, 0xFE1D, 0xFE1D, 0xFE1D, 0xFE1D, 0xFE1D, 0xFE1D, 0xFE1D, 0xFE1D, 0xFE1D, 0xFE1D,
    0xFE1D, 0xFE1D, 0xFE1D, 0xFE1D, 0xFE1D, 0x006A, 0xFE1D, 0xFE1D, 0xFE1D, 0xFE1D, 0xFE1D, 0xFE1D,
    0xFE1D, 0x006A, 0xFE1D, 0xFE1D, 0xFE1D, 0x006A, 0xF81F, 0xF81F, 0xF81F, 0xF81F, 0xF81F, 0xF81F,
    0xF81F, 0xF81F, 0xF81F, 0xF81F, 0xF81F, 0xF81F, 0xF81F, 0xF81F, 0xF81F, 0xF81F, 0xF81F, 0xF81F,
    0xF81F, 0xF81F, 0xF81F, 0xF81F, 0x006A, 0xFE1D, 0xFE1D, 0xFE1D, 0xFE1D, 0xFE1D, 0xFE1D, 0xFE1D,
    0xFE1D, 0x006A, 0xFE1D, 0xFE1D, 0xFE1D, 0xFE1D, 0xFE1D, 0xFE1D, 0xFE1D, 0xFE1D, 0xFE1D, 0xFE1D,
    0xFE1D, 0xFE1D, 0xFE1D, 0xFE1D, 0xFE1D, 0x006A, 0xFE1D, 0xFE1D, 0xFE1D, 0xFE1D, 0xFE1D, 0xFE1D,
    0xFE1D, 0xFE1D, 0xFE1D, 0xFE1D, 0xFE1D, 0x006A, 0xF81F, 0xF81F, 0xF81F, 0xF81F, 0xF81F, 0xF81F,
    0xF81F, 0xF81F, 0xF81F, 0xF81F, 0xF81F, 0xF81F, 0xF81F, 0xF81F, 0xF81F, 0xF81F, 0xF81F, 0xF81F,
    0xF81F, 0xF81F, 0xF81F, 0xF81F, 0xF81F, 0x006A, 0xFE1D, 0xFE1D, 0xFE1D, 0xFE1D, 0xFE1D, 0xFE1D,
    0xFE1D, 0x006A, 0xFE1D, 0xFE1D, 0xFE1D, 0xFE1D, 0xFE1D, 0xFE1D, 0xFE1D, 0xFE1D, 0xFE1D, 0xFE1D,
    0xFE1D, 0xFE1D, 0xFE1D, 0xFE1D, 0xFE1D, 0x006A, 0xFE1D, 0xFE1D, 0xFE1D, 0xFE1D, 0xFE1D, 0xFE1D,
    0xFE1D, 0xFE1D, 0xFE1D, 0xFE1D, 0xFE1D, 0x006A, 0xF81F, 0xF81F, 0xF81F, 0xF81F, 0xF81F, 0xF81F,
    0xF81F, 0xF81F, 0xF81F, 0xF81F, 0xF81F, 0xF81F, 0xF81F, 0xF81F, 0xF81F, 0xF81F, 0xF81F, 0xF81F,
    0xF81F, 0xF81F, 0xF81F, 0xF81F, 0xF81F, 0x006A, 0xFE1D, 0xFE1D, 0xFE1D, 0xFE1D, 0xFE1D, 0xFE1D,
    0xFE1D, 0x006A, 0xFE1D, 0xFE1D, 0xFE1D, 0xFE1D, 0xFE1D, 0xFE1D, 0xFE1D, 0xFE1D, 0xFE1D, 0xFE1D,
    0xFE1D, 0xFE1D, 0xFE1D, 0xFE1D, 0xFE1D, 0x006A, 0xFE1D, 0xFE1D, 0xFE1D, 0xFE1D, 0xFE1D, 0xFE1D,
    0xFE1D, 0xFE1D, 0xFE1D, 0xFE1D, 0xFE1D, 0x006A, 0xF81F, 0xF81F, 0xF81F, 0xF81F, 0xF81F, 0xF81F,
    0xF81F, 0xF81F, 0xF81F, 0xF81F, 0xF81F, 0xF81F, 0xF81F, 0xF81F, 0xF81F, 0xF81F, 0xF81F, 0xF81F,
    0xF81F, 0xF81F, 0xF81F, 0xF81F, 0xF81F, 0x006A, 0xFE1D, 0xFE1D, 0xFE1D, 0xFE1D, 0xFE1D, 0xFE1D,
    0xFE1D, 0xFE1D, 0x006A, 0xFE1D, 0xFE1D, 0xFE1D, 0xFE1D, 0xFE1D, 0xFE1D, 0xFE1D, 0xFE1D, 0xFE1D,
    0xFE1D, 0xFE1D, 0xFE1D, 0xFE1D, 0xFE1D, 0xFE1D, 0x006A, 0xFE1D, 0xFE1D, 0xFE1D, 0xFE1D, 0xFE1D,
    0xFE1D, 0xFE1D, 0xFE1D, 0xFE1D, 0x006A, 0xF81F, 0xF81F, 0xF81F, 0xF81F, 0xF81F, 0xF81F, 0xF81F,
    0xF81F, 0xF81F, 0xF81F, 0xF81F, 0xF81F, 0xF81F, 0xF81F, 0xF81F, 0xF81F, 0xF81F, 0xF81F, 0xF81F,
    0xF81F, 0xF81F, 0xF81F, 0xF81F, 0xF81F, 0x006A, 0xFE1D, 0xFE1D, 0xFE1D, 0xFE1D, 0xFE1D, 0xFE1D,
    0xFE1D, 0xFE1D, 0x006A, 0xFE1D, 0xFE1D, 0xFE1D, 0xFE1D, 0xFE1D, 0xFE1D, 0xFE1D, 0xFE1D, 0xFE1D,
    0xFE1D, 0xFE1D, 0xFE1D, 0xFE1D, 0xFE1D, 0xFE1D, 0x006A, 0xFE1D, 0xFE1D, 0xFE1D, 0xFE1D, 0xFE1D,
    0xFE1D, 0xFE1D, 0xFE1D, 0xFE1D, 0x006A, 0xF81F, 0xF81F, 0xF81F, 0xF81F, 0xF81F, 0xF81F, 0xF81F,
    0xF81F, 0xF81F, 0xF81F, 0xF81F, 0xF81F, 0xF81F, 0xF81F, 0xF81F, 0xF81F, 0xF81F, 0xF81F, 0xF81F,
    0xF81F, 0xF81F, 0xF81F, 0xF81F, 0xF81F, 0xF81F, 0x006A, 0xFE1D, 0xFE1D, 0xFE1D, 0xFE1D, 0xFE1D,
    0xFE1D, 0xFE1D, 0xFE1D, 0x006A, 0xFE1D, 0xFE1D, 0xFE1D, 0xFE1D, 0xFE1D, 0xFE1D, 0xFE1D, 0xFE1D,
    0xFE1D, 0xFE1D, 0xFE1D, 0xFE1D, 0xFE1D, 0xFE1D, 0xFE1D, 0x006A, 0xFE1D, 0xFE1D, 0xFE1D, 0xFE1D,
    0xFE1D, 0xFE1D, 0xFE1D, 0xFE1D, 0x006A, 0xF81F, 0xF81F, 0xF81F, 0xF81F, 0xF81F, 0xF81F, 0xF81F,
    0xF81F, 0xF81F, 0xF81F, 0xF81F, 0xF81F, 0xF81F, 0xF81F, 0xF81F, 0xF81F, 0xF81F, 0xF81F, 0xF81F,
    0xF81F, 0xF81F, 0xF81F, 0xF81F, 0xF81F, 0xF81F, 0x006A, 0xFE1D, 0xFE1D, 0xFE1D, 0xFE1D, 0xFE1D,
    0xFE1D, 0xFE1D, 0xFE1D, 0xFE1D, 0xFE1D, 0xFE1D, 0xFE1D, 0xFE1D, 0xFE1D, 0xFE1D, 0xFE1D, 0xFE1D,
    0xFE1D, 0xFE1D, 0xFE1D, 0xFE1D, 0xFE1D, 0xFE1D, 0xFE1D, 0xFE1D, 0xFE1D, 0xFE1D, 0xFE1D, 0xFE1D,
    0xFE1D, 0xFE1D, 0xFE1D, 0xFE1D, 0x006A, 0xF81F, 0xF81F, 0xF81F, 0xF81F, 0xF81F, 0xF81F, 0xF81F,
    0xF81F, 0xF81F, 0xF81F, 0xF81F, 0xF81F, 0xF81F, 0xF81F, 0xF81F, 0xF81F, 0xF81F, 0xF81F, 0xF81F,
    0xF81F, 0xF81F, 0xF81F, 0xF81F, 0xF81F, 0xF81F, 0xF81F, 0x006A, 0xFE1D, 0xFE1D, 0xFE1D, 0xFE1D,
    0xFE1D, 0xFE1D, 0xFE1D, 0xFE1D, 0xFE1D, 0xFE1D, 0xFE1D, 0xFE1D, 0xFE1D, 0xFE1D, 0xFE1D, 0xFE1D,
    0xFE1D, 0xFE1D, 0xFE1D, 0xFE1D, 0xFE1D, 0xFE1D, 0xFE1D, 0xFE1D, 0xFE1D, 0xFE1D, 0xFE1D, 0xFE1D,
    0xFE1D, 0xFE1D, 0xFE1D, 0x006A, 0xF81F, 0xF81F, 0xF81F, 0xF81F, 0xF81F, 0xF81F, 0xF81F, 0xF81F,
    0xF81F, 0xF81F, 0xF81F, 0xF81F, 0xF81F, 0xF81F, 0xF81F, 0xF81F, 0xF81F, 0xF81F, 0xF81F, 0xF81F,
    0xF81F, 0xF81F, 0xF81F, 0xF81F, 0xF81F, 0xF81F, 0xF81F, 0x006A, 0x006A, 0xFE1D, 0xFE1D, 0xFE1D,
    0xFE1D, 0xFE1D, 0xFE1D, 0xFE1D, 0xFE1D, 0xFE1D, 0xFE1D, 0xFE1D, 0xFE1D, 0xFE1D, 0xFE1D, 0xFE1D,
    0xFE1D, 0xFE1D, 0xFE1D, 0xFE1D, 0xFE1D, 0xFE1D, 0xFE1D, 0xFE1D, 0xFE1D, 0xFE1D, 0xFE1D, 0xFE1D,
    0xFE1D, 0xFE1D, 0xFE1D, 0x006A, 0xF81F, 0xF81F, 0xF81F, 0xF81F, 0xF81F, 0xF81F, 0xF81F, 0xF81F,
    0xF81F, 0xF81F, 0xF81F, 0xF81F, 0xF81F, 0xF81F, 0xF81F, 0xF81F, 0xF81F, 0xF81F, 0xF81F, 0xF81F,
    0xF81F, 0xF81F, 0xF81F, 0xF81F, 0xF81F, 0xF81F, 0xF81F, 0x006A, 0xFE1D, 0x006A, 0x006A, 0xFE1D,
    0xFE1D, 0xFE1D, 0x006A, 0x006A, 0xFE1D, 0xFE1D, 0xFE1D, 0xFE1D, 0x006A, 0x006A, 0x006A, 0xFE1D,
    0xFE1D, 0xFE1D, 0xFE1D, 0xFE1D, 0xFE1D, 0xFE1D, 0xFE1D, 0xFE1D, 0xFE1D, 0xFE1D, 0xFE1D, 0xFE1D,
    0xFE1D, 0xFE1D, 0x006A, 0xF81F, 0xF81F, 0xF81F, 0xF81F, 0xF81F, 0xF81F, 0xF81F, 0xF81F, 0xF81F,
    0xF81F, 0xF81F, 0xF81F, 0xF81F, 0xF81F, 0xF81F, 0xF81F, 0xF81F, 0xF81F, 0xF81F, 0xF81F, 0xF81F,
    0xF81F, 0xF81F, 0xF81F, 0xF81F, 0xF81F, 0xF81F, 0xF81F, 0x006A, 0xFE1D, 0xFE1D, 0xFE1D, 0xFE1D,
    0xFE1D, 0x006A, 0xFE1D, 0xFE1D, 0xFE1D, 0xFE1D, 0xFE1D, 0xFE1D, 0xFE1D, 0xFE1D, 0xFE1D, 0x006A,
    0x006A, 0x006A, 0x006A, 0xFE1D, 0xFE1D, 0xFE1D, 0xFE1D, 0xFE1D, 0xFE1D, 0xFE1D, 0xFE1D, 0xFE1D,
    0xFE1D, 0xFE1D, 0x006A, 0xF81F, 0xF81F, 0xF81F, 0xF81F, 0xF81F, 0xF81F, 0xF81F, 0xF81F, 0xF81F,
    0xF81F, 0xF81F, 0xF81F, 0xF81F, 0xF81F, 0xF81F, 0xF81F, 0xF81F, 0xF81F, 0xF81F, 0xF81F, 0xF81F,
    0xF81F, 0xF81F, 0xF81F, 0xF81F, 0xF81F, 0xF81F, 0xF81F, 0xF81F, 0x006A, 0xFE1D, 0xFE1D, 0xFE1D,
    0xFE1D, 0x006A, 0xFE1D, 0xFE1D, 0xFE1D, 0xFE1D, 0xFE1D, 0xFE1D, 0xFE1D, 0xFE1D, 0xFE1D, 0xFE1D,
    0xFE1D, 0xFE1D, 0xFE1D, 0xFE1D, 0xFE1D, 0xFE1D, 0x006A, 0xFE1D, 0xFE1D, 0xFE1D, 0xFE1D, 0xFE1D,
    0x006A, 0x006A, 0xF81F, 0xF81F, 0xF81F, 0xF81F, 0xF81F, 0xF81F, 0xF81F, 0xF81F, 0xF81F, 0xF81F,
    0xF81F, 0xF81F, 0xF81F, 0xF81F, 0xF81F, 0xF81F, 0xF81F, 0xF81F, 0xF81F, 0xF81F, 0xF81F, 0xF81F,
    0xF81F, 0xF81F, 0xF81F, 0xF81F, 0xF81F, 0xF81F, 0xF81F, 0xF81F, 0x006A, 0xFE1D, 0xFE1D, 0xFE1D,
    0xFE1D, 0xFE1D, 0xFE1D, 0xFE1D, 0xFE1D, 0xFE1D, 0xFE1D, 0xFE1D, 0xFE1D, 0xFE1D, 0xFE1D, 0xFE1D,
    0xFE1D, 0xFE1D, 0xFE1D, 0xFE1D, 0xFE1D, 0xFE1D, 0xFE1D, 0x006A, 0x006A, 0x006A, 0x006A, 0x006A,
    0xF81F, 0xF81F, 0xF81F, 0xF81F, 0xF81F, 0xF81F, 0xF81F, 0xF81F, 0xF81F, 0xF81F, 0xF81F, 0xF81F,
    0xF81F, 0xF81F, 0xF81F, 0xF81F, 0xF81F, 0xF81F, 0xF81F, 0xF81F, 0xF81F, 0xF81F, 0xF81F, 0xF81F,
    0xF81F, 0xF81F, 0xF81F, 0xF81F, 0xF81F, 0xF81F, 0xF81F, 0xF81F, 0xF81F, 0x006A, 0xFE1D, 0xFE1D,
    0xFE1D, 0xFE1D, 0xFE1D, 0x006A, 0xFE1D, 0xFE1D, 0xFE1D, 0xFE1D, 0xFE1D, 0xFE1D, 0xFE1D, 0xFE1D,
    0xFE1D, 0xFE1D, 0xFE1D, 0xFE1D, 0xFE1D, 0xFE1D, 0xFE1D, 0xFE1D, 0xFE1D, 0x006A, 0xF81F, 0xF81F,
    0xF81F, 0xF81F, 0xF81F, 0xF81F, 0xF81F, 0xF81F, 0xF81F, 0xF81F, 0xF81F, 0xF81F, 0xF81F, 0xF81F,
    0xF81F, 0xF81F, 0xF81F, 0xF81F, 0xF81F, 0xF81F, 0xF81F, 0xF81F, 0xF81F, 0xF81F, 0xF81F, 0xF81F,
    0xF81F, 0xF81F, 0xF81F, 0xF81F, 0xF81F, 0xF81F, 0xF81F, 0xF81F, 0xF81F, 0xF81F, 0x006A, 0x006A,
    0x006A, 0x006A, 0x006A, 0xF81F, 0x006A, 0xFE1D, 0xFE1D, 0xFE1D, 0xFE1D, 0xFE1D, 0xFE1D, 0x006A,
    0xFE1D, 0xFE1D, 0xFE1D, 0xFE1D, 0xFE1D, 0xFE1D, 0xFE1D, 0xFE1D, 0xFE1D, 0x006A, 0xF81F, 0xF81F,
    0xF81F, 0xF81F, 0xF81F, 0xF81F, 0xF81F, 0xF81F, 0xF81F, 0xF81F, 0xF81F, 0xF81F, 0xF81F, 0xF81F,
    0xF81F, 0xF81F, 0xF81F, 0xF81F, 0xF81F, 0xF81F, 0xF81F, 0xF81F, 0xF81F, 0xF81F, 0xF81F, 0xF81F,
    0xF81F, 0xF81F, 0xF81F, 0xF81F, 0xF81F, 0xF81F, 0xF81F, 0xF81F, 0xF81F, 0xF81F, 0xF81F, 0xF81F,
    0xF81F, 0xF81F, 0xF81F, 0xF81F, 0xF81F, 0x006A, 0xFE1D, 0xFE1D, 0xFE1D, 0xFE1D, 0xFE1D, 0x006A,
    0xFE1D, 0xFE1D, 0xFE1D, 0xFE1D, 0xFE1D, 0xFE1D, 0xFE1D, 0xFE1D, 0xFE1D, 0x006A, 0xF81F, 0xF81F,
    0xF81F, 0xF81F, 0xF81F, 0xF81F, 0xF81F, 0xF81F, 0xF81F, 0xF81F, 0xF81F, 0xF81F, 0xF81F, 0xF81F,
    0xF81F, 0xF81F, 0xF81F, 0xF81F, 0xF81F, 0xF81F, 0xF81F, 0xF81F, 0xF81F, 0xF81F, 0xF81F, 0xF81F,
    0xF81F, 0xF81F, 0xF81F, 0xF81F, 0xF81F, 0xF81F, 0xF81F, 0xF81F, 0xF81F, 0xF81F, 0xF81F, 0xF81F,
    0xF81F, 0xF81F, 0xF81F, 0xF81F, 0xF81F, 0xF81F, 0x006A, 0xFE1D, 0xFE1D, 0xFE1D, 0xFE1D, 0x006A,
    0xFE1D, 0xFE1D, 0xFE1D, 0xFE1D, 0xFE1D, 0xFE1D, 0xFE1D, 0xFE1D, 0xFE1D, 0x006A, 0x006A, 0x006A,
    0xF81F, 0xF81F, 0xF81F, 0xF81F, 0xF81F, 0xF81F, 0xF81F, 0xF81F, 0xF81F, 0xF81F, 0xF81F, 0xF81F,
    0xF81F, 0xF81F, 0xF81F, 0xF81F, 0xF81F, 0xF81F, 0xF81F, 0xF81F, 0xF81F, 0xF81F, 0xF81F, 0xF81F,
    0xF81F, 0xF81F, 0xF81F, 0xF81F, 0xF81F, 0xF81F, 0xF81F, 0xF81F, 0xF81F, 0xF81F, 0xF81F, 0xF81F,
    0xF81F, 0xF81F, 0xF81F, 0xF81F, 0xF81F, 0xF81F, 0xF81F, 0x006A, 0xFE1D, 0xFE1D, 0xFE1D, 0xFE1D,
    0x006A, 0xFE1D, 0xFE1D, 0xFE1D, 0xFE1D, 0xFE1D, 0xFE1D, 0xFE1D, 0xFE1D, 0x006A, 0xFE1D, 0xFE1D,
    0x006A, 0x006A, 0xF81F, 0xF81F, 0xF81F, 0xF81F, 0xF81F, 0xF81F, 0xF81F, 0xF81F, 0xF81F, 0xF81F,
    0xF81F, 0xF81F, 0xF81F, 0xF81F, 0xF81F, 0xF81F, 0xF81F, 0xF81F, 0xF81F, 0xF81F, 0xF81F, 0xF81F,
    0xF81F, 0xF81F, 0xF81F, 0xF81F, 0xF81F, 0xF81F, 0xF81F, 0xF81F, 0xF81F, 0xF81F, 0xF81F, 0xF81F,
    0xF81F, 0xF81F, 0xF81F, 0xF81F, 0xF81F, 0xF81F, 0xF81F, 0xF81F, 0x006A, 0xFE1D, 0xFE1D, 0xFE1D,
    0x006A, 0xFE1D, 0xFE1D, 0xFE1D, 0xFE1D, 0xFE1D, 0xFE1D, 0xFE1D, 0xFE1D, 0x006A, 0xFE1D, 0xFE1D,
    0xFE1D, 0xFE1D, 0x006A, 0x006A, 0x006A, 0xF81F, 0xF81F, 0xF81F, 0xF81F, 0xF81F, 0xF81F, 0xF81F,
    0xF81F, 0xF81F, 0xF81F, 0xF81F, 0xF81F, 0xF81F, 0xF81F, 0xF81F, 0xF81F, 0xF81F, 0xF81F, 0xF81F,
    0xF81F, 0xF81F, 0xF81F, 0xF81F, 0xF81F, 0xF81F, 0xF81F, 0xF81F, 0xF81F, 0xF81F, 0xF81F, 0xF81F,
    0xF81F, 0xF81F, 0xF81F, 0xF81F, 0xF81F, 0xF81F, 0xF81F, 0xF81F, 0xF81F, 0x006A, 0xFE1D, 0xFE1D,
    0xFE1D, 0x006A, 0xFE1D, 0xFE1D, 0xFE1D, 0xFE1D, 0xFE1D, 0xFE1D, 0xFE1D, 0xFE1D, 0xFE1D, 0xFE1D,
    0xFE1D, 0xFE1D, 0xFE1D, 0xFE1D, 0xFE1D, 0x006A, 0xF81F, 0xF81F, 0xF81F, 0xF81F, 0xF81F, 0xF81F,
    0xF81F, 0xF81F, 0xF81F, 0xF81F, 0xF81F, 0xF81F, 0xF81F, 0xF81F, 0xF81F, 0xF81F, 0xF81F, 0xF81F,
    0xF81F, 0xF81F, 0xF81F, 0xF81F, 0xF81F, 0xF81F, 0xF81F, 0xF81F, 0xF81F, 0xF81F, 0xF81F, 0xF81F,
    0xF81F, 0xF81F, 0xF81F, 0xF81F, 0xF81F, 0xF81F, 0xF81F, 0xF81F, 0xF81F, 0x006A, 0x006A, 0x006A,
    0xFE1D, 0x006A, 0xFE1D, 0xFE1D, 0xFE1D, 0xFE1D, 0xFE1D, 0xFE1D, 0x006A, 0x006A, 0x006A, 0xFE1D,
    0xFE1D, 0xFE1D, 0x006A, 0x006A, 0xFE1D, 0xFE1D, 0x006A, 0xF81F, 0xF81F, 0xF81F, 0xF81F, 0xF81F,
    0xF81F, 0xF81F, 0xF81F, 0xF81F, 0xF81F, 0xF81F, 0xF81F, 0xF81F, 0xF81F, 0xF81F, 0xF81F, 0xF81F,
    0xF81F, 0xF81F, 0xF81F, 0xF81F, 0xF81F, 0xF81F, 0xF81F, 0xF81F, 0xF81F, 0xF81F, 0xF81F, 0xF81F,
    0xF81F, 0xF81F, 0xF81F, 0xF81F, 0xF81F, 0xF81F, 0xF81F, 0xF81F, 0xF81F, 0x006A, 0xFE1D, 0xFE1D,
    0xFE1D, 0xFE1D, 0x006A, 0xFE1D, 0xFE1D, 0xFE1D, 0xFE1D, 0x006A, 0xFE1D, 0xFE1D, 0xFE1D, 0x006A,
    0x006A, 0x006A, 0xFE1D, 0xFE1D, 0x006A, 0xFE1D, 0xFE1D, 0x006A, 0xF81F, 0xF81F, 0xF81F, 0xF81F,
    0xF81F, 0xF81F, 0xF81F, 0xF81F, 0xF81F, 0xF81F, 0xF81F, 0xF81F, 0xF81F, 0xF81F, 0xF81F, 0xF81F,
    0xF81F, 0xF81F, 0xF81F, 0xF81F, 0xF81F, 0xF81F, 0xF81F, 0xF81F, 0xF81F, 0xF81F, 0xF81F, 0xF81F,
    0xF81F, 0xF81F, 0xF81F, 0xF81F, 0xF81F, 0xF81F, 0xF81F, 0xF81F, 0x006A, 0x006A, 0x006A, 0xFE1D,
    0xFE1D, 0xFE1D, 0xFE1D, 0xFE1D, 0xFE1D, 0xFE1D, 0x006A, 0xFE1D, 0xFE1D, 0xFE1D, 0xFE1D, 0xFE1D,
    0xFE1D, 0xFE1D, 0xFE1D, 0xFE1D, 0xFE1D, 0xFE1D, 0xFE1D, 0x006A, 0xF81F, 0xF81F, 0xF81F, 0xF81F,
    0xF81F, 0xF81F, 0xF81F, 0xF81F, 0xF81F, 0xF81F, 0xF81F, 0xF81F, 0xF81F, 0xF81F, 0xF81F, 0xF81F,
    0xF81F, 0xF81F, 0xF81F, 0xF81F, 0xF81F, 0xF81F, 0xF81F, 0xF81F, 0xF81F, 0xF81F, 0xF81F, 0xF81F,
    0xF81F, 0xF81F, 0xF81F, 0xF81F, 0xF81F, 0xF81F, 0xF81F, 0x006A, 0xFE1D, 0xFE1D, 0xFE1D, 0xFE1D,
    0xFE1D, 0xFE1D, 0xFE1D, 0xFE1D, 0xFE1D, 0xFE1D, 0x006A, 0xFE1D, 0xFE1D, 0xFE1D, 0xFE1D, 0xFE1D,
    0xFE1D, 0xFE1D, 0x006A, 0x006A, 0xFE1D, 0xFE1D, 0xFE1D, 0x006A, 0xF81F, 0xF81F, 0xF81F, 0xF81F,
    0xF81F, 0xF81F, 0xF81F, 0xF81F, 0xF81F, 0xF81F, 0xF81F, 0xF81F, 0xF81F, 0xF81F, 0xF81F, 0xF81F,
    0xF81F, 0xF81F, 0xF81F, 0xF81F, 0xF81F, 0xF81F, 0xF81F, 0xF81F, 0xF81F, 0xF81F, 0xF81F, 0xF81F,
    0xF81F, 0xF81F, 0xF81F, 0xF81F, 0xF81F, 0xF81F, 0xF81F, 0x006A, 0xFE1D, 0xFE1D, 0xFE1D, 0xFE1D,
    0xFE1D, 0xFE1D, 0xFE1D, 0xFE1D, 0xFE1D, 0xFE1D, 0xFE1D, 0xFE1D, 0xFE1D, 0xFE1D, 0xFE1D, 0xFE1D,
    0xFE1D, 0x006A, 0x006A, 0xFE1D, 0xFE1D, 0xFE1D, 0xFE1D, 0x006A, 0xF81F, 0xF81F, 0xF81F, 0xF81F,
    0xF81F, 0xF81F, 0xF81F, 0xF81F, 0xF81F, 0xF81F, 0xF81F, 0xF81F, 0xF81F, 0xF81F, 0xF81F, 0xF81F,
    0xF81F, 0xF81F, 0xF81F, 0xF81F, 0xF81F, 0xF81F, 0xF81F, 0xF81F, 0xF81F, 0xF81F, 0xF81F, 0xF81F,
    0xF81F, 0xF81F, 0xF81F, 0xF81F, 0xF81F, 0xF81F, 0x006A, 0xFE1D, 0xFE1D, 0xFE1D, 0xFE1D, 0xFE1D,
    0xFE1D, 0xFE1D, 0x006A, 0x006A, 0x006A, 0xFE1D, 0xFE1D, 0xFE1D, 0xFE1D, 0xFE1D, 0xFE1D, 0xFE1D,
    0x006A, 0x006A, 0x006A, 0xFE1D, 0xFE1D, 0x006A, 0x006A, 0xF81F, 0xF81F, 0xF81F, 0xF81F, 0xF81F,
    0xF81F, 0xF81F, 0xF81F, 0xF81F, 0xF81F, 0xF81F, 0xF81F, 0xF81F, 0xF81F, 0xF81F, 0xF81F, 0xF81F,
    0xF81F, 0xF81F, 0xF81F, 0xF81F, 0xF81F, 0xF81F, 0xF81F, 0xF81F, 0xF81F, 0xF81F, 0xF81F, 0xF81F,
    0xF81F, 0xF81F, 0xF81F, 0xF81F, 0xF81F, 0xF81F, 0x006A, 0xFE1D, 0xFE1D, 0xFE1D, 0xFE1D, 0xFE1D,
    0xFE1D, 0x006A, 0xFE1D, 0xFE1D, 0xFE1D, 0x006A, 0xFE1D, 0xFE1D, 0x006A, 0x006A, 0xFE1D, 0x006A,
    0x006A, 0x006A, 0xFE59, 0xFE59, 0x006A, 0xF81F, 0xF81F, 0xF81F, 0xF81F, 0xF81F, 0xF81F, 0xF81F,
    0xF81F, 0xF81F, 0xF81F, 0xF81F, 0xF81F, 0xF81F, 0xF81F, 0xF81F, 0xF81F, 0xF81F, 0xF81F, 0xF81F,
    0xF81F, 0xF81F, 0xF81F, 0xF81F, 0xF81F, 0xF81F, 0xF81F, 0xF81F, 0xF81F, 0xF81F, 0xF81F, 0xF81F,
    0xF81F, 0xF81F, 0xF81F, 0xF81F, 0xF81F, 0x006A, 0xFE1D, 0xFE1D, 0xFE1D, 0xFE1D, 0xFE1D, 0xFE1D,
    0x006A, 0xFE1D, 0xFE1D, 0x006A, 0xFE1D, 0xFE1D, 0xFE1D, 0xFE1D, 0xFE1D, 0xFE1D, 0x006A, 0x006A,
    0x006A, 0xFE1D, 0xFE59, 0x006A, 0x006A, 0x006A, 0xF81F, 0xF81F, 0xF81F, 0xF81F, 0xF81F, 0xF81F,
    0xF81F, 0xF81F, 0xF81F, 0xF81F, 0xF81F, 0xF81F, 0xF81F, 0xF81F, 0xF81F, 0xF81F, 0xF81F, 0xF81F,
    0xF81F, 0xF81F, 0xF81F, 0xF81F, 0xF81F, 0xF81F, 0xF81F, 0xF81F, 0xF81F, 0xF81F, 0xF81F, 0xF81F,
    0xF81F, 0xF81F, 0xF81F, 0xF81F, 0xF81F, 0x006A, 0xFE1D, 0xFE1D, 0xFE1D, 0xFE1D, 0xFE1D, 0xFE1D,
    0x006A, 0xFE1D, 0x006A, 0xFE1D, 0xFE1D, 0xFE1D, 0xFE1D, 0xFE1D, 0xFE1D, 0xFE1D, 0x006A, 0x006A,
    0x006A, 0xFE1D, 0x006A, 0x006A, 0xF81F, 0xF81F, 0xF81F, 0xF81F, 0xF81F, 0xF81F, 0xF81F, 0xF81F,
    0xF81F, 0xF81F, 0xF81F, 0xF81F, 0xF81F, 0xF81F, 0xF81F, 0xF81F, 0xF81F, 0xF81F, 0xF81F, 0xF81F,
    0xF81F, 0xF81F, 0xF81F, 0xF81F, 0xF81F, 0xF81F, 0xF81F, 0xF81F, 0xF81F, 0xF81F, 0xF81F, 0xF81F,
    0xF81F, 0xF81F, 0xF81F, 0xF81F, 0xF81F, 0x006A, 0xFE1D, 0xFE1D, 0xFE1D, 0xFE1D, 0xFE1D, 0xFE1D,
    0x006A, 0xFE1D, 0xFE1D, 0xFE1D, 0xFE1D, 0xFE1D, 0xFE1D, 0xFE1D, 0x006A, 0xFE1D, 0x006A, 0xFE1D,
    0xFE1D, 0x006A, 0xF81F, 0xF81F, 0xF81F, 0xFE59, 0xF81F, 0xF81F, 0xFE59, 0xF81F, 0xF81F, 0xF81F,
    0xF81F, 0xF81F, 0xF81F, 0xF81F, 0xF81F, 0xF81F, 0xF81F, 0xF81F, 0xF81F, 0xF81F, 0xF81F, 0xF81F,
    0xF81F, 0xF81F, 0xF81F, 0xF81F, 0xF81F, 0xF81F, 0xF81F, 0xF81F, 0xF81F, 0xF81F, 0xF81F, 0xF81F,
    0xF81F, 0xF81F, 0xF81F, 0xF81F, 0xF81F, 0x006A, 0xFE1D, 0xFE1D, 0xFE1D, 0xFE1D, 0xFE1D, 0xFE1D,
    0xFE1D, 0x006A, 0xFE1D, 0xFE1D, 0xFE1D, 0xFE1D, 0xFE1D, 0xFE1D, 0x006A, 0xFE1D, 0xFE1D, 0xFE1D,
    0xFE1D, 0xFE1D, 0x006A, 0xF81F, 0xF81F, 0xF81F, 0xF81F, 0xF81F, 0xF81F, 0xF81F, 0xF81F, 0xF81F,
    0xF81F, 0xF81F, 0xF81F, 0xF81F, 0xF81F, 0xF81F, 0xF81F, 0xF81F, 0xF81F, 0xF81F, 0xF81F, 0xF81F,
    0xF81F, 0xF81F, 0xF81F, 0xF81F, 0xF81F, 0xF81F, 0xF81F, 0xF81F, 0xF81F, 0xF81F, 0xF81F, 0xF81F,
    0xF81F, 0xF81F, 0xF81F, 0xF81F, 0xF81F, 0x006A, 0xFE1D, 0xFE1D, 0xFE1D, 0xFE1D, 0xFE1D, 0xFE1D,
    0xFE1D, 0xFE1D, 0xFE1D, 0xFE1D, 0xFE1D, 0x006A, 0x006A, 0xFE1D, 0xFE1D, 0x006A, 0xFE1D, 0xFE1D,
    0xFE1D, 0xFE1D, 0x006A, 0xF81F, 0xF81F, 0xFE59, 0xF81F, 0xFE59, 0xF81F, 0xF81F, 0xF81F, 0xF81F,
    0xF81F, 0xF81F, 0xF81F, 0xF81F, 0xF81F, 0xF81F, 0xF81F, 0xF81F, 0xF81F, 0xF81F, 0xF81F, 0xF81F,
    0xF81F, 0xF81F, 0xF81F, 0xF81F, 0xF81F, 0xF81F, 0xF81F, 0xF81F, 0xF81F, 0xF81F, 0xF81F, 0xF81F,
    0xF81F, 0xF81F, 0xF81F, 0xF81F, 0xF81F, 0x006A, 0xFE1D, 0xFE1D, 0xFE1D, 0xFE1D, 0xFE1D, 0xFE1D,
    0xFE1D, 0xFE1D, 0xFE1D, 0xFE1D, 0xFE1D, 0xFE1D, 0xFE1D, 0x006A, 0x006A, 0x006A, 0x006A, 0x006A,
    0x006A, 0x006A, 0xF81F, 0xF81F, 0xF81F, 0xF81F, 0xF81F, 0xF81F, 0xFE59, 0xF81F, 0xF81F, 0xF81F,
    0xF81F, 0xF81F, 0xF81F, 0xF81F, 0xF81F, 0xF81F, 0xF81F, 0xF81F, 0xF81F, 0xF81F, 0xF81F, 0xF81F,
    0xF81F, 0xF81F, 0xF81F, 0xF81F, 0xF81F, 0xF81F, 0xF81F, 0xF81F, 0xF81F, 0xF81F, 0xF81F, 0xF81F,
    0xF81F, 0xF81F, 0xF81F, 0xF81F, 0xF81F, 0xF81F, 0x006A, 0xFE1D, 0xFE1D, 0xFE1D, 0xFE1D, 0xFE1D,
    0xFE1D, 0xFE1D, 0xFE1D, 0xFE1D, 0x006A, 0x006A, 0x006A, 0x006A, 0xFE1D, 0x006A, 0xF81F, 0xF81F,
    0xF81F, 0xF81F, 0xF81F, 0xF81F, 0xF81F, 0xF81F, 0xF81F, 0xF81F, 0xF81F, 0xF81F, 0xF81F, 0xF81F,
    0xF81F, 0xF81F, 0xF81F, 0xF81F, 0xF81F, 0xF81F, 0xF81F, 0xF81F, 0xF81F, 0xF81F, 0xF81F, 0xF81F,
    0xF81F, 0xF81F, 0xF81F, 0xF81F, 0xF81F, 0xF81F, 0xF81F, 0xF81F, 0xF81F, 0xF81F, 0xF81F, 0xF81F,
    0xF81F, 0xF81F, 0xF81F, 0xF81F, 0xF81F, 0xF81F, 0x006A, 0xFE1D, 0xFE1D, 0xFE1D, 0xFE1D, 0xFE1D,
    0xFE1D, 0xFE1D, 0xFE1D, 0xFE1D, 0xFE1D, 0xFE1D, 0x006A, 0x006A, 0x006A, 0xF81F, 0xF81F, 0xF81F,
    0xF81F, 0xF81F, 0xF81F, 0xF81F, 0xF81F, 0xF81F, 0xF81F, 0xF81F, 0xF81F, 0xF81F, 0xF81F, 0xF81F,
    0xF81F, 0xF81F, 0xF81F, 0xF81F, 0xF81F, 0xF81F, 0xF81F, 0xF81F, 0xF81F, 0xF81F, 0xF81F, 0xF81F,
    0xF81F, 0xF81F, 0xF81F, 0xF81F, 0xF81F, 0xF81F, 0xF81F, 0xF81F, 0xF81F, 0xF81F, 0xF81F, 0xF81F,
    0xF81F, 0xF81F, 0xF81F, 0xF81F, 0xF81F, 0xF81F, 0xF81F, 0x006A, 0xFE1D, 0xFE1D, 0xFE1D, 0xFE1D,
    0xFE1D, 0xFE1D, 0xFE1D, 0xFE1D, 0xFE1D, 0xFE1D, 0xFE1D, 0xFE1D, 0x006A, 0xF81F, 0xF81F, 0xF81F,
    0xF81F, 0xF81F, 0xF81F, 0xF81F, 0xF81F, 0xF81F, 0xF81F, 0xF81F, 0xF81F, 0xF81F, 0xF81F, 0xF81F,
    0xF81F, 0xF81F, 0xF81F, 0xF81F, 0xF81F, 0xF81F, 0xF81F, 0xF81F, 0xF81F, 0xF81F, 0xF81F, 0xF81F,
    0xF81F, 0xF81F, 0xF81F, 0xF81F, 0xF81F, 0xF81F, 0xF81F, 0xF81F, 0xF81F, 0xF81F, 0xF81F, 0xF81F,
    0xF81F, 0xF81F, 0xF81F, 0xF81F, 0xF81F, 0xF81F, 0xF81F, 0x006A, 0xFE1D, 0xFE1D, 0xFE1D, 0xFE1D,
    0xFE1D, 0xFE1D, 0xFE1D, 0xFE1D, 0xFE1D, 0xFE1D, 0xFE1D, 0x006A, 0xF81F, 0xF81F, 0xF81F, 0xF81F,
    0xF81F, 0xF81F, 0xF81F, 0xF81F, 0xF81F, 0xF81F, 0xF81F, 0xF81F, 0xF81F, 0xF81F, 0xF81F, 0xF81F,
    0xF81F, 0xF81F, 0xF81F, 0xF81F, 0xF81F, 0xF81F, 0xF81F, 0xF81F, 0xF81F, 0xF81F, 0xF81F, 0xF81F,
    0xF81F, 0xF81F, 0xF81F, 0xF81F, 0xF81F, 0xF81F, 0xF81F, 0xF81F, 0xF81F, 0xF81F, 0xF81F, 0xF81F,
    0xF81F, 0xF81F, 0xF81F, 0xF81F, 0xF81F, 0xF81F, 0xF81F, 0xF81F, 0x006A, 0xFE1D, 0xFE1D, 0xFE1D,
    0xFE1D, 0xFE1D, 0xFE1D, 0xFE1D, 0xFE1D, 0xFE1D, 0x006A, 0xF81F, 0xF81F, 0xF81F, 0xF81F, 0xF81F,
    0xF81F, 0xF81F, 0xF81F, 0xF81F, 0xF81F, 0xF81F, 0xF81F, 0xF81F, 0xF81F, 0xF81F, 0xF81F, 0xF81F,
    0xF81F, 0xF81F, 0xF81F, 0xF81F, 0xF81F, 0xF81F, 0xF81F, 0xF81F, 0xF81F, 0xF81F, 0xF81F, 0xF81F,
    0xF81F, 0xF81F, 0xF81F, 0xF81F, 0xF81F, 0xF81F, 0xF81F, 0xF81F, 0xF81F, 0xF81F, 0xF81F, 0xF81F,
    0xF81F, 0xF81F, 0xF81F, 0xF81F, 0xF81F, 0xF81F, 0xF81F, 0xF81F, 0xF81F, 0x006A, 0x006A, 0xFE1D,
    0xFE1D, 0xFE1D, 0xFE1D, 0xFE1D, 0x006A, 0x006A, 0xF81F, 0xF81F, 0xF81F, 0xF81F, 0xF81F, 0xF81F,
    0xF81F, 0xF81F, 0xF81F, 0xF81F, 0xF81F, 0xF81F, 0xF81F, 0xF81F, 0xF81F, 0xF81F, 0xF81F, 0xF81F,
    0xF81F, 0xF81F, 0xF81F, 0xF81F, 0xF81F, 0xF81F, 0xF81F, 0xF81F, 0xF81F, 0xF81F, 0xF81F, 0xF81F,
    0xF81F, 0xF81F, 0xF81F, 0xF81F, 0xF81F, 0xF81F, 0xF81F, 0xF81F, 0xF81F, 0xF81F, 0xF81F, 0xF81F,
    0xF81F, 0xF81F, 0xF81F, 0xF81F, 0xF81F, 0xF81F, 0xF81F, 0xF81F, 0xF81F, 0xF81F, 0xF81F, 0x006A,
    0x006A, 0x006A, 0x006A, 0x006A, 0xF81F, 0xF81F, 0xF81F, 0xF81F, 0xF81F, 0xF81F, 0xF81F, 0xF81F,
    0xF81F, 0xF81F, 0xF81F, 0xF81F, 0xF81F, 0xF81F, 0xF81F, 0xF81F, 0xF81F, 0xF81F, 0xF81F, 0xF81F,
    0xF81F, 0xF81F, 0xF81F, 0xF81F, 0xF81F, 0xF81F, 0xF81F, 0xF81F, 0xF81F, 0xF81F, 0xF81F, 0xF81F,
    0xF81F, 0xF81F, 0xF81F, 0xF81F, 0xF81F, 0xF81F, 0xF81F, 0xF81F, 0xF81F, 0xF81F, 0xF81F, 0xF81F,
    0xF81F, 0xF81F, 0xF81F, 0xF81F, 0xF81F, 0xF81F, 0xF81F, 0xF81F, 0xF81F, 0xF81F, 0xF81F, 0xF81F,
    0xF81F, 0xF81F, 0xF81F, 0xF81F, 0xF81F, 0xF81F, 0xF81F, 0xF81F, 0xF81F, 0xF81F, 0xF81F, 0xF81F,
    0xF81F, 0xF81F, 0xF81F, 0xF81F, 0xF81F, 0xF81F, 0xF81F, 0xF81F, 0xF81F, 0xF81F, 0xF81F, 0xF81F,
    0xF81F, 0xF81F, 0xF81F, 0xF81F, 0xF81F, 0xF81F, 0xF81F, 0xF81F, 0xF81F, 0xF81F, 0xF81F, 0xF81F,
    0xF81F, 0xF81F, 0xF81F, 0xF81F, 0xF81F, 0xF81F, 0xF81F, 0xF81F, 0xF81F, 0xF81F, 0xF81F, 0xF81F,
    0xF81F, 0xF81F, 0xF81F, 0xF81F, 0xF81F, 0xF81F, 0xF81F, 0xF81F, 0xF81F, 0xF81F, 0xF81F, 0xF81F,
    0xF81F, 0xF81F, 0xF81F, 0xF81F, 0xF81F, 0xF81F, 0xF81F, 0xF81F, 0xF81F, 0xF81F, 0xF81F, 0xF81F,
    0xF81F, 0xF81F, 0xF81F, 0xF81F, 0xF81F, 0xF81F, 0xF81F, 0xF81F, 0xF81F, 0xF81F, 0xF81F, 0xF81F,
    0xF81F, 0xF81F, 0xF81F, 0xF81F, 0xF81F, 0xF81F, 0xF81F, 0xF81F, 0xF81F, 0xF81F, 0xF81F, 0xF81F,
    0xF81F, 0xF81F, 0xF81F, 0xF81F, 0xF81F, 0xF81F, 0xF81F, 0xF81F, 0xF81F, 0xF81F, 0xF81F, 0xF81F,
    0xF81F, 0xF81F, 0xF81F, 0xF81F, 0xF81F, 0xF81F, 0xF81F, 0xF81F, 0xF81F, 0xF81F, 0xF81F, 0xF81F,
    0xF81F, 0xF81F, 0xF81F, 0xF81F, 0xF81F, 0xF81F, 0xF81F, 0xF81F, 0xF81F, 0xF81F, 0xF81F, 0xF81F,
    0xF81F, 0xF81F, 0xF81F, 0xF81F, 0xF81F, 0xF81F, 0xF81F, 0xF81F, 0xF81F, 0xF81F, 0xF81F, 0xF81F,
    0xF81F, 0xF81F, 0xF81F, 0xF81F, 0xF81F, 0xF81F, 0xF81F, 0xF81F, 0xF81F, 0xF81F, 0xF81F, 0xF81F,
    0xF81F, 0xF81F, 0xF81F, 0xF81F, 0xF81F, 0xF81F, 0xF81F, 0xF81F, 0xF81F, 0xF81F, 0xF81F, 0xF81F,
    0xF81F, 0xF81F, 0xF81F, 0xF81F, 0xF81F, 0xF81F, 0xF81F, 0xF81F, 0xF81F, 0xF81F, 0xF81F, 0xF81F,
    0xF81F, 0xF81F, 0xF81F, 0xF81F, 0xF81F, 0xF81F, 0xF81F, 0xF81F, 0xF81F, 0xF81F, 0xF81F, 0xF81F,
    0xF81F, 0xF81F, 0xF81F, 0xF81F, 0xF81F, 0xF81F, 0xF81F, 0xF81F, 0xF81F, 0xF81F, 0xF81F, 0xF81F,
    0xF81F, 0xF81F, 0xF81F, 0xF81F, 0xF81F, 0xF81F, 0xF81F, 0xF81F, 0xF81F, 0xF81F, 0xF81F, 0xF81F,
    0xF81F, 0xF81F, 0xF81F, 0xF81F, 0xF81F, 0xF81F, 0xF81F, 0xF81F, 0xF81F, 0xF81F, 0xF81F, 0xF81F,
    0xF81F, 0xF81F, 0xF81F, 0xF81F, 0xF81F, 0xF81F, 0xF81F, 0xF81F, 0xF81F, 0xF81F, 0xF81F, 0xF81F,
    0xF81F, 0xF81F, 0xF81F, 0xF81F, 0xF81F, 0xF81F, 0xF81F, 0xF81F, 0xF81F, 0xF81F, 0xF81F, 0xF81F,
    0xF81F, 0xF81F, 0xF81F, 0xF81F, 0xF81F, 0xF81F, 0xF81F, 0xF81F, 0xF81F, 0xF81F, 0xF81F, 0xF81F,
    0xF81F, 0xF81F, 0xF81F, 0xF81F, 0xF81F, 0xF81F, 0xF81F, 0xF81F, 0xF81F, 0xF81F, 0xF81F, 0xF81F,
    0xF81F, 0xF81F, 0xF81F, 0xF81F, 0xF81F, 0xF81F, 0xF81F, 0xF81F, 0xF81F, 0xF81F, 0xF81F, 0xF81F,
    0xF81F, 0xF81F, 0xF81F, 0xF81F, 0xF81F, 0xF81F, 0xF81F, 0xF81F, 0xF81F, 0xF81F, 0xF81F, 0xF81F,
    0xF81F, 0xF81F, 0xF81F, 0xF81F, 0xF81F, 0xF81F, 0xF81F, 0xF81F, 0xF81F, 0xF81F, 0xF81F, 0xF81F,
    0xF81F, 0xF81F, 0xF81F, 0xF81F, 0xF81F, 0xF81F, 0xF81F, 0xF81F, 0xF81F, 0xF81F, 0xF81F, 0xF81F,
    0xF81F, 0xF81F, 0xF81F, 0xF81F, 0xF81F, 0xF81F, 0xF81F, 0xF81F, 0xF81F, 0xF81F, 0xF81F, 0xF81F,
    0xF81F, 0xF81F, 0xF81F, 0xF81F, 0xF81F, 0xF81F, 0xF81F, 0xF81F, 0xF81F, 0xF81F, 0xF81F, 0xF81F,
    0xF81F, 0xF81F, 0xF81F, 0xF81F, 0xF81F, 0xF81F, 0xF81F, 0xF81F, 0xF81F, 0xF81F, 0xF81F, 0xF81F,
    0xF81F, 0xF81F, 0xF81F, 0xF81F, 0xF81F, 0xF81F, 0xF81F, 0xF81F, 0xF81F, 0xF81F, 0xF81F, 0xF81F,
    0xF81F, 0xF81F, 0xF81F, 0xF81F, 0xF81F, 0xF81F, 0xF81F, 0xF81F, 0xF81F, 0xF81F, 0xF81F, 0xF81F,
    0xF81F, 0xF81F, 0xF81F, 0xF81F, 0xF81F, 0xF81F, 0xF81F, 0xF81F, 0xF81F, 0xF81F, 0xF81F, 0xF81F,
    0xF81F, 0xF81F, 0xF81F, 0xF81F, 0xF81F, 0xF81F, 0xF81F, 0xF81F, 0xF81F, 0xF81F, 0xF81F, 0xF81F,
    0xF81F, 0xF81F, 0xF81F, 0xF81F, 0xF81F, 0xF81F, 0xF81F, 0xF81F, 0xF81F, 0xF81F, 0xF81F, 0xF81F,
    0xF81F, 0xF81F, 0xF81F, 0xF81F, 0xF81F, 0xF81F, 0xF81F, 0xF81F, 0xF81F, 0xF81F, 0xF81F, 0xF81F,
    0xF81F, 0xF81F, 0xF81F, 0xF81F, 0xF81F, 0xF81F, 0xF81F, 0xF81F, 0xF81F, 0xF81F, 0xF81F, 0xF81F,
    0xF81F, 0xF81F, 0xF81F, 0xF81F, 0xF81F, 0xF81F, 0xF81F, 0xF81F, 0xF81F, 0xF81F, 0xF81F, 0xF81F,
    0xF81F, 0xF81F, 0xF81F, 0xF81F, 0xF81F, 0xF81F, 0xF81F, 0xF81F, 0xF81F, 0xF81F, 0xF81F, 0xF81F,
    0xF81F, 0xF81F, 0xF81F, 0xF81F, 0xF81F, 0xF81F, 0xF81F, 0xF81F, 0xF81F, 0xF81F, 0xF81F, 0xF81F,
    0xF81F, 0xF81F, 0xF81F, 0xF81F, 0xF81F, 0xF81F, 0xF81F, 0xF81F, 0xF81F, 0xF81F, 0xF81F, 0xF81F,
    0xF81F, 0xF81F, 0xF81F, 0xF81F, 0xF81F, 0xF81F, 0xF81F, 0xF81F, 0xF81F, 0xF81F, 0xF81F, 0xF81F
  },
  {
    0xF81F, 0xF81F, 0xF81F, 0xF81F, 0xF81F, 0xF81F, 0xF81F, 0xF81F, 0xF81F, 0xF81F, 0xF81F, 0xF81F,
    0xF81F, 0xF81F, 0xF81F, 0xF81F, 0xF81F, 0xF81F, 0xF81F, 0x006A, 0x006A, 0x006A, 0xF81F, 0xF81F,
    0xF81F, 0xF81F, 0xF81F, 0xF81F, 0xF81F, 0xF81F, 0xF81F, 0xF81F, 0xF81F, 0xF81F, 0xF81F, 0xF81F,
    0xF81F, 0xF81F, 0xF81F, 0xF81F, 0xF81F, 0xF81F, 0xF81F, 0xF81F, 0xF81F, 0xF81F, 0xF81F, 0xF81F,
    0x006A, 0x006A, 0x006A, 0x006A, 0x006A, 0xF81F, 0xF81F, 0xF81F, 0xF81F, 0xF81F, 0xF81F, 0xF81F,
    0xF81F, 0xF81F, 0xF81F, 0xF81F, 0xF81F, 0xF81F, 0xF81F, 0xF81F, 0xF81F, 0xF81F, 0xF81F, 0xF81F,
    0xF81F, 0xF81F, 0xF81F, 0xF81F, 0xF81F, 0xF81F, 0x006A, 0x006A, 0x006A, 0x006A, 0x006A, 0xF81F,
    0xF81F, 0xF81F, 0xF81F, 0xF81F, 0xF81F, 0xF81F, 0xF81F, 0xF81F, 0xF81F, 0xF81F, 0xF81F, 0xF81F,
    0xF81F, 0xF81F, 0xF81F, 0xF81F, 0xF81F, 0xF81F, 0xF81F, 0xF81F, 0xF81F, 0xF81F, 0xF81F, 0x006A,
    0x006A, 0x006A, 0x006A, 0x006A, 0x006A, 0x006A, 0xF81F, 0xF81F, 0xF81F, 0xF81F, 0xF81F, 0xF81F,
    0xF81F, 0xF81F, 0xF81F, 0xF81F, 0xF81F, 0xF81F, 0xF81F, 0xF81F, 0xF81F, 0xF81F, 0xF81F, 0xF81F,
    0xF81F, 0xF81F, 0xF81F, 0xF81F, 0xF81F, 0x006A, 0x006A, 0x006A, 0x006A, 0x006A, 0x006A, 0x006A,
    0xF81F, 0xF81F, 0xF81F, 0xF81F, 0xF81F, 0xF81F, 0xF81F, 0xF81F, 0xF81F, 0xF81F, 0xF81F, 0xF81F,
    0xF81F, 0xF81F, 0xF81F, 0xF81F, 0xF81F, 0xF81F, 0xF81F, 0xF81F, 0xF81F, 0xF81F, 0x006A, 0x006A,
    0x006A, 0x006A, 0x006A, 0x006A, 0x006A, 0x006A, 0xF81F, 0xF81F, 0xF81F, 0xF81F, 0xF81F, 0xF81F,
    0xF81F, 0xF81F, 0xF81F, 0xF81F, 0xF81F, 0xF81F, 0xF81F, 0xF81F, 0xF81F, 0xF81F, 0xF81F, 0xF81F,
    0xF81F, 0xF81F, 0xF81F, 0xF81F, 0xF81F, 0x006A, 0x006A, 0x006A, 0x006A, 0x006A, 0x006A, 0x006A,
    0xF81F, 0xF81F, 0xF81F, 0xF81F, 0xF81F, 0xF81F, 0xF81F, 0xF81F, 0xF81F, 0xF81F, 0xF81F, 0xF81F,
    0xF81F, 0xF81F, 0xF81F, 0xF81F, 0xF81F, 0xF81F, 0xF81F, 0xF81F, 0xF81F, 0x006A, 0x006A, 0x006A,
    0x006A, 0x006A, 0x006A, 0x006A, 0x006A, 0x006A, 0xF81F, 0xF81F, 0xF81F, 0xF81F, 0xF81F, 0xF81F,
    0xF81F, 0xF81F, 0xF81F, 0xF81F, 0xF81F, 0xF81F, 0xF81F, 0xF81F, 0xF81F, 0xF81F, 0xF81F, 0xF81F,
    0xF81F, 0xF81F, 0xF81F, 0xF81F, 0xF81F, 0x006A, 0x006A, 0x006A, 0x006A, 0x006A, 0x006A, 0x006A,
    0xF81F, 0xF81F, 0xF81F, 0xF81F, 0xF81F, 0xF81F, 0xF81F, 0xF81F, 0xF81F, 0xF81F, 0xF81F, 0xF81F,
    0xF81F, 0xF81F, 0xF81F, 0xF81F, 0xF81F, 0xF81F, 0xF81F, 0xF81F, 0x006A, 0x006A, 0x006A, 0x006A,
    0x006A, 0x006A, 0x006A, 0x006A, 0x006A, 0x006A, 0xF81F, 0xF81F, 0xF81F, 0xF81F, 0xF81F, 0xF81F,
    0xF81F, 0xF81F, 0xF81F, 0xF81F, 0xF81F, 0xF81F, 0xF81F, 0xF81F, 0xF81F, 0xF81F, 0xF81F, 0xF81F,
    0xF81F, 0xF81F, 0xF81F, 0xF81F, 0x006A, 0x006A, 0x006A, 0x006A, 0x006A, 0x006A, 0x006A, 0x006A,
    0xF81F, 0xF81F, 0xF81F, 0xF81F, 0xF81F, 0xF81F, 0xF81F, 0xF81F, 0xF81F, 0xF81F, 0xF81F, 0xF81F,
    0xF81F, 0xF81F, 0xF81F, 0xF81F, 0xF81F, 0xF81F, 0xF81F, 0xF81F, 0x006A, 0x006A, 0x006A, 0x006A,
    0x006A, 0x006A, 0x006A, 0x006A, 0x006A, 0xF81F, 0xF81F, 0xF81F, 0xF81F, 0xF81F, 0xF81F, 0xF81F,
    0xF81F, 0xF81F, 0xF81F, 0xF81F, 0xF81F, 0xF81F, 0xF81F, 0xF81F, 0xF81F, 0xF81F, 0xF81F, 0xF81F,
    0xF81F, 0xF81F, 0xF81F, 0xF81F, 0x006A, 0x006A, 0x006A, 0x006A, 0x006A, 0x006A, 0x006A, 0xF81F,
    0xF81F, 0xF81F, 0xF81F, 0xF81F, 0xF81F, 0xF81F, 0xF81F, 0xF81F, 0xF81F, 0xF81F, 0xF81F, 0xF81F,
    0xF81F, 0xF81F, 0xF81F, 0xF81F, 0xF81F, 0xF81F, 0xF81F, 0x006A, 0x006A, 0x006A, 0x006A, 0x006A,
    0x006A, 0x006A, 0x006A, 0x006A, 0x006A, 0xF81F, 0xF81F, 0xF81F, 0xF81F, 0xF81F, 0xF81F, 0xF81F,
    0xF81F, 0xF81F, 0xF81F, 0xF81F, 0xF81F, 0xF81F, 0xF81F, 0xF81F, 0xF81F, 0xF81F, 0xF81F, 0xF81F,
    0xF81F, 0xF81F, 0xF81F, 0xF81F, 0x006A, 0x006A, 0x006A, 0x006A, 0x006A, 0x006A, 0x006A, 0xF81F,
    0xF81F, 0xF81F, 0xF81F, 0xF81F, 0xF81F, 0xF81F, 0xF81F, 0xF81F, 0xF81F, 0xF81F, 0xF81F, 0xF81F,
    0xF81F, 0xF81F, 0xF81F, 0xF81F, 0xF81F, 0xF81F, 0xF81F, 0x006A, 0x006A, 0x006A, 0x006A, 0x006A,
    0x006A, 0x006A, 0x006A, 0x006A, 0xF81F, 0xF81F, 0xF81F, 0xF81F, 0xF81F, 0xF81F, 0xF81F, 0xF81F,
    0xF81F, 0xF81F, 0xF81F, 0xF81F, 0xF81F, 0xF81F, 0xF81F, 0xF81F, 0xF81F, 0xF81F, 0xF81F, 0xF81F,
    0xF81F, 0xF81F, 0xF81F, 0xF81F, 0x006A, 0x006A, 0x006A, 0x006A, 0x006A, 0x01B2, 0x01B2, 0xF81F,
    0xF81F, 0xF81F, 0xF81F, 0xF81F, 0xF81F, 0xF81F, 0xF81F, 0xF81F, 0xF81F, 0xF81F, 0xF81F, 0xF81F,
    0xF81F, 0xF81F, 0xF81F, 0xF81F, 0xF81F, 0xF81F, 0xF81F, 0x006A, 0x006A, 0x006A, 0x006A, 0x006A,
    0x006A, 0x006A, 0x006A, 0xF81F, 0xF81F, 0xF81F, 0xF81F, 0xF81F, 0xF81F, 0xF81F, 0xF81F, 0xF81F,
    0xF81F, 0xF81F, 0xF81F, 0xF81F, 0xF81F, 0xF81F, 0xF81F, 0xF81F, 0xF81F, 0xF81F, 0xF81F, 0xF81F,
    0xF81F, 0xF81F, 0xF81F, 0x006A, 0x006A, 0x006A, 0x006A, 0x006A, 0x01B2, 0x006A, 0x006A, 0xF81F,
    0xF81F, 0xF81F, 0xF81F, 0xF81F, 0xF81F, 0xF81F, 0xF81F, 0xF81F, 0xF81F, 0xF81F, 0xF81F, 0xF81F,
    0xF81F, 0xF81F, 0xF81F, 0xF81F, 0xF81F, 0xF81F, 0xF81F, 0x006A, 0x006A, 0x006A, 0x006A, 0x006A,
    0x01B2, 0x01B2, 0xF81F, 0xF81F, 0xF81F, 0xF81F, 0xF81F, 0xF81F, 0xF81F, 0xF81F, 0xF81F, 0xF81F,
    0xF81F, 0xF81F, 0xF81F, 0xF81F, 0xF81F, 0xF81F, 0xF81F, 0xF81F, 0xF81F, 0xF81F, 0xF81F, 0xF81F,
    0xF81F, 0xF81F, 0xF81F, 0x006A, 0x006A, 0x006A, 0x006A, 0x006A, 0x006A, 0x006A, 0x01B2, 0x006A,
    0xF81F, 0xF81F, 0xF81F, 0xF81F, 0xF81F, 0xF81F, 0xF81F, 0xF81F, 0xF81F, 0xF81F, 0xF81F, 0xF81F,
    0xF81F, 0xF81F, 0xF81F, 0xF81F, 0xF81F, 0xF81F, 0xF81F, 0x006A, 0x006A, 0x006A, 0x006A, 0x01B2,
    0x006A, 0x006A, 0xF81F, 0xF81F, 0xF81F, 0xF81F, 0xF81F, 0xF81F, 0xF81F, 0xF81F, 0xF81F, 0xF81F,
    0xF81F, 0xF81F, 0xF81F, 0xF81F, 0xF81F, 0xF81F, 0xF81F, 0xF81F, 0xF81F, 0xF81F, 0xF81F, 0xF81F,
    0xF81F, 0xF81F, 0xF81F, 0x006A, 0x006A, 0x006A, 0x006A, 0x006A, 0x006A, 0x01B2, 0x006A, 0x006A,
    0xF81F, 0xF81F, 0xF81F, 0xF81F, 0xF81F, 0xF81F, 0xF81F, 0xF81F, 0xF81F, 0xF81F, 0xF81F, 0xF81F,
    0xF81F, 0xF81F, 0xF81F, 0xF81F, 0xF81F, 0xF81F, 0xF81F, 0x006A, 0x006A, 0x006A, 0x006A, 0x006A,
    0x006A, 0x006A, 0xF81F, 0xF81F, 0xF81F, 0xF81F, 0xF81F, 0xF81F, 0xF81F, 0xF81F, 0xF81F, 0xF81F,
    0xF81F, 0xF81F, 0xF81F, 0xF81F, 0xF81F, 0xF81F, 0xF81F, 0xF81F, 0xF81F, 0xF81F, 0xF81F, 0xF81F,
    0xF81F, 0xF81F, 0xF81F, 0x006A, 0x006A, 0x006A, 0x006A, 0x006A, 0x006A, 0x006A, 0x006A, 0x01B2,
    0x006A, 0xF81F, 0xF81F, 0xF81F, 0xF81F, 0xF81F, 0xF81F, 0xF81F, 0xF81F, 0xF81F, 0xF81F, 0xF81F,
    0xF81F, 0xF81F, 0xF81F, 0xF81F, 0xF81F, 0xF81F, 0xF81F, 0x006A, 0x006A, 0x006A, 0x006A, 0x006A,
    0x01B2, 0x01B2, 0xF81F, 0xF81F, 0xF81F, 0xF81F, 0xF81F, 0xF81F, 0xF81F, 0xF81F, 0xF81F, 0xF81F,
    0xF81F, 0xF81F, 0xF81F, 0xF81F, 0xF81F, 0xF81F, 0xF81F, 0xF81F, 0xF81F, 0xF81F, 0xF81F, 0xF81F,
    0xF81F, 0xF81F, 0xF81F, 0xF81F, 0x006A, 0x006A, 0x006A, 0x006A, 0x006A, 0x006A, 0x01B2, 0x006A,
    0x006A, 0x006A, 0xF81F, 0xF81F, 0xF81F, 0xF81F, 0xF81F, 0xF81F, 0xF81F, 0xF81F, 0xF81F, 0xF81F,
    0xF81F, 0xF81F, 0xF81F, 0xF81F, 0xF81F, 0xF81F, 0xF81F, 0x006A, 0x006A, 0x006A, 0x006A, 0x01B2,
    0x006A, 0x006A, 0xF81F, 0xF81F, 0xF81F, 0xF81F, 0xF81F, 0xF81F, 0xF81F, 0xF81F, 0xF81F, 0xF81F,
    0xF81F, 0xF81F, 0xF81F, 0xF81F, 0xF81F, 0xF81F, 0xF81F, 0xF81F, 0xF81F, 0xF81F, 0xF81F, 0xF81F,
    0xF81F, 0xF81F, 0xF81F, 0xF81F, 0xF81F, 0x006A, 0x006A, 0x006A, 0x006A, 0x006A, 0x006A, 0x006A,
    0x006A, 0x01B2, 0x01B2, 0x01B2, 0xF81F, 0xF81F, 0xF81F, 0xF81F, 0xF81F, 0xF81F, 0xF81F, 0xF81F,
    0xF81F, 0xF81F, 0xF81F, 0xF81F, 0xF81F, 0xF81F, 0xF81F, 0xF81F, 0x006A, 0x006A, 0x006A, 0x006A,
    0x006A, 0x006A, 0x006A, 0xF81F, 0xF81F, 0xF81F, 0xF81F, 0xF81F, 0xF81F, 0xF81F, 0xF81F, 0xF81F,
    0xF81F, 0xF81F, 0xF81F, 0xF81F, 0xF81F, 0xF81F, 0xF81F, 0xF81F, 0xF81F, 0xF81F, 0xF81F, 0xF81F,
    0xF81F, 0xF81F, 0xF81F, 0xF81F, 0xF81F, 0x006A, 0x006A, 0x006A, 0x006A, 0x006A, 0x006A, 0x006A,
    0x01B2, 0x01B2, 0x01B2, 0x01B2, 0x01B2, 0xF81F, 0xF81F, 0xF81F, 0xF81F, 0xF81F, 0xF81F, 0xF81F,
    0xF81F, 0xF81F, 0xF81F, 0xF81F, 0xF81F, 0xF81F, 0xF81F, 0xF81F, 0x006A, 0x006A, 0x006A, 0x006A,
    0x01B2, 0x01B2, 0x01B2, 0xF81F, 0xF81F, 0xF81F, 0xF81F, 0xF81F, 0xF81F, 0xF81F, 0xF81F, 0xF81F,
    0xF81F, 0xF81F, 0xF81F, 0xF81F, 0xF81F, 0xF81F, 0xF81F, 0xF81F, 0xF81F, 0xF81F, 0xF81F, 0xF81F,
    0xF81F, 0xF81F, 0xF81F, 0xF81F, 0xF81F, 0xF81F, 0x006A, 0x006A, 0x006A, 0x006A, 0x006A, 0x01B2,
    0x01B2, 0x01B2, 0x006A, 0x006A, 0x006A, 0x006A, 0xF81F, 0xF81F, 0xF81F, 0xF81F, 0xF81F, 0xF81F,
    0xF81F, 0xF81F, 0xF81F, 0xF81F, 0xF81F, 0xF81F, 0xF81F, 0xF81F, 0x006A, 0x006A, 0x006A, 0x01B2,
    0x006A, 0x006A, 0x006A, 0xF81F, 0xF81F, 0xF81F, 0xF81F, 0xF81F, 0xF81F, 0xF81F, 0xF81F, 0xF81F,
    0xF81F, 0xF81F, 0xF81F, 0xF81F, 0xF81F, 0xF81F, 0xF81F, 0xF81F, 0xF81F, 0xF81F, 0xF81F, 0xF81F,
    0xF81F, 0xF81F, 0xF81F, 0xF81F, 0xF81F, 0xF81F, 0xF81F, 0x006A, 0x006A, 0x006A, 0x01B2, 0x01B2,
    0x01B2, 0x006A, 0xFE1D, 0xFE1D, 0xFE1D, 0xFE1D, 0x006A, 0xF81F, 0xF81F, 0xF81F, 0xF81F, 0xF81F,
    0xF81F, 0xF81F, 0xF81F, 0xF81F, 0xF81F, 0xF81F, 0xF81F, 0xF81F, 0x006A, 0x006A, 0x006A, 0x006A,
    0x006A, 0x006A, 0x006A, 0x006A, 0xF81F, 0xF81F, 0xF81F, 0xF81F, 0xF81F, 0xF81F, 0xF81F, 0xF81F,
    0xF81F, 0xF81F, 0xF81F, 0xF81F, 0xF81F, 0xF81F, 0xF81F, 0xF81F, 0xF81F, 0xF81F, 0xF81F, 0xF81F,
    0xF81F, 0xF81F, 0xF81F, 0xF81F, 0xF81F, 0xF81F, 0xF81F, 0xF81F, 0x006A, 0x006A, 0x01B2, 0x01B2,
    0x006A, 0xFE1D, 0xFE1D, 0xFE1D, 0xFE1D, 0xFE1D, 0xFE1D, 0x006A, 0x006A, 0x006A, 0xF81F, 0xF81F,
    0xF81F, 0xF81F, 0xF81F, 0xF81F, 0xF81F, 0xF81F, 0xF81F, 0xF81F, 0xF81F, 0x006A, 0x006A, 0x01B2,
    0x01B2, 0x01B2, 0x01B2, 0x01B2, 0xF81F, 0xF81F, 0xF81F, 0xF81F, 0xF81F, 0xF81F, 0xF81F, 0xF81F,
    0xF81F, 0xF81F, 0xF81F, 0xF81F, 0xF81F, 0xF81F, 0xF81F, 0xF81F, 0xF81F, 0xF81F, 0xF81F, 0xF81F,
    0xF81F, 0xF81F, 0xF81F, 0xF81F, 0xF81F, 0xF81F, 0xF81F, 0xF81F, 0xF81F, 0x006A, 0x01B2, 0x01B2,
    0x006A, 0xFE1D, 0xFE1D, 0xFE1D, 0xFE1D, 0xFE1D, 0xFE1D, 0x006A, 0xFE1D, 0xFE1D, 0x006A, 0xF81F,
    0xF81F, 0xF81F, 0xF81F, 0xF81F, 0xF81F, 0xF81F, 0xF81F, 0xF81F, 0xF81F, 0x006A, 0x01B2, 0x01B2,
    0x01B2, 0x01B2, 0x01B2, 0x01B2, 0x01B2, 0xF81F, 0xF81F, 0xF81F, 0xF81F, 0xF81F, 0xF81F, 0xF81F,
    0xF81F, 0xF81F, 0xF81F, 0xF81F, 0xF81F, 0xF81F, 0xF81F, 0xF81F, 0xF81F, 0xF81F, 0xF81F, 0xF81F,
    0xF81F, 0xF81F, 0xF81F, 0xF81F, 0xF81F, 0xF81F, 0xF81F, 0xF81F, 0xF81F, 0xF81F, 0x01B2, 0x01B2,
    0x006A, 0xFE1D, 0xFE1D, 0xFE1D, 0xFE1D, 0xFE1D, 0x006A, 0xFE1D, 0xFE1D, 0xFE1D, 0xFE1D, 0x006A,
    0xF81F, 0xF81F, 0xF81F, 0xF81F, 0xF81F, 0xF81F, 0xF81F, 0xF81F, 0xF81F, 0x01B2, 0x01B2, 0x01B2,
    0x006A, 0x006A, 0x006A, 0x006A, 0x01B2, 0xF81F, 0xF81F, 0xF81F, 0xF81F, 0xF81F, 0xF81F, 0xF81F,
    0xF81F, 0xF81F, 0xF81F, 0xF81F, 0xF81F, 0xF81F, 0xF81F, 0xF81F, 0xF81F, 0xF81F, 0xF81F, 0xF81F,
    0xF81F, 0xF81F, 0xF81F, 0xF81F, 0xF81F, 0xF81F, 0xF81F, 0xF81F, 0xF81F, 0xF81F, 0xF81F, 0x01B2,
    0x01B2, 0xFE1D, 0xFE1D, 0xFE1D, 0xFE1D, 0xFE1D, 0xFE1D, 0xFE1D, 0xFE1D, 0xFE1D, 0xFE1D, 0x006A,
    0xF81F, 0xF81F, 0xF81F, 0xF81F, 0xF81F, 0xF81F, 0xF81F, 0xF81F, 0xF81F, 0x01B2, 0x01B2, 0x006A,
    0xFE1D, 0xFE1D, 0xFE1D, 0xFE1D, 0x006A, 0xF81F, 0xF81F, 0xF81F, 0xF81F, 0xF81F, 0xF81F, 0xF81F,
    0xF81F, 0xF81F, 0xF81F, 0xF81F, 0xF81F, 0xF81F, 0xF81F, 0xF81F, 0xF81F, 0xF81F, 0xF81F, 0xF81F,
    0xF81F, 0xF81F, 0xF81F, 0xF81F, 0xF81F, 0xF81F, 0xF81F, 0xF81F, 0xF81F, 0xF81F, 0xF81F, 0xF81F,
    0xF81F, 0x006A, 0xFE1D, 0xFE1D, 0xFE1D, 0xFE1D, 0xFE1D, 0xFE1D, 0xFE1D, 0x006A, 0xFE1D, 0x006A,
    0xF81F, 0xF81F, 0xF81F, 0xF81F, 0xF81F, 0xF81F, 0xF81F, 0xF81F, 0xF81F, 0x01B2, 0x006A, 0xFE1D,
    0xFE1D, 0xFE1D, 0xFE1D, 0xFE1D, 0xFE1D, 0x006A, 0xF81F, 0xF81F, 0xF81F, 0xF81F, 0xF81F, 0xF81F,
    0xF81F, 0xF81F, 0xF81F, 0xF81F, 0xF81F, 0xF81F, 0xF81F, 0xF81F, 0xF81F, 0xF81F, 0xF81F, 0xF81F,
    0xF81F, 0xF81F, 0xF81F, 0xF81F, 0xF81F, 0xF81F, 0xF81F, 0xF81F, 0xF81F, 0xF81F, 0xF81F, 0xF81F,
    0xF81F, 0xF81F, 0x006A, 0x006A, 0xFE1D, 0xFE1D, 0xFE1D, 0xFE1D, 0xFE1D, 0xFE1D, 0x006A, 0x006A,
    0xF81F, 0xF81F, 0xF81F, 0xF81F, 0xF81F, 0xF81F, 0xF81F, 0xF81F, 0xF81F, 0x01B2, 0xFE1D, 0xFE1D,
    0xFE1D, 0xFE1D, 0xFE1D, 0xFE1D, 0xFE1D, 0x006A, 0xF81F, 0xF81F, 0xF81F, 0xF81F, 0xF81F, 0xF81F,
    0xF81F, 0xF81F, 0xF81F, 0xF81F, 0xF81F, 0xF81F, 0xF81F, 0xF81F, 0xF81F, 0xF81F, 0xF81F, 0xF81F,
    0xF81F, 0xF81F, 0xF81F, 0xF81F, 0xF81F, 0xF81F, 0xF81F, 0xF81F, 0xF81F, 0xF81F, 0xF81F, 0xF81F,
    0xF81F, 0xF81F, 0x006A, 0xFE1D, 0xFE1D, 0xFE1D, 0xFE1D, 0xFE1D, 0xFE1D, 0xFE1D, 0xFE1D, 0x006A,
    0xF81F, 0xF81F, 0xF81F, 0xF81F, 0xF81F, 0xF81F, 0xF81F, 0xF81F, 0xF81F, 0x006A, 0xFE1D, 0xFE1D,
    0xFE1D, 0xFE1D, 0xFE1D, 0xFE1D, 0xFE1D, 0xFE1D, 0x006A, 0xF81F, 0xF81F, 0xF81F, 0xF81F, 0xF81F,
    0xF81F, 0xF81F, 0xF81F, 0xF81F, 0xF81F, 0xF81F, 0xF81F, 0xF81F, 0xF81F, 0xF81F, 0xF81F, 0xF81F,
    0xF81F, 0xF81F, 0xF81F, 0xF81F, 0xF81F, 0xF81F, 0xF81F, 0xF81F, 0xF81F, 0xF81F, 0xF81F, 0xF81F,
    0xF81F, 0x006A, 0xFE1D, 0x006A, 0xFE1D, 0xFE1D, 0xFE1D, 0xFE1D, 0xFE1D, 0xFE1D, 0xFE1D, 0xFE1D,
    0x006A, 0xF81F, 0xF81F, 0xF81F, 0xF81F, 0xF81F, 0xF81F, 0xF81F, 0xF81F, 0x006A, 0xFE1D, 0xFE1D,
    0xFE1D, 0xFE1D, 0xFE1D, 0x006A, 0xFE1D, 0xFE1D, 0x006A, 0xF81F, 0xF81F, 0xF81F, 0xF81F, 0xF81F,
    0xF81F, 0xF81F, 0xF81F, 0xF81F, 0xF81F, 0xF81F, 0xF81F, 0xF81F, 0xF81F, 0xF81F, 0xF81F, 0xF81F,
    0xF81F, 0xF81F, 0xF81F, 0xF81F, 0xF81F, 0xF81F, 0xF81F, 0xF81F, 0xF81F, 0xF81F, 0xF81F, 0xF81F,
    0x006A, 0xFE1D, 0x006A, 0xFE1D, 0xFE1D, 0xFE1D, 0xFE1D, 0xFE1D, 0xFE1D, 0xFE1D, 0xFE1D, 0xFE1D,
    0x006A, 0xF81F, 0xF81F, 0xF81F, 0xF81F, 0xF81F, 0xF81F, 0xF81F, 0xF81F, 0xF81F, 0x006A, 0xFE1D,
    0xFE1D, 0xFE1D, 0x006A, 0xFE1D, 0xFE1D, 0xFE1D, 0x006A, 0xF81F, 0xF81F, 0xF81F, 0xF81F, 0xF81F,
    0xF81F, 0xF81F, 0xF81F, 0xF81F, 0xF81F, 0xF81F, 0xF81F, 0xF81F, 0xF81F, 0xF81F, 0xF81F, 0xF81F,
    0xF81F, 0xF81F, 0xF81F, 0xF81F, 0xF81F, 0xF81F, 0xF81F, 0xF81F, 0xF81F, 0xF81F, 0xF81F, 0x006A,
    0xFE1D, 0xFE1D, 0x006A, 0xFE1D, 0xFE1D, 0xFE1D, 0xFE1D, 0xFE1D, 0xFE1D, 0xFE1D, 0xFE1D, 0xFE1D,
    0x006A, 0xF81F, 0xF81F, 0xF81F, 0xF81F, 0xF81F, 0xF81F, 0x006A, 0x006A, 0x006A, 0x006A, 0x006A,
    0xFE1D, 0xFE1D, 0x006A, 0xFE1D, 0xFE1D, 0xFE1D, 0x006A, 0xF81F, 0xF81F, 0xF81F, 0xF81F, 0xF81F,
    0xF81F, 0xF81F, 0xF81F, 0xF81F, 0xF81F, 0xF81F, 0xF81F, 0xF81F, 0xF81F, 0xF81F, 0xF81F, 0xF81F,
    0xF81F, 0xF81F, 0xF81F, 0xF81F, 0xF81F, 0xF81F, 0xF81F, 0xF81F, 0xF81F, 0xF81F, 0xF81F, 0x006A,
    0xFE1D, 0x006A, 0xFE1D, 0xFE1D, 0xFE1D, 0xFE1D, 0xFE1D, 0xFE1D, 0xFE1D, 0xFE1D, 0xFE1D, 0xFE1D,
    0x006A, 0xF81F, 0xF81F, 0x006A, 0x006A, 0x006A, 0x006A, 0xFE1D, 0xFE1D, 0xFE1D, 0xFE1D, 0xFE1D,
    0xFE1D, 0xFE1D, 0x006A, 0xFE1D, 0xFE1D, 0xFE1D, 0x006A, 0xF81F, 0xF81F, 0xF81F, 0xF81F, 0xF81F,
    0xF81F, 0xF81F, 0xF81F, 0xF81F, 0xF81F, 0xF81F, 0xF81F, 0xF81F, 0xF81F, 0xF81F, 0xF81F, 0xF81F,
    0xF81F, 0xF81F, 0xF81F, 0xF81F, 0xF81F, 0xF81F, 0xF81F, 0xF81F, 0xF81F, 0xF81F, 0x006A, 0xFE1D,
    0xFE1D, 0x006A, 0xFE1D, 0xFE1D, 0xFE1D, 0xFE1D, 0xFE1D, 0xFE1D, 0xFE1D, 0xFE1D, 0xFE1D, 0xFE1D,
    0x006A, 0x006A, 0x006A, 0xFE1D, 0xFE1D, 0xFE1D, 0xFE1D, 0xFE1D, 0xFE1D, 0xFE1D, 0xFE1D, 0xFE1D,
    0xFE1D, 0xFE1D, 0xFE1D, 0xFE1D, 0xFE1D, 0x006A, 0xF81F, 0xF81F, 0xF81F, 0xF81F, 0xF81F, 0xF81F,
    0xF81F, 0xF81F, 0xF81F, 0xF81F, 0xF81F, 0xF81F, 0xF81F, 0xF81F, 0xF81F, 0xF81F, 0xF81F, 0xF81F,
    0xF81F, 0xF81F, 0xF81F, 0xF81F, 0xF81F, 0xF81F, 0xF81F, 0xF81F, 0xF81F, 0xF81F, 0x006A, 0xFE1D,
    0x006A, 0xFE1D, 0xFE1D, 0xFE1D, 0xFE1D, 0xFE1D, 0xFE1D, 0xFE1D, 0xFE1D, 0xFE1D, 0xFE1D, 0xFE1D,
    0x006A, 0xFE1D, 0xFE1D, 0xFE1D, 0xFE1D, 0xFE1D, 0xFE1D, 0xFE1D, 0xFE1D, 0xFE1D, 0xFE1D, 0xFE1D,
    0xFE1D, 0xFE1D, 0xFE1D, 0xFE1D, 0xFE1D, 0x006A, 0xF81F, 0xF81F, 0xF81F, 0xF81F, 0xF81F, 0xF81F,
    0xF81F, 0xF81F, 0xF81F, 0xF81F, 0xF81F, 0xF81F, 0xF81F, 0xF81F, 0xF81F, 0xF81F, 0xF81F, 0xF81F,
    0xF81F, 0xF81F, 0xF81F, 0xF81F, 0xF81F, 0xF81F, 0xF81F, 0xF81F, 0xF81F, 0x006A, 0xFE1D, 0xFE1D,
    0x006A, 0xFE1D, 0xFE1D, 0xFE1D, 0xFE1D, 0xFE1D, 0xFE1D, 0xFE1D, 0xFE1D, 0xFE1D, 0xFE1D, 0x006A,
    0xFE1D, 0xFE1D, 0xFE1D, 0xFE1D, 0xFE1D, 0xFE1D, 0xFE1D, 0x006A, 0x006A, 0xFE1D, 0xFE1D, 0xFE1D,
    0xFE1D, 0xFE1D, 0xFE1D, 0xFE1D, 0x006A, 0xF81F, 0xF81F, 0xF81F, 0xF81F, 0xF81F, 0xF81F, 0xF81F,
    0xF81F, 0xF81F, 0xF81F, 0xF81F, 0xF81F, 0xF81F, 0xF81F, 0xF81F, 0xF81F, 0xF81F, 0xF81F, 0xF81F,
    0xF81F, 0xF81F, 0xF81F, 0xF81F, 0xF81F, 0xF81F, 0xF81F, 0xF81F, 0xF81F, 0x006A, 0xFE1D, 0xFE1D,
    0x006A, 0xFE1D, 0xFE1D, 0xFE1D, 0xFE1D, 0xFE1D, 0xFE1D, 0xFE1D, 0xFE1D, 0xFE1D, 0xFE1D, 0x006A,
    0xFE1D, 0xFE1D, 0xFE1D, 0xFE1D, 0xFE1D, 0x006A, 0x006A, 0xFE1D, 0xFE1D, 0xFE1D, 0xFE1D, 0xFE1D,
    0xFE1D, 0xFE1D, 0xFE1D, 0x006A, 0xF81F, 0xF81F, 0xF81F, 0xF81F, 0xF81F, 0xF81F, 0xF81F, 0xF81F,
    0xF81F, 0xF81F, 0xF81F, 0xF81F, 0xF81F, 0xF81F, 0xF81F, 0xF81F, 0xF81F, 0xF81F, 0xF81F, 0xF81F,
    0xF81F, 0xF81F, 0xF81F, 0xF81F, 0xF81F, 0xF81F, 0xF81F, 0xF81F, 0xF81F, 0x006A, 0xFE1D, 0xFE1D,
    0x006A, 0xFE1D, 0xFE1D, 0xFE1D, 0xFE1D, 0xFE1D, 0xFE1D, 0xFE1D, 0xFE1D, 0xFE1D, 0xFE1D, 0x006A,
    0xFE1D, 0xFE1D, 0xFE1D, 0xFE1D, 0x006A, 0xFE1D, 0xFE1D, 0xFE1D, 0xFE1D, 0xFE1D, 0xFE1D, 0xFE1D,
    0xFE1D, 0xFE1D, 0xFE1D, 0x006A, 0xF81F, 0xF81F, 0xF81F, 0xF81F, 0xF81F, 0xF81F, 0xF81F, 0xF81F,
    0xF81F, 0xF81F, 0xF81F, 0xF81F, 0xF81F, 0xF81F, 0xF81F, 0xF81F, 0xF81F, 0xF81F, 0xF81F, 0xF81F,
    0xF81F, 0xF81F, 0xF81F, 0xF81F, 0xF81F, 0xF81F, 0xF81F, 0xF81F, 0xF81F, 0x006A, 0xFE1D, 0xFE1D,
    0x006A, 0xFE1D, 0xFE1D, 0xFE1D, 0xFE1D, 0xFE1D, 0xFE1D, 0xFE1D, 0xFE1D, 0xFE1D, 0x006A, 0xFE1D,
    0xFE1D, 0xFE1D, 0xFE1D, 0x006A, 0xFE1D, 0xFE1D, 0xFE1D, 0xFE1D, 0xFE1D, 0xFE1D, 0xFE1D, 0xFE1D,
    0xFE1D, 0xFE1D, 0xFE1D, 0x006A, 0xF81F, 0xF81F, 0xF81F, 0xF81F, 0xF81F, 0xF81F, 0xF81F, 0xF81F,
    0xF81F, 0xF81F, 0xF81F, 0xF81F, 0xF81F, 0xF81F, 0xF81F, 0xF81F, 0xF81F, 0xF81F, 0xF81F, 0xF81F,
    0xF81F, 0xF81F, 0xF81F, 0xF81F, 0xF81F, 0xF81F, 0xF81F, 0xF81F, 0x006A, 0xFE1D, 0xFE1D, 0xFE1D,
    0xFE1D, 0xFE1D, 0xFE1D, 0xFE1D, 0xFE1D, 0xFE1D, 0xFE1D, 0xFE1D, 0xFE1D, 0xFE1D, 0x006A, 0x006A,
    0xFE1D, 0xFE1D, 0x006A, 0xFE1D, 0xFE1D, 0xFE1D, 0xFE1D, 0xFE1D, 0xFE1D, 0xFE1D, 0xFE1D, 0xFE1D,
    0xFE1D, 0xFE1D, 0x006A, 0xF81F, 0xF81F, 0xF81F, 0xF81F, 0xF81F, 0xF81F, 0xF81F, 0xF81F, 0xF81F,
    0xF81F, 0xF81F, 0xF81F, 0xF81F, 0xF81F, 0xF81F, 0xF81F, 0xF81F, 0xF81F, 0xF81F, 0xF81F, 0xF81F,
    0xF81F, 0xF81F, 0xF81F, 0xF81F, 0xF81F, 0xF81F, 0xF81F, 0xF81F, 0x006A, 0xFE1D, 0xFE1D, 0xFE1D,
    0xFE1D, 0xFE1D, 0xFE1D, 0xFE1D, 0xFE1D, 0xFE1D, 0xFE1D, 0xFE1D, 0xFE1D, 0x006A, 0x01B2, 0x01B2,
    0x006A, 0xFE1D, 0x006A, 0xFE1D, 0xFE1D, 0xFE1D, 0xFE1D, 0xFE1D, 0xFE1D, 0xFE1D, 0xFE1D, 0xFE1D,
    0xFE1D, 0xFE1D, 0x006A, 0xF81F, 0xF81F, 0xF81F, 0xF81F, 0xF81F, 0xF81F, 0xF81F, 0xF81F, 0xF81F,
    0xF81F, 0xF81F, 0xF81F, 0xF81F, 0xF81F, 0xF81F, 0xF81F, 0xF81F, 0xF81F, 0xF81F, 0xF81F, 0xF81F,
    0xF81F, 0xF81F, 0xF81F, 0xF81F, 0xF81F, 0xF81F, 0xF81F, 0xF81F, 0x006A, 0xFE1D, 0xFE1D, 0xFE1D,
    0xFE1D, 0xFE1D, 0xFE1D, 0xFE1D, 0xFE1D, 0xFE1D, 0xFE1D, 0xFE1D, 0x006A, 0x01B2, 0x01B2, 0x01B2,
    0x006A, 0xFE1D, 0xFE1D, 0xFE1D, 0xFE1D, 0xFE1D, 0xFE1D, 0xFE1D, 0xFE1D, 0xFE1D, 0xFE1D, 0xFE1D,
    0xFE1D, 0x006A, 0xF81F, 0xF81F, 0xF81F, 0xF81F, 0xF81F, 0xF81F, 0xF81F, 0xF81F, 0xF81F, 0xF81F,
    0xF81F, 0xF81F, 0xF81F, 0xF81F, 0xF81F, 0xF81F, 0xF81F, 0xF81F, 0xF81F, 0xF81F, 0xF81F, 0xF81F,
    0xF81F, 0xF81F, 0xF81F, 0xF81F, 0xF81F, 0xF81F, 0xF81F, 0xF81F, 0x006A, 0xFE1D, 0xFE1D, 0xFE1D,
    0xFE1D, 0xFE1D, 0xFE1D, 0xFE1D, 0xFE1D, 0xFE1D, 0xFE1D, 0x006A, 0x01B2, 0x01B2, 0x01B2, 0x01B2,
    0x01B2, 0x006A, 0xFE1D, 0xFE1D, 0xFE1D, 0xFE1D, 0xFE1D, 0xFE1D, 0xFE1D, 0xFE1D, 0xFE1D, 0xFE1D,
    0x006A, 0xF81F, 0xF81F, 0xF81F, 0xF81F, 0xF81F, 0xF81F, 0xF81F, 0xF81F, 0xF81F, 0xF81F, 0xF81F,
    0xF81F, 0xF81F, 0xF81F, 0xF81F, 0xF81F, 0xF81F, 0xF81F, 0xF81F, 0xF81F, 0xF81F, 0xF81F, 0xF81F,
    0xF81F, 0xF81F, 0xF81F, 0xF81F, 0xF81F, 0xF81F, 0xF81F, 0xF81F, 0x006A, 0xFE1D, 0xFE1D, 0xFE1D,
    0xFE1D, 0xFE1D, 0xFE1D, 0xFE1D, 0x006A, 0x006A, 0x006A, 0x01B2, 0x01B2, 0x01B2, 0x01B2, 0x01B2,
    0x01B2, 0x006A, 0xFE1D, 0xFE1D, 0xFE1D, 0xFE1D, 0xFE1D, 0xFE1D, 0xFE1D, 0xFE1D, 0xFE1D, 0x006A,
    0xF81F, 0xF81F, 0xF81F, 0xF81F, 0xF81F, 0xF81F, 0xF81F, 0xF81F, 0xF81F, 0xF81F, 0xF81F, 0xF81F,
    0xF81F, 0xF81F, 0xF81F, 0xF81F, 0xF81F, 0xF81F, 0xF81F, 0xF81F, 0xF81F, 0xF81F, 0xF81F, 0xF81F,
    0xF81F, 0xF81F, 0xF81F, 0xF81F, 0xF81F, 0xF81F, 0xF81F, 0xF81F, 0x006A, 0xFE1D, 0xFE1D, 0xFE1D,
    0xFE1D, 0xFE1D, 0xFE1D, 0xFE1D, 0xFE1D, 0x006A, 0x01B2, 0x01B2, 0x01B2, 0x01B2, 0x01B2, 0x01B2,
    0x01B2, 0x006A, 0xFE1D, 0xFE1D, 0xFE1D, 0xFE1D, 0xFE1D, 0xFE1D, 0xFE1D, 0xFE1D, 0x006A, 0xF81F,
    0xF81F, 0xF81F, 0xF81F, 0xF81F, 0xF81F, 0xF81F, 0xF81F, 0xF81F, 0xF81F, 0xF81F, 0xF81F, 0xF81F,
    0xF81F, 0xF81F, 0xF81F, 0xF81F, 0xF81F, 0xF81F, 0xF81F, 0xF81F, 0xF81F, 0xF81F, 0xF81F, 0xF81F,
    0xF81F, 0xF81F, 0xF81F, 0xF81F, 0xF81F, 0xF81F, 0xF81F, 0xF81F, 0x006A, 0xFE1D, 0xFE1D, 0xFE1D,
    0xFE1D, 0xFE1D, 0x006A, 0x006A, 0x006A, 0x01B2, 0x01B2, 0x01B2, 0x01B2, 0x01B2, 0x01B2, 0x01B2,
    0x01B2, 0x006A, 0xFE1D, 0xFE1D, 0xFE1D, 0xFE1D, 0xFE1D, 0xFE1D, 0xFE1D, 0x006A, 0xF81F, 0xF81F,
    0xF81F, 0xF81F, 0xF81F, 0xF81F, 0xF81F, 0xF81F, 0xF81F, 0xF81F, 0xF81F, 0xF81F, 0xF81F, 0xF81F,
    0xF81F, 0xF81F, 0xF81F, 0xF81F, 0xF81F, 0xF81F, 0xF81F, 0xF81F, 0xF81F, 0xF81F, 0xF81F, 0xF81F,
    0xF81F, 0xF81F, 0xF81F, 0xF81F, 0xF81F, 0xF81F, 0xF81F, 0xF81F, 0xF81F, 0x006A, 0xFE1D, 0xFE1D,
    0x006A, 0x006A, 0x01B2, 0x01B2, 0x01B2, 0x01B2, 0x01B2, 0x01B2, 0x01B2, 0x01B2, 0x01B2, 0x01B2,
    0x01B2, 0x006A, 0xFE1D, 0xFE1D, 0xFE1D, 0xFE1D, 0xFE1D, 0x006A, 0x006A, 0xF81F, 0xF81F, 0xF81F,
    0xF81F, 0xF81F, 0xF81F, 0xF81F, 0xF81F, 0xF81F, 0xF81F, 0xF81F, 0xF81F, 0xF81F, 0xF81F, 0xF81F,
    0xF81F, 0xF81F, 0xF81F, 0xF81F, 0xF81F, 0xF81F, 0xF81F, 0xF81F, 0xF81F, 0xF81F, 0xF81F, 0xF81F,
    0xF81F, 0xF81F, 0xF81F, 0xF81F, 0xF81F, 0xF81F, 0xF81F, 0xF81F, 0xF81F, 0x006A, 0x006A, 0x006A,
    0x01B2, 0x01B2, 0x01B2, 0x01B2, 0x01B2, 0x01B2, 0x01B2, 0x01B2, 0x01B2, 0x01B2, 0x01B2, 0x01B2,
    0x01B2, 0x006A, 0xFE1D, 0xFE1D, 0xFE1D, 0x006A, 0x006A, 0xF81F, 0xF81F, 0xF81F, 0xF81F, 0xF81F,
    0xF81F, 0xF81F, 0xF81F, 0xF81F, 0xF81F, 0xF81F, 0xF81F, 0xF81F, 0xF81F, 0xF81F, 0xF81F, 0xF81F,
    0xF81F, 0xF81F, 0xF81F, 0xF81F, 0xF81F, 0xF81F, 0xF81F, 0xF81F, 0xF81F, 0xF81F, 0xF81F, 0xF81F,
    0xF81F, 0xF81F, 0xF81F, 0xF81F, 0xF81F, 0xF81F, 0xF81F, 0xF81F, 0xF81F, 0x006A, 0x01B2, 0x01B2,
    0x01B2, 0x01B2, 0x01B2, 0x01B2, 0x01B2, 0x01B2, 0x01B2, 0x01B2, 0x01B2, 0x01B2, 0x01B2, 0x01B2,
    0x01B2, 0x01B2, 0x006A, 0x006A, 0x006A, 0xF81F, 0xF81F, 0xF81F, 0xF81F, 0xF81F, 0xF81F, 0xF81F,
    0xF81F, 0xF81F, 0xF81F, 0xF81F, 0xF81F, 0xF81F, 0xF81F, 0xF81F, 0xF81F, 0xF81F, 0xF81F, 0xF81F,
    0xF81F, 0xF81F, 0xF81F, 0xF81F, 0xF81F, 0xF81F, 0xF81F, 0xF81F, 0xF81F, 0xF81F, 0xF81F, 0xF81F,
    0xF81F, 0xF81F, 0xF81F, 0xF81F, 0xF81F, 0xF81F, 0xF81F, 0xF81F, 0xF81F, 0xF81F, 0x006A, 0x01B2,
    0x01B2, 0x006A, 0x006A, 0x006A, 0x006A, 0x006A, 0x006A, 0x006A, 0x006A, 0x006A, 0x01B2, 0x01B2,
    0x01B2, 0x01B2, 0x006A, 0xF81F, 0xF81F, 0xF81F, 0xF81F, 0xF81F, 0xF81F, 0xF81F, 0xF81F, 0xF81F,
    0xF81F, 0xF81F, 0xF81F, 0xF81F, 0xF81F, 0xF81F, 0xF81F, 0xF81F, 0xF81F, 0xF81F, 0xF81F, 0xF81F,
    0xF81F, 0xF81F, 0xF81F, 0xF81F, 0xF81F, 0xF81F, 0xF81F, 0xF81F, 0xF81F, 0xF81F, 0xF81F, 0xF81F,
    0xF81F, 0xF81F, 0xF81F, 0xF81F, 0xF81F, 0xF81F, 0xF81F, 0xF81F, 0xF81F, 0xF81F, 0xF81F, 0x006A,
    0x006A, 0xFE1D, 0xFE1D, 0xFE1D, 0xFE1D, 0xFE1D, 0xFE1D, 0xFE1D, 0xFE1D, 0xFE1D, 0x006A, 0x006A,
    0x01B2, 0x006A, 0xF81F, 0xF81F, 0xF81F, 0xF81F, 0xF81F, 0xF81F, 0xF81F, 0xF81F, 0xF81F, 0xF81F,
    0xF81F, 0xF81F, 0xF81F, 0xF81F, 0xF81F, 0xF81F, 0xF81F, 0xF81F, 0xF81F, 0xF81F, 0xF81F, 0xF81F,
    0xF81F, 0xF81F, 0xF81F, 0xF81F, 0xF81F, 0xF81F, 0xF81F, 0xF81F, 0xF81F, 0xF81F, 0xF81F, 0xF81F,
    0xF81F, 0xF81F, 0xF81F, 0xF81F, 0xF81F, 0xF81F, 0xF81F, 0xF81F, 0xF81F, 0xF81F, 0x006A, 0xFE1D,
    0xFE1D, 0x006A, 0xFE1D, 0xFE1D, 0xFE1D, 0xFE1D, 0xFE1D, 0x006A, 0xFE1D, 0xFE1D, 0xFE1D, 0xFE1D,
    0x006A, 0xF81F, 0xF81F, 0xF81F, 0xF81F, 0xF81F, 0xF81F, 0xF81F, 0xF81F, 0xF81F, 0xF81F, 0xF81F,
    0xF81F, 0xF81F, 0xF81F, 0xF81F, 0xF81F, 0xF81F, 0xF81F, 0xF81F, 0xF81F, 0xF81F, 0xF81F, 0xF81F,
    0xF81F, 0xF81F, 0xF81F, 0xF81F, 0xF81F, 0xF81F, 0xF81F, 0xF81F, 0xF81F, 0xF81F, 0xF81F, 0xF81F,
    0xF81F, 0xF81F, 0xF81F, 0xF81F, 0xF81F, 0xF81F, 0xF81F, 0xF81F, 0xF81F, 0x006A, 0xFE1D, 0xFE1D,
    0xFE1D, 0x006A, 0xFE1D, 0xFE1D, 0xFE1D, 0xFE1D, 0xFE1D, 0x006A, 0xFE1D, 0xFE1D, 0xFE1D, 0xFE1D,
    0x006A, 0x006A, 0x006A, 0x006A, 0x006A, 0x006A, 0xF81F, 0xF81F, 0xF81F, 0xF81F, 0xF81F, 0xF81F,
    0xF81F, 0xF81F, 0xF81F, 0xF81F, 0xF81F, 0xF81F, 0xF81F, 0xF81F, 0xF81F, 0xF81F, 0xF81F, 0xF81F,
    0xF81F, 0xF81F, 0xF81F, 0xF81F, 0xF81F, 0xF81F, 0xF81F, 0xF81F, 0xF81F, 0xF81F, 0xF81F, 0xF81F,
    0xF81F, 0xF81F, 0xF81F, 0xF81F, 0xF81F, 0xF81F, 0xF81F, 0x006A, 0x006A, 0xFE1D, 0x006A, 0x006A,
    0xFE1D, 0x006A, 0xFE1D, 0xFE1D, 0x006A, 0xFE1D, 0xFE1D, 0x006A, 0xFE1D, 0xFE1D, 0xFE1D, 0x006A,
    0x028E, 0x028E, 0x028E, 0x028E, 0x028E, 0x028E, 0x006A, 0xF81F, 0xF81F, 0xF81F, 0xF81F, 0xF81F,
    0xF81F, 0xF81F, 0xF81F, 0xF81F, 0xF81F, 0xF81F, 0xF81F, 0xF81F, 0xF81F, 0xF81F, 0xF81F, 0xF81F,
    0xF81F, 0xF81F, 0xF81F, 0xF81F, 0xF81F, 0xF81F, 0xF81F, 0xF81F, 0xF81F, 0xF81F, 0xF81F, 0xF81F,
    0xF81F, 0xF81F, 0xF81F, 0xF81F, 0xF81F, 0xF81F, 0x006A, 0xFE1D, 0xFE1D, 0x006A, 0xFE1D, 0xFE1D,
    0xFE1D, 0x006A, 0xFE1D, 0xFE1D, 0x006A, 0xFE1D, 0xFE1D, 0x006A, 0xFE1D, 0x006A, 0xFE1D, 0x006A,
    0x028E, 0x028E, 0x028E, 0x028E, 0x028E, 0x028E, 0x028E, 0x006A, 0xF81F, 0xF81F, 0xF81F, 0xF81F,
    0xF81F, 0xF81F, 0xF81F, 0xF81F, 0xF81F, 0xF81F, 0xF81F, 0xF81F, 0xF81F, 0xF81F, 0xF81F, 0xF81F,
    0xF81F, 0xF81F, 0xF81F, 0xF81F, 0xF81F, 0xF81F, 0xF81F, 0x006A, 0x006A, 0x006A, 0x006A, 0xF81F,
    0xF81F, 0xF81F, 0xF81F, 0xF81F, 0xF81F, 0x006A, 0xFE1D, 0x006A, 0xFE1D, 0x006A, 0x006A, 0x006A,
    0x006A, 0x006A, 0xFE1D, 0xFE1D, 0xFE1D, 0x006A, 0x006A, 0xFE1D, 0x006A, 0xFE1D, 0xFE1D, 0x006A,
    0x006A, 0x028E, 0x028E, 0x028E, 0x028E, 0x028E, 0x028E, 0x028E, 0x006A, 0xF81F, 0xF81F, 0xF81F,
    0xF81F, 0xF81F, 0xF81F, 0xF81F, 0xF81F, 0xF81F, 0xF81F, 0xF81F, 0xF81F, 0xF81F, 0xF81F, 0xF81F,
    0xF81F, 0xF81F, 0xF81F, 0xF81F, 0xF81F, 0xF81F, 0x006A, 0xFE1D, 0xFE1D, 0xFE1D, 0xFE1D, 0x006A,
    0x006A, 0xF81F, 0xF81F, 0xF81F, 0x006A, 0xFE1D, 0x006A, 0x028E, 0x006A, 0x028E, 0x028E, 0x028E,
    0x028E, 0x006A, 0x006A, 0xFE1D, 0xFE1D, 0xFE1D, 0xFE1D, 0x006A, 0xFE1D, 0xFE1D, 0x006A, 0x028E,
    0x028E, 0x006A, 0x028E, 0x028E, 0x028E, 0x028E, 0x028E, 0x028E, 0x006A, 0xF81F, 0xF81F, 0xF81F,
    0xF81F, 0xF81F, 0xF81F, 0xF81F, 0xF81F, 0xF81F, 0xF81F, 0xF81F, 0xF81F, 0xF81F, 0xF81F, 0xF81F,
    0xF81F, 0xF81F, 0xF81F, 0xF81F, 0xF81F, 0x006A, 0xFE1D, 0xFE1D, 0xFE1D, 0xFE1D, 0xFE1D, 0x006A,
    0x028E, 0x006A, 0x006A, 0x006A, 0x006A, 0x006A, 0x028E, 0x028E, 0x006A, 0x028E, 0x028E, 0x028E,
    0x028E, 0x028E, 0x006A, 0xFE1D, 0xFE1D, 0xFE1D, 0xFE1D, 0x006A, 0xFE1D, 0xFE1D, 0x006A, 0x028E,
    0x028E, 0x006A, 0x028E, 0x028E, 0x028E, 0x028E, 0x028E, 0x028E, 0x006A, 0xF81F, 0xF81F, 0xF81F,
    0xF81F, 0xF81F, 0xF81F, 0xF81F, 0xF81F, 0xF81F, 0xF81F, 0xF81F, 0xF81F, 0xF81F, 0xF81F, 0xF81F,
    0xF81F, 0xF81F, 0xF81F, 0xF81F, 0xF81F, 0x006A, 0xFE1D, 0xFE1D, 0xFE1D, 0xFE1D, 0x006A, 0x028E,
    0x028E, 0x006A, 0x028E, 0x028E, 0x028E, 0x028E, 0x006A, 0x006A, 0x028E, 0x028E, 0x028E, 0x028E,
    0x028E, 0x028E, 0x006A, 0x006A, 0xFE1D, 0x006A, 0x006A, 0xFE1D, 0x006A, 0xFE1D, 0x006A, 0x028E,
    0x028E, 0x006A, 0x028E, 0x028E, 0x028E, 0x028E, 0x028E, 0x028E, 0x006A, 0xF81F, 0xF81F, 0xF81F,
    0xF81F, 0xF81F, 0xF81F, 0xF81F, 0xF81F, 0xF81F, 0xF81F, 0xF81F, 0xF81F, 0xF81F, 0xF81F, 0xF81F,
    0xF81F, 0xF81F, 0xF81F, 0xF81F, 0xF81F, 0x006A, 0xFE1D, 0xFE1D, 0xFE1D, 0xFE1D, 0x006A, 0x028E,
    0x006A, 0x028E, 0x028E, 0x028E, 0x028E, 0x028E, 0x028E, 0x028E, 0x028E, 0x028E, 0x028E, 0x028E,
    0x028E, 0x028E, 0x028E, 0x006A, 0xFE1D, 0xFE1D, 0xFE1D, 0x006A, 0xFE1D, 0x006A, 0xFE1D, 0x006A,
    0x028E, 0x006A, 0x028E, 0x028E, 0x028E, 0x028E, 0x028E, 0x028E, 0x006A, 0xF81F, 0xF81F, 0xF81F,
    0xF81F, 0xF81F, 0xF81F, 0xF81F, 0xF81F, 0xF81F, 0xF81F, 0xF81F, 0xF81F, 0xF81F, 0xF81F, 0xF81F,
    0xF81F, 0xF81F, 0xF81F, 0xF81F, 0x006A, 0xFE1D, 0xFE1D, 0xFE1D, 0xFE1D, 0x006A, 0x028E, 0x028E,
    0x006A, 0x028E, 0x028E, 0x028E, 0x028E, 0x028E, 0x028E, 0x028E, 0x028E, 0x028E, 0x028E, 0x028E,
    0x028E, 0x028E, 0x028E, 0x028E, 0x006A, 0xFE1D, 0xFE1D, 0x006A, 0xFE1D, 0x006A, 0xFE1D, 0x006A,
    0x006A, 0x028E, 0x028E, 0x028E, 0x028E, 0x028E, 0x028E, 0x028E, 0x006A, 0xF81F, 0xF81F, 0xF81F,
    0xF81F, 0xF81F, 0xF81F, 0xF81F, 0xF81F, 0xF81F, 0xF81F, 0xF81F, 0xF81F, 0xF81F, 0xF81F, 0xF81F,
    0xF81F, 0xF81F, 0xF81F, 0xF81F, 0x006A, 0xFE1D, 0xFE1D, 0xFE1D, 0xFE1D, 0x006A, 0x028E, 0x006A,
    0x028E, 0x028E, 0x028E, 0x028E, 0x028E, 0x028E, 0x028E, 0x028E, 0x028E, 0x028E, 0x028E, 0x028E,
    0x028E, 0x028E, 0x028E, 0x028E, 0x006A, 0x006A, 0xFE1D, 0xFE1D, 0xFE1D, 0x006A, 0xFE1D, 0x006A,
    0x028E, 0x028E, 0x028E, 0x028E, 0x028E, 0x028E, 0x028E, 0x006A, 0xF81F, 0xF81F, 0xF81F, 0xF81F,
    0xF81F, 0xF81F, 0xF81F, 0xF81F, 0xF81F, 0xF81F, 0xF81F, 0xF81F, 0xF81F, 0xF81F, 0xF81F, 0xF81F,
    0xF81F, 0xF81F, 0xF81F, 0x006A, 0xFE1D, 0xFE1D, 0xFE1D, 0xFE1D, 0xFE1D, 0x006A, 0x028E, 0x006A,
    0x028E, 0x028E, 0x028E, 0x028E, 0x028E, 0x028E, 0x028E, 0x028E, 0x028E, 0x028E, 0x028E, 0x028E,
    0x028E, 0x028E, 0x028E, 0x028E, 0x006A, 0x006A, 0xFE1D, 0xFE1D, 0xFE1D, 0x006A, 0xFE1D, 0xFE1D,
    0x006A, 0x028E, 0x028E, 0x028E, 0x028E, 0x028E, 0x028E, 0x006A, 0xF81F, 0xF81F, 0xF81F, 0xF81F,
    0xF81F, 0xF81F, 0xF81F, 0xF81F, 0xF81F, 0xF81F, 0xF81F, 0xF81F, 0xF81F, 0xF81F, 0xF81F, 0xF81F,
    0xF81F, 0xF81F, 0xF81F, 0x006A, 0xFE1D, 0xFE1D, 0x006A, 0xFE1D, 0xFE1D, 0x006A, 0x028E, 0x006A,
    0x028E, 0x028E, 0x028E, 0x028E, 0x028E, 0x028E, 0x028E, 0x028E, 0x028E, 0x028E, 0x028E, 0x028E,
    0x028E, 0x028E, 0x028E, 0x028E, 0x006A, 0xFE1D, 0x006A, 0xFE1D, 0xFE1D, 0x006A, 0xFE1D, 0xFE1D,
    0x006A, 0x028E, 0x028E, 0x028E, 0x028E, 0x006A, 0x006A, 0xF81F, 0xF81F, 0xF81F, 0xF81F, 0xF81F,
    0xF81F, 0xF81F, 0xF81F, 0xF81F, 0xF81F, 0xF81F, 0xF81F, 0xF81F, 0xF81F, 0xF81F, 0xF81F, 0xF81F,
    0xF81F, 0xF81F, 0xF81F, 0x006A, 0xFE1D, 0xFE1D, 0xFE1D, 0x006A, 0x006A, 0x006A, 0x006A, 0x006A,
    0x028E, 0x028E, 0x028E, 0x028E, 0x028E, 0x028E, 0x028E, 0x028E, 0x028E, 0x028E, 0x028E, 0x028E,
    0x028E, 0x028E, 0x028E, 0x028E, 0x006A, 0xFE1D, 0xFE1D, 0x006A, 0x006A, 0xFE1D, 0xFE1D, 0xFE1D,
    0xFE1D, 0x006A, 0x006A, 0x006A, 0x006A, 0xF81F, 0xF81F, 0xF81F, 0xF81F, 0xF81F, 0xF81F, 0xF81F,
    0xF81F, 0xF81F, 0xF81F, 0xF81F, 0xF81F, 0xF81F, 0xF81F, 0xF81F, 0xF81F, 0xF81F, 0xF81F, 0xF81F,
    0xF81F, 0xF81F, 0xF81F, 0x006A, 0xFE1D, 0xFE1D, 0xFE1D, 0xFE1D, 0xFE1D, 0xFE1D, 0xFE1D, 0x006A,
    0x006A, 0x028E, 0x028E, 0x028E, 0x028E, 0x028E, 0x028E, 0x028E, 0x028E, 0x028E, 0x028E, 0x028E,
    0x028E, 0x028E, 0x028E, 0x006A, 0x028E, 0x006A, 0xFE1D, 0xFE1D, 0xFE1D, 0xFE1D, 0xFE1D, 0xFE1D,
    0xFE1D, 0x006A, 0xF81F, 0xF81F, 0xF81F, 0xF81F, 0xF81F, 0xF81F, 0xF81F, 0xF81F, 0xF81F, 0xF81F,
    0xF81F, 0xF81F, 0xF81F, 0xF81F, 0xF81F, 0xF81F, 0xF81F, 0xF81F, 0xF81F, 0xF81F, 0xF81F, 0xF81F,
    0xF81F, 0xF81F, 0x006A, 0xFE1D, 0xFE1D, 0xFE1D, 0xFE1D, 0xFE1D, 0xFE1D, 0xFE1D, 0xFE1D, 0xFE1D,
    0x006A, 0x006A, 0x028E, 0x028E, 0x028E, 0x028E, 0x028E, 0x028E, 0x028E, 0x028E, 0x028E, 0x028E,
    0x028E, 0x028E, 0x028E, 0x006A, 0x028E, 0x006A, 0xFE1D, 0xFE1D, 0xFE1D, 0xFE1D, 0xFE1D, 0x006A,
    0x006A, 0x006A, 0xF81F, 0xF81F, 0xF81F, 0xF81F, 0xF81F, 0xF81F, 0xF81F, 0xF81F, 0xF81F, 0xF81F,
    0xF81F, 0xF81F, 0xF81F, 0xF81F, 0xF81F, 0xF81F, 0xF81F, 0xF81F, 0xF81F, 0xF81F, 0xF81F, 0xF81F,
    0xF81F, 0xF81F, 0x006A, 0xFE1D, 0xFE1D, 0xFE1D, 0xFE1D, 0xFE1D, 0xFE1D, 0xFE1D, 0xFE1D, 0xFE1D,
    0xFE1D, 0x006A, 0x006A, 0x028E, 0x028E, 0x028E, 0x028E, 0x028E, 0x028E, 0x028E, 0x028E, 0x028E,
    0x028E, 0x028E, 0x006A, 0x028E, 0x028E, 0x006A, 0xFE1D, 0xFE1D, 0xFE1D, 0xFE1D, 0x006A, 0xFE1D,
    0xFE1D, 0xFE1D, 0x006A, 0xF81F, 0xF81F, 0xF81F, 0xF81F, 0xF81F, 0xF81F, 0xF81F, 0xF81F, 0xF81F,
    0xF81F, 0xF81F, 0xF81F, 0xF81F, 0xF81F, 0xF81F, 0xF81F, 0xF81F, 0xF81F, 0xF81F, 0xF81F, 0xF81F,
    0xF81F, 0xF81F, 0x006A, 0xFE1D, 0xFE1D, 0xFE1D, 0xFE1D, 0xFE1D, 0xFE1D, 0xFE1D, 0xFE1D, 0xFE1D,
    0xFE1D, 0xFE1D, 0xFE1D, 0x006A, 0x028E, 0x028E, 0x028E, 0x028E, 0x028E, 0x028E, 0x028E, 0x028E,
    0x028E, 0x006A, 0x028E, 0x028E, 0x006A, 0xFE1D, 0x006A, 0xFE1D, 0xFE1D, 0x006A, 0xFE1D, 0xFE1D,
    0x006A, 0xFE1D, 0xFE1D, 0x006A, 0xF81F, 0xF81F, 0xF81F, 0xF81F, 0xF81F, 0xF81F, 0xF81F, 0xF81F,
    0xF81F, 0xF81F, 0xF81F, 0xF81F, 0xF81F, 0xF81F, 0xF81F, 0xF81F, 0xF81F, 0xF81F, 0xF81F, 0xF81F,
    0xF81F, 0xF81F, 0x006A, 0xFE1D, 0xFE1D, 0x006A, 0xFE1D, 0xFE1D, 0xFE1D, 0xFE1D, 0xFE1D, 0xFE1D,
    0xFE1D, 0xFE1D, 0x006A, 0xFE1D, 0x006A, 0x006A, 0x028E, 0x028E, 0x028E, 0x028E, 0x028E, 0x028E,
    0x006A, 0x028E, 0x028E, 0x028E, 0x006A, 0xFE1D, 0xFE1D, 0x006A, 0xFE1D, 0x006A, 0xFE1D, 0xFE1D,
    0xFE1D, 0xFE1D, 0xFE1D, 0x006A, 0xF81F, 0xF81F, 0xF81F, 0xF81F, 0xF81F, 0xF81F, 0xF81F, 0xF81F,
    0xF81F, 0xF81F, 0xF81F, 0xF81F, 0xF81F, 0xF81F, 0xF81F, 0xF81F, 0xF81F, 0xF81F, 0xF81F, 0xF81F,
    0xF81F, 0xF81F, 0x006A, 0xFE1D, 0xFE1D, 0x006A, 0xFE1D, 0xFE1D, 0xFE1D, 0xFE1D, 0xFE1D, 0xFE1D,
    0xFE1D, 0xFE1D, 0x006A, 0x006A, 0xFE1D, 0xFE1D, 0x006A, 0x006A, 0x006A, 0x006A, 0x006A, 0x006A,
    0xFE1D, 0x006A, 0x006A, 0x006A, 0xFE1D, 0xFE1D, 0xFE1D, 0xFE1D, 0x006A, 0xFE1D, 0xFE1D, 0xFE1D,
    0xFE1D, 0xFE1D, 0xFE1D, 0xFE1D, 0x006A, 0xF81F, 0xF81F, 0xF81F, 0xF81F, 0xF81F, 0xF81F, 0xF81F,
    0xF81F, 0xF81F, 0xF81F, 0xF81F, 0xF81F, 0xF81F, 0xF81F, 0xF81F, 0xF81F, 0xF81F, 0xF81F, 0xF81F,
    0xF81F, 0xF81F, 0x006A, 0xFE1D, 0xFE1D, 0x006A, 0xFE1D, 0xFE1D, 0xFE1D, 0xFE1D, 0xFE1D, 0xFE1D,
    0xFE1D, 0xFE1D, 0x006A, 0xFE1D, 0x006A, 0xFE1D, 0xFE1D, 0xFE1D, 0xFE1D, 0xFE1D, 0xFE1D, 0xFE1D,
    0xFE1D, 0xFE1D, 0xFE1D, 0xFE1D, 0xFE1D, 0xFE1D, 0xFE1D, 0xFE1D, 0x006A, 0xFE1D, 0xFE1D, 0xFE1D,
    0xFE1D, 0xFE1D, 0xFE1D, 0xFE1D, 0x006A, 0xF81F, 0xF81F, 0xF81F, 0xF81F, 0xF81F, 0xF81F, 0xF81F,
    0xF81F, 0xF81F, 0xF81F, 0xF81F, 0xF81F, 0xF81F, 0xF81F, 0xF81F, 0xF81F, 0xF81F, 0xF81F, 0xF81F,
    0xF81F, 0xF81F, 0xF81F, 0x006A, 0xFE1D, 0xFE1D, 0x006A, 0xFE1D, 0xFE1D, 0xFE1D, 0xFE1D, 0xFE1D,
    0xFE1D, 0xFE1D, 0xFE1D, 0x006A, 0xFE1D, 0xFE1D, 0xFE1D, 0xFE1D, 0xFE1D, 0xFE1D, 0xFE1D, 0xFE1D,
    0xFE1D, 0xFE1D, 0xFE1D, 0xFE1D, 0xFE1D, 0xFE1D, 0xFE1D, 0xFE1D, 0x006A, 0xFE1D, 0xFE1D, 0xFE1D,
    0xFE1D, 0xFE1D, 0xFE1D, 0xFE1D, 0x006A, 0xF81F, 0xF81F, 0xF81F, 0xF81F, 0xF81F, 0xF81F, 0xF81F,
    0xF81F, 0xF81F, 0xF81F, 0xF81F, 0xF81F, 0xF81F, 0xF81F, 0xF81F, 0xF81F, 0xF81F, 0xF81F, 0xF81F,
    0xF81F, 0xF81F, 0xF81F, 0x006A, 0xFE1D, 0xFE1D, 0x006A, 0xFE1D, 0xFE1D, 0xFE1D, 0xFE1D, 0xFE1D,
    0xFE1D, 0xFE1D, 0xFE1D, 0x006A, 0xFE1D, 0xFE1D, 0xFE1D, 0xFE1D, 0xFE1D, 0xFE1D, 0xFE1D, 0xFE1D,
    0xFE1D, 0xFE1D, 0xFE1D, 0xFE1D, 0xFE1D, 0xFE1D, 0xFE1D, 0xFE1D, 0x006A, 0xFE1D, 0xFE1D, 0xFE1D,
    0xFE1D, 0xFE1D, 0xFE1D, 0xFE1D, 0x006A, 0xF81F, 0xF81F, 0xF81F, 0xF81F, 0xF81F, 0xF81F, 0xF81F,
    0xF81F, 0xF81F, 0xF81F, 0xF81F, 0xF81F, 0xF81F, 0xF81F, 0xF81F, 0xF81F, 0xF81F, 0xF81F, 0xF81F,
    0xF81F, 0xF81F, 0xF81F, 0x006A, 0xFE1D, 0xFE1D, 0xFE1D, 0x006A, 0xFE1D, 0xFE1D, 0xFE1D, 0xFE1D,
    0xFE1D, 0xFE1D, 0xFE1D, 0x006A, 0xFE1D, 0xFE1D, 0xFE1D, 0xFE1D, 0xFE1D, 0xFE1D, 0xFE1D, 0xFE1D,
    0xFE1D, 0xFE1D, 0xFE1D, 0xFE1D, 0xFE1D, 0xFE1D, 0xFE1D, 0xFE1D, 0x006A, 0xFE1D, 0xFE1D, 0xFE1D,
    0xFE1D, 0xFE1D, 0xFE1D, 0xFE1D, 0x006A, 0xF81F, 0xF81F, 0xF81F, 0xF81F, 0xF81F, 0xF81F, 0xF81F,
    0xF81F, 0xF81F, 0xF81F, 0xF81F, 0xF81F, 0xF81F, 0xF81F, 0xF81F, 0xF81F, 0xF81F, 0xF81F, 0xF81F,
    0xF81F, 0xF81F, 0xF81F, 0x006A, 0xFE1D, 0xFE1D, 0xFE1D, 0xFE1D, 0xFE1D, 0xFE1D, 0xFE1D, 0xFE1D,
    0xFE1D, 0xFE1D, 0xFE1D, 0x006A, 0xFE1D, 0xFE1D, 0xFE1D, 0xFE1D, 0xFE1D, 0xFE1D, 0xFE1D, 0xFE1D,
    0xFE1D, 0xFE1D, 0xFE1D, 0xFE1D, 0xFE1D, 0xFE1D, 0xFE1D, 0x006A, 0xFE1D, 0xFE1D, 0xFE1D, 0xFE1D,
    0xFE1D, 0xFE1D, 0xFE1D, 0xFE1D, 0x006A, 0xF81F, 0xF81F, 0xF81F, 0xF81F, 0xF81F, 0xF81F, 0xF81F,
    0xF81F, 0xF81F, 0xF81F, 0xF81F, 0xF81F, 0xF81F, 0xF81F, 0xF81F, 0xF81F, 0xF81F, 0xF81F, 0xF81F,
    0xF81F, 0xF81F, 0xF81F, 0x006A, 0xFE1D, 0xFE1D, 0xFE1D, 0xFE1D, 0xFE1D, 0xFE1D, 0xFE1D, 0xFE1D,
    0xFE1D, 0xFE1D, 0xFE1D, 0x006A, 0xFE1D, 0xFE1D, 0xFE1D, 0xFE1D, 0xFE1D, 0xFE1D, 0xFE1D, 0xFE1D,
    0xFE1D, 0xFE1D, 0xFE1D, 0xFE1D, 0xFE1D, 0xFE1D, 0xFE1D, 0x006A, 0xFE1D, 0xFE1D, 0xFE1D, 0xFE1D,
    0xFE1D, 0xFE1D, 0xFE1D, 0x006A, 0xF81F, 0xF81F, 0xF81F, 0xF81F, 0xF81F, 0xF81F, 0xF81F, 0xF81F,
    0xF81F, 0xF81F, 0xF81F, 0xF81F, 0xF81F, 0xF81F, 0xF81F, 0xF81F, 0xF81F, 0xF81F, 0xF81F, 0xF81F,
    0xF81F, 0xF81F, 0xF81F, 0x006A, 0xFE1D, 0xFE1D, 0xFE1D, 0xFE1D, 0xFE1D, 0xFE1D, 0xFE1D, 0xFE1D,
    0xFE1D, 0xFE1D, 0xFE1D, 0x006A, 0xFE1D, 0xFE1D, 0xFE1D, 0xFE1D, 0xFE1D, 0xFE1D, 0xFE1D, 0xFE1D,
    0xFE1D, 0xFE1D, 0xFE1D, 0xFE1D, 0xFE1D, 0xFE1D, 0xFE1D, 0x006A, 0xFE1D, 0xFE1D, 0xFE1D, 0xFE1D,
    0xFE1D, 0xFE1D, 0xFE1D, 0x006A, 0xF81F, 0xF81F, 0xF81F, 0xF81F, 0xF81F, 0xF81F, 0xF81F, 0xF81F,
    0xF81F, 0xF81F, 0xF81F, 0xF81F, 0xF81F, 0xF81F, 0xF81F, 0xF81F, 0xF81F, 0xF81F, 0xF81F, 0xF81F,
    0xF81F, 0xF81F, 0xF81F, 0xF81F, 0x006A, 0xFE1D, 0xFE1D, 0xFE1D, 0xFE1D, 0xFE1D, 0xFE1D, 0xFE1D,
    0xFE1D, 0xFE1D, 0x006A, 0xFE1D, 0xFE1D, 0xFE1D, 0xFE1D, 0xFE1D, 0xFE1D, 0xFE1D, 0xFE1D, 0xFE1D,
    0xFE1D, 0xFE1D, 0xFE1D, 0xFE1D, 0xFE1D, 0xFE1D, 0x006A, 0xFE1D, 0xFE1D, 0xFE1D, 0xFE1D, 0xFE1D,
    0xFE1D, 0xFE1D, 0xFE1D, 0x006A, 0xF81F, 0xF81F, 0xF81F, 0xF81F, 0xF81F, 0xF81F, 0xF81F, 0xF81F,
    0xF81F, 0xF81F, 0xF81F, 0xF81F, 0xF81F, 0xF81F, 0xF81F, 0xF81F, 0xF81F, 0xF81F, 0xF81F, 0xF81F,
    0xF81F, 0xF81F, 0xF81F, 0xF81F, 0x006A, 0xFE1D, 0xFE1D, 0xFE1D, 0xFE1D, 0xFE1D, 0xFE1D, 0xFE1D,
    0xFE1D, 0xFE1D, 0x006A, 0xFE1D, 0xFE1D, 0xFE1D, 0xFE1D, 0xFE1D, 0xFE1D, 0xFE1D, 0xFE1D, 0xFE1D,
    0xFE1D, 0xFE1D, 0xFE1D, 0xFE1D, 0xFE1D, 0xFE1D, 0x006A, 0xFE1D, 0xFE1D, 0xFE1D, 0xFE1D, 0xFE1D,
    0xFE1D, 0xFE1D, 0xFE1D, 0x006A, 0xF81F, 0xF81F, 0xF81F, 0xF81F, 0xF81F, 0xF81F, 0xF81F, 0xF81F,
    0xF81F, 0xF81F, 0xF81F, 0xF81F, 0xF81F, 0xF81F, 0xF81F, 0xF81F, 0xF81F, 0xF81F, 0xF81F, 0xF81F,
    0xF81F, 0xF81F, 0xF81F, 0xF81F, 0x006A, 0xFE1D, 0xFE1D, 0xFE1D, 0xFE1D, 0xFE1D, 0xFE1D, 0xFE1D,
    0xFE1D, 0x006A, 0xFE1D, 0xFE1D, 0xFE1D, 0xFE1D, 0xFE1D, 0xFE1D, 0xFE1D, 0xFE1D, 0xFE1D, 0xFE1D,
    0xFE1D, 0xFE1D, 0xFE1D, 0xFE1D, 0xFE1D, 0x006A, 0xFE1D, 0xFE1D, 0xFE1D, 0xFE1D, 0xFE1D, 0xFE1D,
    0xFE1D, 0xFE1D, 0x006A, 0xF81F, 0xF81F, 0xF81F, 0xF81F, 0xF81F, 0xF81F, 0xF81F, 0xF81F, 0xF81F,
    0xF81F, 0xF81F, 0xF81F, 0xF81F, 0xF81F, 0xF81F, 0xF81F, 0xF81F, 0xF81F, 0xF81F, 0xF81F, 0xF81F,
    0xF81F, 0xF81F, 0xF81F, 0xF81F, 0x006A, 0xFE1D, 0xFE1D, 0xFE1D, 0xFE1D, 0xFE1D, 0xFE1D, 0xFE1D,
    0xFE1D, 0xFE1D, 0xFE1D, 0xFE1D, 0xFE1D, 0xFE1D, 0xFE1D, 0xFE1D, 0xFE1D, 0xFE1D, 0xFE1D, 0xFE1D,
    0xFE1D, 0xFE1D, 0xFE1D, 0xFE1D, 0xFE1D, 0xFE1D, 0xFE1D, 0xFE1D, 0xFE1D, 0xFE1D, 0xFE1D, 0xFE1D,
    0xFE1D, 0xFE1D, 0x006A, 0xF81F, 0xF81F, 0xF81F, 0xF81F, 0xF81F, 0xF81F, 0xF81F, 0xF81F, 0xF81F,
    0xF81F, 0xF81F, 0xF81F, 0xF81F, 0xF81F, 0xF81F, 0xF81F, 0xF81F, 0xF81F, 0xF81F, 0xF81F, 0xF81F,
    0xF81F, 0xF81F, 0xF81F, 0xF81F, 0xF81F, 0x006A, 0xFE1D, 0xFE1D, 0xFE1D, 0xFE1D, 0xFE1D, 0xFE1D,
    0xFE1D, 0xFE1D, 0xFE1D, 0xFE1D, 0xFE1D, 0xFE1D, 0xFE1D, 0xFE1D, 0xFE1D, 0xFE1D, 0xFE1D, 0xFE1D,
    0xFE1D, 0xFE1D, 0xFE1D, 0xFE1D, 0xFE1D, 0xFE1D, 0xFE1D, 0xFE1D, 0xFE1D, 0xFE1D, 0xFE1D, 0xFE1D,
    0xFE1D, 0x006A, 0xF81F, 0xF81F, 0xF81F, 0xF81F, 0xF81F, 0xF81F, 0xF81F, 0xF81F, 0xF81F, 0xF81F,
    0xF81F, 0xF81F, 0xF81F, 0xF81F, 0xF81F, 0xF81F, 0xF81F, 0xF81F, 0xF81F, 0xF81F, 0xF81F, 0xF81F,
    0xF81F, 0xF81F, 0xF81F, 0xF81F, 0xF81F, 0x006A, 0xFE1D, 0xFE1D, 0xFE1D, 0xFE1D, 0xFE1D, 0xFE1D,
    0xFE1D, 0xFE1D, 0xFE1D, 0xFE1D, 0xFE1D, 0xFE1D, 0xFE1D, 0xFE1D, 0xFE1D, 0xFE1D, 0xFE1D, 0xFE1D,
    0xFE1D, 0xFE1D, 0xFE1D, 0xFE1D, 0xFE1D, 0xFE1D, 0xFE1D, 0xFE1D, 0xFE1D, 0xFE1D, 0xFE1D, 0xFE1D,
    0x006A, 0x006A, 0xF81F, 0xF81F, 0xF81F, 0xF81F, 0xF81F, 0xF81F, 0xF81F, 0xF81F, 0xF81F, 0xF81F,
    0xF81F, 0xF81F, 0xF81F, 0xF81F, 0xF81F, 0xF81F, 0xF81F, 0xF81F, 0xF81F, 0xF81F, 0xF81F, 0xF81F,
    0xF81F, 0xF81F, 0xF81F, 0xF81F, 0xF81F, 0xF81F, 0x006A, 0xFE1D, 0xFE1D, 0xFE1D, 0xFE1D, 0xFE1D,
    0xFE1D, 0xFE1D, 0xFE1D, 0xFE1D, 0xFE1D, 0xFE1D, 0xFE1D, 0xFE1D, 0xFE1D, 0xFE1D, 0x006A, 0x006A,
    0x006A, 0xFE1D, 0xFE1D, 0xFE1D, 0xFE1D, 0x006A, 0x006A, 0xFE1D, 0xFE1D, 0xFE1D, 0x006A, 0x006A,
    0xFE1D, 0x006A, 0xF81F, 0xF81F, 0xF81F, 0xF81F, 0xF81F, 0xF81F, 0xF81F, 0xF81F, 0xF81F, 0xF81F,
    0xF81F, 0xF81F, 0xF81F, 0xF81F, 0xF81F, 0xF81F, 0xF81F, 0xF81F, 0xF81F, 0xF81F, 0xF81F, 0xF81F,
    0xF81F, 0xF81F, 0xF81F, 0xF81F, 0xF81F, 0xF81F, 0x006A, 0xFE1D, 0xFE1D, 0xFE1D, 0xFE1D, 0xFE1D,
    0xFE1D, 0xFE1D, 0xFE1D, 0xFE1D, 0xFE1D, 0xFE1D, 0x006A, 0x006A, 0x006A, 0x006A, 0xFE1D, 0xFE1D,
    0xFE1D, 0xFE1D, 0xFE1D, 0xFE1D, 0xFE1D, 0xFE1D, 0xFE1D, 0x006A, 0xFE1D, 0xFE1D, 0xFE1D, 0xFE1D,
    0xFE1D, 0x006A, 0xF81F, 0xF81F, 0xF81F, 0xF81F, 0xF81F, 0xF81F, 0xF81F, 0xF81F, 0xF81F, 0xF81F,
    0xF81F, 0xF81F, 0xF81F, 0xF81F, 0xF81F, 0xF81F, 0xF81F, 0xF81F, 0xF81F, 0xF81F, 0xF81F, 0xF81F,
    0xF81F, 0xF81F, 0xF81F, 0xF81F, 0xF81F, 0xF81F, 0xF81F, 0x006A, 0x006A, 0xFE1D, 0xFE1D, 0xFE1D,
    0xFE1D, 0xFE1D, 0x006A, 0xFE1D, 0xFE1D, 0xFE1D, 0xFE1D, 0xFE1D, 0xFE1D, 0xFE1D, 0xFE1D, 0xFE1D,
    0xFE1D, 0xFE1D, 0xFE1D, 0xFE1D, 0xFE1D, 0xFE1D, 0xFE1D, 0x006A, 0xFE1D, 0xFE1D, 0xFE1D, 0xFE1D,
    0x006A, 0xF81F, 0xF81F, 0xF81F, 0xF81F, 0xF81F, 0xF81F, 0xF81F, 0xF81F, 0xF81F, 0xF81F, 0xF81F,
    0xF81F, 0xF81F, 0xF81F, 0xF81F, 0xF81F, 0xF81F, 0xF81F, 0xF81F, 0xF81F, 0xF81F, 0xF81F, 0xF81F,
    0xF81F, 0xF81F, 0xF81F, 0xF81F, 0xF81F, 0xF81F, 0xF81F, 0xF81F, 0xF81F, 0x006A, 0x006A, 0x006A,
    0x006A, 0x006A, 0xFE1D, 0xFE1D, 0xFE1D, 0xFE1D, 0xFE1D, 0xFE1D, 0xFE1D, 0xFE1D, 0xFE1D, 0xFE1D,
    0xFE1D, 0xFE1D, 0xFE1D, 0xFE1D, 0xFE1D, 0xFE1D, 0xFE1D, 0xFE1D, 0xFE1D, 0xFE1D, 0xFE1D, 0xFE1D,
    0x006A, 0xF81F, 0xF81F, 0xF81F, 0xF81F, 0xF81F, 0xF81F, 0xF81F, 0xF81F, 0xF81F, 0xF81F, 0xF81F,
    0xF81F, 0xF81F, 0xF81F, 0xF81F, 0xF81F, 0xF81F, 0xF81F, 0xF81F, 0xF81F, 0xF81F, 0xF81F, 0xF81F,
    0xF81F, 0xF81F, 0xF81F, 0xF81F, 0xF81F, 0xF81F, 0xF81F, 0xF81F, 0xF81F, 0xF81F, 0xF81F, 0x006A,
    0xFE1D, 0xFE1D, 0xFE1D, 0xFE1D, 0xFE1D, 0xFE1D, 0xFE1D, 0xFE1D, 0xFE1D, 0xFE1D, 0xFE1D, 0xFE1D,
    0xFE1D, 0xFE1D, 0xFE1D, 0xFE1D, 0xFE1D, 0x006A, 0xFE1D, 0xFE1D, 0xFE1D, 0xFE1D, 0xFE1D, 0x006A,
    0xF81F, 0xF81F, 0xF81F, 0xF81F, 0xF81F, 0xF81F, 0xF81F, 0xF81F, 0xF81F, 0xF81F, 0xF81F, 0xF81F,
    0xF81F, 0xF81F, 0xF81F, 0xF81F, 0xF81F, 0xF81F, 0xF81F, 0xF81F, 0xF81F, 0xF81F, 0xF81F, 0xF81F,
    0xF81F, 0xF81F, 0xF81F, 0xF81F, 0xF81F, 0xF81F, 0xF81F, 0xF81F, 0xF81F, 0xF81F, 0xF81F, 0x006A,
    0xFE1D, 0xFE1D, 0xFE1D, 0xFE1D, 0xFE1D, 0xFE1D, 0xFE1D, 0xFE1D, 0xFE1D, 0x006A, 0xFE1D, 0xFE1D,
    0xFE1D, 0xFE1D, 0xFE1D, 0xFE1D, 0x006A, 0xF81F, 0x006A, 0x006A, 0x006A, 0x006A, 0x006A, 0xF81F,
    0xF81F, 0xF81F, 0xF81F, 0xF81F, 0xF81F, 0xF81F, 0xF81F, 0xF81F, 0xF81F, 0xF81F, 0xF81F, 0xF81F,
    0xF81F, 0xF81F, 0xF81F, 0xF81F, 0xF81F, 0xF81F, 0xF81F, 0xF81F, 0xF81F, 0xF81F, 0xF81F, 0xF81F,
    0xF81F, 0xF81F, 0xF81F, 0xF81F, 0xF81F, 0xF81F, 0xF81F, 0xF81F, 0xF81F, 0xF81F, 0xF81F, 0x006A,
    0xFE1D, 0xFE1D, 0xFE1D, 0xFE1D, 0xFE1D, 0xFE1D, 0xFE1D, 0xFE1D, 0xFE1D, 0x006A, 0xFE1D, 0xFE1D,
    0xFE1D, 0xFE1D, 0xFE1D, 0x006A, 0xF81F, 0xF81F, 0xF81F, 0xF81F, 0xF81F, 0xF81F, 0xF81F, 0xF81F,
    0xF81F, 0xF81F, 0xF81F, 0xF81F, 0xF81F, 0xF81F, 0xF81F, 0xF81F, 0xF81F, 0xF81F, 0xF81F, 0xF81F,
    0xF81F, 0xF81F, 0xF81F, 0xF81F, 0xF81F, 0xF81F, 0xF81F, 0xF81F, 0xF81F, 0xF81F, 0xF81F, 0xF81F,
    0xF81F, 0xF81F, 0xF81F, 0xF81F, 0xF81F, 0xF81F, 0xF81F, 0xF81F, 0xF81F, 0x006A, 0x006A, 0x006A,
    0xFE1D, 0xFE1D, 0xFE1D, 0xFE1D, 0xFE1D, 0xFE1D, 0xFE1D, 0xFE1D, 0xFE1D, 0x006A, 0xFE1D, 0xFE1D,
    0xFE1D, 0xFE1D, 0x006A, 0xF81F, 0xF81F, 0xF81F, 0xF81F, 0xF81F, 0xF81F, 0xF81F, 0xF81F, 0xF81F,
    0xF81F, 0xF81F, 0xF81F, 0xF81F, 0xF81F, 0xF81F, 0xF81F, 0xF81F, 0xF81F, 0xF81F, 0xF81F, 0xF81F,
    0xF81F, 0xF81F, 0xF81F, 0xF81F, 0xF81F, 0xF81F, 0xF81F, 0xF81F, 0xF81F, 0xF81F, 0xF81F, 0xF81F,
    0xF81F, 0xF81F, 0xF81F, 0xF81F, 0xF81F, 0xF81F, 0xF81F, 0x006A, 0x006A, 0xFE1D, 0xFE1D, 0x006A,
    0xFE1D, 0xFE1D, 0xFE1D, 0xFE1D, 0xFE1D, 0xFE1D, 0xFE1D, 0xFE1D, 0x006A, 0xFE1D, 0xFE1D, 0xFE1D,
    0xFE1D, 0x006A, 0xF81F, 0xF81F, 0xF81F, 0xF81F, 0xF81F, 0xF81F, 0xF81F, 0xF81F, 0xF81F, 0xF81F,
    0xF81F, 0xF81F, 0xF81F, 0xF81F, 0xF81F, 0xF81F, 0xF81F, 0xF81F, 0xF81F, 0xF81F, 0xF81F, 0xF81F,
    0xF81F, 0xF81F, 0xF81F, 0xF81F, 0xF81F, 0xF81F, 0xF81F, 0xF81F, 0xF81F, 0xF81F, 0xF81F, 0xF81F,
    0xF81F, 0xF81F, 0xF81F, 0xF81F, 0x006A, 0x006A, 0x006A, 0xFE1D, 0xFE1D, 0xFE1D, 0xFE1D, 0x006A,
    0xFE1D, 0xFE1D, 0xFE1D, 0xFE1D, 0xFE1D, 0xFE1D, 0xFE1D, 0xFE1D, 0x006A, 0xFE1D, 0xFE1D, 0xFE1D,
    0x006A, 0xF81F, 0xF81F, 0xF81F, 0xF81F, 0xF81F, 0xF81F, 0xF81F, 0xF81F, 0xF81F, 0xF81F, 0xF81F,
    0xF81F, 0xF81F, 0xF81F, 0xF81F, 0xF81F, 0xF81F, 0xF81F, 0xF81F, 0xF81F, 0xF81F, 0xF81F, 0xF81F,
    0xF81F, 0xF81F, 0xF81F, 0xF81F, 0xF81F, 0xF81F, 0xF81F, 0xF81F, 0xF81F, 0xF81F, 0xF81F, 0xF81F,
    0xF81F, 0xF81F, 0xF81F, 0x006A, 0xFE1D, 0xFE1D, 0xFE1D, 0xFE1D, 0xFE1D, 0xFE1D, 0xFE1D, 0xFE1D,
    0xFE1D, 0xFE1D, 0xFE1D, 0xFE1D, 0xFE1D, 0xFE1D, 0xFE1D, 0x006A, 0xFE1D, 0xFE1D, 0xFE1D, 0x006A,
    0xF81F, 0xF81F, 0xF81F, 0xF81F, 0xF81F, 0xF81F, 0xF81F, 0xF81F, 0xF81F, 0xF81F, 0xF81F, 0xF81F,
    0xF81F, 0xF81F, 0xF81F, 0xF81F, 0xF81F, 0xF81F, 0xF81F, 0xF81F, 0xF81F, 0xF81F, 0xF81F, 0xF81F,
    0xF81F, 0xF81F, 0xF81F, 0xF81F, 0xF81F, 0xF81F, 0xF81F, 0xF81F, 0xF81F, 0xF81F, 0xF81F, 0xF81F,
    0xF81F, 0xF81F, 0x006A, 0xFE1D, 0xFE1D, 0x006A, 0x006A, 0xFE1D, 0xFE1D, 0xFE1D, 0x006A, 0x006A,
    0x006A, 0xFE1D, 0xFE1D, 0xFE1D, 0xFE1D, 0xFE1D, 0xFE1D, 0x006A, 0xFE1D, 0x006A, 0x006A, 0x006A,
    0xF81F, 0xF81F, 0xF81F, 0xF81F, 0xF81F, 0xF81F, 0xF81F, 0xF81F, 0xF81F, 0xF81F, 0xF81F, 0xF81F,
    0xF81F, 0xF81F, 0xF81F, 0xF81F, 0xF81F, 0xF81F, 0xF81F, 0xF81F, 0xF81F, 0xF81F, 0xF81F, 0xF81F,
    0xF81F, 0xF81F, 0xF81F, 0xF81F, 0xF81F, 0xF81F, 0xF81F, 0xF81F, 0xF81F, 0xF81F, 0xF81F, 0xF81F,
    0xF81F, 0x006A, 0xFE1D, 0xFE1D, 0x006A, 0xFE1D, 0xFE1D, 0x006A, 0x006A, 0x006A, 0xFE1D, 0xFE1D,
    0xFE1D, 0x006A, 0xFE1D, 0xFE1D, 0xFE1D, 0xFE1D, 0x006A, 0xFE1D, 0xFE1D, 0xFE1D, 0xFE1D, 0x006A,
    0xF81F, 0xF81F, 0xF81F, 0xF81F, 0xF81F, 0xF81F, 0xF81F, 0xF81F, 0xF81F, 0xF81F, 0xF81F, 0xF81F,
    0xF81F, 0xF81F, 0xF81F, 0xF81F, 0xF81F, 0xF81F, 0xF81F, 0xF81F, 0xF81F, 0xF81F, 0xF81F, 0xF81F,
    0xF81F, 0xF81F, 0xF81F, 0xF81F, 0xF81F, 0xF81F, 0xF81F, 0xF81F, 0xF81F, 0xF81F, 0xF81F, 0xF81F,
    0xF81F, 0x006A, 0xFE1D, 0xFE1D, 0xFE1D, 0xFE1D, 0xFE1D, 0xFE1D, 0xFE1D, 0xFE1D, 0xFE1D, 0xFE1D,
    0xFE1D, 0xFE1D, 0x006A, 0xFE1D, 0xFE1D, 0xFE1D, 0xFE1D, 0xFE1D, 0xFE1D, 0xFE1D, 0x006A, 0x006A,
    0x006A, 0xF81F, 0xF81F, 0xF81F, 0xF81F, 0xF81F, 0xF81F, 0xF81F, 0xF81F, 0xF81F, 0xF81F, 0xF81F,
    0xF81F, 0xF81F, 0xF81F, 0xF81F, 0xF81F, 0xF81F, 0xF81F, 0xF81F, 0xF81F, 0xF81F, 0xF81F, 0xF81F,
    0xF81F, 0xF81F, 0xF81F, 0xF81F, 0xF81F, 0xF81F, 0xF81F, 0xF81F, 0xF81F, 0xF81F, 0xF81F, 0xF81F,
    0xF81F, 0x006A, 0xFE1D, 0xFE1D, 0xFE1D, 0x006A, 0x006A, 0xFE1D, 0xFE1D, 0xFE1D, 0xFE1D, 0xFE1D,
    0xFE1D, 0xFE1D, 0x006A, 0xFE1D, 0xFE1D, 0xFE1D, 0xFE1D, 0xFE1D, 0xFE1D, 0xFE1D, 0xFE1D, 0xFE1D,
    0xFE1D, 0x006A, 0xF81F, 0xF81F, 0xF81F, 0xF81F, 0xF81F, 0xF81F, 0xF81F, 0xF81F, 0xF81F, 0xF81F,
    0xF81F, 0xF81F, 0xF81F, 0xF81F, 0xF81F, 0xF81F, 0xF81F, 0xF81F, 0xF81F, 0xF81F, 0xF81F, 0xF81F,
    0xF81F, 0xF81F, 0xF81F, 0xF81F, 0xF81F, 0xF81F, 0xF81F, 0xF81F, 0xF81F, 0xF81F, 0xF81F, 0xF81F,
    0xF81F, 0x006A, 0xFE1D, 0xFE1D, 0xFE1D, 0xFE1D, 0x006A, 0x006A, 0xFE1D, 0xFE1D, 0xFE1D, 0xFE1D,
    0xFE1D, 0xFE1D, 0xFE1D, 0xFE1D, 0xFE1D, 0xFE1D, 0xFE1D, 0xFE1D, 0xFE1D, 0xFE1D, 0xFE1D, 0xFE1D,
    0xFE1D, 0x006A, 0xF81F, 0xF81F, 0xF81F, 0xF81F, 0xF81F, 0xF81F, 0xF81F, 0xF81F, 0xF81F, 0xF81F,
    0xF81F, 0xF81F, 0xF81F, 0xF81F, 0xF81F, 0xF81F, 0xF81F, 0xF81F, 0xF81F, 0xF81F, 0xF81F, 0xF81F,
    0xF81F, 0xF81F, 0xF81F, 0xF81F, 0xF81F, 0xF81F, 0xF81F, 0xF81F, 0xF81F, 0xF81F, 0xF81F, 0xF81F,
    0xF81F, 0xF81F, 0x006A, 0x006A, 0xFE1D, 0xFE1D, 0x006A, 0x006A, 0x006A, 0xFE1D, 0xFE1D, 0xFE1D,
    0xFE1D, 0xFE1D, 0xFE1D, 0xFE1D, 0x006A, 0x006A, 0x006A, 0xFE1D, 0xFE1D, 0xFE1D, 0xFE1D, 0xFE1D,
    0xFE1D, 0xFE1D, 0x006A, 0xF81F, 0xF81F, 0xF81F, 0xF81F, 0xF81F, 0xF81F, 0xF81F, 0xF81F, 0xF81F,
    0xF81F, 0xF81F, 0xF81F, 0xF81F, 0xF81F, 0xF81F, 0xF81F, 0xF81F, 0xF81F, 0xF81F, 0xF81F, 0xF81F,
    0xF81F, 0xF81F, 0xF81F, 0xF81F, 0xF81F, 0xF81F, 0xF81F, 0xF81F, 0xF81F, 0xF81F, 0xF81F, 0xF81F,
    0xF81F, 0xF81F, 0xF81F, 0xF81F, 0x006A, 0xFE59, 0xFE59, 0x006A, 0x006A, 0x006A, 0xFE1D, 0x006A,
    0x006A, 0xFE1D, 0xFE1D, 0x006A, 0xFE1D, 0xFE1D, 0xFE1D, 0x006A, 0xFE1D, 0xFE1D, 0xFE1D, 0xFE1D,
    0xFE1D, 0xFE1D, 0x006A, 0xF81F, 0xF81F, 0xF81F, 0xF81F, 0xF81F, 0xF81F, 0xF81F, 0xF81F, 0xF81F,
    0xF81F, 0xF81F, 0xF81F, 0xF81F, 0xF81F, 0xF81F, 0xF81F, 0xF81F, 0xF81F, 0xF81F, 0xF81F, 0xF81F,
    0xF81F, 0xF81F, 0xF81F, 0xF81F, 0xF81F, 0xF81F, 0xF81F, 0xF81F, 0xF81F, 0xF81F, 0xF81F, 0xF81F,
    0xF81F, 0xF81F, 0xF81F, 0x006A, 0x006A, 0x006A, 0xFE59, 0xFE1D, 0x006A, 0x006A, 0x006A, 0xFE1D,
    0xFE1D, 0xFE1D, 0xFE1D, 0xFE1D, 0xFE1D, 0x006A, 0xFE1D, 0xFE1D, 0x006A, 0xFE1D, 0xFE1D, 0xFE1D,
    0xFE1D, 0xFE1D, 0xFE1D, 0x006A, 0xF81F, 0xF81F, 0xF81F, 0xF81F, 0xF81F, 0xF81F, 0xF81F, 0xF81F,
    0xF81F, 0xF81F, 0xF81F, 0xF81F, 0xF81F, 0xF81F, 0xF81F, 0xF81F, 0xF81F, 0xF81F, 0xF81F, 0xF81F,
    0xF81F, 0xF81F, 0xF81F, 0xF81F, 0xF81F, 0xF81F, 0xF81F, 0xF81F, 0xF81F, 0xF81F, 0xF81F, 0xF81F,
    0xF81F, 0xF81F, 0xF81F, 0xF81F, 0xF81F, 0x006A, 0x006A, 0xFE1D, 0x006A, 0x006A, 0x006A, 0xFE1D,
    0xFE1D, 0xFE1D, 0xFE1D, 0xFE1D, 0xFE1D, 0xFE1D, 0x006A, 0xFE1D, 0x006A, 0xFE1D, 0xFE1D, 0xFE1D,
    0xFE1D, 0xFE1D, 0xFE1D, 0x006A, 0xF81F, 0xF81F, 0xF81F, 0xF81F, 0xF81F, 0xF81F, 0xF81F, 0xF81F,
    0xF81F, 0xF81F, 0xF81F, 0xF81F, 0xF81F, 0xF81F, 0xF81F, 0xF81F, 0xF81F, 0xF81F, 0xF81F, 0xF81F,
    0xF81F, 0xF81F, 0xF81F, 0xF81F, 0xF81F, 0xF81F, 0xF81F, 0xF81F, 0xF81F, 0xF81F, 0xF81F, 0xF81F,
    0xFE59, 0xF81F, 0xF81F, 0xFE59, 0xF81F, 0xF81F, 0xF81F, 0x006A, 0xFE1D, 0xFE1D, 0x006A, 0xFE1D,
    0x006A, 0xFE1D, 0xFE1D, 0xFE1D, 0xFE1D, 0xFE1D, 0xFE1D, 0xFE1D, 0x006A, 0xFE1D, 0xFE1D, 0xFE1D,
    0xFE1D, 0xFE1D, 0xFE1D, 0x006A, 0xF81F, 0xF81F, 0xF81F, 0xF81F, 0xF81F, 0xF81F, 0xF81F, 0xF81F,
    0xF81F, 0xF81F, 0xF81F, 0xF81F, 0xF81F, 0xF81F, 0xF81F, 0xF81F, 0xF81F, 0xF81F, 0xF81F, 0xF81F,
    0xF81F, 0xF81F, 0xF81F, 0xF81F, 0xF81F, 0xF81F, 0xF81F, 0xF81F, 0xF81F, 0xF81F, 0xF81F, 0xF81F,
    0xF81F, 0xF81F, 0xF81F, 0xF81F, 0xF81F, 0xF81F, 0x006A, 0xFE1D, 0xFE1D, 0xFE1D, 0xFE1D, 0xFE1D,
    0x006A, 0xFE1D, 0xFE1D, 0xFE1D, 0xFE1D, 0xFE1D, 0xFE1D, 0x006A, 0xFE1D, 0xFE1D, 0xFE1D, 0xFE1D,
    0xFE1D, 0xFE1D, 0xFE1D, 0x006A, 0xF81F, 0xF81F, 0xF81F, 0xF81F, 0xF81F, 0xF81F, 0xF81F, 0xF81F,
    0xF81F, 0xF81F, 0xF81F, 0xF81F, 0xF81F, 0xF81F, 0xF81F, 0xF81F, 0xF81F, 0xF81F, 0xF81F, 0xF81F,
    0xF81F, 0xF81F, 0xF81F, 0xF81F, 0xF81F, 0xF81F, 0xF81F, 0xF81F, 0xF81F, 0xF81F, 0xF81F, 0xF81F,
    0xF81F, 0xFE59, 0xF81F, 0xFE59, 0xF81F, 0xF81F, 0x006A, 0xFE1D, 0xFE1D, 0xFE1D, 0xFE1D, 0x006A,
    0xFE1D, 0xFE1D, 0x006A, 0x006A, 0xFE1D, 0xFE1D, 0xFE1D, 0xFE1D, 0xFE1D, 0xFE1D, 0xFE1D, 0xFE1D,
    0xFE1D, 0xFE1D, 0xFE1D, 0x006A, 0xF81F, 0xF81F, 0xF81F, 0xF81F, 0xF81F, 0xF81F, 0xF81F, 0xF81F,
    0xF81F, 0xF81F, 0xF81F, 0xF81F, 0xF81F, 0xF81F, 0xF81F, 0xF81F, 0xF81F, 0xF81F, 0xF81F, 0xF81F,
    0xF81F, 0xF81F, 0xF81F, 0xF81F, 0xF81F, 0xF81F, 0xF81F, 0xF81F, 0xF81F, 0xF81F, 0xF81F, 0xF81F,
    0xFE59, 0xF81F, 0xF81F, 0xF81F, 0xF81F, 0xF81F, 0xF81F, 0x006A, 0x006A, 0x006A, 0x006A, 0x006A,
    0x006A, 0x006A, 0xFE1D, 0xFE1D, 0xFE1D, 0xFE1D, 0xFE1D, 0xFE1D, 0xFE1D, 0xFE1D, 0xFE1D, 0xFE1D,
    0xFE1D, 0xFE1D, 0xFE1D, 0x006A, 0xF81F, 0xF81F, 0xF81F, 0xF81F, 0xF81F, 0xF81F, 0xF81F, 0xF81F,
    0xF81F, 0xF81F, 0xF81F, 0xF81F, 0xF81F, 0xF81F, 0xF81F, 0xF81F, 0xF81F, 0xF81F, 0xF81F, 0xF81F,
    0xF81F, 0xF81F, 0xF81F, 0xF81F, 0xF81F, 0xF81F, 0xF81F, 0xF81F, 0xF81F, 0xF81F, 0xF81F, 0xF81F,
    0xF81F, 0xF81F, 0xF81F, 0xF81F, 0xF81F, 0xF81F, 0xF81F, 0xF81F, 0xF81F, 0xF81F, 0xF81F, 0x006A,
    0xFE1D, 0x006A, 0x006A, 0x006A, 0x006A, 0xFE1D, 0xFE1D, 0xFE1D, 0xFE1D, 0xFE1D, 0xFE1D, 0xFE1D,
    0xFE1D, 0xFE1D, 0x006A, 0xF81F, 0xF81F, 0xF81F, 0xF81F, 0xF81F, 0xF81F, 0xF81F, 0xF81F, 0xF81F,
    0xF81F, 0xF81F, 0xF81F, 0xF81F, 0xF81F, 0xF81F, 0xF81F, 0xF81F, 0xF81F, 0xF81F, 0xF81F, 0xF81F,
    0xF81F, 0xF81F, 0xF81F, 0xF81F, 0xF81F, 0xF81F, 0xF81F, 0xF81F, 0xF81F, 0xF81F, 0xF81F, 0xF81F,
    0xF81F, 0xF81F, 0xF81F, 0xF81F, 0xF81F, 0xF81F, 0xF81F, 0xF81F, 0xF81F, 0xF81F, 0xF81F, 0xF81F,
    0x006A, 0x006A, 0x006A, 0xFE1D, 0xFE1D, 0xFE1D, 0xFE1D, 0xFE1D, 0xFE1D, 0xFE1D, 0xFE1D, 0xFE1D,
    0xFE1D, 0xFE1D, 0x006A, 0xF81F, 0xF81F, 0xF81F, 0xF81F, 0xF81F, 0xF81F, 0xF81F, 0xF81F, 0xF81F,
    0xF81F, 0xF81F, 0xF81F, 0xF81F, 0xF81F, 0xF81F, 0xF81F, 0xF81F, 0xF81F, 0xF81F, 0xF81F, 0xF81F,
    0xF81F, 0xF81F, 0xF81F, 0xF81F, 0xF81F, 0xF81F, 0xF81F, 0xF81F, 0xF81F, 0xF81F, 0xF81F, 0xF81F,
    0xF81F, 0xF81F, 0xF81F, 0xF81F, 0xF81F, 0xF81F, 0xF81F, 0xF81F, 0xF81F, 0xF81F, 0xF81F, 0xF81F,
    0x006A, 0xFE1D, 0xFE1D, 0xFE1D, 0xFE1D, 0xFE1D, 0xFE1D, 0xFE1D, 0xFE1D, 0xFE1D, 0xFE1D, 0xFE1D,
    0xFE1D, 0x006A, 0xF81F, 0xF81F, 0xF81F, 0xF81F, 0xF81F, 0xF81F, 0xF81F, 0xF81F, 0xF81F, 0xF81F,
    0xF81F, 0xF81F, 0xF81F, 0xF81F, 0xF81F, 0xF81F, 0xF81F, 0xF81F, 0xF81F, 0xF81F, 0xF81F, 0xF81F,
    0xF81F, 0xF81F, 0xF81F, 0xF81F, 0xF81F, 0xF81F, 0xF81F, 0xF81F, 0xF81F, 0xF81F, 0xF81F, 0xF81F,
    0xF81F, 0xF81F, 0xF81F, 0xF81F, 0xF81F, 0xF81F, 0xF81F, 0xF81F, 0xF81F, 0xF81F, 0xF81F, 0xF81F,
    0xF81F, 0x006A, 0xFE1D, 0xFE1D, 0xFE1D, 0xFE1D, 0xFE1D, 0xFE1D, 0xFE1D, 0xFE1D, 0xFE1D, 0xFE1D,
    0xFE1D, 0x006A, 0xF81F, 0xF81F, 0xF81F, 0xF81F, 0xF81F, 0xF81F, 0xF81F, 0xF81F, 0xF81F, 0xF81F,
    0xF81F, 0xF81F, 0xF81F, 0xF81F, 0xF81F, 0xF81F, 0xF81F, 0xF81F, 0xF81F, 0xF81F, 0xF81F, 0xF81F,
    0xF81F, 0xF81F, 0xF81F, 0xF81F, 0xF81F, 0xF81F, 0xF81F, 0xF81F, 0xF81F, 0xF81F, 0xF81F, 0xF81F,
    0xF81F, 0xF81F, 0xF81F, 0xF81F, 0xF81F, 0xF81F, 0xF81F, 0xF81F, 0xF81F, 0xF81F, 0xF81F, 0xF81F,
    0xF81F, 0xF81F, 0x006A, 0xFE1D, 0xFE1D, 0xFE1D, 0xFE1D, 0xFE1D, 0xFE1D, 0xFE1D, 0xFE1D, 0xFE1D,
    0x006A, 0xF81F, 0xF81F, 0xF81F, 0xF81F, 0xF81F, 0xF81F, 0xF81F, 0xF81F, 0xF81F, 0xF81F, 0xF81F,
    0xF81F, 0xF81F, 0xF81F, 0xF81F, 0xF81F, 0xF81F, 0xF81F, 0xF81F, 0xF81F, 0xF81F, 0xF81F, 0xF81F,
    0xF81F, 0xF81F, 0xF81F, 0xF81F, 0xF81F, 0xF81F, 0xF81F, 0xF81F, 0xF81F, 0xF81F, 0xF81F, 0xF81F,
    0xF81F, 0xF81F, 0xF81F, 0xF81F, 0xF81F, 0xF81F, 0xF81F, 0xF81F, 0xF81F, 0xF81F, 0xF81F, 0xF81F,
    0xF81F, 0xF81F, 0xF81F, 0x006A, 0x006A, 0xFE1D, 0xFE1D, 0xFE1D, 0xFE1D, 0xFE1D, 0x006A, 0x006A,
    0xF81F, 0xF81F, 0xF81F, 0xF81F, 0xF81F, 0xF81F, 0xF81F, 0xF81F, 0xF81F, 0xF81F, 0xF81F, 0xF81F,
    0xF81F, 0xF81F, 0xF81F, 0xF81F, 0xF81F, 0xF81F, 0xF81F, 0xF81F, 0xF81F, 0xF81F, 0xF81F, 0xF81F,
    0xF81F, 0xF81F, 0xF81F, 0xF81F, 0xF81F, 0xF81F, 0xF81F, 0xF81F, 0xF81F, 0xF81F, 0xF81F, 0xF81F,
    0xF81F, 0xF81F, 0xF81F, 0xF81F, 0xF81F, 0xF81F, 0xF81F, 0xF81F, 0xF81F, 0xF81F, 0xF81F, 0xF81F,
    0xF81F, 0xF81F, 0xF81F, 0xF81F, 0xF81F, 0x006A, 0x006A, 0x006A, 0x006A, 0x006A, 0xF81F, 0xF81F,
    0xF81F, 0xF81F, 0xF81F, 0xF81F, 0xF81F, 0xF81F, 0xF81F, 0xF81F, 0xF81F, 0xF81F, 0xF81F, 0xF81F,
    0xF81F, 0xF81F, 0xF81F, 0xF81F, 0xF81F, 0xF81F, 0xF81F, 0xF81F, 0xF81F, 0xF81F, 0xF81F, 0xF81F,
    0xF81F, 0xF81F, 0xF81F, 0xF81F, 0xF81F, 0xF81F, 0xF81F, 0xF81F, 0xF81F, 0xF81F, 0xF81F, 0xF81F,
    0xF81F, 0xF81F, 0xF81F, 0xF81F, 0xF81F, 0xF81F, 0xF81F, 0xF81F, 0xF81F, 0xF81F, 0xF81F, 0xF81F,
    0xF81F, 0xF81F, 0xF81F, 0xF81F, 0xF81F, 0xF81F, 0xF81F, 0xF81F, 0xF81F, 0xF81F, 0xF81F, 0xF81F,
    0xF81F, 0xF81F, 0xF81F, 0xF81F, 0xF81F, 0xF81F, 0xF81F, 0xF81F, 0xF81F, 0xF81F, 0xF81F, 0xF81F,
    0xF81F, 0xF81F, 0xF81F, 0xF81F, 0xF81F, 0xF81F, 0xF81F, 0xF81F, 0xF81F, 0xF81F, 0xF81F, 0xF81F,
    0xF81F, 0xF81F, 0xF81F, 0xF81F, 0xF81F, 0xF81F, 0xF81F, 0xF81F, 0xF81F, 0xF81F, 0xF81F, 0xF81F,
    0xF81F, 0xF81F, 0xF81F, 0xF81F, 0xF81F, 0xF81F, 0xF81F, 0xF81F, 0xF81F, 0xF81F, 0xF81F, 0xF81F,
    0xF81F, 0xF81F, 0xF81F, 0xF81F, 0xF81F, 0xF81F, 0xF81F, 0xF81F, 0xF81F, 0xF81F, 0xF81F, 0xF81F,
    0xF81F, 0xF81F, 0xF81F, 0xF81F, 0xF81F, 0xF81F, 0xF81F, 0xF81F, 0xF81F, 0xF81F, 0xF81F, 0xF81F,
    0xF81F, 0xF81F, 0xF81F, 0xF81F, 0xF81F, 0xF81F, 0xF81F, 0xF81F, 0xF81F, 0xF81F, 0xF81F, 0xF81F,
    0xF81F, 0xF81F, 0xF81F, 0xF81F, 0xF81F, 0xF81F, 0xF81F, 0xF81F, 0xF81F, 0xF81F, 0xF81F, 0xF81F,
    0xF81F, 0xF81F, 0xF81F, 0xF81F, 0xF81F, 0xF81F, 0xF81F, 0xF81F, 0xF81F, 0xF81F, 0xF81F, 0xF81F,
    0xF81F, 0xF81F, 0xF81F, 0xF81F, 0xF81F, 0xF81F, 0xF81F, 0xF81F, 0xF81F, 0xF81F, 0xF81F, 0xF81F,
    0xF81F, 0xF81F, 0xF81F, 0xF81F, 0xF81F, 0xF81F, 0xF81F, 0xF81F, 0xF81F, 0xF81F, 0xF81F, 0xF81F,
    0xF81F, 0xF81F, 0xF81F, 0xF81F, 0xF81F, 0xF81F, 0xF81F, 0xF81F, 0xF81F, 0xF81F, 0xF81F, 0xF81F,
    0xF81F, 0xF81F, 0xF81F, 0xF81F, 0xF81F, 0xF81F, 0xF81F, 0xF81F, 0xF81F, 0xF81F, 0xF81F, 0xF81F,
    0xF81F, 0xF81F, 0xF81F, 0xF81F, 0xF81F, 0xF81F, 0xF81F, 0xF81F, 0xF81F, 0xF81F, 0xF81F, 0xF81F,
    0xF81F, 0xF81F, 0xF81F, 0xF81F, 0xF81F, 0xF81F, 0xF81F, 0xF81F, 0xF81F, 0xF81F, 0xF81F, 0xF81F,
    0xF81F, 0xF81F, 0xF81F, 0xF81F, 0xF81F, 0xF81F, 0xF81F, 0xF81F, 0xF81F, 0xF81F, 0xF81F, 0xF81F,
    0xF81F, 0xF81F, 0xF81F, 0xF81F, 0xF81F, 0xF81F, 0xF81F, 0xF81F, 0xF81F, 0xF81F, 0xF81F, 0xF81F,
    0xF81F, 0xF81F, 0xF81F, 0xF81F, 0xF81F, 0xF81F, 0xF81F, 0xF81F, 0xF81F, 0xF81F, 0xF81F, 0xF81F,
    0xF81F, 0xF81F, 0xF81F, 0xF81F, 0xF81F, 0xF81F, 0xF81F, 0xF81F, 0xF81F, 0xF81F, 0xF81F, 0xF81F,
    0xF81F, 0xF81F, 0xF81F, 0xF81F, 0xF81F, 0xF81F, 0xF81F, 0xF81F, 0xF81F, 0xF81F, 0xF81F, 0xF81F,
    0xF81F, 0xF81F, 0xF81F, 0xF81F, 0xF81F, 0xF81F, 0xF81F, 0xF81F, 0xF81F, 0xF81F, 0xF81F, 0xF81F,
    0xF81F, 0xF81F, 0xF81F, 0xF81F, 0xF81F, 0xF81F, 0xF81F, 0xF81F, 0xF81F, 0xF81F, 0xF81F, 0xF81F,
    0xF81F, 0xF81F, 0xF81F, 0xF81F, 0xF81F, 0xF81F, 0xF81F, 0xF81F, 0xF81F, 0xF81F, 0xF81F, 0xF81F,
    0xF81F, 0xF81F, 0xF81F, 0xF81F, 0xF81F, 0xF81F, 0xF81F, 0xF81F, 0xF81F, 0xF81F, 0xF81F, 0xF81F,
    0xF81F, 0xF81F, 0xF81F, 0xF81F, 0xF81F, 0xF81F, 0xF81F, 0xF81F, 0xF81F, 0xF81F, 0xF81F, 0xF81F,
    0xF81F, 0xF81F, 0xF81F, 0xF81F, 0xF81F, 0xF81F, 0xF81F, 0xF81F, 0xF81F, 0xF81F, 0xF81F, 0xF81F,
    0xF81F, 0xF81F, 0xF81F, 0xF81F, 0xF81F, 0xF81F, 0xF81F, 0xF81F, 0xF81F, 0xF81F, 0xF81F, 0xF81F,
    0xF81F, 0xF81F, 0xF81F, 0xF81F, 0xF81F, 0xF81F, 0xF81F, 0xF81F, 0xF81F, 0xF81F, 0xF81F, 0xF81F,
    0xF81F, 0xF81F, 0xF81F, 0xF81F, 0xF81F, 0xF81F, 0xF81F, 0xF81F, 0xF81F, 0xF81F, 0xF81F, 0xF81F,
    0xF81F, 0xF81F, 0xF81F, 0xF81F, 0xF81F, 0xF81F, 0xF81F, 0xF81F, 0xF81F, 0xF81F, 0xF81F, 0xF81F,
    0xF81F, 0xF81F, 0xF81F, 0xF81F, 0xF81F, 0xF81F, 0xF81F, 0xF81F, 0xF81F, 0xF81F, 0xF81F, 0xF81F,
    0xF81F, 0xF81F, 0xF81F, 0xF81F, 0xF81F, 0xF81F, 0xF81F, 0xF81F, 0xF81F, 0xF81F, 0xF81F, 0xF81F,
    0xF81F, 0xF81F, 0xF81F, 0xF81F, 0xF81F, 0xF81F, 0xF81F, 0xF81F, 0xF81F, 0xF81F, 0xF81F, 0xF81F,
    0xF81F, 0xF81F, 0xF81F, 0xF81F, 0xF81F, 0xF81F, 0xF81F, 0xF81F, 0xF81F, 0xF81F, 0xF81F, 0xF81F,
    0xF81F, 0xF81F, 0xF81F, 0xF81F, 0xF81F, 0xF81F, 0xF81F, 0xF81F, 0xF81F, 0xF81F, 0xF81F, 0xF81F,
    0xF81F, 0xF81F, 0xF81F, 0xF81F, 0xF81F, 0xF81F, 0xF81F, 0xF81F, 0xF81F, 0xF81F, 0xF81F, 0xF81F,
    0xF81F, 0xF81F, 0xF81F, 0xF81F, 0xF81F, 0xF81F, 0xF81F, 0xF81F, 0xF81F, 0xF81F, 0xF81F, 0xF81F,
    0xF81F, 0xF81F, 0xF81F, 0xF81F, 0xF81F, 0xF81F, 0xF81F, 0xF81F, 0xF81F, 0xF81F, 0xF81F, 0xF81F,
    0xF81F, 0xF81F, 0xF81F, 0xF81F, 0xF81F, 0xF81F, 0xF81F, 0xF81F, 0xF81F, 0xF81F, 0xF81F, 0xF81F,
    0xF81F, 0xF81F, 0xF81F, 0xF81F, 0xF81F, 0xF81F, 0xF81F, 0xF81F, 0xF81F, 0xF81F, 0xF81F, 0xF81F,
    0xF81F, 0xF81F, 0xF81F, 0xF81F, 0xF81F, 0xF81F, 0xF81F, 0xF81F, 0xF81F, 0xF81F, 0xF81F, 0xF81F,
    0xF81F, 0xF81F, 0xF81F, 0xF81F, 0xF81F, 0xF81F, 0xF81F, 0xF81F, 0xF81F, 0xF81F, 0xF81F, 0xF81F,
    0xF81F, 0xF81F, 0xF81F, 0xF81F, 0xF81F, 0xF81F, 0xF81F, 0xF81F, 0xF81F, 0xF81F, 0xF81F, 0xF81F
  }
};

